test,n_grid,method_name,method_type,score_method,n_particles,recon_method,bandwidth_factor,bandwidth_used,epsilon,smooth_sigma_factor,completed,failure_step,failure_msg,step_zero_recon_error,relative_l2,l2_error,linf_error,forward_consistency_l2,wasserstein,mass_rel_error,total_variation,peak_value,peak_ratio,A_fit,mu_fit,sigma_fit,fit_success,fit_rmse,mass_candidate,mass_true,runtime_seconds,max_score_L2_error_vs_oracle,mean_score_L2_error_vs_oracle,max_abs_score_final,n_denom_below_eps_total,n_clipped_total
B,400,density_particle_oracle_deterministic,density_particle_oracle,oracle,5000,kde,4.0,0.0100250626566416,0.0,,True,,,0.0047098304294971,0.0069408167327759,0.0026136235759168,0.0079891159798365,0.0018551283856938,0.0005121043355924,-1.8213145349162763e-05,1.983901228893472,0.991932370007808,0.9920102567133604,0.992008353757507,0.4000000028301109,0.0806445452953594,True,0.0001068563942651,0.2005265520805245,0.2005302043662835,0.0195000419626012,0.0,0.0,46.42747293142777,0,0
B,400,density_est_smoothed_log_raw,density_particle_smoothed_log,smoothed_log,5000,kde,1.0,0.0025062656641604,0.0,1.0,True,,,0.002195821177878,1.1105612033406476,0.4181912670079667,2.3508884545814888,0.0289747966694831,0.0103117046774796,-1.821423758109301e-05,60.81269547298,3.0202713667652628,3.020508519008444,0.8700520899140262,0.4001992122943982,0.0916832999625908,True,0.4154200286001739,0.200526551861499,0.2005302043662835,1.4276042920537293,2609.91661045691,2605.9274629977126,0.5308455772592097,8700,0
B,400,density_est_smoothed_log_eps=1e-10,density_particle_smoothed_log,smoothed_log,5000,kde,1.0,0.0025062656641604,1e-10,1.0,True,,,0.002195821177878,1.1105612034251495,0.4181912670397868,2.350888440404768,0.0289747967060427,0.0103117046880843,-1.8214237581231417e-05,60.81269550198106,3.020271352588542,3.02050850483061,0.8700520937597642,0.4001992123277446,0.0916832997254343,True,0.4154200286229353,0.2005265518614989,0.2005302043662835,1.382305749983061,357.38844710353993,315.495892622148,0.5308460989867966,15300,0
B,400,density_est_smoothed_log_eps=1e-08,density_particle_smoothed_log,smoothed_log,5000,kde,1.0,0.0025062656641604,1e-08,1.0,True,,,0.002195821177878,1.1105612034981915,0.4181912670672913,2.350888339573385,0.0289747967390375,0.0103117047032003,-1.821423758289235e-05,60.81269469767883,3.020271251757159,3.0205084039913097,0.8700520906543754,0.4001992122546469,0.0916833000015647,True,0.4154200286346913,0.2005265518614986,0.2005302043662835,1.401012666989118,339.4761368173,293.84018317167994,0.5308977555785558,15828,0
B,400,density_est_smoothed_log_eps=1e-06,density_particle_smoothed_log,smoothed_log,5000,kde,1.0,0.0025062656641604,1e-06,1.0,True,,,0.002195821177878,1.1105612167057124,0.4181912720406956,2.3508797932263668,0.0289748000209897,0.0103117092315092,-1.8214237721303297e-05,60.81262743494211,3.0202627054101407,3.02049985697323,0.8700520556566445,0.4001992061856022,0.0916833044698381,True,0.4154200322579495,0.2005265518614709,0.2005302043662835,1.4842682920279913,323.6890277805767,274.2206342086083,0.5361191995088922,17006,0
B,400,density_est_smoothed_log_eps=1e-04,density_particle_smoothed_log,smoothed_log,5000,kde,1.0,0.0025062656641604,0.0001,1.0,True,,,0.002195821177878,1.1105955520050708,0.4182042012897083,2.3503153218823516,0.0289751921528967,0.0103091075315098,-1.8214239932141363e-05,60.81130035625147,3.0196982340661256,3.0199353413068257,0.8700397647562592,0.4001962088690551,0.0916871809293149,True,0.4154322558215738,0.2005265518610275,0.2005302043662835,1.5071101250359789,290.98193849120065,237.43131726606728,2.435865715714752,20077,0
B,400,density_est_smoothed_log_raw,density_particle_smoothed_log,smoothed_log,5000,kde,2.0,0.0050125313283208,0.0,1.0,True,,,0.0016052759265368,0.7888956175547542,0.297065354750251,1.2601015657131938,0.0055512878428941,0.0045745763796242,-1.8213145349301175e-05,29.48330426188581,2.0738437004649284,2.07400653903996,0.9852769447001606,0.4004044416131045,0.0803648075030282,True,0.2966512839542159,0.2005265520805244,0.2005302043662835,1.4807424169848673,1792.7875848405515,1790.924930508562,155.05032578759665,2850,0
B,400,density_est_smoothed_log_eps=1e-10,density_particle_smoothed_log,smoothed_log,5000,kde,2.0,0.0050125313283208,1e-10,1.0,True,,,0.0016052759265368,0.7888956156440827,0.2970653540307714,1.2601015640240627,0.0055512878026477,0.0045745763452266,-1.8213145349301175e-05,29.483304193083768,2.0738436957011728,2.07400653427583,0.9852769452602744,0.4004044416310142,0.0803648074875845,True,0.2966512832360155,0.2005265520805244,0.2005302043662835,1.3514790839981288,183.91774412958617,153.84219376011433,155.05032554524817,13500,0
B,400,density_est_smoothed_log_eps=1e-08,density_particle_smoothed_log,smoothed_log,5000,kde,2.0,0.0050125313283208,1e-08,1.0,True,,,0.0016052759265368,0.7888954757884631,0.2970653013669482,1.2601014721845192,0.005551284234231,0.0045745730864011,-1.8213145349301175e-05,29.483299140864037,2.0738436090593613,2.0740064476272155,0.9852769440000366,0.4004044428998713,0.0803648089716395,True,0.296651230642605,0.2005265520805244,0.2005302043662835,1.356904125015717,167.1128613003288,132.06686887487635,155.05029846180005,14100,0
B,400,density_est_smoothed_log_eps=1e-06,density_particle_smoothed_log,smoothed_log,5000,kde,2.0,0.0050125313283208,1e-06,1.0,True,,,0.0016052759265368,0.788859918535,0.2970519119807241,1.2600922851692071,0.005554686083291,0.004577982775087,-1.8213145349301175e-05,29.48112577708116,2.073834863507769,2.073997701388921,0.9852969618647228,0.4004026050225236,0.0803607946345312,True,0.2966379069449756,0.2005265520805244,0.2005302043662835,1.3615305419662036,153.02672811049726,112.2211199538082,155.0475045389719,15361,0
B,400,density_est_smoothed_log_eps=1e-04,density_particle_smoothed_log,smoothed_log,5000,kde,2.0,0.0050125313283208,0.0001,1.0,True,,,0.0016052759265368,0.7884888303301084,0.2969121755608775,1.2592403665454674,0.0055608475415268,0.0045761861423402,-1.8213145349439583e-05,29.496315304365428,2.072964345049807,2.0731271145776957,0.985405831604792,0.4003924612639837,0.0803437398445719,True,0.2964987125825609,0.2005265520805244,0.2005302043662835,1.4497971659875477,132.1416622299005,84.01926981072002,154.7746215797527,18423,0
B,400,density_est_smoothed_log_raw,density_particle_smoothed_log,smoothed_log,5000,kde,4.0,0.0100250626566416,0.0,1.0,True,,,0.0047098304294971,0.0121959721867527,0.004592497059892,0.0137096214714323,0.0030044276728102,0.0009043148598159,-1.821315410531613e-05,1.9838650620979856,0.986211864516212,0.9862893020466592,0.9862985805474176,0.3999999771734777,0.0811102748790472,True,0.0009984166029669,0.2005265520787686,0.2005302043662835,1.6166709999670277,516.6704727471908,513.1396921804549,47.27879779505488,0,0
B,400,density_est_smoothed_log_eps=1e-10,density_particle_smoothed_log,smoothed_log,5000,kde,4.0,0.0100250626566416,1e-10,1.0,True,,,0.0047098304294971,0.0121959721621153,0.0045924970506145,0.0137096214904072,0.0030044276782128,0.0009043148668445,-1.821315410531613e-05,1.9838650617894544,0.9862118644972372,0.9862893020276828,0.9862985805309008,0.3999999771734835,0.0811102748775061,True,0.0009984165536852,0.2005265520787686,0.2005302043662835,1.4850936669972723,79.31372251517706,68.32369520937792,47.27879776452899,11220,0
B,400,density_est_smoothed_log_eps=1e-08,density_particle_smoothed_log,smoothed_log,5000,kde,4.0,0.0100250626566416,1e-08,1.0,True,,,0.0047098304294971,0.0121959697229706,0.0045924961321338,0.0137096233693649,0.0030044282130744,0.0009043155626771,-1.8213154105592955e-05,1.9838650312396624,0.9862118626182796,0.9862893001485776,0.9862985788966788,0.3999999771738228,0.0811102747245248,True,0.0009984116747266,0.2005265520787685,0.2005302043662835,1.4907622499740685,71.81357606073004,58.40775088654454,47.27879473952856,12031,0
B,400,density_est_smoothed_log_eps=1e-06,density_particle_smoothed_log,smoothed_log,5000,kde,4.0,0.0100250626566416,1e-06,1.0,True,,,0.0047098304294971,0.0121957257421425,0.0045924042590779,0.0137098112657427,0.0030044816992035,0.0009043851430325,-1.8213154149746045e-05,1.9838619262805617,0.9862116747219016,0.986289112237446,0.9862984154541458,0.3999999772100424,0.0811102594293985,True,0.0009979235191326,0.2005265520787597,0.2005302043662835,1.5836759160156362,64.17784219209942,48.08435448343259,47.278484209148075,13369,0
B,400,density_est_smoothed_log_eps=1e-04,density_particle_smoothed_log,smoothed_log,5000,kde,4.0,0.0100250626566416,0.0001,1.0,True,,,0.0047098304294971,0.0121727597876581,0.0045837562335796,0.0137285992142963,0.0030098307018519,0.0009114264205824,-1.8213158966308612e-05,1.983484859021632,0.9861928867733482,0.9862703228136592,0.9862821024672784,0.3999999805251067,0.0811087255178298,True,0.0009504730726608,0.2005265520777938,0.2005302043662835,1.5553464170079678,50.00118036414676,36.006512768290186,47.09591231194603,16189,0
B,400,density_est_smoothed_log_raw,density_particle_smoothed_log,smoothed_log,5000,kde,6.0,0.0150375939849624,0.0,1.0,True,,,0.0103591325257369,0.0255595892968855,0.009624680747099,0.0292898737561522,0.0062461748297667,0.0019232097952779,-1.8213145357329007e-05,1.9413802046955857,0.9706316122314924,0.9707078263977676,0.970703959697055,0.3999999964892427,0.0824143995593783,True,0.0001259968178552,0.2005265520805228,0.2005302043662835,1.563024041999597,245.31524308171657,214.2964946648006,44.08511052004688,0,0
B,400,density_est_smoothed_log_eps=1e-10,density_particle_smoothed_log,smoothed_log,5000,kde,6.0,0.0150375939849624,1e-10,1.0,True,,,0.0103591325257369,0.0255595893016424,0.0096246807488902,0.0292898737748055,0.0062461748328013,0.0019232098039243,-1.821314535746742e-05,1.9413802052171631,0.970631612212839,0.9707078263791128,0.97070395968142,0.3999999964892416,0.0824143995578372,True,0.0001259968481239,0.2005265520805228,0.2005302043662835,1.5902578340028413,53.34500865904305,46.706534709780406,44.08511158434688,10764,0
B,400,density_est_smoothed_log_eps=1e-08,density_particle_smoothed_log,smoothed_log,5000,kde,6.0,0.0150375939849624,1e-08,1.0,True,,,0.0103591325257369,0.0255595897725799,0.0096246809262257,0.0292898756215124,0.0062461751332255,0.0019232106598957,-1.821314535746742e-05,1.9413802568507823,0.970631610366132,0.970707824532261,0.9707039581329724,0.3999999964891303,0.0824143994053037,True,0.0001259998447535,0.2005265520805228,0.2005302043662835,1.5639000000082888,46.629103322531634,39.24209771448401,44.0852169491444,11831,0
B,400,density_est_smoothed_log_eps=1e-06,density_particle_smoothed_log,smoothed_log,5000,kde,6.0,0.0150375939849624,1e-06,1.0,True,,,0.0103591325257369,0.0255596368924473,0.0096246986696126,0.0292900602919538,0.0062462051730935,0.0019232962480115,-1.821314535774424e-05,1.9413853937227428,0.9706314256956908,0.9707076398473192,0.9707038032844808,0.3999999964775734,0.0824143841528405,True,0.0001262996986758,0.2005265520805227,0.2005302043662835,1.5558840419980695,39.02290467136805,32.51519947770759,44.09574001549279,13408,0
B,400,density_est_smoothed_log_eps=1e-04,density_particle_smoothed_log,smoothed_log,5000,kde,6.0,0.0150375939849624,0.0001,1.0,True,,,0.0103591325257369,0.0255643758994247,0.0096264831829976,0.0293085257193289,0.0062493726741513,0.0019319556488435,-1.8213145455185548e-05,1.941805511257825,0.9706129602683156,0.9706891729700354,0.9706882124457222,0.3999999974045157,0.0824128797325401,True,0.0001508322381536,0.2005265520805032,0.2005302043662835,1.591789832978975,38.28990046198982,29.64022910236534,44.43853531247697,15827,0
B,400,density_est_smoothed_log_raw,density_particle_smoothed_log,smoothed_log,5000,kde,8.0,0.0200501253132832,0.0,1.0,True,,,0.0181310241037543,0.0431904406893283,0.016263727798316,0.0492523192067687,0.0104768982731532,0.0033017424092209,-1.821321637031139e-05,1.9013383300165327,0.9506691667808758,0.9507438134923952,0.9507372707971992,0.4000000003474089,0.0841452420314015,True,5.074446716249822e-05,0.2005265520662826,0.2005302043662835,1.6011080829775892,115.7249209476252,97.49628933077858,40.00805024810039,0,0
B,400,density_est_smoothed_log_eps=1e-10,density_particle_smoothed_log,smoothed_log,5000,kde,8.0,0.0200501253132832,1e-10,1.0,True,,,0.0181310241037543,0.0431904406952747,0.0162637278005552,0.0492523192249759,0.0104768982771218,0.0033017424165722,-1.821321637031139e-05,1.9013383299801152,0.9506691667626684,0.9507438134741866,0.9507372707804184,0.4000000003474075,0.0841452420303103,True,5.0744471103641544e-05,0.2005265520662826,0.2005302043662835,1.6070325000328012,39.10863887306281,34.63844392170731,40.00804780829867,9202,0
B,400,density_est_smoothed_log_eps=1e-08,density_particle_smoothed_log,smoothed_log,5000,kde,8.0,0.0200501253132832,1e-08,1.0,True,,,0.0181310241037543,0.0431904412839627,0.0162637280222307,0.0492523210274273,0.0104768986700204,0.0033017431443423,-1.8213216376678293e-05,1.9013383263749055,0.9506691649602173,0.9507438116715936,0.950737269119202,0.4000000003472749,0.084145241922276,True,5.074486131537302e-05,0.2005265520662813,0.2005302043662835,1.7027480420074426,36.37014771120404,30.069731118893777,40.00780626496797,10281,0
B,400,density_est_smoothed_log_eps=1e-06,density_particle_smoothed_log,smoothed_log,5000,kde,8.0,0.0200501253132832,1e-06,1.0,True,,,0.0181310241037543,0.0431905001636556,0.0162637501938798,0.0492525012723868,0.0104769379633948,0.0033018159172236,-1.821321701599846e-05,1.9013379658541727,0.9506689847152576,0.9507436314124812,0.950737102991742,0.4000000003340064,0.0841452311201114,True,5.07842941809461e-05,0.2005265520661531,0.2005302043662835,1.5727930839639157,35.12978575895244,27.813384307567965,39.98362299403525,11958,0
B,400,density_est_smoothed_log_eps=1e-04,density_particle_smoothed_log,smoothed_log,5000,kde,8.0,0.0200501253132832,0.0001,1.0,True,,,0.0181310241037543,0.0431964834117254,0.0162660032368311,0.0492705240442284,0.0104808904423304,0.0033091259942263,-1.821331836935262e-05,1.90130191551916,0.950650961943416,0.9507256072254884,0.9507204414997596,0.3999999992998151,0.0841441616902607,True,5.796591082375918e-05,0.2005265520458287,0.2005302043662835,1.644158458977472,37.51588762201015,28.904972347643156,37.3574892906576,15127,0
B,400,density_est_smoothed_log_raw,density_particle_smoothed_log,smoothed_log,5000,kde,12.0,0.0300751879699248,0.0,1.0,True,,,0.0394071934586507,0.0863339475308228,0.032509782257034,0.097288226265367,0.0211137334920487,0.0068735398033831,-1.841098315730449e-05,1.8052619791743736,0.9026332597222776,0.9027041346458584,0.9026916915123336,0.3999999959761753,0.0886239459439835,True,2.769183488820008e-05,0.2005265124080684,0.2005302043662835,1.5900493750232272,23.954982061986268,21.519719140746783,35.25635430093927,0,0
B,400,density_est_smoothed_log_eps=1e-10,density_particle_smoothed_log,smoothed_log,5000,kde,12.0,0.0300751879699248,1e-10,1.0,True,,,0.0394071934586507,0.0863339475406251,0.0325097822607251,0.0972882262823086,0.0211137334968076,0.0068735398086965,-1.8410983191353583e-05,1.8052619791397824,0.902633259705336,0.9027041346289156,0.9026916914941084,0.3999999959761741,0.0886239459438976,True,2.7691834575822607e-05,0.2005265124080615,0.2005302043662835,1.5508453749935145,22.514401596080525,17.169698388787857,35.25635329069742,5852,0
B,400,density_est_smoothed_log_eps=1e-08,density_particle_smoothed_log,smoothed_log,5000,kde,12.0,0.0300751879699248,1e-08,1.0,True,,,0.0394071934586507,0.0863339485110419,0.0325097826261438,0.0972882279595203,0.021113733967944,0.0068735403347264,-1.8410986540621695e-05,1.805261975715248,0.9026332580281242,0.902704132951572,0.9026916896897836,0.3999999959760502,0.0886239459353966,True,2.769180366391962e-05,0.2005265124073899,0.2005302043662835,1.5920271250070073,26.33341325022184,19.137756216886153,35.25625327636655,7472,0
B,400,density_est_smoothed_log_eps=1e-06,density_particle_smoothed_log,smoothed_log,5000,kde,12.0,0.0300751879699248,1e-06,1.0,True,,,0.0394071934586507,0.0863340455566306,0.0325098191694857,0.0972883956805137,0.0211137810825536,0.0068735929370188,-1.8411321732212924e-05,1.8052616332574,0.9026330903071308,0.9027039652174093,0.90269150925465,0.3999999959636659,0.0886239450860287,True,2.7688850721824657e-05,0.2005265123401739,0.2005302043662835,1.5802452499628998,30.86733689468003,23.013243218488025,35.24624769991569,9476,0
B,400,density_est_smoothed_log_eps=1e-04,density_particle_smoothed_log,smoothed_log,5000,kde,12.0,0.0300751879699248,0.0001,1.0,True,,,0.0394071934586507,0.0863437895039959,0.0325134883357433,0.097305165925621,0.0211185028640934,0.0068788459505454,-1.844745811100352e-05,1.8052273429324233,0.9026163200620236,0.9026871936554992,0.9026734379934912,0.3999999948104943,0.0886238675920947,True,2.8726550159325464e-05,0.2005265050937384,0.2005302043662835,1.5199290420277975,36.094224869005885,27.92661381229872,34.31258398736939,13082,0
B,400,density_est_smoothed_log_raw,density_particle_smoothed_log,smoothed_log,5000,kde,16.0,0.0401002506265664,0.0,1.0,True,,,0.0670842376363766,0.1344484675624934,0.0506277140135179,0.1495814246377572,0.0334640472708724,0.0112210289718594,-2.248189174085761e-05,1.7006212511039305,0.8503400613498873,0.8504068302022609,0.8503880414745115,0.4000000085459565,0.0940749613248304,True,1.848293005805813e-05,0.2005256960679382,0.2005302043662835,1.515701792028267,14.137406287942609,9.682517383577665,30.25660140249288,0,0
B,400,density_est_smoothed_log_eps=1e-10,density_particle_smoothed_log,smoothed_log,5000,kde,16.0,0.0401002506265664,1e-10,1.0,True,,,0.0670842376363766,0.134448467574002,0.0506277140178516,0.1495814246528789,0.0334640472755078,0.0112210289755853,-2.2481891908334857e-05,1.7006212510717682,0.8503400613347656,0.850406830187138,0.8503880414570497,0.4000000085459548,0.0940749613255385,True,1.8482929936552436e-05,0.2005256960679046,0.2005302043662835,1.5214045839966277,14.150951403461532,9.67224874035535,30.256600977648716,2457,0
B,400,density_est_smoothed_log_eps=1e-08,density_particle_smoothed_log,smoothed_log,5000,kde,16.0,0.0401002506265664,1e-08,1.0,True,,,0.0670842376363766,0.1344484687133586,0.050627714446886,0.1495814261499309,0.0334640477344119,0.01122102934448,-2.248190847349548e-05,1.7006212478876803,0.8503400598377135,0.8504068286899685,0.8503880397283555,0.400000008545785,0.0940749613956426,True,1.848291791350936e-05,0.2005256960645828,0.2005302043662835,1.5068437909940258,18.89645818118759,10.925225770094142,30.2565589180465,4628,0
B,400,density_est_smoothed_log_eps=1e-06,density_particle_smoothed_log,smoothed_log,5000,kde,16.0,0.0401002506265664,1e-06,1.0,True,,,0.0670842376363766,0.1344485826505326,0.0506277573508979,0.1495815758549684,0.0334640936251206,0.0112210662334405,-2.2483565216274993e-05,1.7006209294775831,0.8503399101326761,0.8504066789731761,0.8503878668580782,0.4000000085288074,0.0940749684064048,True,1.8481777426689862e-05,0.2005256957323558,0.2005302043662835,1.6653423749958165,28.1585841385425,19.528816458684215,30.252352323947537,7315,0
B,400,density_est_smoothed_log_eps=1e-04,density_particle_smoothed_log,smoothed_log,5000,kde,16.0,0.0401002506265664,0.0001,1.0,True,,,0.0670842376363766,0.1344599914827066,0.050632053443691,0.1495965446417578,0.03346868567632,0.0112247498407072,-2.265132937413533e-05,1.700589075556299,0.8503249413458867,0.8503917090110349,0.8503705714096533,0.4000000068802999,0.094075673036114,True,1.8975486442794903e-05,0.2005256620905749,0.2005302043662835,1.5788717919494957,35.27124229312196,27.102711965673063,29.82576839068869,11210,0
B,400,density_est_fd_grid_ratio_raw,density_particle_fd_grid_ratio,fd_grid_ratio,5000,kde,1.0,0.0025062656641604,0.0,,True,,,0.002195821177878,0.7528953115867401,0.2835091333370125,1.649867454492426,0.0341126802408088,0.0115763093654786,-1.8207794976540652e-05,58.983968961329495,2.2662780618803526,2.2664560104355593,0.8470959677192013,0.3997916199112276,0.0944947822005775,True,0.2783379300975309,0.2005265531534358,0.2005302043662835,1.282240875007119,2.0752750163726365e+17,1.852223274355545e+17,0.1331361735271639,8700,0
B,400,density_est_fd_grid_ratio_eps=1e-10,density_particle_fd_grid_ratio,fd_grid_ratio,5000,kde,1.0,0.0025062656641604,1e-10,,True,,,0.002195821177878,0.7528953115859982,0.2835091333367332,1.6498674544924254,0.0341126802405714,0.0115763093653877,-1.8207794976540652e-05,58.98396896125749,2.266278061880352,2.266456010435559,0.8470959672408509,0.3997916198941031,0.0944947822194505,True,0.2783379300972579,0.2005265531534358,0.2005302043662835,1.2849402090068909,2855.151998052609,2714.1507239305156,0.1331361125250701,15381,0
B,400,density_est_fd_grid_ratio_eps=1e-08,density_particle_fd_grid_ratio,fd_grid_ratio,5000,kde,1.0,0.0025062656641604,1e-08,,True,,,0.002195821177878,0.7528953112510655,0.2835091332106114,1.6498674544927945,0.0341126801332177,0.0115763093242082,-1.8207794976540652e-05,58.98396893012254,2.2662780618807212,2.266456010435928,0.8470959679986984,0.3997916198499651,0.0944947821804715,True,0.2783379299733038,0.2005265531534358,0.2005302043662835,1.2898805830045603,1735.5968218718428,1629.2756237535275,0.1331080897357581,15512,0
B,400,density_est_fd_grid_ratio_eps=1e-06,density_particle_fd_grid_ratio,fd_grid_ratio,5000,kde,1.0,0.0025062656641604,1e-06,,True,,,0.002195821177878,0.7528952787947322,0.2835091209889031,1.6498674545263028,0.0341126697306594,0.0115763053349022,-1.82077949758486e-05,58.98396591062918,2.2662780619142295,2.266456010469439,0.8470959964551027,0.3997916152029128,0.0944947812962291,True,0.2783379179643478,0.2005265531534359,0.2005302043662835,1.2859180410159752,1042.8494166134917,859.2685642687535,0.1303940636945967,16290,0
B,400,density_est_fd_grid_ratio_eps=1e-04,density_particle_fd_grid_ratio,fd_grid_ratio,5000,kde,1.0,0.0025062656641604,0.0001,,True,,,0.002195821177878,0.7528943613035048,0.2835087754997777,1.64986745119301,0.0341123764963206,0.0115761945317379,-1.820779495923929e-05,58.98387868221668,2.266278058580937,2.266456007135884,0.8470968111966968,0.399791487931916,0.0944947488232106,True,0.2783375834082603,0.2005265531534392,0.2005302043662835,1.26996704202611,748.9688317974286,549.3197809871515,0.0571602312436674,18106,0
B,400,density_est_fd_grid_ratio_raw,density_particle_fd_grid_ratio,fd_grid_ratio,5000,kde,2.0,0.0050125313283208,0.0,,True,,,0.0016052759265368,0.6598724480859357,0.2484805828788365,1.225132576854468,0.0220827776114253,0.0079812881472668,-1.8213145349439583e-05,28.777374027612467,1.8811651842547092,1.881312893678488,0.9009687455515548,0.3998417203867014,0.0883371789812138,True,0.2460506514143523,0.2005265520805244,0.2005302043662835,1.341200332972221,2853336926.0650644,2851436161.685678,6.055738569763185,2850,0
B,400,density_est_fd_grid_ratio_eps=1e-10,density_particle_fd_grid_ratio,fd_grid_ratio,5000,kde,2.0,0.0050125313283208,1e-10,,True,,,0.0016052759265368,0.6598724481119691,0.2484805828886396,1.2251325769195738,0.0220827776213847,0.0079812881509131,-1.8213145349439583e-05,28.777374034267822,1.881165184741225,1.881312894165042,0.9009687454719152,0.3998417203787874,0.0883371789947747,True,0.24605065142053,0.2005265520805244,0.2005302043662835,1.3407256249920465,359.81275056191447,336.27560476611865,6.055738962611684,13500,0
B,400,density_est_fd_grid_ratio_eps=1e-08,density_particle_fd_grid_ratio,fd_grid_ratio,5000,kde,2.0,0.0050125313283208,1e-08,,True,,,0.0016052759265368,0.6598724494498812,0.2484805833924418,1.2251325786233411,0.022082778298778,0.0079812883785323,-1.8213145349439583e-05,28.777373969671757,1.881165184243393,1.8813128936671708,0.90096874356464,0.3998417204046208,0.0883371790897621,True,0.2460506518639777,0.2005265520805244,0.2005302043662835,1.3289244589977898,276.6555918948024,243.3636669494038,6.055777959987208,14100,0
B,400,density_est_fd_grid_ratio_eps=1e-06,density_particle_fd_grid_ratio,fd_grid_ratio,5000,kde,2.0,0.0050125313283208,1e-06,,True,,,0.0016052759265368,0.6598722754254779,0.2484805178620726,1.2251327467661834,0.0220827549659091,0.0079812899533381,-1.8213145349301175e-05,28.777384301433983,1.881165147092924,1.8813128565137849,0.9009689260930848,0.3998417324018051,0.0883371493221166,True,0.2460505963195454,0.2005265520805244,0.2005302043662835,1.3359620840055868,230.0618864985263,185.86113207151425,6.059624141358342,14700,0
B,400,density_est_fd_grid_ratio_eps=1e-04,density_particle_fd_grid_ratio,fd_grid_ratio,5000,kde,2.0,0.0050125313283208,0.0001,,True,,,0.0016052759265368,0.6598695779427975,0.2484795021020258,1.2251504188380844,0.0220826974816883,0.0079817799133787,-1.8213145349439583e-05,28.777974812731152,1.8811615248727915,1.881309234009235,0.9009719053125282,0.3998428645783564,0.0883363344585126,True,0.2460498047589159,0.2005265520805244,0.2005302043662835,1.338612290972378,203.69043388139147,150.42759035957062,6.626410674064372,15600,0
B,400,density_est_fd_grid_ratio_raw,density_particle_fd_grid_ratio,fd_grid_ratio,5000,kde,4.0,0.0100250626566416,0.0,,True,,,0.0047098304294971,0.0231129262158627,0.0087033689538211,0.0310135699339315,0.002356567195448,0.0008597824729013,-1.8214049973634967e-05,2.1643073556482406,0.9888794861732672,0.9889571331658396,0.9894034733145178,0.4000017599549896,0.0808109876422709,True,0.0079970941505095,0.2005265518991199,0.2005302043662835,1.4455526659730822,13001.842133163427,12991.557287561162,69.72097017034008,0,0
B,400,density_est_fd_grid_ratio_eps=1e-10,density_particle_fd_grid_ratio,fd_grid_ratio,5000,kde,4.0,0.0100250626566416,1e-10,,True,,,0.0047098304294971,0.0231129255466656,0.0087033687018293,0.0310135688026594,0.0023565672047063,0.0008597824751833,-1.821404997377338e-05,2.164307347448544,0.988879486155746,0.9889571331483172,0.9894034732768556,0.4000017599542503,0.0808109876442659,True,0.007997093872642,0.2005265518991199,0.2005302043662835,1.4954381249845028,127.08551586074674,115.41250473740064,69.7209706729593,10950,0
B,400,density_est_fd_grid_ratio_eps=1e-08,density_particle_fd_grid_ratio,fd_grid_ratio,5000,kde,4.0,0.0100250626566416,1e-08,,True,,,0.0047098304294971,0.0231128592732524,0.0087033437460119,0.0310134567983304,0.0023565681212517,0.0008597827012065,-1.82140499752959e-05,2.164306535278317,0.9888794842710832,0.9889571312635064,0.9894034698579628,0.4000017598985863,0.0808109878325642,True,0.0079970663543368,0.2005265518991196,0.2005302043662835,1.535681375011336,112.99197693434398,98.88971972939773,69.72102032148618,11547,0
B,400,density_est_fd_grid_ratio_eps=1e-06,density_particle_fd_grid_ratio,fd_grid_ratio,5000,kde,4.0,0.0100250626566416,1e-06,,True,,,0.0047098304294971,0.023106236767075,0.0087008499849829,0.031002254088863,0.0023566597393879,0.0008598054465733,-1.8214050135437365e-05,2.1642253485922565,0.9888792958315876,0.9889569428092144,0.9894031284442432,0.4000017543688236,0.0808110065450258,True,0.0079943165194206,0.2005265518990875,0.2005302043662835,1.5063060419633985,93.50602258241275,74.13729245593558,69.72590525535708,12600,0
B,400,density_est_fd_grid_ratio_eps=1e-04,density_particle_fd_grid_ratio,fd_grid_ratio,5000,kde,4.0,0.0100250626566416,0.0001,,True,,,0.0047098304294971,0.0226291345137076,0.0085211930734792,0.0311434169996091,0.0023669216588869,0.0008599786077762,-1.821406511717675e-05,2.1572902818847797,0.988860456433295,0.9889381019316488,0.9893550306685832,0.4000000320788051,0.0808156783938473,True,0.0077917134497045,0.2005265518960832,0.2005302043662835,1.584293666004669,74.37204170059303,51.63458250821817,69.09476394900646,14924,0
B,400,density_est_fd_grid_ratio_raw,density_particle_fd_grid_ratio,fd_grid_ratio,5000,kde,6.0,0.0150375939849624,0.0,,True,,,0.0103591325257369,0.020698665068804,0.0077942583843725,0.0237425606013764,0.0050696917637965,0.0015612780233113,-1.822523346512207e-05,1.9563133664807328,0.976178925386268,0.9762555751285558,0.9762836303102692,0.3999999749840068,0.0819443943816929,True,0.0004348966484662,0.2005265496564921,0.2005302043662835,1.578839041001629,661.1453229792279,652.0222813946883,42.92430892711054,0,0
B,400,density_est_fd_grid_ratio_eps=1e-10,density_particle_fd_grid_ratio,fd_grid_ratio,5000,kde,6.0,0.0150375939849624,1e-10,,True,,,0.0103591325257369,0.0206986650699365,0.0077942583847989,0.023742560620298,0.0050696917689337,0.001561278030859,-1.822523347038169e-05,1.9563133664313488,0.9761789253673464,0.9762555751096328,0.9762836302937448,0.3999999749840128,0.0819443943801479,True,0.0004348966295201,0.200526549656491,0.2005302043662835,1.5466638749931008,77.22137441143822,67.90743685555675,42.92430866405797,9681,0
B,400,density_est_fd_grid_ratio_eps=1e-08,density_particle_fd_grid_ratio,fd_grid_ratio,5000,kde,6.0,0.0150375939849624,1e-08,,True,,,0.0103591325257369,0.0206986651820564,0.0077942584270187,0.0237425624931967,0.0050696922775135,0.0015612787781053,-1.8225233989422743e-05,1.9563133615427155,0.9761789234944478,0.976255573236587,0.9762836286598569,0.3999999749843677,0.0819443942270595,True,0.0004348947538502,0.200526549656387,0.2005302043662835,1.5931404589791782,68.81431592291572,57.02751128056138,42.924282619855795,10446,0
B,400,density_est_fd_grid_ratio_eps=1e-06,density_particle_fd_grid_ratio,fd_grid_ratio,5000,kde,6.0,0.0150375939849624,1e-06,,True,,,0.0103591325257369,0.0206986764085268,0.0077942626544416,0.0237427497835485,0.0050697431397589,0.0015613534929018,-1.8225285801208003e-05,1.9563128692220009,0.976178736204096,0.9762553859315292,0.9762834652776514,0.3999999750199252,0.0819443789169231,True,0.0004347072824641,0.2005265496459971,0.2005302043662835,1.6553223330411129,59.667106487665976,45.38523399820867,42.92167342636322,11556,0
B,400,density_est_fd_grid_ratio_eps=1e-04,density_particle_fd_grid_ratio,fd_grid_ratio,5000,kde,6.0,0.0150375939849624,0.0001,,True,,,0.0103591325257369,0.0206999073121101,0.0077947261616553,0.0237614772844961,0.0050748466455527,0.0015687917052735,-1.8230540494909574e-05,1.956259135289721,0.9761600087031485,0.9762366569600948,0.9762671362679696,0.3999999774061716,0.0819428474907923,True,0.0004161864639758,0.2005265485922723,0.2005302043662835,1.5632682080031373,48.2507938837094,34.32614736212647,42.52406234111941,14253,0
B,400,density_est_fd_grid_ratio_raw,density_particle_fd_grid_ratio,fd_grid_ratio,5000,kde,8.0,0.0200501253132832,0.0,,True,,,0.0181310241037543,0.0354565605967374,0.0133514694688521,0.0405312933525285,0.0086069203545391,0.0026909686556577,-1.8213325518831708e-05,1.9187803765724605,0.959390192635116,0.9594655241231316,0.9594793303986466,0.3999999813217592,0.083380121303549,True,0.0001170302020766,0.200526552044395,0.2005302043662835,1.6092619580449536,257.495915644566,230.0665302647955,48.98489110022745,0,0
B,400,density_est_fd_grid_ratio_eps=1e-10,density_particle_fd_grid_ratio,fd_grid_ratio,5000,kde,8.0,0.0200501253132832,1e-10,,True,,,0.0181310241037543,0.0354565606007367,0.0133514694703581,0.0405312933711975,0.0086069203575753,0.0026909686650135,-1.821332551897012e-05,1.9187803765351077,0.959390192616447,0.9594655241044612,0.9594793303830428,0.3999999813217622,0.0833801213019364,True,0.0001170302243782,0.200526552044395,0.2005302043662835,1.534203624993097,58.0917820194437,50.61013612286695,48.984890690447,8890,0
B,400,density_est_fd_grid_ratio_eps=1e-08,density_particle_fd_grid_ratio,fd_grid_ratio,5000,kde,8.0,0.0200501253132832,1e-08,,True,,,0.0181310241037543,0.0354565609966543,0.0133514696194443,0.0405312952194257,0.0086069206581576,0.0026909695912243,-1.8213325550527816e-05,1.918780372837183,0.9593901907682189,0.9594655222560878,0.959479328840854,0.3999999813220538,0.0833801211421254,True,0.0001170324322515,0.2005265520443886,0.2005302043662835,1.5115375409950502,49.30352458249838,42.27499100599022,48.98485011892387,9955,0
B,400,density_est_fd_grid_ratio_eps=1e-06,density_particle_fd_grid_ratio,fd_grid_ratio,5000,kde,8.0,0.0200501253132832,1e-06,,True,,,0.0181310241037543,0.0354566006019335,0.013351484533149,0.0405314800420585,0.0086069507645191,0.0026910621566492,-1.821332873121139e-05,1.9187800030440751,0.959390005945586,0.9594653374189428,0.9594791745895752,0.3999999813510345,0.0833801051671377,True,0.0001172521529903,0.2005265520437508,0.2005302043662835,1.5134278750047088,40.192909129182254,33.981096725972066,48.98070752664928,11575,0
B,400,density_est_fd_grid_ratio_eps=1e-04,density_particle_fd_grid_ratio,fd_grid_ratio,5000,kde,8.0,0.0200501253132832,0.0001,,True,,,0.0181310241037543,0.0354606101039733,0.0133529943452449,0.0405499606544109,0.0086102097689662,0.0027001726856858,-1.8214094167835315e-05,1.918852121155742,0.9593715253332336,0.9594468553554892,0.9594635953826546,0.3999999873174701,0.0833785383485697,True,0.0001327906781835,0.2005265518902577,0.2005302043662835,1.5421566660515964,38.6677763246454,29.846951908482765,48.056109226909534,14646,0
B,400,density_est_fd_grid_ratio_raw,density_particle_fd_grid_ratio,fd_grid_ratio,5000,kde,12.0,0.0300751879699248,0.0,,True,,,0.0394071934586507,0.0735466082269204,0.0276946008793,0.0831736319575531,0.0179152683651394,0.0057832264386423,-1.8320704039259577e-05,1.8334931264530232,0.9167478540300914,0.9168198372341196,0.9168207116197162,0.4000000002179604,0.0872591948693107,True,2.786599534855497e-05,0.2005265305117584,0.2005302043662835,1.5193963330239058,75.1781248094415,66.0840021175428,39.63696167467578,0,0
B,400,density_est_fd_grid_ratio_eps=1e-10,density_particle_fd_grid_ratio,fd_grid_ratio,5000,kde,12.0,0.0300751879699248,1e-10,,True,,,0.0394071934586507,0.0735466082336025,0.0276946008818162,0.0831736319754711,0.0179152683694087,0.0057832264458303,-1.8320704077599405e-05,1.8334931264163408,0.9167478540121734,0.9168198372162004,0.9168207116025038,0.4000000002179574,0.0872591948683839,True,2.786599518329685e-05,0.2005265305117507,0.2005302043662835,1.5583644169964828,36.30258390171664,31.95031222947969,39.63695958315032,5951,0
B,400,density_est_fd_grid_ratio_eps=1e-08,density_particle_fd_grid_ratio,fd_grid_ratio,5000,kde,12.0,0.0300751879699248,1e-08,,True,,,0.0394071934586507,0.0735466088951247,0.027694601130918,0.083173633749306,0.017915268792068,0.0057832271574595,-1.832070787974814e-05,1.8334931227848528,0.9167478522383384,0.916819835442226,0.9168207098984738,0.4000000002176401,0.087259194776621,True,2.786597885992492e-05,0.2005265305109882,0.2005302043662835,1.6087213749997318,34.669636717439126,28.475481725437938,39.63675252005044,7569,0
B,400,density_est_fd_grid_ratio_eps=1e-06,density_particle_fd_grid_ratio,fd_grid_ratio,5000,kde,12.0,0.0300751879699248,1e-06,,True,,,0.0394071934586507,0.0735466750539735,0.0276946260435953,0.0831738111326911,0.017915311058552,0.0057832983214215,-1.8321088784599863e-05,1.833492759622613,0.9167476748549532,0.9168196580449128,0.9168205394893632,0.4000000001859798,0.0872591856015217,True,2.786473827711891e-05,0.2005265304346053,0.2005302043662835,1.5190698339720257,34.45348737106626,27.07655631019574,39.61602544475805,9578,0
B,400,density_est_fd_grid_ratio_eps=1e-04,density_particle_fd_grid_ratio,fd_grid_ratio,5000,kde,12.0,0.0300751879699248,0.0001,,True,,,0.0394071934586507,0.0735533655212946,0.0276971453959708,0.0831915478163689,0.0179195517219298,0.0057904191648677,-1.836635003757252e-05,1.833456305621734,0.9167299381712756,0.9168019199685477,0.916803448449261,0.3999999974702851,0.087258280537235,True,3.1281947176866054e-05,0.200526521358357,0.2005302043662835,1.4951085420325398,37.30702360969336,28.750334400695593,37.39208046555493,13244,0
B,400,density_est_fd_grid_ratio_raw,density_particle_fd_grid_ratio,fd_grid_ratio,5000,kde,16.0,0.0401002506265664,0.0,,True,,,0.0670842376363766,0.1188055027926252,0.0447372225780219,0.1327243755146219,0.029390034751969,0.0097614002971652,-2.073400386191757e-05,1.7343574210381818,0.8671971104730226,0.867265202943882,0.8672548577584793,0.4000000060086502,0.0922459050194733,True,1.8776049277902123e-05,0.2005260465722517,0.2005302043662835,1.4892714170273391,24.815871172929185,23.604112939268735,36.1362704655106,0,0
B,400,density_est_fd_grid_ratio_eps=1e-10,density_particle_fd_grid_ratio,fd_grid_ratio,5000,kde,16.0,0.0401002506265664,1e-10,,True,,,0.0670842376363766,0.1188055028021548,0.0447372225816104,0.1327243755313958,0.029390034756746,0.0097614003026659,-2.0734004113410257e-05,1.7343574210015364,0.8671971104562487,0.8672652029271068,0.8672548577403119,0.400000006008646,0.0922459050193898,True,1.8776047412034193e-05,0.2005260465722013,0.2005302043662835,1.4895981670124456,24.282758318950243,19.197238451103257,36.13626947626105,2657,0
B,400,density_est_fd_grid_ratio_eps=1e-08,density_particle_fd_grid_ratio,fd_grid_ratio,5000,kde,16.0,0.0401002506265664,1e-08,,True,,,0.0670842376363766,0.118805503745583,0.0447372229368663,0.1327243771920061,0.0293900352296679,0.0097614008472528,-2.073402899817612e-05,1.7343574173736456,0.8671971087956384,0.8672652012663661,0.8672548559416348,0.4000000060082243,0.0922459050111235,True,1.877586270954693e-05,0.2005260465672111,0.2005302043662835,1.4764733330230229,27.502887362593007,20.614854973724764,36.13617154008529,4825,0
B,400,density_est_fd_grid_ratio_eps=1e-06,density_particle_fd_grid_ratio,fd_grid_ratio,5000,kde,16.0,0.0401002506265664,1e-06,,True,,,0.0670842376363766,0.1188055980928178,0.0447372584641201,0.1327245432528339,0.0293900825226356,0.0097614553049975,-2.0736518573191823e-05,1.7343570545745135,0.8671969427348106,0.8672650351924992,0.867254676071019,0.4000000059660866,0.0922459041854169,True,1.8757577145714243e-05,0.2005260460679762,0.2005302043662835,1.4812637090217322,31.370029556186108,23.623708121631097,36.12637315932823,7512,0
B,400,density_est_fd_grid_ratio_eps=1e-04,density_particle_fd_grid_ratio,fd_grid_ratio,5000,kde,16.0,0.0401002506265664,0.0001,,True,,,0.0670842376363766,0.1188150773600876,0.0447408279628365,0.1327411472820128,0.0293948198457634,0.0097668915347159,-2.099680533193929e-05,1.7343206692451285,0.8671803387056317,0.867248429859569,0.8672366594894662,0.4000000019822869,0.09224583091534,True,1.8824806919998903e-05,0.2005259938726192,0.2005302043662835,1.5080387499765493,36.26503833011748,28.036206631960493,35.10379543463146,11468,0
H,400,density_particle_oracle_deterministic,density_particle_oracle,oracle,5000,kde,4.0,0.0100250626566416,0.0,,True,,,0.0110055287001957,0.0159806914102144,0.0050708993607384,0.0251583907794937,0.0021220930493357,0.0007669088066825,-0.0017244003249408,2.1647337003084592,0.7863364301292274,0.9811369728024883,0.4618140431064402,0.469794368950551,0.2095495487330786,True,0.1424963479031332,0.2338331677211995,0.2342370862288057,0.0256158749689348,0.0,0.0,26.909310034496425,0,0
H,400,density_est_smoothed_log_raw,density_particle_smoothed_log,smoothed_log,5000,kde,1.0,0.0025062656641604,0.0,1.0,True,,,0.0064711816226099,1.0333037536614669,0.3278818925532519,1.7610047266913154,0.0264564294038625,0.0085239188263483,-1.7216251176435136e-05,71.76168951192608,2.555556357864512,3.188648945552833,0.4521615704025997,0.471027372820352,0.2137426680872958,True,0.3357301948957812,0.2342330535442943,0.2342370862288057,1.4212655830197036,323.9060674414892,258.807494849234,0.3692527102817937,0,0
H,400,density_est_smoothed_log_eps=1e-10,density_particle_smoothed_log,smoothed_log,5000,kde,1.0,0.0025062656641604,1e-10,1.0,True,,,0.0064711816226099,1.0333037536621796,0.3278818925534782,1.761004727885028,0.0264564294055386,0.0085239188262825,-1.721625117690911e-05,71.76168953669271,2.5555563590582246,3.1886489470422665,0.4521615695389089,0.4710273727268283,0.2137426682823832,True,0.3357301948958627,0.2342330535442942,0.2342370862288057,1.2876358750509098,323.9060636928967,258.80749176764465,0.3692527144015722,0,0
H,400,density_est_smoothed_log_eps=1e-08,density_particle_smoothed_log,smoothed_log,5000,kde,1.0,0.0025062656641604,1e-08,1.0,True,,,0.0064711816226099,1.0333037544579746,0.3278818928059952,1.7610047179190862,0.0264564297082084,0.0085239188129568,-1.7216251217433892e-05,71.76169112528547,2.555556349092283,3.1886489346074436,0.4521615694292561,0.4710273727643106,0.2137426682416657,True,0.3357301948976814,0.2342330535442847,0.2342370862288057,1.2903341670171358,323.9056969358128,258.8071845618493,0.3692528357249209,0,0
H,400,density_est_smoothed_log_eps=1e-06,density_particle_smoothed_log,smoothed_log,5000,kde,1.0,0.0025062656641604,1e-06,1.0,True,,,0.0064711816226099,1.0333038395071776,0.32788191979331,1.7610033930465945,0.0264564618856985,0.0085239181519754,-1.7216255276666223e-05,71.7618551865597,2.555555024219791,3.188647281521899,0.4521615492868937,0.4710273830344312,0.2137426869604685,True,0.3357301953281792,0.2342330535433339,0.2342370862288057,1.2879621669999324,323.8690982836892,258.77650689538405,0.369265175268462,7,0
H,400,density_est_smoothed_log_eps=1e-04,density_particle_smoothed_log,smoothed_log,5000,kde,1.0,0.0025062656641604,0.0001,1.0,True,,,0.0064711816226099,1.0320742314060485,0.3274917477554475,1.7608733556596516,0.0265069213894448,0.0085498111833378,-1.7216534914132763e-05,71.82340920103351,2.555424986832848,3.188485029738454,0.4520954372067717,0.4710077394627967,0.2137664166060988,True,0.3353286677061116,0.2342330534778324,0.2342370862288057,1.3001606249599718,321.06523789063397,256.20842265606046,0.3705234133941616,638,0
H,400,density_est_smoothed_log_raw,density_particle_smoothed_log,smoothed_log,5000,kde,2.0,0.0050125313283208,0.0,1.0,True,,,0.0076773796467469,0.9069276029578548,0.2877809529026729,1.2730037003674677,0.0079846081320967,0.0051533987104137,-1.773903612883446e-05,36.24484345279188,2.0269967501686605,2.529148312528425,0.4587118468595674,0.4697343848347208,0.2110862670867655,True,0.315842594531863,0.2342329310886703,0.2342370862288057,1.3496577919577248,149.43647718036806,79.81493776016983,172.19035484852543,0,0
H,400,density_est_smoothed_log_eps=1e-10,density_particle_smoothed_log,smoothed_log,5000,kde,2.0,0.0050125313283208,1e-10,1.0,True,,,0.0076773796467469,0.9069276041085076,0.2877809532677913,1.2730037016242817,0.0079846081292123,0.0051533987141872,-1.7739036128478976e-05,36.24484349598507,2.0269967514254748,2.5291483140965925,0.4587118464754851,0.4697343847742151,0.2110862672857207,True,0.3158425948647095,0.2342329310886704,0.2342370862288057,1.3514273749897256,149.43647666163122,79.81493698927189,172.19032886164248,0,0
H,400,density_est_smoothed_log_eps=1e-08,density_particle_smoothed_log,smoothed_log,5000,kde,2.0,0.0050125313283208,1e-08,1.0,True,,,0.0076773796467469,0.9069275971684808,0.2877809510656227,1.273003686693434,0.007984608173172,0.0051533986937406,-1.7739036097433677e-05,36.24484321483925,2.026996736494627,2.5291482954668987,0.4587118460947724,0.4697343848468661,0.211086267363248,True,0.3158425928612086,0.2342329310886777,0.2342370862288057,1.3678357080207206,149.43640590833348,79.81486030382972,172.19071234239632,0,0
H,400,density_est_smoothed_log_eps=1e-06,density_particle_smoothed_log,smoothed_log,5000,kde,2.0,0.0050125313283208,1e-06,1.0,True,,,0.0076773796467469,0.9069269841453672,0.2877807565447202,1.2730022000951535,0.0079846131291909,0.0051533969850474,-1.773903298614946e-05,36.24481758167932,2.0269952498963466,2.529146440590944,0.4587118333019236,0.4697343948326262,0.2110862737335818,True,0.3158424150058396,0.2342329310894065,0.2342370862288057,1.3384940000250936,149.429344113683,79.8071940681711,172.22784351320828,0,0
H,400,density_est_smoothed_log_eps=1e-04,density_particle_smoothed_log,smoothed_log,5000,kde,2.0,0.0050125313283208,0.0001,1.0,True,,,0.0076773796467469,0.90681625232481,0.287745619772245,1.2728116528914348,0.0079854510796382,0.0051531168113339,-1.7738743445350446e-05,36.24068792417616,2.026804702692628,2.5289086887846315,0.4587111359799937,0.4697351374073947,0.2110865990583947,True,0.3158101781086755,0.2342329311572277,0.2342370862288057,1.4250193330226466,148.73661406383127,79.06122761174603,191.48086607517453,309,0
H,400,density_est_smoothed_log_raw,density_particle_smoothed_log,smoothed_log,5000,kde,4.0,0.0100250626566416,0.0,1.0,True,,,0.0110055287001957,0.0761962986882927,0.0241781630338056,0.0841716415088542,0.0044150056358585,0.0016216557709371,-1.909246634095469e-05,2.929008324201609,0.7652002533084824,0.9547646927605784,0.4613395375308258,0.4698891259596437,0.2100615090034188,True,0.1385370104100164,0.234232614065121,0.2342370862288057,1.4635389579925686,38.28866480403795,23.032354172757582,58.678994769791146,0,0
H,400,density_est_smoothed_log_eps=1e-10,density_particle_smoothed_log,smoothed_log,5000,kde,4.0,0.0100250626566416,1e-10,1.0,True,,,0.0110055287001957,0.0761962986277452,0.024178163014593,0.0841716414837757,0.004415005645712,0.0016216557724696,-1.909246634154715e-05,2.929008322035744,0.7652002532737078,0.9547646927171888,0.4613395375066441,0.4698891260000134,0.2100615090280706,True,0.1385370103867438,0.2342326140651209,0.2342370862288057,1.4363589999848043,38.28866431971406,23.032353923057908,58.67899525765289,0,0
H,400,density_est_smoothed_log_eps=1e-08,density_particle_smoothed_log,smoothed_log,5000,kde,4.0,0.0100250626566416,1e-08,1.0,True,,,0.0110055287001957,0.0761962926337226,0.0241781611126049,0.0841716390010345,0.0044150066212126,0.0016216559241807,-1.9092466414420665e-05,2.9290081076098895,0.7652002498313792,0.954764688422086,0.4613395368349209,0.4698891259829884,0.210061509230813,True,0.1385370080827684,0.2342326140651038,0.2342370862288057,1.436958665959537,38.28861637184122,23.032329202853436,58.67904356285864,0,0
H,400,density_est_smoothed_log_eps=1e-06,density_particle_smoothed_log,smoothed_log,5000,kde,4.0,0.0100250626566416,1e-06,1.0,True,,,0.0110055287001957,0.0761956932489227,0.0241779709193322,0.0841713907435119,0.0044151041719386,0.0016216710954142,-1.90924737058006e-05,2.9289866651428165,0.765199905598468,0.9547642589117346,0.4613394735668832,0.469889128043068,0.2100615271717909,True,0.138536777686411,0.2342326140633959,0.2342370862288057,1.551917875010986,38.283822848981664,23.02985769478953,58.683854438441784,0,0
H,400,density_est_smoothed_log_eps=1e-04,density_particle_smoothed_log,smoothed_log,5000,kde,4.0,0.0100250626566416,0.0001,1.0,True,,,0.0110055287001957,0.0761357579983835,0.0241589526168168,0.0841462794523805,0.0044248636789256,0.0016231882608574,-1.9093213258899796e-05,2.926839104908266,0.7651654868475882,0.9547213135415954,0.4613331452012323,0.4698893323560713,0.2100633248613307,True,0.138513740588157,0.2342326138901652,0.2342370862288057,1.4787734579876997,37.81668718704516,22.787670000238872,59.12492967784601,43,0
H,400,density_est_smoothed_log_raw,density_particle_smoothed_log,smoothed_log,5000,kde,6.0,0.0150375939849624,0.0,1.0,True,,,0.0164636747140039,0.0821729290406602,0.0260746323576434,0.0723513272861869,0.0084863175373501,0.0027252724149707,-5.919153485236219e-05,2.253299222140816,0.7291029568013457,0.9097249478570572,0.4605262689362167,0.4700563067274989,0.2103762669248228,True,0.1285522249692691,0.2342232213761524,0.2342370862288057,1.4933773329830728,18.6645823934593,10.16182556004294,22.08065107950005,0,0
H,400,density_est_smoothed_log_eps=1e-10,density_particle_smoothed_log,smoothed_log,5000,kde,6.0,0.0150375939849624,1e-10,1.0,True,,,0.0164636747140039,0.0821729290318233,0.0260746323548394,0.0723513273209304,0.008486317546405,0.0027252724164364,-5.9191535239125024e-05,2.2532992211979033,0.7291029567666023,0.9097249478137066,0.4605262689326846,0.4700563067008769,0.2103762669157045,True,0.1285522249496242,0.2342232213760618,0.2342370862288057,1.5407664580270648,18.664582239653335,10.161825495663514,22.080651063285952,0,0
H,400,density_est_smoothed_log_eps=1e-08,density_particle_smoothed_log,smoothed_log,5000,kde,6.0,0.0150375939849624,1e-08,1.0,True,,,0.0164636747140039,0.0821729281570012,0.0260746320772459,0.0723513307606571,0.0084863184428419,0.0027252725615442,-5.919157353800637e-05,2.253299127849828,0.7291029533268756,0.9097249435218502,0.4605262683477367,0.4700563067196192,0.2103762670580852,True,0.128552223004784,0.2342232213670908,0.2342370862288057,1.5726800000411458,18.664567012887925,10.16181912210969,22.08064945808897,0,0
H,400,density_est_smoothed_log_eps=1e-06,density_particle_smoothed_log,smoothed_log,5000,kde,6.0,0.0150375939849624,1e-06,1.0,True,,,0.0164636747140039,0.0821728406860423,0.0260746043214738,0.0723516747329636,0.0084864080865457,0.0027252870724495,-5.919540358456693e-05,2.253289793126565,0.729102609354569,0.9097245143366636,0.4605262104828257,0.4700563082438665,0.2103762823038792,True,0.1285520285217192,0.2342232204699519,0.2342370862288057,1.5068590000155382,18.66304451459013,10.161181817210496,22.080488937333214,0,0
H,400,density_est_smoothed_log_eps=1e-04,density_particle_smoothed_log,smoothed_log,5000,kde,6.0,0.0150375939849624,0.0001,1.0,True,,,0.0164636747140039,0.0821642006077189,0.026071862702446,0.072386069047053,0.0084953729753758,0.0027267394628108,-5.957997549130258e-05,2.252356981664794,0.7290682150404797,0.9096815994570848,0.460520432156229,0.4700564611056156,0.2103778022155157,True,0.1285325891028053,0.234223130388949,0.2342370862288057,1.5366715000127442,18.512552205719317,10.097949177446909,22.064426549938275,0,0
H,400,density_est_smoothed_log_raw,density_particle_smoothed_log,smoothed_log,5000,kde,8.0,0.0200501253132832,0.0,1.0,True,,,0.0244466925432143,0.1113167436054105,0.0353223768295386,0.1123118486567075,0.0134652831836333,0.004088545099572,-0.000511558165425,1.9740736770849512,0.6891424354308252,0.8598649344240811,0.4595638029162326,0.4702654998030053,0.2107007167420349,True,0.1178715586496081,0.2341172603346999,0.2342370862288057,1.527133333031088,10.06655050878168,5.883182128786083,23.463754003293587,0,0
H,400,density_est_smoothed_log_eps=1e-10,density_particle_smoothed_log,smoothed_log,5000,kde,8.0,0.0200501253132832,1e-10,1.0,True,,,0.0244466925432143,0.1113167436199855,0.0353223768341635,0.1123118486890342,0.0134652831913463,0.0040885451012378,-0.0005115581687584,1.974073676440138,0.6891424353984985,0.8598649343837461,0.4595638028989975,0.4702654997968638,0.2107007167429528,True,0.1178715586335559,0.2341172603339192,0.2342370862288057,1.5454465000075288,10.06655045555913,5.883182103330799,23.463753975279776,0,0
H,400,density_est_smoothed_log_eps=1e-08,density_particle_smoothed_log,smoothed_log,5000,kde,8.0,0.0200501253132832,1e-08,1.0,True,,,0.0244466925432143,0.1113167450628952,0.0353223772920191,0.1123118518893728,0.0134652839549362,0.0040885452661526,-0.0005115584987689,1.974073612603719,0.6891424321981598,0.8598649303905818,0.4595638023991806,0.4702654998005945,0.2107007167979495,True,0.1178715570443978,0.2341172602566185,0.2342370862288057,1.537351542036049,10.06654518653126,5.883179583259575,23.46375120186653,0,0
H,400,density_est_smoothed_log_eps=1e-06,density_particle_smoothed_log,smoothed_log,5000,kde,8.0,0.0200501253132832,1e-06,1.0,True,,,0.0244466925432143,0.1113168893606339,0.0353224230797321,0.1123121719228505,0.0134653603139201,0.0040885617577716,-0.0005115915002008,1.9740672290531351,0.6891421121646821,0.8598645310746331,0.4595637525318164,0.4702655012652358,0.2107007240178255,True,0.1178713981293601,0.2341172525264592,0.2342370862288057,1.5487700419616883,10.06601831785565,5.882927589730176,23.46347383933597,0,0
H,400,density_est_smoothed_log_eps=1e-04,density_particle_smoothed_log,smoothed_log,5000,kde,8.0,0.0200501253132832,0.0001,1.0,True,,,0.0244466925432143,0.1113313850091817,0.0353270227539932,0.112344170812082,0.0134729960388351,0.0040902121560527,-0.0005148957053909,1.973429777880132,0.6891101132754507,0.8598246050428348,0.4595587686415726,0.4702656467293246,0.2107014445960576,True,0.1178555145479275,0.2341164785590632,0.2342370862288057,1.5902388339745812,10.013669018175936,5.8578628584195815,23.43553508716759,0,0
H,400,density_est_smoothed_log_raw,density_particle_smoothed_log,smoothed_log,5000,kde,12.0,0.0300751879699248,0.0,1.0,True,,,0.0467751511500645,0.1805193582491479,0.0572813450212441,0.1839206150555148,0.0242839994306118,0.0073160234907288,-0.0027770784047818,1.592727571399172,0.6175336690320179,0.7705163991169988,0.4572204133183635,0.4707711351952451,0.2113084859890314,True,0.0967708510599442,0.2335865914750406,0.2342370862288057,1.5347067080438137,6.90887499096724,4.540600667634978,16.83848581250259,0,0
H,400,density_est_smoothed_log_eps=1e-10,density_particle_smoothed_log,smoothed_log,5000,kde,12.0,0.0300751879699248,1e-10,1.0,True,,,0.0467751511500645,0.1805193582697791,0.0572813450277906,0.1839206150784289,0.0242839994356446,0.007316023491815,-0.0027770784108577,1.5927275711643782,0.6175336690091038,0.7705163990884081,0.4572204133355562,0.4707711351954525,0.2113084859781448,True,0.096770851050195,0.2335865914736174,0.2342370862288057,1.526879083015956,6.908874981112667,4.540600659934045,16.838485798983406,0,0
H,400,density_est_smoothed_log_eps=1e-08,density_particle_smoothed_log,smoothed_log,5000,kde,12.0,0.0300751879699248,1e-08,1.0,True,,,0.0467751511500645,0.1805193603122674,0.0572813456759011,0.183920617346912,0.0242839999338873,0.0073160235993555,-0.0027770790123745,1.592727547919837,0.6175336667406207,0.7705163962579497,0.4572204129423941,0.4707711352127678,0.2113084859707454,True,0.0967708500850303,0.2335865913327199,0.2342370862288057,1.5190108340466395,6.90887400551095,4.540599897542195,16.838484460586898,0,0
H,400,density_est_smoothed_log_eps=1e-06,density_particle_smoothed_log,smoothed_log,5000,kde,12.0,0.0300751879699248,1e-06,1.0,True,,,0.0467751511500645,0.1805195645618519,0.0572814104871824,0.183920844194751,0.0242840497581492,0.0073160343535074,-0.0027771391627892,1.5927252235021323,0.6175334398927816,0.7705161132126861,0.4572203717832876,0.4707711364078599,0.2113084863016254,True,0.0967707535688432,0.233586577243262,0.2342370862288057,1.528080541989766,6.908776451201833,4.540523662159841,16.83835062150577,0,0
H,400,density_est_smoothed_log_eps=1e-04,density_particle_smoothed_log,smoothed_log,5000,kde,12.0,0.0300751879699248,0.0001,1.0,True,,,0.0467751511500645,0.1805399977157918,0.0572878942158643,0.1839435243475919,0.0242890321332583,0.0073171108583034,-0.0027831407574363,1.5924931550533117,0.6175107597399407,0.7704878144646586,0.4572162576961096,0.4707712557950651,0.2113085226716704,True,0.0967611045946269,0.2335851714472192,0.2342370862288057,1.554473209020216,6.899079689336491,4.532938161395165,16.824972587694084,0,0
H,400,density_est_smoothed_log_raw,density_particle_smoothed_log,smoothed_log,5000,kde,16.0,0.0401002506265664,0.0,1.0,True,,,0.0747604564083649,0.2418776556240936,0.0767512004203503,0.240675867291082,0.0346147827224744,0.0104552164255339,-0.0048675791603638,1.338330248656315,0.5611677870165906,0.700186895445307,0.4540838556638742,0.4713492987783151,0.2122446305069704,True,0.0779981869548749,0.233096918669294,0.2342370862288057,1.53393416601466,7.752717624884915,5.259397212517338,13.796929249003083,0,0
H,400,density_est_smoothed_log_eps=1e-10,density_particle_smoothed_log,smoothed_log,5000,kde,16.0,0.0401002506265664,1e-10,1.0,True,,,0.0747604564083649,0.2418776556373911,0.0767512004245698,0.2406758673061265,0.0346147827253401,0.010455216426003,-0.0048675791657271,1.338330248565689,0.5611677870019333,0.7001868954270185,0.4540838556473219,0.4713492987671208,0.2122446305314251,True,0.0779981869493361,0.2330969186680377,0.2342370862288057,1.526834250020329,7.752717620084179,5.2593972075298465,13.796929238889824,0,0
H,400,density_est_smoothed_log_eps=1e-08,density_particle_smoothed_log,smoothed_log,5000,kde,16.0,0.0401002506265664,1e-08,1.0,True,,,0.0747604564083649,0.2418776569538382,0.0767512008422971,0.2406758687955489,0.0346147830090439,0.0104552164724393,-0.0048675796966999,1.3383302395937788,0.5611677855508626,0.7001868936164715,0.454083855291967,0.471349298795948,0.2122446305125052,True,0.0779981864010218,0.2330969185436642,0.2342370862288057,1.5536910410155542,7.752717144811744,5.259396713768383,13.796928237681684,0,0
H,400,density_est_smoothed_log_eps=1e-06,density_particle_smoothed_log,smoothed_log,5000,kde,16.0,0.0401002506265664,1e-06,1.0,True,,,0.0747604564083649,0.2418777885987717,0.076751242615096,0.2406760177374136,0.0346148113795121,0.0104552211162108,-0.0048676327925549,1.3383293424122276,0.5611676404441416,0.7001867125622007,0.454083816487847,0.4713493000423438,0.2122446311835542,True,0.077998131569563,0.2330969061066458,0.2342370862288057,1.5207822080119513,7.75266961998622,5.2593473398329005,13.796828117273831,0,0
H,400,density_est_smoothed_log_eps=1e-04,density_particle_smoothed_log,smoothed_log,5000,kde,16.0,0.0401002506265664,0.0001,1.0,True,,,0.0747604564083649,0.2418909552580456,0.0767554205822678,0.2406909081670737,0.0346176493322721,0.0104556868603633,-0.0048729281372952,1.3382397187142323,0.5611531333466768,0.7001686115953049,0.4540799343449311,0.4713494249478454,0.2122447042488156,True,0.0779926485169241,0.2330956657405233,0.2342370862288057,1.536666708998382,7.747941217850273,5.254431981272287,13.78682016663214,0,0
H,400,density_est_fd_grid_ratio_raw,density_particle_fd_grid_ratio,fd_grid_ratio,5000,kde,1.0,0.0025062656641604,0.0,,True,,,0.0064711816226099,0.8224769954944349,0.2609835809737892,1.2922770111101758,0.0291540527119962,0.0091521266261628,-1.7657362553535442e-05,70.25288453317822,2.043203896642364,2.549370484641655,0.4503632572592357,0.4711946813302331,0.2146026652092489,True,0.2679412308175757,0.2342329502196506,0.2342370862288057,1.315629832970444,1226.1140880058929,1079.4073106877363,0.0001612508203016,0,0
H,400,density_est_fd_grid_ratio_eps=1e-10,density_particle_fd_grid_ratio,fd_grid_ratio,5000,kde,1.0,0.0025062656641604,1e-10,,True,,,0.0064711816226099,0.8224769954944336,0.2609835809737889,1.2922770111101758,0.0291540527119953,0.0091521266261627,-1.765736255341695e-05,70.2528845331727,2.043203896642364,2.549370484641655,0.4503632577838755,0.4711946814760577,0.214602664994661,True,0.2679412308175783,0.2342329502196507,0.2342370862288057,1.3457830830011517,1226.1124877185514,1079.4059411406654,0.0001612508540942,0,0
H,400,density_est_fd_grid_ratio_eps=1e-08,density_particle_fd_grid_ratio,fd_grid_ratio,5000,kde,1.0,0.0025062656641604,1e-08,,True,,,0.0064711816226099,0.8224769954945461,0.2609835809738245,1.2922770111101758,0.0291540527119464,0.0091521266261711,-1.7657362553535442e-05,70.2528845326278,2.043203896642364,2.549370484641655,0.4503632573278043,0.4711946813144897,0.2146026651080008,True,0.2679412308176335,0.2342329502196506,0.2342370862288057,1.354660958983004,1225.954104118883,1079.27036158125,0.000161250604295,0,0
H,400,density_est_fd_grid_ratio_eps=1e-06,density_particle_fd_grid_ratio,fd_grid_ratio,5000,kde,1.0,0.0025062656641604,1e-06,,True,,,0.0064711816226099,0.822476995505624,0.2609835809773397,1.2922770111101785,0.0291540527070262,0.0091521266269957,-1.7657362552587494e-05,70.25288447813665,2.043203896642364,2.549370484641655,0.4503632574356155,0.4711946813967809,0.2146026651619164,True,0.267941230823298,0.2342329502196509,0.2342370862288057,1.3234026250429451,1210.5529880809945,1066.063777579994,0.0001612285838795,0,0
H,400,density_est_fd_grid_ratio_eps=1e-04,density_particle_fd_grid_ratio,fd_grid_ratio,5000,kde,1.0,0.0025062656641604,0.0001,,True,,,0.0064711816226099,0.8224769966308285,0.260983581334383,1.2922770111104491,0.0291540522183969,0.0091521267112435,-1.7657362455778292e-05,70.25287902254814,2.043203896642364,2.549370484641655,0.4503632578808388,0.4711946814145727,0.2146026649876206,True,0.2679412313916864,0.2342329502196735,0.2342370862288057,1.348006333981175,843.6265375817416,724.8846153988128,0.0001587894185714,256,0
H,400,density_est_fd_grid_ratio_raw,density_particle_fd_grid_ratio,fd_grid_ratio,5000,kde,2.0,0.0050125313283208,0.0,,True,,,0.0076773796467469,0.5214192111740946,0.1654536888766567,0.6279530994915323,0.0215304543297039,0.006723844399001,-3.6677237817823426e-05,30.33440980195374,1.0947576157931838,1.3659638952951398,0.4544572928093816,0.4707252971116188,0.2127243037706832,True,0.1889786919538772,0.2342284950594883,0.2342370862288057,1.3892812080448491,221.79620181957637,170.24615023012103,4.22256540448468,0,0
H,400,density_est_fd_grid_ratio_eps=1e-10,density_particle_fd_grid_ratio,fd_grid_ratio,5000,kde,2.0,0.0050125313283208,1e-10,,True,,,0.0076773796467469,0.5214192059500941,0.1654536872190075,0.6279530586614485,0.0215304544177193,0.0067238444016865,-3.6677237818534384e-05,30.3344100976631,1.0947576160593953,1.3659638956273004,0.4544572926360722,0.4707252970981917,0.2127243037957942,True,0.1889786902434554,0.2342284950594881,0.2342370862288057,1.36481737496797,221.7961980241867,170.2461466648716,4.222560776994219,0,0
H,400,density_est_fd_grid_ratio_eps=1e-08,density_particle_fd_grid_ratio,fd_grid_ratio,5000,kde,2.0,0.0050125313283208,1e-08,,True,,,0.0076773796467469,0.5214192180188634,0.1654536910485986,0.6279531476724147,0.021530454330959,0.006723844442585,-3.66772379059826e-05,30.334409452862474,1.0947576153024066,1.3659638946827817,0.454457292833716,0.4707252971065807,0.2127243038086324,True,0.1889786939546169,0.2342284950594677,0.2342370862288057,1.370144916989375,221.79587515279783,170.24580143137297,4.222570822416878,0,0
H,400,density_est_fd_grid_ratio_eps=1e-06,density_particle_fd_grid_ratio,fd_grid_ratio,5000,kde,2.0,0.0050125313283208,1e-06,,True,,,0.0076773796467469,0.5214200810257924,0.1654539648929006,0.6279593802544059,0.0215304511118411,0.0067238486030789,-3.66772466832712e-05,30.33436433431062,1.0947575560992744,1.3659638208131506,0.4544572899734403,0.4707252933950263,0.2127243032637124,True,0.1889789528044504,0.2342284950574117,0.2342370862288057,1.4181181660387665,221.7635818851647,170.21130153144586,4.2232713589339985,0,0
H,400,density_est_fd_grid_ratio_eps=1e-04,density_particle_fd_grid_ratio,fd_grid_ratio,5000,kde,2.0,0.0050125313283208,0.0001,,True,,,0.0076773796467469,0.5217310065079982,0.1655526259450718,0.6302744760595448,0.02152638077138,0.00672419040097,-3.667866806547242e-05,30.317658528987614,1.0947405672855737,1.3659426233299776,0.4544576300062311,0.4707243666992647,0.2127238934521182,True,0.1890780225524199,0.2342284947244713,0.2342370862288057,1.404564541997388,218.8170019317255,167.02485383301138,4.491757794191382,0,0
H,400,density_est_fd_grid_ratio_raw,density_particle_fd_grid_ratio,fd_grid_ratio,5000,kde,4.0,0.0100250626566416,0.0,,True,,,0.0110055287001957,0.0656620906564754,0.0208355098654774,0.0498662531359728,0.0033707316086984,0.0012176057137521,-7.94441903880608e-05,3.3577918093583143,0.7747232291772019,0.966646812624173,0.4615356914979696,0.4698356716112049,0.20995778308131,True,0.1406849670873652,0.2342184774531314,0.2342370862288057,1.4726239580195395,68.57229009449692,45.90552742241189,56.869672114207766,0,0
H,400,density_est_fd_grid_ratio_eps=1e-10,density_particle_fd_grid_ratio,fd_grid_ratio,5000,kde,4.0,0.0100250626566416,1e-10,,True,,,0.0110055287001957,0.0656620906024779,0.0208355098483432,0.0498662531308874,0.0033707316195398,0.0012176057157864,-7.944419035938537e-05,3.3577918067579624,0.7747232291417823,0.9666468125799788,0.4615356914478765,0.4698356715796921,0.2099577830923469,True,0.1406849670641305,0.2342184774531381,0.2342370862288057,1.459321958012879,68.57228920093343,45.90552671133502,56.86967309467933,0,0
H,400,density_est_fd_grid_ratio_eps=1e-08,density_particle_fd_grid_ratio,fd_grid_ratio,5000,kde,4.0,0.0100250626566416,1e-08,,True,,,0.0110055287001957,0.0656620852837639,0.0208355081606401,0.0498662526274415,0.0033707326928396,0.0012176059176017,-7.944418753118216e-05,3.357791549040975,0.7747232255793719,0.966646808135046,0.461535690722393,0.4698356716436533,0.2099577833563173,True,0.1406849647651382,0.2342184774538006,0.2342370862288057,1.45728470798349,68.57220074333355,45.905456315359395,56.8697702050737,0,0
H,400,density_est_fd_grid_ratio_eps=1e-06,density_particle_fd_grid_ratio,fd_grid_ratio,5000,kde,4.0,0.0100250626566416,1e-06,,True,,,0.0110055287001957,0.0656615534308771,0.0208353393961984,0.0498662022768145,0.0033708400216408,0.0012176260985042,-7.944390483030278e-05,3.35776577697312,0.7747228695162575,0.9666463638637738,0.4615356222243709,0.4698356757416054,0.2099578065764012,True,0.1406847348680588,0.2342184775200196,0.2342370862288057,1.5741574999992736,68.56335840421957,45.89841937223892,56.87947829352204,0,0
H,400,density_est_fd_grid_ratio_eps=1e-04,density_particle_fd_grid_ratio,fd_grid_ratio,5000,kde,4.0,0.0100250626566416,0.0001,,True,,,0.0110055287001957,0.065608599145741,0.0208185362527203,0.0498610806254074,0.0033815804885002,0.0012196455951851,-7.941535579393851e-05,3.355183918554591,0.7746872503444369,0.966601920690248,0.4615287723868446,0.4698360779641888,0.2099601242879221,True,0.1406617582959262,0.2342184842072627,0.2342370862288057,1.4903884169762025,67.71142010807817,45.21998342127736,57.82936162312003,0,0
H,400,density_est_fd_grid_ratio_raw,density_particle_fd_grid_ratio,fd_grid_ratio,5000,kde,6.0,0.0150375939849624,0.0,,True,,,0.0164636747140039,0.0666868953442408,0.0211606948842401,0.0542034618585285,0.0064308379569195,0.0020600722999039,-0.0001251092146004,2.4794086082143494,0.7472508222290042,0.9323686167324692,0.4607702364253482,0.4699792514861226,0.2102663040074519,True,0.133083099571458,0.2342077810109173,0.2342370862288057,1.550984832982067,36.703835384635035,23.428436670575284,66.32280916653008,0,0
H,400,density_est_fd_grid_ratio_eps=1e-10,density_particle_fd_grid_ratio,fd_grid_ratio,5000,kde,6.0,0.0150375939849624,1e-10,,True,,,0.0164636747140039,0.0666868953387702,0.0211606948825042,0.0542034618929233,0.0064308379667336,0.0020600723019656,-0.0001251092146471,2.4794086067049275,0.7472508221946094,0.9323686166895536,0.460770236452273,0.469979251500303,0.2102663040320269,True,0.1330830995511248,0.2342077810109064,0.2342370862288057,1.5342952919891104,36.70383481449976,23.428436394534675,66.32280960262914,0,0
H,400,density_est_fd_grid_ratio_eps=1e-08,density_particle_fd_grid_ratio,fd_grid_ratio,5000,kde,6.0,0.0150375939849624,1e-08,,True,,,0.0164636747140039,0.0666868947971728,0.0211606947106477,0.054203465298238,0.0064308389383325,0.0020600725060666,-0.0001251092192635,2.479408457270993,0.7472508187892947,0.932368612440634,0.460770235775382,0.4699792515407607,0.2102663042392514,True,0.1330830975381645,0.234207781009825,0.2342370862288057,1.5365015840507112,36.70377837126802,23.42840906657402,66.32285277911456,0,0
H,400,density_est_fd_grid_ratio_eps=1e-06,density_particle_fd_grid_ratio,fd_grid_ratio,5000,kde,6.0,0.0150375939849624,1e-06,,True,,,0.0164636747140039,0.0666868406602243,0.0211606775322284,0.0542038058287449,0.0064309360988575,0.0020600929165744,-0.0001251096804757,2.4793935139966043,0.7472504782587878,0.9323681875498904,0.460770173215638,0.4699792532751973,0.2102663217490156,True,0.1330828962431994,0.234207780901792,0.2342370862288057,1.5371399999712594,36.69813592045532,23.425676926086425,66.32716720307539,0,0
H,400,density_est_fd_grid_ratio_eps=1e-04,density_particle_fd_grid_ratio,fd_grid_ratio,5000,kde,6.0,0.0150375939849624,0.0001,,True,,,0.0164636747140039,0.0666815420413844,0.021158996205545,0.0542378562982943,0.00644065344491,0.0020621461243353,-0.0001251565847441,2.4779002231358076,0.7472164277892384,0.93232570169608,0.4607639173601067,0.4699794308033887,0.2102680775333497,True,0.1330627746019681,0.2342077699150729,0.2342370862288057,1.5386130419792607,36.151637832021464,23.158788584245578,66.6751333479908,0,0
H,400,density_est_fd_grid_ratio_raw,density_particle_fd_grid_ratio,fd_grid_ratio,5000,kde,8.0,0.0200501253132832,0.0,,True,,,0.0244466925432143,0.0896678740692262,0.0284528843980923,0.0877281183655187,0.0103749048446896,0.003193909105124,-0.0003313499777011,2.122899337291419,0.713726165722014,0.8905388365783103,0.4598291772460579,0.470150373828204,0.2106112581487999,True,0.1243593828422759,0.234159471775507,0.2342370862288057,1.5535737500176765,22.6824250207621,14.248264282409776,24.988091050946046,0,0
H,400,density_est_fd_grid_ratio_eps=1e-10,density_particle_fd_grid_ratio,fd_grid_ratio,5000,kde,8.0,0.0200501253132832,1e-10,,True,,,0.0244466925432143,0.0896678740878296,0.0284528844039954,0.0877281183999353,0.0103749048538849,0.0031939091072119,-0.0003313499788102,2.1228993366398647,0.7137261656875974,0.8905388365353676,0.4598291771961088,0.4701503738263085,0.2106112581443228,True,0.1243593828241065,0.2341594717752472,0.2342370862288057,1.5644478339818306,22.68242478324779,14.24826417774053,24.98809093109451,0,0
H,400,density_est_fd_grid_ratio_eps=1e-08,density_particle_fd_grid_ratio,fd_grid_ratio,5000,kde,8.0,0.0200501253132832,1e-08,,True,,,0.0244466925432143,0.0896678759295768,0.0284528849884078,0.0877281218072366,0.0103749057642218,0.0031939093139063,-0.0003313500885964,2.1228992721355335,0.7137261622802961,0.8905388322839694,0.4598291766485125,0.4701503738422662,0.2106112582953232,True,0.1243593810253489,0.2341594717495312,0.2342370862288057,1.5443413750035688,22.68240126936564,14.248253815495255,24.988079065783428,0,0
H,400,density_est_fd_grid_ratio_eps=1e-06,density_particle_fd_grid_ratio,fd_grid_ratio,5000,kde,8.0,0.0200501253132832,1e-06,,True,,,0.0244466925432143,0.0896680601095486,0.0284529434313173,0.0877284625370979,0.0103749967978434,0.0031939299833691,-0.0003313610674265,2.12289282180065,0.7137258215504347,0.8905384071444847,0.4598291183556837,0.4701503753846217,0.210611273734398,True,0.1243592011502272,0.234159469177882,0.2342370862288057,1.538273999991361,22.680050290871293,14.24721770598694,24.98689252820617,0,0
H,400,density_est_fd_grid_ratio_eps=1e-04,density_particle_fd_grid_ratio,fd_grid_ratio,5000,kde,8.0,0.0200501253132832,0.0001,,True,,,0.0244466925432143,0.0896865270664973,0.0284588032578906,0.0877625323549343,0.0103840998240534,0.0031959972639356,-0.0003324607642969,2.122250351127314,0.7136917517325984,0.8904958971492014,0.4598232943031511,0.4701505300802056,0.2106128147380603,True,0.1243412195906389,0.2341592115880914,0.2342370862288057,1.566900625010021,22.44896412472372,14.144737613421547,24.897365057199277,0,0
H,400,density_est_fd_grid_ratio_raw,density_particle_fd_grid_ratio,fd_grid_ratio,5000,kde,12.0,0.0300751879699248,0.0,,True,,,0.0467751511500645,0.1525050696865589,0.0483920151219898,0.157259630405716,0.0199268910809851,0.0060067688148229,-0.0017887976147621,1.7449526808768705,0.6441946536818167,0.80378215760022,0.4574413659859583,0.4705975657979311,0.2114095837522517,True,0.1051165660655948,0.2338180834876707,0.2342370862288057,1.5452529590111226,11.350469864048604,7.782904784465702,20.00596582248285,0,0
H,400,density_est_fd_grid_ratio_eps=1e-10,density_particle_fd_grid_ratio,fd_grid_ratio,5000,kde,12.0,0.0300751879699248,1e-10,,True,,,0.0467751511500645,0.1525050697113814,0.0483920151298663,0.157259630434741,0.0199268910880264,0.0060067688166119,-0.0017887976195924,1.7449526804683728,0.6441946536527917,0.8037821575640046,0.4574413659667941,0.470597565789789,0.2114095837486894,True,0.105116566052014,0.2338180834865393,0.2342370862288057,1.5551627499517051,11.350469804461472,7.782904749356491,20.00596580580552,0,0
H,400,density_est_fd_grid_ratio_eps=1e-08,density_particle_fd_grid_ratio,fd_grid_ratio,5000,kde,12.0,0.0300751879699248,1e-08,,True,,,0.0467751511500645,0.1525050721687988,0.0483920159096396,0.1572596333082441,0.0199268917851131,0.0060067689937173,-0.001788798097787,1.744952640027143,0.6441946507792886,0.8037821539786434,0.4574413654784404,0.4705975658219508,0.2114095838194349,True,0.1051165647075102,0.2338180833745284,0.2342370862288057,1.556442666973453,11.350463905339316,7.782901273546598,20.00596415473488,0,0
H,400,density_est_fd_grid_ratio_eps=1e-06,density_particle_fd_grid_ratio,fd_grid_ratio,5000,kde,12.0,0.0300751879699248,1e-06,,True,,,0.0467751511500645,0.1525053179122666,0.0483920938875169,0.1572599206579973,0.0199269614936593,0.0060067867042899,-0.0017888459171328,1.744948595953,0.6441943634295354,0.8037817954432173,0.4574413175482791,0.4705975671297757,0.2114095894370068,True,0.1051164302576577,0.2338180721734642,0.2342370862288057,1.549979000003077,11.349874034379456,7.782553711835218,20.00579903957457,0,0
H,400,density_est_fd_grid_ratio_eps=1e-04,density_particle_fd_grid_ratio,fd_grid_ratio,5000,kde,12.0,0.0300751879699248,0.0001,,True,,,0.0467751511500645,0.1525299104951747,0.0483998974618271,0.1572886506205713,0.0199339311264902,0.006008558090956,-0.0017936259849306,1.7445446992210976,0.6441656334669614,0.8037459481551755,0.4574365292855514,0.470597699804943,0.2114101520118939,True,0.1051029906198649,0.2338169525043112,0.2342370862288057,1.5788054159493186,11.291298281966656,7.747989787425888,19.9892056987572,0,0
H,400,density_est_fd_grid_ratio_raw,density_particle_fd_grid_ratio,fd_grid_ratio,5000,kde,16.0,0.0401002506265664,0.0,,True,,,0.0747604564083649,0.2153043259838285,0.0683191071631472,0.2177928612543559,0.0300806224369222,0.0090835180210275,-0.0038750474628484,1.4484252133428424,0.5837555674683736,0.7283703875049938,0.4543108679416954,0.4711456611764558,0.2124100052818148,True,0.0862207504081067,0.2333294064021097,0.2342370862288057,1.5870647080009803,8.526644613274405,6.143315614033307,17.433884708804825,0,0
H,400,density_est_fd_grid_ratio_eps=1e-10,density_particle_fd_grid_ratio,fd_grid_ratio,5000,kde,16.0,0.0401002506265664,1e-10,,True,,,0.0747604564083649,0.2153043260043638,0.0683191071696633,0.2177928612757748,0.0300806224417465,0.0090835180221725,-0.0038750474692226,1.448425213176051,0.5837555674472126,0.7283703874785905,0.4543108679689252,0.4711456611763224,0.2124100052668445,True,0.0862207503990285,0.2333294064006167,0.2342370862288057,1.587104374950286,8.526644587966164,6.14331559498294,17.433884694528388,0,0
H,400,density_est_fd_grid_ratio_eps=1e-08,density_particle_fd_grid_ratio,fd_grid_ratio,5000,kde,16.0,0.0401002506265664,1e-08,,True,,,0.0747604564083649,0.2153043280373633,0.0683191078147628,0.2177928633962376,0.0300806229193563,0.0090835181355298,-0.003875048100273,1.4484251966637869,0.583755565352275,0.7283703848646703,0.4543108674987325,0.4711456611926228,0.2124100052880408,True,0.0862207495002499,0.2333294062528012,0.2342370862288057,1.5606816670042465,8.526642082452533,6.143313708997986,17.43388328116148,0,0
H,400,density_est_fd_grid_ratio_eps=1e-06,density_particle_fd_grid_ratio,fd_grid_ratio,5000,kde,16.0,0.0401002506265664,1e-06,,True,,,0.0747604564083649,0.2153045313376402,0.0683191723248154,0.2177930754420275,0.0300806706803053,0.0090835294713472,-0.0038751112043354,1.4484235454536938,0.5837553558590024,0.7283701234732513,0.4543108257874966,0.471145662315412,0.2124100056797555,True,0.0862206596226823,0.2333293914714895,0.2342370862288057,1.6006569169694558,8.526391546516617,6.14312512003632,17.433741945060795,0,0
H,400,density_est_fd_grid_ratio_eps=1e-04,density_particle_fd_grid_ratio,fd_grid_ratio,5000,kde,16.0,0.0401002506265664,0.0001,,True,,,0.0747604564083649,0.2153248646737793,0.0683256243798976,0.2178142750665171,0.0300854465427209,0.0090846639504702,-0.0038814114479215,1.448258590526843,0.5837344113747205,0.7283439903740867,0.4543066532689322,0.4711457750225408,0.2124100468685412,True,0.0862116744208905,0.2333279157207894,0.2342370862288057,1.6016112079960294,8.501491686494417,6.124361208709449,17.419614311873975,0,0
Z,400,density_particle_oracle_deterministic,density_particle_oracle,oracle,5000,kde,4.0,0.0100250626566416,0.0,,True,,,0.0124675257412425,0.0174657633061086,0.0051994815406258,0.0200531720268954,0.0036037550740866,0.0008166989603166,-6.888212605641413e-12,1.9594916888209364,0.9797458444104682,0.97994279680495,0.979934079147278,0.4000000008435661,0.051023895132116,True,4.495454016411113e-05,0.1253314137306866,0.1253314137315499,0.012499000004027,0.0,0.0,74.13229082659105,0,0
Z,400,density_est_smoothed_log_raw,density_particle_smoothed_log,smoothed_log,5000,kde,1.0,0.0025062656641604,0.0,1.0,True,,,0.0016563677773227,0.9811546015106574,0.2920854445147878,1.5322446171132564,0.0041150862281372,0.0031542900447785,-1.652122645773335e-09,35.91095587276811,2.5159544298146814,2.516460196950297,0.991843136467129,0.3999497237608452,0.0498183474594767,True,0.2917040648475487,0.1253314135244871,0.1253314137315499,0.4628864160040393,3566.557581243979,3563.977698805234,316.80529331887277,7400,0
Z,400,density_est_smoothed_log_eps=1e-10,density_particle_smoothed_log,smoothed_log,5000,kde,1.0,0.0025062656641604,1e-10,1.0,True,,,0.0016563677773227,0.981154600059038,0.2920854440826471,1.5322445999413072,0.0041150862348346,0.0031542900425324,-1.652122645773335e-09,35.91095583116471,2.515954425812848,2.516460192947659,0.9918431384235574,0.3999497237736582,0.0498183473908194,True,0.2917040644158774,0.1253314135244871,0.1253314137315499,0.4954903330071829,296.2824479569648,238.01254290633045,316.80534189891506,10600,0
Z,400,density_est_smoothed_log_eps=1e-08,density_particle_smoothed_log,smoothed_log,5000,kde,1.0,0.0025062656641604,1e-08,1.0,True,,,0.0016563677773227,0.9811545769801044,0.2920854372121492,1.5322444688419874,0.0041150867782858,0.0031542900288431,-1.6521219814009772e-09,35.91095464971144,2.5159543495699768,2.516460116689461,0.9918431321340409,0.3999497236027708,0.0498183476619469,True,0.2917040575489942,0.1253314135244871,0.1253314137315499,0.4714048330206424,276.3205706831514,211.29201814412647,316.80388544626686,10700,0
Z,400,density_est_smoothed_log_eps=1e-06,density_particle_smoothed_log,smoothed_log,5000,kde,1.0,0.0025062656641604,1e-06,1.0,True,,,0.0016563677773227,0.981152357033632,0.292084776343769,1.5322309489288726,0.0041151442924285,0.003154292247733,-1.6520218826324024e-09,35.91086708517933,2.515947550716339,2.5164533164690908,0.9918427682389565,0.3999497070683449,0.0498183634233082,True,0.291703396960204,0.1253314135244997,0.1253314137315499,0.4617312080226838,259.8463071251833,187.63246125169383,316.6693914136412,10921,0
Z,400,density_est_smoothed_log_eps=1e-04,density_particle_smoothed_log,smoothed_log,5000,kde,1.0,0.0025062656641604,0.0001,1.0,True,,,0.0016563677773227,0.9809106205198732,0.2920128124382154,1.5308766173368291,0.0041184814005136,0.0031566046348516,-1.6363471241374402e-09,35.90373065877656,2.515267000120164,2.515772629065937,0.9918297049184808,0.3999479372945027,0.0498180910292082,True,0.2916314633215646,0.1253314135264642,0.1253314137315499,0.4566418749745935,236.80093868349672,159.56162064571623,303.44068836113394,11611,0
Z,400,density_est_smoothed_log_raw,density_particle_smoothed_log,smoothed_log,5000,kde,2.0,0.0050125313283208,0.0,1.0,True,,,0.0033954774810181,0.0103025552979263,0.0030670257665812,0.0120662383889981,0.0016654182454782,0.000389374263711,-6.888434063094012e-12,2.027518081724587,0.9908564408287676,0.9910556267193964,0.9910874774645624,0.4000000841421745,0.0504475374350119,True,0.0020267387433559,0.1253314137306866,0.1253314137315499,0.4886745840194635,2294.3524960754194,2288.998070008957,107.51309600826482,3795,0
Z,400,density_est_smoothed_log_eps=1e-10,density_particle_smoothed_log,smoothed_log,5000,kde,2.0,0.0050125313283208,1e-10,1.0,True,,,0.0033954774810181,0.0103025548811677,0.003067025642514,0.0120662373187848,0.0016654182508255,0.0003893742644949,-6.888434063094012e-12,2.027518070633247,0.9908564408120476,0.9910556267026732,0.991087477446666,0.400000084142202,0.0504475374345127,True,0.0020267385536273,0.1253314137306866,0.1253314137315499,0.544769375002943,172.472239878992,152.11457807860063,107.5130960630313,10099,0
Z,400,density_est_smoothed_log_eps=1e-08,density_particle_smoothed_log,smoothed_log,5000,kde,2.0,0.0050125313283208,1e-08,1.0,True,,,0.0033954774810181,0.0103025136209639,0.0030670133595314,0.0120661313676056,0.001665418780206,0.0003893743420905,-6.888212605641413e-12,2.0275169725080455,0.9908564391561314,0.991055625046424,0.9910874756926132,0.400000084146222,0.0504475373844528,True,0.0020267197699493,0.1253314137306866,0.1253314137315499,0.5520170839736238,157.379409684082,133.50084658936584,107.51310148278851,10293,0
Z,400,density_est_smoothed_log_eps=1e-06,density_particle_smoothed_log,smoothed_log,5000,kde,2.0,0.0050125313283208,1e-06,1.0,True,,,0.0033954774810181,0.0102983780184636,0.0030657822087089,0.0120555293822024,0.0016654716976038,0.0003893821159822,-6.888434063094012e-12,2.027406415836281,0.9908562735540551,0.991055459411058,0.991087300291632,0.4000000845522848,0.0504475323799221,True,0.002024836582472,0.1253314137306866,0.1253314137315499,0.5455014170147479,145.51267280956532,118.17419274874996,107.51363203750924,10562,0
Z,400,density_est_smoothed_log_eps=1e-04,density_particle_smoothed_log,smoothed_log,5000,kde,2.0,0.0050125313283208,0.0001,1.0,True,,,0.0033954774810181,0.0099094571952836,0.0029500021763422,0.0114122151215745,0.0016718729429311,0.0003900898762939,-6.888212605641413e-12,2.0214903025662867,0.9908397147609496,0.991038897289238,0.991066235571894,0.4000002722883755,0.050447449712139,True,0.0018410328546266,0.1253314137306866,0.1253314137315499,0.5076159579912201,128.13388810049912,104.90096664032436,153.95485748068097,11174,0
Z,400,density_est_smoothed_log_raw,density_particle_smoothed_log,smoothed_log,5000,kde,4.0,0.0100250626566416,0.0,1.0,True,,,0.0124675257412425,0.0276857138541313,0.0082419162335298,0.0316974221762252,0.0056337212947917,0.0013071617839177,-6.888212605641413e-12,1.9362031885222768,0.9681015942611384,0.9682962058822838,0.968284493260546,0.4000000006077269,0.0516377105330354,True,6.729573565733346e-05,0.1253314137306866,0.1253314137315499,0.5125239160261117,1236.2208536812377,1173.5963420276246,61.7648287167316,194,0
Z,400,density_est_smoothed_log_eps=1e-10,density_particle_smoothed_log,smoothed_log,5000,kde,4.0,0.0100250626566416,1e-10,1.0,True,,,0.0124675257412425,0.0276857138583036,0.0082419162347718,0.0316974221925091,0.0056337212968695,0.001307161788414,-6.888434063094012e-12,1.936203188489709,0.9681015942448544,0.9682962058659969,0.9682844932465512,0.4000000006077269,0.0516377105322545,True,6.729575081783606e-05,0.1253314137306866,0.1253314137315499,0.5281633750419132,125.10065725275412,110.73289438374282,61.76482795523634,9483,0
Z,400,density_est_smoothed_log_eps=1e-08,density_particle_smoothed_log,smoothed_log,5000,kde,4.0,0.0100250626566416,1e-08,1.0,True,,,0.0124675257412425,0.0276857142713561,0.0082419163577358,0.0316974238046279,0.0056337215025718,0.0013071622335483,-6.888212605641413e-12,1.9362031852654715,0.9681015926327358,0.968296204253554,0.9682844918613344,0.4000000006077266,0.0516377104549389,True,6.729725171812375e-05,0.1253314137306866,0.1253314137315499,0.4995077499770559,119.10038718884935,102.74972763368729,61.76475256868654,9835,0
Z,400,density_est_smoothed_log_eps=1e-06,density_particle_smoothed_log,smoothed_log,5000,kde,4.0,0.0100250626566416,1e-06,1.0,True,,,0.0124675257412425,0.0276857555895357,0.0082419286579776,0.0316975850163834,0.0056337420722126,0.0013072071597265,-6.888212605641413e-12,1.9362028628419607,0.9681014314209804,0.968296043009391,0.968284353337147,0.4000000006077447,0.05163770272375,True,6.744748260870276e-05,0.1253314137306866,0.1253314137315499,0.5055542499758303,115.89821027456895,97.88679522680523,61.75722916263156,10268,0
Z,400,density_est_smoothed_log_eps=1e-04,density_particle_smoothed_log,smoothed_log,5000,kde,4.0,0.0100250626566416,0.0001,1.0,True,,,0.0124675257412425,0.0276900225410983,0.0082431989108429,0.0317137047981223,0.0056358754213498,0.0013117354749928,-6.888212605641413e-12,1.9361706232784828,0.9680853116392414,0.9682799199871897,0.968270418185691,0.4000000006075768,0.0516369399836246,True,8.20197664142974e-05,0.1253314137306866,0.1253314137315499,0.4989443750237115,116.06961466160124,97.1765582147206,61.04409558850619,10840,0
Z,400,density_est_smoothed_log_raw,density_particle_smoothed_log,smoothed_log,5000,kde,6.0,0.0150375939849624,0.0,1.0,True,,,0.0271366087988315,0.0570203734350764,0.0169747164162921,0.0647512805231209,0.0115607013173014,0.0027626459387827,-6.888434063094012e-12,1.8700954718284857,0.9350477359142428,0.9352357029177198,0.9352127742703318,0.4000000008404971,0.0534637897929519,True,2.884346059330381e-05,0.1253314137306866,0.1253314137315499,0.524654166016262,444.6601320170991,426.67818890271127,60.87551211825566,0,0
Z,400,density_est_smoothed_log_eps=1e-10,density_particle_smoothed_log,smoothed_log,5000,kde,6.0,0.0150375939849624,1e-10,1.0,True,,,0.0271366087988315,0.0570203734419817,0.0169747164183477,0.0647512805386691,0.0115607013202035,0.0027626459423141,-6.888434063094012e-12,1.870095471797389,0.9350477358986944,0.9352357029021684,0.9352127742548644,0.4000000008404971,0.0534637897926016,True,2.884346338381291e-05,0.1253314137306866,0.1253314137315499,0.5289898750488646,111.28300647359492,95.11681099089616,60.87550918842412,8408,0
Z,400,density_est_smoothed_log_eps=1e-08,density_particle_smoothed_log,smoothed_log,5000,kde,6.0,0.0150375939849624,1e-08,1.0,True,,,0.0271366087988315,0.0570203741255995,0.0169747166218578,0.0647512820779593,0.0115607016075091,0.0027626462919356,-6.888434063094012e-12,1.8700954687188087,0.9350477343594044,0.9352357013625688,0.9352127727235644,0.4000000008404972,0.0534637897579268,True,2.884373965732e-05,0.1253314137306866,0.1253314137315499,0.5354224580223672,110.97969851276623,93.3413875906512,60.87521913339377,8943,0
Z,400,density_est_smoothed_log_eps=1e-06,density_particle_smoothed_log,smoothed_log,5000,kde,6.0,0.0150375939849624,1e-06,1.0,True,,,0.0271366087988315,0.0570204424932949,0.0169747369746224,0.0647514360068214,0.0115607303397747,0.0027626812532774,-6.888434063094012e-12,1.8700951608610843,0.9350475804305424,0.9352355474027634,0.935212619589412,0.4000000008405096,0.0534637862910353,True,2.887150030043319e-05,0.1253314137306866,0.1253314137315499,0.5361013329820707,112.39237076405512,93.7645407281596,60.84619620059455,9607,0
Z,400,density_est_smoothed_log_eps=1e-04,density_particle_smoothed_log,smoothed_log,5000,kde,6.0,0.0150375939849624,0.0001,1.0,True,,,0.0271366087988315,0.0570273402908848,0.0169767904188729,0.0647668275054381,0.0115636233531349,0.0027661727443272,-6.888212605641413e-12,1.870064377863851,0.9350321889319256,0.9352201528100864,0.9351972629553214,0.4000000008382205,0.0534634458136175,True,3.2774179174786175e-05,0.1253314137306866,0.1253314137315499,0.5224409999791533,115.36997037369537,96.38139095838628,57.80794884009884,10551,0
Z,400,density_est_smoothed_log_raw,density_particle_smoothed_log,smoothed_log,5000,kde,8.0,0.0200501253132832,0.0,1.0,True,,,0.0466597164995629,0.0920513870774886,0.0274032963524138,0.1035363447193392,0.0188222271625996,0.004608840621709,-6.888212605641413e-12,1.7925253434360489,0.8962626717180244,0.8964428419941082,0.8964076218475477,0.4000000010069449,0.0557782808074141,True,1.8726794944245985e-05,0.1253314137306866,0.1253314137315499,0.5393812079564668,179.95331968685372,178.814645850951,54.917845987887766,0,0
Z,400,density_est_smoothed_log_eps=1e-10,density_particle_smoothed_log,smoothed_log,5000,kde,8.0,0.0200501253132832,1e-10,1.0,True,,,0.0466597164995629,0.092051387086695,0.0274032963551545,0.1035363447338459,0.0188222271658313,0.004608840624363,-6.888212605641413e-12,1.7925253434070352,0.8962626717035177,0.8964428419795986,0.8964076218315634,0.4000000010069449,0.0557782808074924,True,1.8726796329269365e-05,0.1253314137306866,0.1253314137315499,0.5312255829921924,101.53151028521816,84.43905933299266,54.91784465681722,7285,0
Z,400,density_est_smoothed_log_eps=1e-08,density_particle_smoothed_log,smoothed_log,5000,kde,8.0,0.0200501253132832,1e-08,1.0,True,,,0.0466597164995629,0.0920513879981305,0.0274032966264849,0.1035363461700221,0.0188222274857676,0.0046088408871071,-6.888212605641413e-12,1.7925253405346828,0.8962626702673415,0.8964428405431337,0.8964076202491411,0.4000000010069446,0.0557782808152383,True,1.872693345281318e-05,0.1253314137306866,0.1253314137315499,0.5558834159746766,105.23981704717076,87.09556471841489,54.917712880480195,8003,0
Z,400,density_est_smoothed_log_eps=1e-06,density_particle_smoothed_log,smoothed_log,5000,kde,8.0,0.0200501253132832,1e-06,1.0,True,,,0.0466597164995629,0.0920514791447162,0.0274033237604258,0.1035364897874652,0.0188222594801884,0.0046088671610246,-6.888434063094012e-12,1.7925250532997972,0.8962625266498985,0.8964426968968201,0.896407462004765,0.400000001006923,0.0557782815902143,True,1.874070809307511e-05,0.1253314137306866,0.1253314137315499,0.5613512080162764,109.68210352033918,90.92996967645588,54.90453183294767,8896,0
Z,400,density_est_smoothed_log_eps=1e-04,density_particle_smoothed_log,smoothed_log,5000,kde,8.0,0.0200501253132832,0.0001,1.0,True,,,0.0466597164995629,0.0920606242553417,0.0274060462199628,0.1035508498766633,0.0188254669781315,0.0046114894246222,-6.888212605641413e-12,1.792496333121401,0.8962481665607004,0.8964283339208999,0.8963916155243176,0.4000000010041377,0.0557783629528909,True,2.0678827050459233e-05,0.1253314137306866,0.1253314137315499,0.5772752499906346,114.49607410507404,95.55844724983996,53.55603212063168,10180,0
Z,400,density_est_smoothed_log_raw,density_particle_smoothed_log,smoothed_log,5000,kde,12.0,0.0300751879699248,0.0,1.0,True,,,0.09679304103926,0.1682995256148278,0.050102034557192,0.1855646439989505,0.0353287561295241,0.0090935450903211,-6.890870095072602e-12,1.628468744876756,0.8142343724384131,0.8143980530605213,0.8143408108336934,0.4000000009131106,0.0613996504150238,True,1.0381532471963853e-05,0.1253314137306863,0.1253314137315499,0.6049942499957979,35.62462447712297,32.457571777352854,42.59629842023468,0,0
Z,400,density_est_smoothed_log_eps=1e-10,density_particle_smoothed_log,smoothed_log,5000,kde,12.0,0.0300751879699248,1e-10,1.0,True,,,0.09679304103926,0.1682995256246711,0.0501020345601223,0.1855646440104679,0.0353287561323833,0.0090935450918631,-6.890870095072602e-12,1.6284687448537216,0.8142343724268958,0.8143980530490017,0.8143408108202687,0.4000000009131106,0.0613996504156044,True,1.0381533248170176e-05,0.1253314137306863,0.1253314137315499,0.6626998339779675,90.50448609480196,73.33943140950981,42.5962980460386,5041,0
Z,400,density_est_smoothed_log_eps=1e-08,density_particle_smoothed_log,smoothed_log,5000,kde,12.0,0.0300751879699248,1e-08,1.0,True,,,0.09679304103926,0.1682995265991568,0.0501020348502224,0.1855646451506873,0.0353287564154375,0.0090935452445209,-6.890870095072602e-12,1.628468742573283,0.8142343712866763,0.814398051908553,0.8143408094912066,0.4000000009131104,0.0613996504730848,True,1.038161009450153e-05,0.1253314137306863,0.1253314137315499,0.5855010829982348,96.45693517371195,78.51250827935647,42.59626100062406,6124,0
Z,400,density_est_smoothed_log_eps=1e-06,density_particle_smoothed_log,smoothed_log,5000,kde,12.0,0.0300751879699248,1e-06,1.0,True,,,0.09679304103926,0.1682996240481832,0.0501020638603724,0.1855647591724457,0.035328784720926,0.0090935605101422,-6.890870095072602e-12,1.6284685145297657,0.8142342572649179,0.8143979378638735,0.8143406765851848,0.4000000009130845,0.0613996562211981,True,1.0389312530883046e-05,0.1253314137306863,0.1253314137315499,0.6110755419940688,104.98822938232276,86.21764353680614,42.59255637419106,7466,0
Z,400,density_est_smoothed_log_eps=1e-04,density_particle_smoothed_log,smoothed_log,5000,kde,12.0,0.0300751879699248,0.0001,1.0,True,,,0.09679304103926,0.1683093734969884,0.0501049662287491,0.1855761596222277,0.0353316158718785,0.0090950854884599,-6.890870095072602e-12,1.6284457136301982,0.814222856815136,0.8143865351223278,0.8143273850742015,0.4000000009107986,0.0614002318999427,True,1.1323383386859108e-05,0.1253314137306863,0.1253314137315499,0.5573744170251302,112.56869971767004,93.73978484571614,42.2213251408862,9335,0
Z,400,density_est_smoothed_log_raw,density_particle_smoothed_log,smoothed_log,5000,kde,16.0,0.0401002506265664,0.0,1.0,True,,,0.155790648813579,0.2432070570675485,0.0724016798813705,0.2633023417258229,0.0524927068239071,0.0142657047839937,-1.2828077962017837e-10,1.472993347471589,0.7364966747115408,0.7366447281934103,0.7365738194440323,0.4000000003951549,0.067882383877597,True,6.694815356568744e-06,0.1253314137154723,0.1253314137315499,0.5586550000007264,62.72262967686005,46.251996796936666,32.795553434087495,0,0
Z,400,density_est_smoothed_log_eps=1e-10,density_particle_smoothed_log,smoothed_log,5000,kde,16.0,0.0401002506265664,1e-10,1.0,True,,,0.155790648813579,0.2432070570752601,0.0724016798836662,0.2633023417340224,0.0524927068260032,0.0142657047849725,-1.2828077962017837e-10,1.4729933474551902,0.7364966747033412,0.7366447281852092,0.7365738194347173,0.4000000003951548,0.0678823838782641,True,6.694815710050145e-06,0.1253314137154723,0.1253314137315499,0.5423791250213981,87.4449522152973,69.06752913749914,32.795553298071454,3400,0
Z,400,density_est_smoothed_log_eps=1e-08,density_particle_smoothed_log,smoothed_log,5000,kde,16.0,0.0401002506265664,1e-08,1.0,True,,,0.155790648813579,0.2432070578387042,0.0724016801109402,0.2633023425457723,0.0524927070335125,0.014265704881884,-1.2828100107763098e-10,1.4729933458316886,0.7364966738915913,0.7366447273732961,0.7365738185125712,0.4000000003951547,0.0678823839443083,True,6.694850705482374e-06,0.1253314137154723,0.1253314137315499,0.5469023750047199,94.76204721300148,76.51855729397566,32.79553983248175,4255,0
Z,400,density_est_smoothed_log_eps=1e-06,density_particle_smoothed_log,smoothed_log,5000,kde,16.0,0.0401002506265664,1e-06,1.0,True,,,0.155790648813579,0.2432071341830522,0.0724017028383195,0.2633024237205807,0.0524927277844089,0.0142657145729589,-1.2829229540771351e-10,1.4729931834818957,0.7364965927167829,0.7366446461821696,0.7365737262976627,0.4000000003951438,0.0678823905487703,True,6.698355418464701e-06,0.1253314137154709,0.1253314137315499,0.5334361249697395,101.60755011934764,83.21129028340938,32.79419328901698,6013,0
Z,400,density_est_smoothed_log_eps=1e-04,density_particle_smoothed_log,smoothed_log,5000,kde,16.0,0.0401002506265664,0.0001,1.0,True,,,0.155790648813579,0.2432147680025601,0.072403975393084,0.2633105393946412,0.0524948025085162,0.0142666831048806,-1.2944077375689228e-10,1.4729769521161549,0.7364884770427225,0.7366365288766642,0.7365645068765271,0.4000000003940446,0.0678830510572409,True,7.097648504722716e-06,0.1253314137153269,0.1253314137315499,0.5558755420497619,110.57365446207636,91.80086656449096,32.659696805179095,8360,0
Z,400,density_est_fd_grid_ratio_raw,density_particle_fd_grid_ratio,fd_grid_ratio,5000,kde,1.0,0.0025062656641604,0.0,,True,,,0.0016563677773227,0.8604184862836811,0.2561428297313857,1.8131231675280024,0.0133329211942186,0.0041648751753527,2.4690189519841903e-09,37.831617536277086,2.7744923898231666,2.775050129284645,0.9303254841664056,0.3997342986575665,0.0533335617818485,True,0.2552216154039298,0.1253314140409956,0.1253314137315499,0.4617522500338964,2.9318083121742906e+17,2.683325246970393e+17,3.818030649071968,7400,0
Z,400,density_est_fd_grid_ratio_eps=1e-10,density_particle_fd_grid_ratio,fd_grid_ratio,5000,kde,1.0,0.0025062656641604,1e-10,,True,,,0.0016563677773227,0.8604184865018623,0.2561428297963373,1.8131231673823307,0.0133329212499337,0.0041648751847758,2.4690189519841903e-09,37.831617610095904,2.7744923896774947,2.7750501291389433,0.9303254842165292,0.3997342986846313,0.0533335618101497,True,0.2552216154592854,0.1253314140409956,0.1253314137315499,0.4795530829578638,2188.9496539349097,2078.3501317812893,3.8180306254124208,10662,0
Z,400,density_est_fd_grid_ratio_eps=1e-08,density_particle_fd_grid_ratio,fd_grid_ratio,5000,kde,1.0,0.0025062656641604,1e-08,,True,,,0.0016563677773227,0.8604184861950913,0.2561428297050129,1.8131231654064064,0.0133329211679447,0.0041648751851636,2.4690189519841903e-09,37.83161752500016,2.7744923877015704,2.775050127162622,0.9303254848017428,0.3997342986299473,0.0533335617612297,True,0.2552216153819335,0.1253314140409956,0.1253314137315499,0.4827812910079956,1156.3247103790347,1060.3377428706442,3.818030446273019,10700,0
Z,400,density_est_fd_grid_ratio_eps=1e-06,density_particle_fd_grid_ratio,fd_grid_ratio,5000,kde,1.0,0.0025062656641604,1e-06,,True,,,0.0016563677773227,0.8604184998034801,0.2561428337561708,1.8131232718470924,0.0133329241012331,0.0041648766299179,2.46903002485682e-09,37.83162395935166,2.7744924941422564,2.775050233624705,0.9303254520331664,0.3997342954913547,0.0533335644334978,True,0.2552216187158663,0.1253314140409969,0.1253314137315499,0.4691922919591889,776.9556779895272,613.3196667529357,3.8180118411529462,10800,0
Z,400,density_est_fd_grid_ratio_eps=1e-04,density_particle_fd_grid_ratio,fd_grid_ratio,5000,kde,1.0,0.0025062656641604,0.0001,,True,,,0.0016563677773227,0.8604094232374926,0.2561401317020735,1.8131327692536072,0.0133320034773095,0.0041681930286345,2.468710683210172e-09,37.8319574114026,2.7745019915487714,2.7750597329404263,0.93034603351171,0.3997361918172099,0.0533299828065873,True,0.2552194778145377,0.1253314140409569,0.1253314137315499,0.4695115410140715,540.489440341983,365.713193039159,3.8492767231756337,11308,0
Z,400,density_est_fd_grid_ratio_raw,density_particle_fd_grid_ratio,fd_grid_ratio,5000,kde,2.0,0.0050125313283208,0.0,,True,,,0.0033954774810181,0.0354213465559843,0.0105447803416378,0.0631762983559222,0.0013653965802458,0.0004108386943774,-6.888212605641413e-12,2.3979039377626625,0.9925394592754132,0.9927389834930838,0.992896012256316,0.399995262696286,0.0503301708773073,True,0.01037802185418,0.1253314137306866,0.1253314137315499,0.4839276249986142,3221022382.913616,3208259252.729846,272.02597936981374,3750,0
Z,400,density_est_fd_grid_ratio_eps=1e-10,density_particle_fd_grid_ratio,fd_grid_ratio,5000,kde,2.0,0.0050125313283208,1e-10,,True,,,0.0033954774810181,0.0354213454674631,0.0105447800175897,0.063176297153898,0.0013653965905623,0.0004108386909776,-6.888434063094012e-12,2.397903835290843,0.9925394592655534,0.992738983483222,0.9928960122133536,0.3999952626983131,0.0503301708774288,True,0.0103780215253521,0.1253314137306866,0.1253314137315499,0.4737096249591559,327.0209997006873,308.53821972626406,272.02598498440864,10098,0
Z,400,density_est_fd_grid_ratio_eps=1e-08,density_particle_fd_grid_ratio,fd_grid_ratio,5000,kde,2.0,0.0050125313283208,1e-08,,True,,,0.0033954774810181,0.0354212376540765,0.0105447479220149,0.0631761782784762,0.0013653976107172,0.0004108383563692,-6.888434063094012e-12,2.3978936871379792,0.9925394575705144,0.992738981787842,0.9928960103117068,0.3999952628907446,0.0503301707970424,True,0.0103779889568736,0.1253314137306866,0.1253314137315499,0.4933976659667678,246.16045347709257,219.09968388479575,272.02653878558596,10200,0
Z,400,density_est_fd_grid_ratio_eps=1e-06,density_particle_fd_grid_ratio,fd_grid_ratio,5000,kde,2.0,0.0050125313283208,1e-06,,True,,,0.0033954774810181,0.0354047007420745,0.0105398249554553,0.0631642802525437,0.0013656180571015,0.0004106335423669,-6.888212605641413e-12,2.3960229815051903,0.9925392886897768,0.9927388128731552,0.9928948491045192,0.399995233606592,0.050330279384843,True,0.0103729368331242,0.1253314137306866,0.1253314137315499,0.4757523339940235,199.6361415591112,163.30396738533472,272.080795545151,10449,0
Z,400,density_est_fd_grid_ratio_eps=1e-04,density_particle_fd_grid_ratio,fd_grid_ratio,5000,kde,2.0,0.0050125313283208,0.0001,,True,,,0.0033954774810181,0.0352086794554411,0.010481470273581,0.061830330484678,0.0013693123083905,0.0004150919345935,-6.888212605641413e-12,2.4098968040931172,0.9925224014771242,0.9927219222657684,0.992892975613932,0.3999970729058142,0.0503279750914477,True,0.0103142646225837,0.1253314137306866,0.1253314137315499,0.4751580830197781,158.81185629615828,122.71069600584066,264.82683796322436,10902,0
Z,400,density_est_fd_grid_ratio_raw,density_particle_fd_grid_ratio,fd_grid_ratio,5000,kde,4.0,0.0100250626566416,0.0,,True,,,0.0124675257412425,0.0230324973017842,0.0068566739658757,0.0264203497360744,0.0046910629035438,0.0010845027838603,-6.888212605641413e-12,1.949886003300232,0.9733786667012893,0.973574339140461,0.9736156444233556,0.4000000009096404,0.0513572194043271,True,0.0002629145727321,0.1253314137306866,0.1253314137315499,0.517394833965227,472608.99066631874,416097.287133056,79.49264159783581,60,0
Z,400,density_est_fd_grid_ratio_eps=1e-10,density_particle_fd_grid_ratio,fd_grid_ratio,5000,kde,4.0,0.0100250626566416,1e-10,,True,,,0.0124675257412425,0.0230324973032131,0.0068566739663011,0.0264203497526045,0.0046910629064402,0.0010845027881957,-6.888212605641413e-12,1.9498860033116143,0.9733786666847593,0.9735743391239275,0.9736156444091764,0.4000000009096406,0.0513572194034612,True,0.000262914558983,0.1253314137306866,0.1253314137315499,0.5220672910218127,151.39981228617157,138.43075664694803,79.49264082076674,9210,0
Z,400,density_est_fd_grid_ratio_eps=1e-08,density_particle_fd_grid_ratio,fd_grid_ratio,5000,kde,4.0,0.0100250626566416,1e-08,,True,,,0.0124675257412425,0.0230324974446696,0.0068566740084121,0.0264203513889703,0.0046910631931791,0.001084503217394,-6.888212605641413e-12,1.949886004438272,0.9733786650483932,0.9735743374872328,0.9736156430064348,0.4000000009096935,0.0513572193177207,True,0.0002629131978174,0.1253314137306866,0.1253314137315499,0.5017590419738553,134.4770007078572,118.04033515835958,79.49256388730676,9547,0
Z,400,density_est_fd_grid_ratio_eps=1e-06,density_particle_fd_grid_ratio,fd_grid_ratio,5000,kde,4.0,0.0100250626566416,1e-06,,True,,,0.0124675257412425,0.0230325115871119,0.0068566782185554,0.0264205150253481,0.0046910918658842,0.0010845461371371,-6.888212605641413e-12,1.9498861125652376,0.9733785014120157,0.9735741738179602,0.9736155027375456,0.4000000009149573,0.0513572107431399,True,0.0002627770469175,0.1253314137306866,0.1253314137315499,0.5179447500267997,123.9423750970988,104.21076067306636,79.48483787800778,9997,0
Z,400,density_est_fd_grid_ratio_eps=1e-04,density_particle_fd_grid_ratio,fd_grid_ratio,5000,kde,4.0,0.0100250626566416,0.0001,,True,,,0.0124675257412425,0.0230339949222816,0.0068571198009643,0.0264368772495859,0.0046939892695959,0.0010887998920131,-6.888434063094012e-12,1.9498522581567053,0.9733621391877776,0.9735578083045232,0.9736014620024684,0.4000000010535472,0.0513563556591615,True,0.0002490685541949,0.1253314137306866,0.1253314137315499,0.5805516249965876,119.56533132336446,98.66566386802072,78.37561710883091,10602,0
Z,400,density_est_fd_grid_ratio_raw,density_particle_fd_grid_ratio,fd_grid_ratio,5000,kde,6.0,0.0150375939849624,0.0,,True,,,0.0271366087988315,0.0483745807032715,0.0144009016379036,0.0550852118809666,0.0097929984099039,0.0023226953858815,-6.888434063094012e-12,1.889427609112794,0.9447138045563972,0.94490371467132,0.9449190151285568,0.4000000007189975,0.0529165432992021,True,3.557633071742585e-05,0.1253314137306866,0.1253314137315499,0.5319977500475943,4119.484544914794,3533.321627152609,60.735060580092544,0,0
Z,400,density_est_fd_grid_ratio_eps=1e-10,density_particle_fd_grid_ratio,fd_grid_ratio,5000,kde,6.0,0.0150375939849624,1e-10,,True,,,0.0271366087988315,0.0483745807075738,0.0144009016391844,0.0550852118970817,0.0097929984121896,0.0023226953904168,-6.888212605641413e-12,1.889427609080564,0.944713804540282,0.9449037146552016,0.944919015114315,0.4000000007189973,0.0529165432984673,True,3.5576338886957775e-05,0.1253314137306866,0.1253314137315499,0.5208328340086155,124.87165526071216,110.64621522358384,60.735059374982576,8406,0
Z,400,density_est_fd_grid_ratio_eps=1e-08,density_particle_fd_grid_ratio,fd_grid_ratio,5000,kde,6.0,0.0150375939849624,1e-08,,True,,,0.0271366087988315,0.0483745811335173,0.0144009017659859,0.0550852134924865,0.0097929986384744,0.0023226958394148,-6.888434063094012e-12,1.8894276058897543,0.9447138029448772,0.9449037130594762,0.9449190137022796,0.4000000007189825,0.0529165432257933,True,3.557714769162719e-05,0.1253314137306866,0.1253314137315499,0.5321746249683201,118.61878411848564,102.23790944892458,60.73494007005566,8938,0
Z,400,density_est_fd_grid_ratio_eps=1e-06,density_particle_fd_grid_ratio,fd_grid_ratio,5000,kde,6.0,0.0150375939849624,1e-06,,True,,,0.0271366087988315,0.0483746237376594,0.0144009144490532,0.0550853730328066,0.0097930212708154,0.0023227407370897,-6.888212605641413e-12,1.889427286809114,0.944713643404557,0.9449035534870844,0.94491887249241,0.400000000717545,0.0529165359592359,True,3.565821495674462e-05,0.1253314137306866,0.1253314137315499,0.5367714170133695,115.5255806928492,97.42137522241312,60.72300110807041,9604,0
Z,400,density_est_fd_grid_ratio_eps=1e-04,density_particle_fd_grid_ratio,fd_grid_ratio,5000,kde,6.0,0.0150375939849624,0.0001,,True,,,0.0271366087988315,0.0483790016960104,0.0144022177481551,0.0551013255904656,0.0097953320915581,0.0023272272688561,-6.888434063094012e-12,1.889395381693796,0.944697690846898,0.9448875977225792,0.944904668629574,0.4000000007126817,0.0529158204918667,True,4.489036438512657e-05,0.1253314137306866,0.1253314137315499,0.5204391249571927,115.99342470358624,97.06796998334352,59.70347696079628,10531,0
Z,400,density_est_fd_grid_ratio_raw,density_particle_fd_grid_ratio,fd_grid_ratio,5000,kde,8.0,0.0200501253132832,0.0,,True,,,0.0466597164995629,0.0801968860452123,0.0238742631111873,0.0905048722955915,0.0163380704375171,0.0039682149906747,-6.888212605641413e-12,1.8185882882835445,0.909294144141772,0.9094769340561144,0.9094695098770766,0.4000000009012439,0.0549785695295158,True,2.1219794108291627e-05,0.1253314137306866,0.1253314137315499,0.5462057500262745,643.2999634017342,591.0836811574347,61.82631308766003,0,0
Z,400,density_est_fd_grid_ratio_eps=1e-10,density_particle_fd_grid_ratio,fd_grid_ratio,5000,kde,8.0,0.0200501253132832,1e-10,,True,,,0.0466597164995629,0.0801968860517997,0.0238742631131484,0.090504872311083,0.0163380704404046,0.0039682149943779,-6.888212605641413e-12,1.8185882882525612,0.9092941441262806,0.9094769340406196,0.909469509861687,0.4000000009012438,0.0549785695291259,True,2.121979580557146e-05,0.1253314137306866,0.1253314137315499,0.5249877920141444,113.32904541030103,97.53326322160216,61.82630961131769,7335,0
Z,400,density_est_fd_grid_ratio_eps=1e-08,density_particle_fd_grid_ratio,fd_grid_ratio,5000,kde,8.0,0.0200501253132832,1e-08,,True,,,0.0466597164995629,0.0801968867039451,0.0238742633072892,0.09050487384472,0.016338070726268,0.0039682153610075,-6.888212605641413e-12,1.8185882851852877,0.9092941425926436,0.9094769325066744,0.9094695083393104,0.4000000009012432,0.0549785694904708,True,2.1219963852639196e-05,0.1253314137306866,0.1253314137315499,0.5253485830035061,112.21734614925934,94.78913686434718,61.82596545155465,8052,0
Z,400,density_est_fd_grid_ratio_eps=1e-06,density_particle_fd_grid_ratio,fd_grid_ratio,5000,kde,8.0,0.0200501253132832,1e-06,,True,,,0.0466597164995629,0.080196951924814,0.0238742827232574,0.0905050272082806,0.0163380993139995,0.0039682520236381,-6.888212605641413e-12,1.818587978458166,0.909293989229083,0.909476779112284,0.909469356095018,0.4000000009011682,0.0549785656257691,True,2.123693584726892e-05,0.1253314137306866,0.1253314137315499,0.5159647919936106,112.92294156125666,94.35860222081944,61.7915308101263,8944,0
Z,400,density_est_fd_grid_ratio_eps=1e-04,density_particle_fd_grid_ratio,fd_grid_ratio,5000,kde,8.0,0.0200501253132832,0.0001,,True,,,0.0466597164995629,0.0802035425741834,0.0238762447308225,0.0905203620826502,0.0163409765654885,0.0039719114520622,-6.888212605641413e-12,1.818557308709427,0.9092786543547134,0.9094614411552372,0.9094540799586128,0.400000000889753,0.0549781872439978,True,2.4366610612399134e-05,0.1253314137306866,0.1253314137315499,0.5438448750064708,115.49940393365564,96.50818666987782,58.23560936962525,10219,0
Z,400,density_est_fd_grid_ratio_raw,density_particle_fd_grid_ratio,fd_grid_ratio,5000,kde,12.0,0.0300751879699248,0.0,,True,,,0.09679304103926,0.1540153376877498,0.0458496941270605,0.1704366106954159,0.0321611059261122,0.0081984719298944,-6.889098435451809e-12,1.6587248114838715,0.8293624057419478,0.8295291274612955,0.8294848255728422,0.400000000928591,0.0602792769412965,True,9.61322751395178e-06,0.1253314137306865,0.1253314137315499,0.5257502919994295,102.17561928655525,99.74168269285066,53.447564252706826,0,0
Z,400,density_est_fd_grid_ratio_eps=1e-10,density_particle_fd_grid_ratio,fd_grid_ratio,5000,kde,12.0,0.0300751879699248,1e-10,,True,,,0.09679304103926,0.1540153376972931,0.0458496941299014,0.1704366107089198,0.0321611059293188,0.0081984719323135,-6.889098435451809e-12,1.658724811456864,0.8293624057284439,0.829529127447789,0.829484825557362,0.400000000928591,0.0602792769415987,True,9.613227491391906e-06,0.1253314137306865,0.1253314137315499,0.5468690000125207,98.79078407421773,81.50904092315899,53.44756313441702,5126,0
Z,400,density_est_fd_grid_ratio_eps=1e-08,density_particle_fd_grid_ratio,fd_grid_ratio,5000,kde,12.0,0.0300751879699248,1e-08,,True,,,0.09679304103926,0.1540153386420888,0.045849694411163,0.1704366120458242,0.0321611062467763,0.008198472171804,-6.889098435451809e-12,1.658724808783055,0.8293624043915394,0.8295291261106157,0.8294848240250376,0.4000000009285897,0.0602792769714991,True,9.61322526626608e-06,0.1253314137306865,0.1253314137315499,0.5262204160098918,103.82381928585797,85.60743476929818,53.447452423521085,6211,0
Z,400,density_est_fd_grid_ratio_eps=1e-06,density_particle_fd_grid_ratio,fd_grid_ratio,5000,kde,12.0,0.0300751879699248,1e-06,,True,,,0.09679304103926,0.1540154331240661,0.0458497225380355,0.17043674573609,0.0321611379929569,0.0081984961204236,-6.889098435451809e-12,1.6587245414025236,0.8293622707012737,0.829528992393475,0.8294846707915285,0.4000000009284807,0.0602792799618908,True,9.613082164349197e-06,0.1253314137306865,0.1253314137315499,0.5211066249758005,109.03109303608836,90.2744469640552,53.43637925196704,7558,0
Z,400,density_est_fd_grid_ratio_eps=1e-04,density_particle_fd_grid_ratio,fd_grid_ratio,5000,kde,12.0,0.0300751879699248,0.0001,,True,,,0.09679304103926,0.1540249055806541,0.0458525424470375,0.1704501130248669,0.0321643170577983,0.0082008865309163,-6.889319892904408e-12,1.6586978068249658,0.8293489034124968,0.8295156224175527,0.8294693333565202,0.4000000009197855,0.0602795826816132,True,1.0356119857409036e-05,0.1253314137306865,0.1253314137315499,0.5263284169486724,114.2577862605836,95.336633090042,52.31030502142587,9411,0
Z,400,density_est_fd_grid_ratio_raw,density_particle_fd_grid_ratio,fd_grid_ratio,5000,kde,16.0,0.0401002506265664,0.0,,True,,,0.155790648813579,0.230387882562698,0.0685854675558135,0.2501817053369467,0.0494876176569662,0.0133169949426794,-6.673841791525515e-11,1.49923462121454,0.749617311100417,0.7497680021446387,0.7497021540755603,0.40000000045609,0.0666939339790739,True,5.848048197409001e-06,0.1253314137231855,0.1253314137315499,0.5270199579535984,29.21822335652008,24.794311503522422,44.59137058515984,0,0
Z,400,density_est_fd_grid_ratio_eps=1e-10,density_particle_fd_grid_ratio,fd_grid_ratio,5000,kde,16.0,0.0401002506265664,1e-10,,True,,,0.155790648813579,0.2303878825719261,0.0685854675585607,0.250181705347625,0.0494876176596995,0.0133169949442858,-6.673841791525515e-11,1.4992346211931833,0.7496173110897386,0.7497680021339582,0.7497021540630318,0.40000000045609,0.0666939339797502,True,5.848048300998156e-06,0.1253314137231855,0.1253314137315499,0.523732542002108,90.71866929773056,73.77457471498376,44.59137013105526,3452,0
Z,400,density_est_fd_grid_ratio_eps=1e-08,density_particle_fd_grid_ratio,fd_grid_ratio,5000,kde,16.0,0.0401002506265664,1e-08,,True,,,0.155790648813579,0.2303878834855176,0.0685854678305329,0.2501817064047935,0.0494876179303017,0.0133169951032993,-6.673886083016033e-11,1.4992346190788428,0.7496173100325701,0.7497680010765773,0.7497021528228024,0.4000000004560892,0.0666939340467013,True,5.848058559582441e-06,0.1253314137231855,0.1253314137315499,0.5651100420509465,97.37977910611342,79.17597102882777,44.5913251746803,4358,0
Z,400,density_est_fd_grid_ratio_eps=1e-06,density_particle_fd_grid_ratio,fd_grid_ratio,5000,kde,16.0,0.0401002506265664,1e-06,,True,,,0.155790648813579,0.2303879748451349,0.0685854950278924,0.2501818121214314,0.0494876449905554,0.0133170110044532,-6.675857054344166e-11,1.4992344076452566,0.7496172043159323,0.7497678953386878,0.7497020287998282,0.4000000004560114,0.0666939407419139,True,5.849117043598857e-06,0.125331413723183,0.1253314137315499,0.5620875000022352,105.6951037918736,86.92190664304935,44.58682941599952,6111,0
Z,400,density_est_fd_grid_ratio_eps=1e-04,density_particle_fd_grid_ratio,fd_grid_ratio,5000,kde,16.0,0.0401002506265664,0.0001,,True,,,0.155790648813579,0.2303971154671113,0.0685882161511782,0.2501923817984726,0.0494903513549935,0.013318599207488,-6.875456656371707e-11,1.4992132682597934,0.7496066346388911,0.7497573235368882,0.7496896271264142,0.4000000004479994,0.0666946112560576,True,6.2658135551192795e-06,0.1253314137229328,0.1253314137315499,0.5205492080422118,112.89064471832984,94.04873011958146,44.13618474997517,8449,0
B,400,density_est_direct_kde_raw,density_particle_direct_kde,direct_kde,5000,kde,4.0,0.0100250626566416,0.0,,True,,,0.0047098304294971,0.0257382477898459,0.0096919561222049,0.0336151636218933,0.0023444316001304,0.0008690473190575,-1.821410632945164e-05,2.19042299218678,0.9889818978682848,0.9890595529022416,0.9895297575859736,0.3999984674764228,0.0807926461391119,True,0.0090793550675057,0.2005265518878189,0.2005302043662835,35.683589666034095,657.6757901102045,655.4428413548256,85.27271812387129,0,0
B,400,density_est_direct_kde_eps=1e-10,density_particle_direct_kde,direct_kde,5000,kde,4.0,0.0100250626566416,1e-10,,True,,,0.0047098304294971,0.0257382481695497,0.0096919562651856,0.0336151666265857,0.0023444316069229,0.0008690473351816,-1.821410632931323e-05,2.1904230022630493,0.9889818978508472,0.9890595528848029,0.9895297575978056,0.3999984674821482,0.0807926461302953,True,0.0090793552250393,0.2005265518878189,0.2005302043662835,35.351615000050515,111.89493883503984,98.7436740364307,85.27271642466746,10950,0
B,400,density_est_direct_kde_eps=1e-08,density_particle_direct_kde,direct_kde,5000,kde,4.0,0.0100250626566416,1e-08,,True,,,0.0047098304294971,0.0257382854985414,0.0096919703217349,0.033615462991509,0.0023444322793886,0.0008690489297117,-1.821410633042052e-05,2.190423995452706,0.9889818959749336,0.9890595510087418,0.9895297593569296,0.3999984680522833,0.0807926452311772,True,0.0090793707148242,0.2005265518878187,0.2005302043662835,35.312427416909486,103.06728124344208,87.88647926952261,85.27254796528112,11546,0
B,400,density_est_direct_kde_eps=1e-06,density_particle_direct_kde,direct_kde,5000,kde,4.0,0.0100250626566416,1e-06,,True,,,0.0047098304294971,0.0257401830595936,0.0096926848644889,0.0336365200023761,0.0023445001997106,0.0008691935342228,-1.821410645429831e-05,2.1904918764140393,0.988981708232494,0.9890593632515609,0.9895298865557236,0.39999851929357,0.0807925659476161,True,0.009080175207591,0.2005265518877939,0.2005302043662835,35.51028308307286,90.39150035007786,71.14283196831443,85.25560437134482,12600,0
B,400,density_est_direct_kde_eps=1e-04,density_particle_direct_kde,direct_kde,5000,kde,4.0,0.0100250626566416,0.0001,,True,,,0.0047098304294971,0.0253422363482557,0.0095428346455946,0.0331838104529948,0.0023534575988229,0.0008704720302873,-1.82141180932749e-05,2.1849515202339047,0.9889629361699086,0.9890405897149896,0.9894900246891466,0.4000001313071615,0.0807955717049938,True,0.0089156923039452,0.2005265518854599,0.2005302043662835,34.95006975007709,74.9852576300418,52.0598389105652,85.1324041247298,14652,0
H,400,density_est_direct_kde_raw,density_particle_direct_kde,direct_kde,5000,kde,4.0,0.0100250626566416,0.0,,True,,,0.0110055287001957,0.0650047293675966,0.020626919833045,0.047893511444251,0.0033342532251553,0.0012039027491014,-8.756327467888913e-05,3.360054981930029,0.7752657986756003,0.9673237938434026,0.4615440527011174,0.4698280497437808,0.2099482114839375,True,0.1407356779633541,0.2342165756624842,0.2342370862288057,34.8434943750035,65.41124910586157,43.133137509635574,69.52476020801069,0,0
H,400,density_est_direct_kde_eps=1e-10,density_particle_direct_kde,direct_kde,5000,kde,4.0,0.0100250626566416,1e-10,,True,,,0.0110055287001957,0.0650047293120433,0.0206269198154171,0.0478935112882925,0.0033342532360431,0.0012039027512451,-8.756327464784383e-05,3.360054979409685,0.7752657986411449,0.9673237938004114,0.4615440527134526,0.4698280497526035,0.2099482115074099,True,0.1407356779400464,0.2342165756624915,0.2342370862288057,34.912916417000815,65.41124848128916,43.13313700714205,69.5247595035597,0,0
H,400,density_est_direct_kde_eps=1e-08,density_particle_direct_kde,direct_kde,5000,kde,4.0,0.0100250626566416,1e-08,,True,,,0.0110055287001957,0.0650047237942198,0.0206269180645337,0.0478934958130052,0.0033342543138891,0.0012039029631245,-8.756327157578096e-05,3.360054729799425,0.7752657951672786,0.967323789465958,0.4615440520386726,0.4698280497677794,0.2099482117142807,True,0.1407356756317656,0.2342165756632111,0.2342370862288057,35.3166292499518,65.41118663383816,43.13308725838786,69.52468981115285,0,0
H,400,density_est_direct_kde_eps=1e-06,density_particle_direct_kde,direct_kde,5000,kde,4.0,0.0100250626566416,1e-06,,True,,,0.0110055287001957,0.065004172044354,0.0206267429864992,0.0478919481962064,0.0033343620990808,0.0012039241513022,-8.756296436807289e-05,3.360029768994746,0.7752654478217365,0.967323356071878,0.4615439829937693,0.4698280539709119,0.2099482352519897,True,0.1407354448057263,0.2342165757351705,0.2342370862288057,34.91588533297181,65.40500362621376,43.1281138176264,69.51771733909167,0,0
H,400,density_est_direct_kde_eps=1e-04,density_particle_direct_kde,direct_kde,5000,kde,4.0,0.0100250626566416,0.0001,,True,,,0.0110055287001957,0.0649493014615351,0.0206093317746688,0.0477361046815987,0.0033451465563319,0.0012060437410043,-8.753228745680977e-05,3.3575277008283715,0.77523069712041,0.967279996516609,0.4615370851333703,0.469828472180108,0.209950585062596,True,0.1407123809908026,0.2342165829208408,0.2342370862288057,35.3325161250541,64.8032782933019,42.64454234171367,68.7891681472388,0,0
Z,400,density_est_direct_kde_raw,density_particle_direct_kde,direct_kde,5000,kde,4.0,0.0100250626566416,0.0,,True,,,0.0124675257412425,0.0228843013406107,0.0068125566747495,0.0262224701140535,0.0046691132849953,0.0010818081683064,-6.888212605641413e-12,1.950341122267602,0.97357654632331,0.973772258541028,0.973766523247123,0.4000000010092458,0.0513467310219055,True,0.0002627595387341,0.1253314137306866,0.1253314137315499,11.784686333034188,1366.3567022331215,1352.8218844044604,78.2510616505428,51,0
Z,400,density_est_direct_kde_eps=1e-10,density_particle_direct_kde,direct_kde,5000,kde,4.0,0.0100250626566416,1e-10,,True,,,0.0124675257412425,0.0228843013422029,0.0068125566752235,0.0262224701306025,0.0046691132879689,0.0010818081725856,-6.888212605641413e-12,1.9503411222356355,0.9735765463067612,0.9737722585244758,0.9737665232328276,0.4000000010092464,0.051346731021053,True,0.000262759525056,0.1253314137306866,0.1253314137315499,11.653374083922245,140.71109570119737,125.87437829787146,78.2510606601159,9197,0
Z,400,density_est_direct_kde_eps=1e-08,density_particle_direct_kde,direct_kde,5000,kde,4.0,0.0100250626566416,1e-08,,True,,,0.0124675257412425,0.022884301499821,0.0068125567221457,0.0262224717687384,0.0046691135823538,0.0010818085962418,-6.888212605641413e-12,1.9503411190709965,0.9735765446686252,0.9737722568860104,0.9737665218203824,0.4000000010092632,0.0513467309365264,True,0.000262758170919,0.1253314137306866,0.1253314137315499,11.594329167040996,130.76195069270906,113.27860752842211,78.25096260643446,9535,0
Z,400,density_est_direct_kde_eps=1e-06,density_particle_direct_kde,direct_kde,5000,kde,4.0,0.0100250626566416,1e-06,,True,,,0.0124675257412425,0.0228843172680734,0.0068125614162856,0.0262226355821756,0.0046691430238036,0.0010818509580121,-6.888212605641413e-12,1.9503407986322028,0.973576380855188,0.973772093039643,0.9737663805744864,0.4000000010109648,0.0513467224840877,True,0.0002626227455089,0.1253314137306866,0.1253314137315499,11.695351416012272,123.55639191418312,103.43055476477,78.24114767420897,9969,0
Z,400,density_est_direct_kde_eps=1e-04,density_particle_direct_kde,direct_kde,5000,kde,4.0,0.0100250626566416,0.0001,,True,,,0.0124675257412425,0.0228859692227438,0.0068130531959842,0.0262390155149994,0.0046721111764484,0.0010860566042652,-6.888212605641413e-12,1.9502818019374348,0.9735600009223644,0.97375570981406,0.97375224661102,0.4000000011526716,0.0513458791006991,True,0.0002490776061858,0.1253314137306866,0.1253314137315499,11.543172000092454,119.75262194700396,98.76411121180784,77.15046239163708,10576,0
