study,case,h,eta,seed,arm,status,censored,failure_step,failure_message,B0,B1,E2,K_modes,K_tightened,Linf_rel,delta_nom,delta_real,eps_abs,forward_residual,gate_eps_floor,gate_tightened,mass_change_rel,mass_error_rel,mass_reconstruction,max_abs_score,min_raw_density,min_reconstruction,min_regularized_denominator,negative_fraction,negative_mass_removed,tightened_max_change,tv_reconstruction,tv_reference
noise_paired,C1,0.005,0.0,none,shared,completed,False,,,1.5165968367298789e-13,2.474784898413212e-10,0.6103465865726054,511,547,1.5223470542670996,0.0,0.0,1e-08,0.08107032150284703,True,True,0.0,2.220446049250313e-16,1.0000000000000002,295.9755706620701,0.2547046759773083,0.025603948969163626,0.2547046859773083,0.0,0.0,8.327010138228545e-13,135.01125202538282,2.9999151839096183
noise_paired,C1,0.007,0.0,none,shared,completed,False,,,1.0544576542023019e-13,1.229522131188239e-10,0.643154650260973,365,391,1.4202412321651923,0.0,0.0,1e-08,0.07776382724266712,True,True,0.0,6.661338147750939e-16,1.0000000000000007,211.7540757623457,0.2349057657183512,0.003855226868315742,0.2349057757183512,0.0,0.0,3.413651654252702e-11,98.86009745425795,2.9999151839096183
noise_paired,C1,0.01,0.0,none,shared,completed,False,,,8.0548911221889e-14,6.56596761882447e-11,0.5682527019741203,255,273,1.0401704974595174,0.0,0.0,1e-08,0.06961706471459103,True,True,0.0,6.661338147750939e-16,1.0000000000000007,148.05241619034106,0.1834005661613305,0.01689442425093124,0.1834005761613305,0.0,0.0,1.1290141238037777e-11,66.56282761230592,2.9999151839096183
noise_paired,C1,0.014,0.0,none,shared,completed,False,,,5.731793965352897e-14,3.3375301724555856e-11,0.6365325146762892,182,195,1.2299320567827692,0.0,0.0,1e-08,0.0535973584463791,True,True,0.0,2.220446049250313e-16,1.0000000000000002,106.85848108657297,0.2340736577051159,0.027267689408184692,0.2340736677051159,0.0,0.0,8.851892631259946e-11,50.56296065141939,2.9999151839096183
noise_paired,C1,0.02,0.0,none,shared,completed,False,,,4.527748955587053e-14,1.8422419227263928e-11,0.37813172575664533,127,136,0.4642905021683321,0.0,0.0,1e-08,0.00940300062450022,True,True,0.0,2.220446049250313e-16,1.0000000000000002,69.96661013242131,0.20030635448805534,0.13371204098760903,0.20030636448805533,0.0,0.0,1.0944381604434711e-14,24.939648378331515,2.9999151839096183
noise_paired,C1,0.028,0.0,none,shared,completed,False,,,2.3493682586632454e-14,6.8608788925881825e-12,0.02525093449851037,91,98,0.04214265474814915,0.0,0.0,1e-08,0.009280501703243968,True,True,0.0,4.440892098500626e-16,1.0000000000000004,5.3299676374946845,0.5634184432806449,0.5631877761745436,0.563418453280645,0.0,0.0,2.0327994111885198e-16,2.7345327614854336,2.9999151839096183
noise_paired,C1,0.04,0.0,none,shared,completed,False,,,2.819778764045183e-14,5.719573996132623e-12,0.04354201080371066,63,68,0.05607711097615549,0.0,0.0,1e-08,0.01808391734222744,True,True,0.0,4.440892098500626e-16,1.0000000000000004,4.476349158456673,0.5844039219862414,0.5841193055788925,0.5844039319862414,0.0,0.0,2.2450214550582995e-16,2.5982372834228897,2.9999151839096183
noise_paired,C1,0.005,0.001,0,R,completed,False,,,1.5163991706904942e-13,2.4744623466859824e-10,0.8521074897925615,511,547,1.5966838976509514,0.001193298982343257,0.001251015160802076,9.99869664742404e-09,0.08294146144366009,True,True,0.0,1.1103677446911874e-16,0.999869664742404,347.2296980208658,0.19605224153538592,0.002568969165214763,0.19605225153408257,0.0,0.0,1.4831182177381137e-10,149.93718013546842,2.9999151839096183
noise_paired,C1,0.007,0.001,0,R,completed,False,,,1.0543202211923173e-13,1.2293618811045504e-10,0.7625016304562502,365,391,1.478336994991291,0.001193298982343257,0.001251015160802076,9.99869664742404e-09,0.08097540916497348,True,True,0.0,1.1103677446911874e-16,0.9998696647424038,262.08572301959015,0.12527833923301246,0.003079980626448764,0.1252783492317091,0.0,0.0,1.405279076410725e-11,105.6760573752593,2.9999151839096183
noise_paired,C1,0.01,0.001,0,R,completed,False,,,8.05384128587958e-14,6.565111841743503e-11,0.7544680517033351,255,273,1.5858297765571465,0.001193298982343257,0.001251015160802076,9.99869664742404e-09,0.07678523719800212,True,True,0.0,1.1103677446911874e-16,0.9998696647424038,158.06150637643222,0.16755231078748678,0.006211387795843404,0.16755232078618343,0.0,0.0,1.0153833253558267e-10,74.27226863027138,2.9999151839096183
noise_paired,C1,0.014,0.001,0,R,completed,False,,,5.731046910509935e-14,3.337095174600824e-11,0.7433674431156477,182,195,1.6487172809850066,0.001193298982343257,0.001251015160802076,9.99869664742404e-09,0.06691523740294075,True,True,0.0,1.1103677446911874e-16,0.9998696647424038,125.72104366377876,0.20604496996372235,0.03381655805471373,0.206044979962419,0.0,0.0,7.639349788783411e-11,53.000389236376826,2.9999151839096183
noise_paired,C1,0.02,0.001,0,R,completed,False,,,4.5271588302605955e-14,1.84200181365084e-11,0.5640918203667735,127,136,1.160446384531161,0.001193298982343257,0.001251015160802076,9.99869664742404e-09,0.049267630125013326,True,True,0.0,0.0,0.9998696647424039,71.77327069762624,0.26134670169954,0.16341839747065212,0.26134671169823664,0.0,0.0,1.2364663743078609e-12,32.11486994394897,2.9999151839096183
noise_paired,C1,0.028,0.001,0,R,completed,False,,,2.3490620531460645e-14,6.859984678170382e-12,0.3410186844893634,91,98,0.507120330264494,0.001193298982343257,0.001251015160802076,9.99869664742404e-09,0.014650652205721868,True,True,0.0,1.1103677446911874e-16,0.999869664742404,48.40250934901406,0.1854928451977984,0.17546469820021238,0.18549285519649505,0.0,0.0,3.266023799458193e-15,14.793258459701855,2.9999151839096183
noise_paired,C1,0.04,0.001,0,R,completed,False,,,2.819411247453607e-14,5.718828533982497e-12,0.04381499197779108,63,68,0.06118588035247069,0.001193298982343257,0.001251015160802076,9.99869664742404e-09,0.01811608517447232,True,True,0.0,1.1103677446911874e-16,0.999869664742404,4.7697342208997515,0.5828594602391217,0.5825880452653582,0.5828594702378184,0.0,0.0,2.8218594549566586e-16,2.589353331914655,2.9999151839096183
noise_paired,C1,0.005,0.001,0,P,completed,False,,,1.5163991706904942e-13,2.4744623466859824e-10,0.8521074897925615,511,547,1.5966838976509514,0.001193298982343257,0.001251015160802076,9.99869664742404e-09,0.08294146144366009,True,True,0.0,1.1103677446911874e-16,0.999869664742404,347.2296980208658,0.19605224153538592,0.002568969165214763,0.19605225153408257,0.0,0.0,1.4831182177381137e-10,149.93718013546842,2.9999151839096183
noise_paired,C1,0.007,0.001,0,P,completed,False,,,1.0543202211923173e-13,1.2293618811045504e-10,0.7625016304562502,365,391,1.478336994991291,0.001193298982343257,0.001251015160802076,9.99869664742404e-09,0.08097540916497348,True,True,0.0,1.1103677446911874e-16,0.9998696647424038,262.08572301959015,0.12527833923301246,0.003079980626448764,0.1252783492317091,0.0,0.0,1.405279076410725e-11,105.6760573752593,2.9999151839096183
noise_paired,C1,0.01,0.001,0,P,completed,False,,,8.05384128587958e-14,6.565111841743503e-11,0.7544680517033351,255,273,1.5858297765571465,0.001193298982343257,0.001251015160802076,9.99869664742404e-09,0.07678523719800212,True,True,0.0,1.1103677446911874e-16,0.9998696647424038,158.06150637643222,0.16755231078748678,0.006211387795843404,0.16755232078618343,0.0,0.0,1.0153833253558267e-10,74.27226863027138,2.9999151839096183
noise_paired,C1,0.014,0.001,0,P,completed,False,,,5.731046910509935e-14,3.337095174600824e-11,0.7433674431156477,182,195,1.6487172809850066,0.001193298982343257,0.001251015160802076,9.99869664742404e-09,0.06691523740294075,True,True,0.0,1.1103677446911874e-16,0.9998696647424038,125.72104366377876,0.20604496996372235,0.03381655805471373,0.206044979962419,0.0,0.0,7.639349788783411e-11,53.000389236376826,2.9999151839096183
noise_paired,C1,0.02,0.001,0,P,completed,False,,,4.5271588302605955e-14,1.84200181365084e-11,0.5640918203667735,127,136,1.160446384531161,0.001193298982343257,0.001251015160802076,9.99869664742404e-09,0.049267630125013326,True,True,0.0,0.0,0.9998696647424039,71.77327069762624,0.26134670169954,0.16341839747065212,0.26134671169823664,0.0,0.0,1.2364663743078609e-12,32.11486994394897,2.9999151839096183
noise_paired,C1,0.028,0.001,0,P,completed,False,,,2.3490620531460645e-14,6.859984678170382e-12,0.3410186844893634,91,98,0.507120330264494,0.001193298982343257,0.001251015160802076,9.99869664742404e-09,0.014650652205721868,True,True,0.0,1.1103677446911874e-16,0.999869664742404,48.40250934901406,0.1854928451977984,0.17546469820021238,0.18549285519649505,0.0,0.0,3.266023799458193e-15,14.793258459701855,2.9999151839096183
noise_paired,C1,0.04,0.001,0,P,completed,False,,,2.819411247453607e-14,5.718828533982497e-12,0.04381499197779108,63,68,0.06118588035247069,0.001193298982343257,0.001251015160802076,9.99869664742404e-09,0.01811608517447232,True,True,0.0,1.1103677446911874e-16,0.999869664742404,4.7697342208997515,0.5828594602391217,0.5825880452653582,0.5828594702378184,0.0,0.0,2.8218594549566586e-16,2.589353331914655,2.9999151839096183
noise_paired,C1,0.005,0.001,1,R,completed,False,,,1.5165565067886501e-13,2.4747190879571375e-10,0.7998766873232936,511,547,1.6882211593969034,0.0011931599437888468,0.0011618301521510895,9.999734076055995e-09,0.08245003319608261,True,True,0.0,7.771767842291747e-16,0.9999734076056003,334.30508777729307,0.1534161572223537,0.0037956866805575196,0.15341616722208776,0.0,0.0,1.2414079694611833e-11,144.78400444888626,2.9999151839096183
noise_paired,C1,0.007,0.001,1,R,completed,False,,,1.0544296136484826e-13,1.2294894352508023e-10,0.8146614807686047,365,391,1.5429249409062424,0.0011931599437888468,0.0011618301521510895,9.999734076055995e-09,0.08129672756113272,True,True,0.0,5.551262744494105e-16,0.9999734076056,293.0767344497284,0.10709045756642521,0.013062160786794896,0.1070904675661593,0.0,0.0,5.219059148779936e-10,108.68285651004751,2.9999151839096183
noise_paired,C1,0.01,0.001,1,R,completed,False,,,8.054676923347326e-14,6.56579301402393e-11,0.7086000085484015,255,273,1.4127699353480652,0.0011931599437888468,0.0011618301521510895,9.999734076055995e-09,0.07773870066339873,True,True,0.0,2.220505097797642e-16,0.9999734076055997,144.5757999991298,0.2698004967148272,0.021359529610054162,0.2698005067145613,0.0,0.0,3.100419574332171e-12,70.93291881666879,2.9999151839096183
noise_paired,C1,0.014,0.001,1,R,completed,False,,,5.731641543227148e-14,3.3374414195369164e-11,0.6537460713093904,182,195,1.1655403368018713,0.0011931599437888468,0.0011618301521510895,9.999734076055995e-09,0.06645597560091498,True,True,0.0,4.441010195595284e-16,0.9999734076055999,112.45702889444236,0.23027837223800218,0.07860186508792211,0.23027838223773625,0.0,0.0,1.2557281372473084e-11,51.01390398963666,2.9999151839096183
noise_paired,C1,0.02,0.001,1,R,completed,False,,,4.52762855190108e-14,1.8421929331026025e-11,0.6766702405518412,127,136,1.4234804123633973,0.0011931599437888468,0.0011618301521510895,9.999734076055995e-09,0.048140589464916034,True,True,0.0,3.330757646696463e-16,0.9999734076055998,90.92092399991506,0.13961195451697606,0.04864098640944692,0.13961196451671012,0.0,0.0,2.9791659424565557e-12,35.655886061795535,2.9999151839096183
noise_paired,C1,0.028,0.001,1,R,completed,False,,,2.349305783335919e-14,6.860696445390737e-12,0.2678596616910579,91,98,0.412762279040405,0.0011931599437888468,0.0011618301521510895,9.999734076055995e-09,0.011979234014329408,True,True,0.0,3.330757646696463e-16,0.9999734076055998,45.853661579046914,0.1632812249135498,0.16165030455841245,0.16328123491328386,0.0,0.0,7.515778748073242e-15,11.618019599889362,2.9999151839096183
noise_paired,C1,0.04,0.001,1,R,completed,False,,,2.8197037793761675e-14,5.719421898965115e-12,0.04353192016561516,63,68,0.054703761280120985,0.0011931599437888468,0.0011618301521510895,9.999734076055995e-09,0.018116623268260332,True,True,0.0,3.330757646696463e-16,0.9999734076055998,4.503198405905669,0.5789688355164575,0.5786865504855816,0.5789688455161915,0.0,0.0,2.5606606363600334e-16,2.6195722204771013,2.9999151839096183
noise_paired,C1,0.005,0.001,1,P,completed,False,,,1.5165565067886501e-13,2.4747190879571375e-10,0.7998766873232936,511,547,1.6882211593969034,0.0011931599437888468,0.0011618301521510895,9.999734076055995e-09,0.08245003319608261,True,True,0.0,7.771767842291747e-16,0.9999734076056003,334.30508777729307,0.1534161572223537,0.0037956866805575196,0.15341616722208776,0.0,0.0,1.2414079694611833e-11,144.78400444888626,2.9999151839096183
noise_paired,C1,0.007,0.001,1,P,completed,False,,,1.0544296136484826e-13,1.2294894352508023e-10,0.8146614807686047,365,391,1.5429249409062424,0.0011931599437888468,0.0011618301521510895,9.999734076055995e-09,0.08129672756113272,True,True,0.0,5.551262744494105e-16,0.9999734076056,293.0767344497284,0.10709045756642521,0.013062160786794896,0.1070904675661593,0.0,0.0,5.219059148779936e-10,108.68285651004751,2.9999151839096183
noise_paired,C1,0.01,0.001,1,P,completed,False,,,8.054676923347326e-14,6.56579301402393e-11,0.7086000085484015,255,273,1.4127699353480652,0.0011931599437888468,0.0011618301521510895,9.999734076055995e-09,0.07773870066339873,True,True,0.0,2.220505097797642e-16,0.9999734076055997,144.5757999991298,0.2698004967148272,0.021359529610054162,0.2698005067145613,0.0,0.0,3.100419574332171e-12,70.93291881666879,2.9999151839096183
noise_paired,C1,0.014,0.001,1,P,completed,False,,,5.731641543227148e-14,3.3374414195369164e-11,0.6537460713093904,182,195,1.1655403368018713,0.0011931599437888468,0.0011618301521510895,9.999734076055995e-09,0.06645597560091498,True,True,0.0,4.441010195595284e-16,0.9999734076055999,112.45702889444236,0.23027837223800218,0.07860186508792211,0.23027838223773625,0.0,0.0,1.2557281372473084e-11,51.01390398963666,2.9999151839096183
noise_paired,C1,0.02,0.001,1,P,completed,False,,,4.52762855190108e-14,1.8421929331026025e-11,0.6766702405518412,127,136,1.4234804123633973,0.0011931599437888468,0.0011618301521510895,9.999734076055995e-09,0.048140589464916034,True,True,0.0,3.330757646696463e-16,0.9999734076055998,90.92092399991506,0.13961195451697606,0.04864098640944692,0.13961196451671012,0.0,0.0,2.9791659424565557e-12,35.655886061795535,2.9999151839096183
noise_paired,C1,0.028,0.001,1,P,completed,False,,,2.349305783335919e-14,6.860696445390737e-12,0.2678596616910579,91,98,0.412762279040405,0.0011931599437888468,0.0011618301521510895,9.999734076055995e-09,0.011979234014329408,True,True,0.0,3.330757646696463e-16,0.9999734076055998,45.853661579046914,0.1632812249135498,0.16165030455841245,0.16328123491328386,0.0,0.0,7.515778748073242e-15,11.618019599889362,2.9999151839096183
noise_paired,C1,0.04,0.001,1,P,completed,False,,,2.8197037793761675e-14,5.719421898965115e-12,0.04353192016561516,63,68,0.054703761280120985,0.0011931599437888468,0.0011618301521510895,9.999734076055995e-09,0.018116623268260332,True,True,0.0,3.330757646696463e-16,0.9999734076055998,4.503198405905669,0.5789688355164575,0.5786865504855816,0.5789688455161915,0.0,0.0,2.5606606363600334e-16,2.6195722204771013,2.9999151839096183
noise_paired,C1,0.005,0.001,2,R,completed,False,,,1.516723616761834e-13,2.4749917782516137e-10,0.8319896123150121,511,547,1.7266800362544314,0.001193019720799108,0.001191539942296475,1.0000835950787214e-08,0.0824300666643901,True,True,0.0,2.220260446403514e-16,1.0000835950787212,339.0245396260809,0.18179241521929612,0.0009401975482172809,0.18179242522013206,0.0,0.0,1.1226770643854707e-10,149.8960359057254,2.9999151839096183
noise_paired,C1,0.007,0.001,2,R,completed,False,,,1.0545458016729134e-13,1.2296249131875853e-10,0.7631266166376901,365,391,1.479116076787393,0.001193019720799108,0.001191539942296475,1.0000835950787214e-08,0.08243417012549738,True,True,0.0,2.220260446403514e-16,1.0000835950787212,273.2149607468009,0.11798289044826304,0.001420488844249057,0.117982900449099,0.0,0.0,3.10375201548805e-12,104.50833248662204,2.9999151839096183
noise_paired,C1,0.01,0.001,2,R,completed,False,,,8.055564471446351e-14,6.566516501404449e-11,0.667024657787877,255,273,1.3092730304036135,0.001193019720799108,0.001191539942296475,1.0000835950787214e-08,0.07872645815089843,True,True,0.0,2.220260446403514e-16,1.0000835950787212,158.2749759768715,0.16868214493821876,0.030748392923378054,0.1686821549390547,0.0,0.0,7.409584615127098e-11,71.20547564795352,2.9999151839096183
noise_paired,C1,0.014,0.001,2,R,completed,False,,,5.732273115120646e-14,3.337809173553087e-11,0.7462766972329249,182,195,1.6058576832138312,0.001193019720799108,0.001191539942296475,1.0000835950787214e-08,0.0654977240668801,True,True,0.0,2.220260446403514e-16,1.0000835950787217,113.61198718854597,0.21488066028173158,0.005784602656443205,0.21488067028256752,0.0,0.0,4.664241720602786e-12,51.59593859856835,2.9999151839096183
noise_paired,C1,0.02,0.001,2,R,completed,False,,,4.528127453117426e-14,1.842395925084947e-11,0.540313126963771,127,136,0.7988237243669203,0.001193019720799108,0.001191539942296475,1.0000835950787214e-08,0.05397320585161288,True,True,0.0,0.0,1.0000835950787215,77.75030459296038,0.1674542957629941,0.0677643970608911,0.16745430576383002,0.0,0.0,8.46120185375227e-12,33.0483175182172,2.9999151839096183
noise_paired,C1,0.028,0.001,2,R,completed,False,,,2.349564654287774e-14,6.861452428299307e-12,0.4218085413412309,91,98,0.5930226455720665,0.001193019720799108,0.001191539942296475,1.0000835950787214e-08,0.015946945320064763,True,True,0.0,2.220260446403514e-16,1.0000835950787217,53.57111624655107,0.09569429811672414,0.09484690717820499,0.09569430811756009,0.0,0.0,5.760728309540183e-15,18.38477092475381,2.9999151839096183
noise_paired,C1,0.04,0.001,2,R,completed,False,,,2.8200144836729406e-14,5.7200521243710835e-12,0.04390686985374813,63,68,0.06378040380690912,0.001193019720799108,0.001191539942296475,1.0000835950787214e-08,0.01813617058217784,True,True,0.0,0.0,1.0000835950787215,4.895429343585746,0.5809414697301247,0.5806582432472358,0.5809414797309607,0.0,0.0,2.65143957691993e-16,2.582354541087217,2.9999151839096183
noise_paired,C1,0.005,0.001,2,P,completed,False,,,1.516723616761834e-13,2.4749917782516137e-10,0.8319896123150121,511,547,1.7266800362544314,0.001193019720799108,0.001191539942296475,1.0000835950787214e-08,0.0824300666643901,True,True,0.0,2.220260446403514e-16,1.0000835950787212,339.0245396260809,0.18179241521929612,0.0009401975482172809,0.18179242522013206,0.0,0.0,1.1226770643854707e-10,149.8960359057254,2.9999151839096183
noise_paired,C1,0.007,0.001,2,P,completed,False,,,1.0545458016729134e-13,1.2296249131875853e-10,0.7631266166376901,365,391,1.479116076787393,0.001193019720799108,0.001191539942296475,1.0000835950787214e-08,0.08243417012549738,True,True,0.0,2.220260446403514e-16,1.0000835950787212,273.2149607468009,0.11798289044826304,0.001420488844249057,0.117982900449099,0.0,0.0,3.10375201548805e-12,104.50833248662204,2.9999151839096183
noise_paired,C1,0.01,0.001,2,P,completed,False,,,8.055564471446351e-14,6.566516501404449e-11,0.667024657787877,255,273,1.3092730304036135,0.001193019720799108,0.001191539942296475,1.0000835950787214e-08,0.07872645815089843,True,True,0.0,2.220260446403514e-16,1.0000835950787212,158.2749759768715,0.16868214493821876,0.030748392923378054,0.1686821549390547,0.0,0.0,7.409584615127098e-11,71.20547564795352,2.9999151839096183
noise_paired,C1,0.014,0.001,2,P,completed,False,,,5.732273115120646e-14,3.337809173553087e-11,0.7462766972329249,182,195,1.6058576832138312,0.001193019720799108,0.001191539942296475,1.0000835950787214e-08,0.0654977240668801,True,True,0.0,2.220260446403514e-16,1.0000835950787217,113.61198718854597,0.21488066028173158,0.005784602656443205,0.21488067028256752,0.0,0.0,4.664241720602786e-12,51.59593859856835,2.9999151839096183
noise_paired,C1,0.02,0.001,2,P,completed,False,,,4.528127453117426e-14,1.842395925084947e-11,0.540313126963771,127,136,0.7988237243669203,0.001193019720799108,0.001191539942296475,1.0000835950787214e-08,0.05397320585161288,True,True,0.0,0.0,1.0000835950787215,77.75030459296038,0.1674542957629941,0.0677643970608911,0.16745430576383002,0.0,0.0,8.46120185375227e-12,33.0483175182172,2.9999151839096183
noise_paired,C1,0.028,0.001,2,P,completed,False,,,2.349564654287774e-14,6.861452428299307e-12,0.4218085413412309,91,98,0.5930226455720665,0.001193019720799108,0.001191539942296475,1.0000835950787214e-08,0.015946945320064763,True,True,0.0,2.220260446403514e-16,1.0000835950787217,53.57111624655107,0.09569429811672414,0.09484690717820499,0.09569430811756009,0.0,0.0,5.760728309540183e-15,18.38477092475381,2.9999151839096183
noise_paired,C1,0.04,0.001,2,P,completed,False,,,2.8200144836729406e-14,5.7200521243710835e-12,0.04390686985374813,63,68,0.06378040380690912,0.001193019720799108,0.001191539942296475,1.0000835950787214e-08,0.01813617058217784,True,True,0.0,0.0,1.0000835950787215,4.895429343585746,0.5809414697301247,0.5806582432472358,0.5809414797309607,0.0,0.0,2.65143957691993e-16,2.582354541087217,2.9999151839096183
noise_paired,C1,0.005,0.001,3,R,completed,False,,,1.5166400896245844e-13,2.4748554785489725e-10,0.8207611525236216,511,547,1.6389620305158183,0.0011931011975382004,0.0011603031456984278,1.0000285197052097e-08,0.08235017774478662,True,True,0.0,2.2203827245895551e-16,1.00002851970521,341.47969807867435,0.19395542700912016,0.0038907496446668466,0.19395543700940535,0.0,0.0,4.7106462966394865e-12,146.86082820345683,2.9999151839096183
noise_paired,C1,0.007,0.001,3,R,completed,False,,,1.0544877270237557e-13,1.2295571967969692e-10,0.654629122725765,365,391,1.2592735076174681,0.0011931011975382004,0.0011603031456984278,1.0000285197052097e-08,0.08132221995242378,True,True,0.0,2.2203827245895551e-16,1.00002851970521,250.25557258963138,0.14279371654994788,0.058034384775105696,0.14279372655023306,0.0,0.0,8.344836330325682e-11,101.06113920562933,2.9999151839096183
noise_paired,C1,0.01,0.001,3,R,completed,False,,,8.055120845309201e-14,6.566154878285376e-11,0.7490386175873358,255,273,1.5386109322442767,0.0011931011975382004,0.0011603031456984278,1.0000285197052097e-08,0.07635618372318677,True,True,0.0,0.0,1.0000285197052097,158.84180678579705,0.18209087670586233,0.0240767806283696,0.1820908867061475,0.0,0.0,4.6301963654896365e-11,73.16789927058534,2.9999151839096183
noise_paired,C1,0.014,0.001,3,R,completed,False,,,5.731957434427111e-14,3.3376253578322324e-11,0.5833598886812409,182,195,0.9011868466788621,0.0011931011975382004,0.0011603031456984278,1.0000285197052097e-08,0.07068131288389826,True,True,0.0,0.0,1.0000285197052097,120.86047827215296,0.21330063309143543,0.13899512127372238,0.21330064309172062,0.0,0.0,2.0892693378134934e-11,48.463026252810536,2.9999151839096183
noise_paired,C1,0.02,0.001,3,R,completed,False,,,4.5278780856525294e-14,1.8422944629229538e-11,0.6094657411621845,127,136,1.1897226962352132,0.0011931011975382004,0.0011603031456984278,1.0000285197052097e-08,0.05687781175715079,True,True,0.0,0.0,1.0000285197052097,83.18577371140708,0.14125800964997492,0.02088417938315401,0.1412580196502601,0.0,0.0,3.1190838118894707e-12,33.66298001507024,2.9999151839096183
noise_paired,C1,0.028,0.001,3,R,completed,False,,,2.3494352619534116e-14,6.861074562831679e-12,0.3718700182969436,91,98,0.48610697275289527,0.0011931011975382004,0.0011603031456984278,1.0000285197052097e-08,0.013338014341805267,True,True,0.0,0.0,1.0000285197052097,53.35940472774476,0.11493117487738158,0.10200369874752357,0.11493118487766678,0.0,0.0,7.275820627168901e-15,16.692612949589908,2.9999151839096183
noise_paired,C1,0.04,0.001,3,R,completed,False,,,2.81985918330429e-14,5.719737116696918e-12,0.043869795789746105,63,68,0.0589392739714255,0.0011931011975382004,0.0011603031456984278,1.0000285197052097e-08,0.018117281260211872,True,True,0.0,0.0,1.0000285197052097,4.688113857673569,0.5775704699086076,0.5772783656658445,0.5775704799088928,0.0,0.0,2.5028511705181717e-16,2.598458027539588,2.9999151839096183
noise_paired,C1,0.005,0.001,3,P,completed,False,,,1.5166400896245844e-13,2.4748554785489725e-10,0.8207611525236216,511,547,1.6389620305158183,0.0011931011975382004,0.0011603031456984278,1.0000285197052097e-08,0.08235017774478662,True,True,0.0,2.2203827245895551e-16,1.00002851970521,341.47969807867435,0.19395542700912016,0.0038907496446668466,0.19395543700940535,0.0,0.0,4.7106462966394865e-12,146.86082820345683,2.9999151839096183
noise_paired,C1,0.007,0.001,3,P,completed,False,,,1.0544877270237557e-13,1.2295571967969692e-10,0.654629122725765,365,391,1.2592735076174681,0.0011931011975382004,0.0011603031456984278,1.0000285197052097e-08,0.08132221995242378,True,True,0.0,2.2203827245895551e-16,1.00002851970521,250.25557258963138,0.14279371654994788,0.058034384775105696,0.14279372655023306,0.0,0.0,8.344836330325682e-11,101.06113920562933,2.9999151839096183
noise_paired,C1,0.01,0.001,3,P,completed,False,,,8.055120845309201e-14,6.566154878285376e-11,0.7490386175873358,255,273,1.5386109322442767,0.0011931011975382004,0.0011603031456984278,1.0000285197052097e-08,0.07635618372318677,True,True,0.0,0.0,1.0000285197052097,158.84180678579705,0.18209087670586233,0.0240767806283696,0.1820908867061475,0.0,0.0,4.6301963654896365e-11,73.16789927058534,2.9999151839096183
noise_paired,C1,0.014,0.001,3,P,completed,False,,,5.731957434427111e-14,3.3376253578322324e-11,0.5833598886812409,182,195,0.9011868466788621,0.0011931011975382004,0.0011603031456984278,1.0000285197052097e-08,0.07068131288389826,True,True,0.0,0.0,1.0000285197052097,120.86047827215296,0.21330063309143543,0.13899512127372238,0.21330064309172062,0.0,0.0,2.0892693378134934e-11,48.463026252810536,2.9999151839096183
noise_paired,C1,0.02,0.001,3,P,completed,False,,,4.5278780856525294e-14,1.8422944629229538e-11,0.6094657411621845,127,136,1.1897226962352132,0.0011931011975382004,0.0011603031456984278,1.0000285197052097e-08,0.05687781175715079,True,True,0.0,0.0,1.0000285197052097,83.18577371140708,0.14125800964997492,0.02088417938315401,0.1412580196502601,0.0,0.0,3.1190838118894707e-12,33.66298001507024,2.9999151839096183
noise_paired,C1,0.028,0.001,3,P,completed,False,,,2.3494352619534116e-14,6.861074562831679e-12,0.3718700182969436,91,98,0.48610697275289527,0.0011931011975382004,0.0011603031456984278,1.0000285197052097e-08,0.013338014341805267,True,True,0.0,0.0,1.0000285197052097,53.35940472774476,0.11493117487738158,0.10200369874752357,0.11493118487766678,0.0,0.0,7.275820627168901e-15,16.692612949589908,2.9999151839096183
noise_paired,C1,0.04,0.001,3,P,completed,False,,,2.81985918330429e-14,5.719737116696918e-12,0.043869795789746105,63,68,0.0589392739714255,0.0011931011975382004,0.0011603031456984278,1.0000285197052097e-08,0.018117281260211872,True,True,0.0,0.0,1.0000285197052097,4.688113857673569,0.5775704699086076,0.5772783656658445,0.5775704799088928,0.0,0.0,2.5028511705181717e-16,2.598458027539588,2.9999151839096183
noise_paired,C1,0.005,0.001,4,R,completed,False,,,1.5164398614373657e-13,2.474528745905224e-10,0.763970760366645,511,547,1.4541723280754488,0.001193256754864713,0.0011445580748432355,9.998964950415882e-09,0.08305116347281716,True,True,0.0,5.551689750542528e-16,0.9998964950415876,343.1874964073309,0.1497594334622151,0.006607233287380776,0.14975944346118006,0.0,0.0,4.9564210907871676e-11,147.38525549496984,2.9999151839096183
noise_paired,C1,0.007,0.001,4,R,completed,False,,,1.0543485126066566e-13,1.2293948695511838e-10,0.7962721559813228,365,391,2.0035022127894724,0.001193256754864713,0.0011445580748432355,9.998964950415882e-09,0.08248213263731899,True,True,0.0,3.331013850325517e-16,0.9998964950415878,255.9779131607442,0.1801336978250826,0.00012168074525376049,0.18013370782404756,0.0,0.0,8.252412147971867e-12,105.29693272552214,2.9999151839096183
noise_paired,C1,0.01,0.001,4,R,completed,False,,,8.054057401018286e-14,6.56528800861915e-11,0.7341207254596929,255,273,1.4913473712225913,0.001193256754864713,0.0011445580748432355,9.998964950415882e-09,0.07728710987150257,True,True,0.0,5.551689750542528e-16,0.9998964950415876,163.23183636774112,0.18220474967017186,0.030980364873206212,0.18220475966913682,0.0,0.0,1.469113450743219e-10,73.55425498069425,2.9999151839096183
noise_paired,C1,0.014,0.001,4,R,completed,False,,,5.731200696256887e-14,3.337184721533887e-11,0.6496607863307476,182,195,1.355401589482837,0.001193256754864713,0.0011445580748432355,9.998964950415882e-09,0.06967121672080716,True,True,0.0,2.2206759002170114e-16,0.999896495041588,100.45387869787469,0.2907603682204888,0.04801406532763908,0.2907603782194537,0.0,0.0,3.8117874665573135e-11,49.834871952483695,2.9999151839096183
noise_paired,C1,0.02,0.001,4,R,completed,False,,,4.5272803111197056e-14,1.8420512415527965e-11,0.6201565700004104,127,136,0.9422086933447013,0.001193256754864713,0.0011445580748432355,9.998964950415882e-09,0.05276920226558937,True,True,0.0,3.331013850325517e-16,0.9998964950415878,82.89819804260289,0.14806985409106477,0.047763068502756245,0.14806986409002973,0.0,0.0,1.2530308220247819e-11,34.65644150269292,2.9999151839096183
noise_paired,C1,0.028,0.001,4,R,completed,False,,,2.3491250873993384e-14,6.860168757603737e-12,0.31813470917839365,91,98,0.48503403537989354,0.001193256754864713,0.0011445580748432355,9.998964950415882e-09,0.011643827108658484,True,True,0.0,2.2206759002170114e-16,0.999896495041588,55.45194580027469,0.15563077049321905,0.11176556488970901,0.155630780492184,0.0,0.0,3.628069050982683e-15,13.84585393281774,2.9999151839096183
noise_paired,C1,0.04,0.001,4,R,completed,False,,,2.81948690296148e-14,5.718981991864021e-12,0.04360179087904436,63,68,0.05615478466045827,0.001193256754864713,0.0011445580748432355,9.998964950415882e-09,0.01811442722387086,True,True,0.0,2.2206759002170114e-16,0.999896495041588,4.6251695718873655,0.5821104341054383,0.5818186300292191,0.5821104441044033,0.0,0.0,2.584462073870109e-16,2.610649980640276,2.9999151839096183
noise_paired,C1,0.005,0.001,4,P,completed,False,,,1.5164398614373657e-13,2.474528745905224e-10,0.763970760366645,511,547,1.4541723280754488,0.001193256754864713,0.0011445580748432355,9.998964950415882e-09,0.08305116347281716,True,True,0.0,5.551689750542528e-16,0.9998964950415876,343.1874964073309,0.1497594334622151,0.006607233287380776,0.14975944346118006,0.0,0.0,4.9564210907871676e-11,147.38525549496984,2.9999151839096183
noise_paired,C1,0.007,0.001,4,P,completed,False,,,1.0543485126066566e-13,1.2293948695511838e-10,0.7962721559813228,365,391,2.0035022127894724,0.001193256754864713,0.0011445580748432355,9.998964950415882e-09,0.08248213263731899,True,True,0.0,3.331013850325517e-16,0.9998964950415878,255.9779131607442,0.1801336978250826,0.00012168074525376049,0.18013370782404756,0.0,0.0,8.252412147971867e-12,105.29693272552214,2.9999151839096183
noise_paired,C1,0.01,0.001,4,P,completed,False,,,8.054057401018286e-14,6.56528800861915e-11,0.7341207254596929,255,273,1.4913473712225913,0.001193256754864713,0.0011445580748432355,9.998964950415882e-09,0.07728710987150257,True,True,0.0,5.551689750542528e-16,0.9998964950415876,163.23183636774112,0.18220474967017186,0.030980364873206212,0.18220475966913682,0.0,0.0,1.469113450743219e-10,73.55425498069425,2.9999151839096183
noise_paired,C1,0.014,0.001,4,P,completed,False,,,5.731200696256887e-14,3.337184721533887e-11,0.6496607863307476,182,195,1.355401589482837,0.001193256754864713,0.0011445580748432355,9.998964950415882e-09,0.06967121672080716,True,True,0.0,2.2206759002170114e-16,0.999896495041588,100.45387869787469,0.2907603682204888,0.04801406532763908,0.2907603782194537,0.0,0.0,3.8117874665573135e-11,49.834871952483695,2.9999151839096183
noise_paired,C1,0.02,0.001,4,P,completed,False,,,4.5272803111197056e-14,1.8420512415527965e-11,0.6201565700004104,127,136,0.9422086933447013,0.001193256754864713,0.0011445580748432355,9.998964950415882e-09,0.05276920226558937,True,True,0.0,3.331013850325517e-16,0.9998964950415878,82.89819804260289,0.14806985409106477,0.047763068502756245,0.14806986409002973,0.0,0.0,1.2530308220247819e-11,34.65644150269292,2.9999151839096183
noise_paired,C1,0.028,0.001,4,P,completed,False,,,2.3491250873993384e-14,6.860168757603737e-12,0.31813470917839365,91,98,0.48503403537989354,0.001193256754864713,0.0011445580748432355,9.998964950415882e-09,0.011643827108658484,True,True,0.0,2.2206759002170114e-16,0.999896495041588,55.45194580027469,0.15563077049321905,0.11176556488970901,0.155630780492184,0.0,0.0,3.628069050982683e-15,13.84585393281774,2.9999151839096183
noise_paired,C1,0.04,0.001,4,P,completed,False,,,2.81948690296148e-14,5.718981991864021e-12,0.04360179087904436,63,68,0.05615478466045827,0.001193256754864713,0.0011445580748432355,9.998964950415882e-09,0.01811442722387086,True,True,0.0,2.2206759002170114e-16,0.999896495041588,4.6251695718873655,0.5821104341054383,0.5818186300292191,0.5821104441044033,0.0,0.0,2.584462073870109e-16,2.610649980640276,2.9999151839096183
noise_paired,C1,0.005,0.001,5,R,completed,False,,,1.5166404777118822e-13,2.474856111830383e-10,0.7789230085750967,511,547,1.4726951742870344,0.0011931019736091634,0.0012151684270466905,1.0000287755987262e-08,0.08278209787400656,True,True,0.0,4.4407643128487215e-16,1.0000287755987267,358.1646683330489,0.10523492215403218,0.01046257554170904,0.10523493215431994,0.0,0.0,4.8575873513868395e-11,146.35203720070578,2.9999151839096183
noise_paired,C1,0.007,0.001,5,R,completed,False,,,1.054487996852633e-13,1.229557511423711e-10,0.7368408637761013,365,391,1.4646076034682762,0.0011931019736091634,0.0012151684270466905,1.0000287755987262e-08,0.08164527190200398,True,True,0.0,4.4407643128487215e-16,1.0000287755987258,232.16112761516396,0.21571419466885744,0.003641248919338924,0.2157142046691452,0.0,0.0,1.4200413536983318e-11,101.63813558461035,2.9999151839096183
noise_paired,C1,0.01,0.001,5,R,completed,False,,,8.055122906503616e-14,6.56615655847392e-11,0.6793485707047223,255,273,1.1730711877056095,0.0011931019736091634,0.0012151684270466905,1.0000287755987262e-08,0.07827141661742557,True,True,0.0,4.4407643128487215e-16,1.0000287755987258,178.09127162865542,0.127881891036827,0.0544843960121002,0.12788190103711478,0.0,0.0,1.8202190253420767e-10,72.83578151228542,2.9999151839096183
noise_paired,C1,0.014,0.001,5,R,completed,False,,,5.731958901156025e-14,3.337626211884565e-11,0.6209103562026161,182,195,0.9726388721404068,0.0011931019736091634,0.0012151684270466905,1.0000287755987262e-08,0.07166992173963513,True,True,0.0,0.0,1.0000287755987263,118.33841578702538,0.19884041111847106,0.060361769083451144,0.19884042111875883,0.0,0.0,7.792662910349122e-11,50.733237247473156,2.9999151839096183
noise_paired,C1,0.02,0.001,5,R,completed,False,,,4.5278792442741323e-14,1.842294934340718e-11,0.530787470513359,127,136,1.229811022614633,0.0011931019736091634,0.0012151684270466905,1.0000287755987262e-08,0.047402212746838736,True,True,0.0,2.2203821564243607e-16,1.000028775598726,78.55871400222799,0.170090738657251,0.08000752285801349,0.17009074865753876,0.0,0.0,9.994670609560576e-13,31.384980348664847,2.9999151839096183
noise_paired,C1,0.028,0.001,5,R,completed,False,,,2.349435863141517e-14,6.861076318486106e-12,0.30477015073534686,91,98,0.41798065753288866,0.0011931019736091634,0.0012151684270466905,1.0000287755987262e-08,0.012117286914353377,True,True,0.0,0.0,1.0000287755987263,46.82821723144519,0.16393538263245122,0.1318841700595229,0.16393539263273899,0.0,0.0,4.555226846020118e-15,13.509937581503252,2.9999151839096183
noise_paired,C1,0.04,0.001,5,R,completed,False,,,2.8198599048673944e-14,5.719738580298821e-12,0.04371178044843682,63,68,0.05538323406874879,0.0011931019736091634,0.0012151684270466905,1.0000287755987262e-08,0.018118473846251693,True,True,0.0,0.0,1.0000287755987263,4.507481946368007,0.5780689334690785,0.577782489364661,0.5780689434693662,0.0,0.0,2.5655572041074346e-16,2.5971103092110663,2.9999151839096183
noise_paired,C1,0.005,0.001,5,P,completed,False,,,1.5166404777118822e-13,2.474856111830383e-10,0.7789230085750967,511,547,1.4726951742870344,0.0011931019736091634,0.0012151684270466905,1.0000287755987262e-08,0.08278209787400656,True,True,0.0,4.4407643128487215e-16,1.0000287755987267,358.1646683330489,0.10523492215403218,0.01046257554170904,0.10523493215431994,0.0,0.0,4.8575873513868395e-11,146.35203720070578,2.9999151839096183
noise_paired,C1,0.007,0.001,5,P,completed,False,,,1.054487996852633e-13,1.229557511423711e-10,0.7368408637761013,365,391,1.4646076034682762,0.0011931019736091634,0.0012151684270466905,1.0000287755987262e-08,0.08164527190200398,True,True,0.0,4.4407643128487215e-16,1.0000287755987258,232.16112761516396,0.21571419466885744,0.003641248919338924,0.2157142046691452,0.0,0.0,1.4200413536983318e-11,101.63813558461035,2.9999151839096183
noise_paired,C1,0.01,0.001,5,P,completed,False,,,8.055122906503616e-14,6.56615655847392e-11,0.6793485707047223,255,273,1.1730711877056095,0.0011931019736091634,0.0012151684270466905,1.0000287755987262e-08,0.07827141661742557,True,True,0.0,4.4407643128487215e-16,1.0000287755987258,178.09127162865542,0.127881891036827,0.0544843960121002,0.12788190103711478,0.0,0.0,1.8202190253420767e-10,72.83578151228542,2.9999151839096183
noise_paired,C1,0.014,0.001,5,P,completed,False,,,5.731958901156025e-14,3.337626211884565e-11,0.6209103562026161,182,195,0.9726388721404068,0.0011931019736091634,0.0012151684270466905,1.0000287755987262e-08,0.07166992173963513,True,True,0.0,0.0,1.0000287755987263,118.33841578702538,0.19884041111847106,0.060361769083451144,0.19884042111875883,0.0,0.0,7.792662910349122e-11,50.733237247473156,2.9999151839096183
noise_paired,C1,0.02,0.001,5,P,completed,False,,,4.5278792442741323e-14,1.842294934340718e-11,0.530787470513359,127,136,1.229811022614633,0.0011931019736091634,0.0012151684270466905,1.0000287755987262e-08,0.047402212746838736,True,True,0.0,2.2203821564243607e-16,1.000028775598726,78.55871400222799,0.170090738657251,0.08000752285801349,0.17009074865753876,0.0,0.0,9.994670609560576e-13,31.384980348664847,2.9999151839096183
noise_paired,C1,0.028,0.001,5,P,completed,False,,,2.349435863141517e-14,6.861076318486106e-12,0.30477015073534686,91,98,0.41798065753288866,0.0011931019736091634,0.0012151684270466905,1.0000287755987262e-08,0.012117286914353377,True,True,0.0,0.0,1.0000287755987263,46.82821723144519,0.16393538263245122,0.1318841700595229,0.16393539263273899,0.0,0.0,4.555226846020118e-15,13.509937581503252,2.9999151839096183
noise_paired,C1,0.04,0.001,5,P,completed,False,,,2.8198599048673944e-14,5.719738580298821e-12,0.04371178044843682,63,68,0.05538323406874879,0.0011931019736091634,0.0012151684270466905,1.0000287755987262e-08,0.018118473846251693,True,True,0.0,0.0,1.0000287755987263,4.507481946368007,0.5780689334690785,0.577782489364661,0.5780689434693662,0.0,0.0,2.5655572041074346e-16,2.5971103092110663,2.9999151839096183
noise_paired,C1,0.005,0.001,6,R,completed,False,,,1.5165342759080495e-13,2.474682811574215e-10,0.7944413872409827,511,547,1.7197061119459485,0.0011931783619139465,0.0012642080987750118,9.999587492072289e-09,0.0833904160285528,True,True,0.0,4.441075296377358e-16,0.9999587492072293,311.1135367438194,0.1886742282159276,0.0013321807617379111,0.1886742382155151,0.0,0.0,2.226924677841551e-11,146.67566894473617,2.9999151839096183
noise_paired,C1,0.007,0.001,6,R,completed,False,,,1.0544141569881223e-13,1.2294714124255978e-10,0.7325626120953239,365,391,2.2280001898578408,0.0011931783619139465,0.0012642080987750118,9.999587492072289e-09,0.08140306293134209,True,True,0.0,4.441075296377358e-16,0.9999587492072293,240.85957482420983,0.16716567983661745,0.0007065221574455993,0.16716568983620494,0.0,0.0,1.0515449125042752e-11,102.87069616428057,2.9999151839096183
noise_paired,C1,0.01,0.001,6,R,completed,False,,,8.054558851544425e-14,6.565696767454884e-11,0.7478670066258621,255,273,1.4638666707430785,0.0011931783619139465,0.0012642080987750118,9.999587492072289e-09,0.07712584118664238,True,True,0.0,4.441075296377358e-16,0.9999587492072293,178.94071504431253,0.13929180957704035,0.0034123625773407884,0.13929181957662784,0.0,0.0,1.0420717985519664e-10,72.92136707610152,2.9999151839096183
noise_paired,C1,0.014,0.001,6,R,completed,False,,,5.731557524307825e-14,3.3373924966900744e-11,0.6617564111139049,182,195,1.1995783292203235,0.0011931783619139465,0.0012642080987750118,9.999587492072289e-09,0.06769700109986393,True,True,0.0,3.3308064722830187e-16,0.9999587492072292,113.86239131827331,0.18548744035513465,0.04133707795917807,0.18548745035472214,0.0,0.0,9.08183834591807e-12,50.42981558427975,2.9999151839096183
noise_paired,C1,0.02,0.001,6,R,completed,False,,,4.527562182353166e-14,1.842165928786604e-11,0.5770474585885217,127,136,1.033870812221912,0.0011931783619139465,0.0012642080987750118,9.999587492072289e-09,0.04610776432042861,True,True,0.0,4.441075296377358e-16,0.9999587492072293,75.58855931520753,0.2001608912619689,0.06353868366833004,0.2001609012615564,0.0,0.0,1.764068800650603e-13,31.310321990803253,2.9999151839096183
noise_paired,C1,0.028,0.001,6,R,completed,False,,,2.3492713453600644e-14,6.860595875894757e-12,0.32457420470110804,91,98,0.5128271539669448,0.0011931783619139465,0.0012642080987750118,9.999587492072289e-09,0.014158264550931323,True,True,0.0,4.441075296377358e-16,0.9999587492072293,36.49029617671017,0.2670877583640844,0.26475122927781136,0.2670877683636719,0.0,0.0,2.1174846054060762e-15,14.536601902260044,2.9999151839096183
noise_paired,C1,0.04,0.001,6,R,completed,False,,,2.8196624459357272e-14,5.719338059170969e-12,0.043942616060264485,63,68,0.05934465338427548,0.0011931783619139465,0.0012642080987750118,9.999587492072289e-09,0.018130238670368757,True,True,0.0,3.3308064722830187e-16,0.9999587492072292,4.6057870052653,0.5818497940005208,0.5815549112195331,0.5818498040001083,0.0,0.0,2.533079362594893e-16,2.5891578456944835,2.9999151839096183
noise_paired,C1,0.005,0.001,6,P,completed,False,,,1.5165342759080495e-13,2.474682811574215e-10,0.7944413872409827,511,547,1.7197061119459485,0.0011931783619139465,0.0012642080987750118,9.999587492072289e-09,0.0833904160285528,True,True,0.0,4.441075296377358e-16,0.9999587492072293,311.1135367438194,0.1886742282159276,0.0013321807617379111,0.1886742382155151,0.0,0.0,2.226924677841551e-11,146.67566894473617,2.9999151839096183
noise_paired,C1,0.007,0.001,6,P,completed,False,,,1.0544141569881223e-13,1.2294714124255978e-10,0.7325626120953239,365,391,2.2280001898578408,0.0011931783619139465,0.0012642080987750118,9.999587492072289e-09,0.08140306293134209,True,True,0.0,4.441075296377358e-16,0.9999587492072293,240.85957482420983,0.16716567983661745,0.0007065221574455993,0.16716568983620494,0.0,0.0,1.0515449125042752e-11,102.87069616428057,2.9999151839096183
noise_paired,C1,0.01,0.001,6,P,completed,False,,,8.054558851544425e-14,6.565696767454884e-11,0.7478670066258621,255,273,1.4638666707430785,0.0011931783619139465,0.0012642080987750118,9.999587492072289e-09,0.07712584118664238,True,True,0.0,4.441075296377358e-16,0.9999587492072293,178.94071504431253,0.13929180957704035,0.0034123625773407884,0.13929181957662784,0.0,0.0,1.0420717985519664e-10,72.92136707610152,2.9999151839096183
noise_paired,C1,0.014,0.001,6,P,completed,False,,,5.731557524307825e-14,3.3373924966900744e-11,0.6617564111139049,182,195,1.1995783292203235,0.0011931783619139465,0.0012642080987750118,9.999587492072289e-09,0.06769700109986393,True,True,0.0,3.3308064722830187e-16,0.9999587492072292,113.86239131827331,0.18548744035513465,0.04133707795917807,0.18548745035472214,0.0,0.0,9.08183834591807e-12,50.42981558427975,2.9999151839096183
noise_paired,C1,0.02,0.001,6,P,completed,False,,,4.527562182353166e-14,1.842165928786604e-11,0.5770474585885217,127,136,1.033870812221912,0.0011931783619139465,0.0012642080987750118,9.999587492072289e-09,0.04610776432042861,True,True,0.0,4.441075296377358e-16,0.9999587492072293,75.58855931520753,0.2001608912619689,0.06353868366833004,0.2001609012615564,0.0,0.0,1.764068800650603e-13,31.310321990803253,2.9999151839096183
noise_paired,C1,0.028,0.001,6,P,completed,False,,,2.3492713453600644e-14,6.860595875894757e-12,0.32457420470110804,91,98,0.5128271539669448,0.0011931783619139465,0.0012642080987750118,9.999587492072289e-09,0.014158264550931323,True,True,0.0,4.441075296377358e-16,0.9999587492072293,36.49029617671017,0.2670877583640844,0.26475122927781136,0.2670877683636719,0.0,0.0,2.1174846054060762e-15,14.536601902260044,2.9999151839096183
noise_paired,C1,0.04,0.001,6,P,completed,False,,,2.8196624459357272e-14,5.719338059170969e-12,0.043942616060264485,63,68,0.05934465338427548,0.0011931783619139465,0.0012642080987750118,9.999587492072289e-09,0.018130238670368757,True,True,0.0,3.3308064722830187e-16,0.9999587492072292,4.6057870052653,0.5818497940005208,0.5815549112195331,0.5818498040001083,0.0,0.0,2.533079362594893e-16,2.5891578456944835,2.9999151839096183
noise_paired,C1,0.005,0.001,7,R,completed,False,,,1.5165464455709154e-13,2.4747026700475743e-10,0.8208586421700317,511,547,1.5285522920181107,0.0011931567917148158,0.0011791442144717117,9.999667735302204e-09,0.08231867860850545,True,True,0.0,2.220519829285316e-16,0.9999667735302202,340.97355708187854,0.14352909674457992,0.004257279259166524,0.14352910674424765,0.0,0.0,1.6953640042770638e-10,149.57700326961083,2.9999151839096183
noise_paired,C1,0.007,0.001,7,R,completed,False,,,1.0544226182969206e-13,1.2294812785083036e-10,0.6731480668058876,365,391,1.6266720340605052,0.0011931567917148158,0.0011791442144717117,9.999667735302204e-09,0.08091962550017724,True,True,0.0,1.110259914642658e-16,0.9999667735302206,227.83662343179165,0.18707659805341192,0.03096649247299632,0.18707660805307966,0.0,0.0,1.6344205045892558e-11,100.55795168214368,2.9999151839096183
noise_paired,C1,0.01,0.001,7,R,completed,False,,,8.05462348659245e-14,6.56574945489981e-11,0.6508899256850813,255,273,1.3288627865998015,0.0011931567917148158,0.0011791442144717117,9.999667735302204e-09,0.0771920237867128,True,True,0.0,1.110259914642658e-16,0.9999667735302206,150.14673225104124,0.2785854382163109,0.01668401034288136,0.27858544821597864,0.0,0.0,3.7572682585195836e-11,70.35854233332665,2.9999151839096183
noise_paired,C1,0.014,0.001,7,R,completed,False,,,5.731603518073924e-14,3.337419278110172e-11,0.5943863690076806,182,195,1.1474961693675063,0.0011931567917148158,0.0011791442144717117,9.999667735302204e-09,0.06903844507610628,True,True,0.0,1.110259914642658e-16,0.9999667735302206,127.66603476515537,0.1808675435740421,0.08396395812333657,0.18086755357370984,0.0,0.0,4.400078828593103e-12,46.063172610710566,2.9999151839096183
noise_paired,C1,0.02,0.001,7,R,completed,False,,,4.52759851447321e-14,1.8421807115308207e-11,0.5381401951583351,127,136,0.7495924869526905,0.0011931567917148158,0.0011791442144717117,9.999667735302204e-09,0.05332521503947865,True,True,0.0,1.110259914642658e-16,0.9999667735302206,74.53306433107541,0.22656077331379743,0.11276114565566697,0.22656078331346516,0.0,0.0,1.3595259272587392e-11,33.39751764003144,2.9999151839096183
noise_paired,C1,0.028,0.001,7,R,completed,False,,,2.349290197449798e-14,6.860650929802997e-12,0.3912259306798574,91,98,0.5308461237979637,0.0011931567917148158,0.0011791442144717117,9.999667735302204e-09,0.015574086544708562,True,True,0.0,1.110259914642658e-16,0.9999667735302206,49.14347280377704,0.12477594780965007,0.10762761830324274,0.1247759578093178,0.0,0.0,1.1608763041733439e-15,17.58842524098519,2.9999151839096183
noise_paired,C1,0.04,0.001,7,R,completed,False,,,2.8196850727512942e-14,5.719383954880089e-12,0.04316465415620558,63,68,0.0523540960719066,0.0011931567917148158,0.0011791442144717117,9.999667735302204e-09,0.01812046738335512,True,True,0.0,1.110259914642658e-16,0.9999667735302206,4.546091252751587,0.5744130827176346,0.5741179536333694,0.5744130927173023,0.0,0.0,2.443031330500484e-16,2.629421981152194,2.9999151839096183
noise_paired,C1,0.005,0.001,7,P,completed,False,,,1.5165464455709154e-13,2.4747026700475743e-10,0.8208586421700317,511,547,1.5285522920181107,0.0011931567917148158,0.0011791442144717117,9.999667735302204e-09,0.08231867860850545,True,True,0.0,2.220519829285316e-16,0.9999667735302202,340.97355708187854,0.14352909674457992,0.004257279259166524,0.14352910674424765,0.0,0.0,1.6953640042770638e-10,149.57700326961083,2.9999151839096183
noise_paired,C1,0.007,0.001,7,P,completed,False,,,1.0544226182969206e-13,1.2294812785083036e-10,0.6731480668058876,365,391,1.6266720340605052,0.0011931567917148158,0.0011791442144717117,9.999667735302204e-09,0.08091962550017724,True,True,0.0,1.110259914642658e-16,0.9999667735302206,227.83662343179165,0.18707659805341192,0.03096649247299632,0.18707660805307966,0.0,0.0,1.6344205045892558e-11,100.55795168214368,2.9999151839096183
noise_paired,C1,0.01,0.001,7,P,completed,False,,,8.05462348659245e-14,6.56574945489981e-11,0.6508899256850813,255,273,1.3288627865998015,0.0011931567917148158,0.0011791442144717117,9.999667735302204e-09,0.0771920237867128,True,True,0.0,1.110259914642658e-16,0.9999667735302206,150.14673225104124,0.2785854382163109,0.01668401034288136,0.27858544821597864,0.0,0.0,3.7572682585195836e-11,70.35854233332665,2.9999151839096183
noise_paired,C1,0.014,0.001,7,P,completed,False,,,5.731603518073924e-14,3.337419278110172e-11,0.5943863690076806,182,195,1.1474961693675063,0.0011931567917148158,0.0011791442144717117,9.999667735302204e-09,0.06903844507610628,True,True,0.0,1.110259914642658e-16,0.9999667735302206,127.66603476515537,0.1808675435740421,0.08396395812333657,0.18086755357370984,0.0,0.0,4.400078828593103e-12,46.063172610710566,2.9999151839096183
noise_paired,C1,0.02,0.001,7,P,completed,False,,,4.52759851447321e-14,1.8421807115308207e-11,0.5381401951583351,127,136,0.7495924869526905,0.0011931567917148158,0.0011791442144717117,9.999667735302204e-09,0.05332521503947865,True,True,0.0,1.110259914642658e-16,0.9999667735302206,74.53306433107541,0.22656077331379743,0.11276114565566697,0.22656078331346516,0.0,0.0,1.3595259272587392e-11,33.39751764003144,2.9999151839096183
noise_paired,C1,0.028,0.001,7,P,completed,False,,,2.349290197449798e-14,6.860650929802997e-12,0.3912259306798574,91,98,0.5308461237979637,0.0011931567917148158,0.0011791442144717117,9.999667735302204e-09,0.015574086544708562,True,True,0.0,1.110259914642658e-16,0.9999667735302206,49.14347280377704,0.12477594780965007,0.10762761830324274,0.1247759578093178,0.0,0.0,1.1608763041733439e-15,17.58842524098519,2.9999151839096183
noise_paired,C1,0.04,0.001,7,P,completed,False,,,2.8196850727512942e-14,5.719383954880089e-12,0.04316465415620558,63,68,0.0523540960719066,0.0011931567917148158,0.0011791442144717117,9.999667735302204e-09,0.01812046738335512,True,True,0.0,1.110259914642658e-16,0.9999667735302206,4.546091252751587,0.5744130827176346,0.5741179536333694,0.5744130927173023,0.0,0.0,2.443031330500484e-16,2.629421981152194,2.9999151839096183
noise_paired,C1,0.005,0.001,8,R,completed,False,,,1.516685321150381e-13,2.4749292874177915e-10,0.7965049774805557,511,547,2.5060250403834132,0.0011930600749428856,0.0011857272499680189,1.0000583440624161e-08,0.08293868992175446,True,True,0.0,1.1101582534827237e-15,1.000058344062415,323.46703709276164,0.12376610593459869,0.0008870860612515408,0.12376611593518214,0.0,0.0,4.6737269171626256e-11,146.542178745997,2.9999151839096183
noise_paired,C1,0.007,0.001,8,R,completed,False,,,1.0545191755454937e-13,1.2295938665042029e-10,0.7433743759112834,365,391,1.9477867633579757,0.0011930600749428856,0.0011857272499680189,1.0000583440624161e-08,0.08219683532651416,True,True,0.0,2.2203165069654473e-16,1.0000583440624158,222.44875227027416,0.24068478044161534,0.002368065449860013,0.2406847904421988,0.0,0.0,4.994848484766711e-12,102.51342266837302,2.9999151839096183
noise_paired,C1,0.01,0.001,8,R,completed,False,,,8.055361077259287e-14,6.566350704049045e-11,0.7582083350859451,255,273,1.4274102160572173,0.0011930600749428856,0.0011857272499680189,1.0000583440624161e-08,0.07597447142181121,True,True,0.0,4.4406330139308947e-16,1.0000583440624156,154.15161846466498,0.22117620063626497,0.031477295427352114,0.22117621063684842,0.0,0.0,7.224144764123473e-11,74.46873295150723,2.9999151839096183
noise_paired,C1,0.014,0.001,8,R,completed,False,,,5.732128381497768e-14,3.337724897524283e-11,0.6515679269857859,182,195,1.2712022042136975,0.0011930600749428856,0.0011857272499680189,1.0000583440624161e-08,0.06965087420867441,True,True,0.0,4.4406330139308947e-16,1.0000583440624156,114.31302444160917,0.20613602825833455,0.05860131085977793,0.206136038258918,0.0,0.0,6.741984336822722e-11,50.83809066873514,2.9999151839096183
noise_paired,C1,0.02,0.001,8,R,completed,False,,,4.528013122854722e-14,1.842349406604118e-11,0.6310921361313836,127,136,1.076363234632597,0.0011930600749428856,0.0011857272499680189,1.0000583440624161e-08,0.05701027446090599,True,True,0.0,2.2203165069654473e-16,1.0000583440624158,70.5545269645389,0.21165640637723415,0.005867636202925186,0.2116564163778176,0.0,0.0,5.1278973300373575e-12,34.16911513699975,2.9999151839096183
noise_paired,C1,0.028,0.001,8,R,completed,False,,,2.3495053303515674e-14,6.86127918413452e-12,0.39608330445045437,91,98,0.6112269675689086,0.0011930600749428856,0.0011857272499680189,1.0000583440624161e-08,0.01595169128489974,True,True,0.0,2.2203165069654473e-16,1.0000583440624158,53.332942334640116,0.16963578829934567,0.11281939444563416,0.1696357982999291,0.0,0.0,8.002105407997052e-15,17.191674767855417,2.9999151839096183
noise_paired,C1,0.04,0.001,8,R,completed,False,,,2.819943281393392e-14,5.719907699314846e-12,0.044113306315857345,63,68,0.06284277291957932,0.0011930600749428856,0.0011857272499680189,1.0000583440624161e-08,0.018129284862258944,True,True,0.0,2.2203165069654473e-16,1.0000583440624158,4.873444228235513,0.5828471521958821,0.5825761744683682,0.5828471621964656,0.0,0.0,2.5324536949329947e-16,2.564474119038259,2.9999151839096183
noise_paired,C1,0.005,0.001,8,P,completed,False,,,1.516685321150381e-13,2.4749292874177915e-10,0.7965049774805557,511,547,2.5060250403834132,0.0011930600749428856,0.0011857272499680189,1.0000583440624161e-08,0.08293868992175446,True,True,0.0,1.1101582534827237e-15,1.000058344062415,323.46703709276164,0.12376610593459869,0.0008870860612515408,0.12376611593518214,0.0,0.0,4.6737269171626256e-11,146.542178745997,2.9999151839096183
noise_paired,C1,0.007,0.001,8,P,completed,False,,,1.0545191755454937e-13,1.2295938665042029e-10,0.7433743759112834,365,391,1.9477867633579757,0.0011930600749428856,0.0011857272499680189,1.0000583440624161e-08,0.08219683532651416,True,True,0.0,2.2203165069654473e-16,1.0000583440624158,222.44875227027416,0.24068478044161534,0.002368065449860013,0.2406847904421988,0.0,0.0,4.994848484766711e-12,102.51342266837302,2.9999151839096183
noise_paired,C1,0.01,0.001,8,P,completed,False,,,8.055361077259287e-14,6.566350704049045e-11,0.7582083350859451,255,273,1.4274102160572173,0.0011930600749428856,0.0011857272499680189,1.0000583440624161e-08,0.07597447142181121,True,True,0.0,4.4406330139308947e-16,1.0000583440624156,154.15161846466498,0.22117620063626497,0.031477295427352114,0.22117621063684842,0.0,0.0,7.224144764123473e-11,74.46873295150723,2.9999151839096183
noise_paired,C1,0.014,0.001,8,P,completed,False,,,5.732128381497768e-14,3.337724897524283e-11,0.6515679269857859,182,195,1.2712022042136975,0.0011930600749428856,0.0011857272499680189,1.0000583440624161e-08,0.06965087420867441,True,True,0.0,4.4406330139308947e-16,1.0000583440624156,114.31302444160917,0.20613602825833455,0.05860131085977793,0.206136038258918,0.0,0.0,6.741984336822722e-11,50.83809066873514,2.9999151839096183
noise_paired,C1,0.02,0.001,8,P,completed,False,,,4.528013122854722e-14,1.842349406604118e-11,0.6310921361313836,127,136,1.076363234632597,0.0011930600749428856,0.0011857272499680189,1.0000583440624161e-08,0.05701027446090599,True,True,0.0,2.2203165069654473e-16,1.0000583440624158,70.5545269645389,0.21165640637723415,0.005867636202925186,0.2116564163778176,0.0,0.0,5.1278973300373575e-12,34.16911513699975,2.9999151839096183
noise_paired,C1,0.028,0.001,8,P,completed,False,,,2.3495053303515674e-14,6.86127918413452e-12,0.39608330445045437,91,98,0.6112269675689086,0.0011930600749428856,0.0011857272499680189,1.0000583440624161e-08,0.01595169128489974,True,True,0.0,2.2203165069654473e-16,1.0000583440624158,53.332942334640116,0.16963578829934567,0.11281939444563416,0.1696357982999291,0.0,0.0,8.002105407997052e-15,17.191674767855417,2.9999151839096183
noise_paired,C1,0.04,0.001,8,P,completed,False,,,2.819943281393392e-14,5.719907699314846e-12,0.044113306315857345,63,68,0.06284277291957932,0.0011930600749428856,0.0011857272499680189,1.0000583440624161e-08,0.018129284862258944,True,True,0.0,2.2203165069654473e-16,1.0000583440624158,4.873444228235513,0.5828471521958821,0.5825761744683682,0.5828471621964656,0.0,0.0,2.5324536949329947e-16,2.564474119038259,2.9999151839096183
noise_paired,C1,0.005,0.001,9,R,completed,False,,,1.5165260587147695e-13,2.474669402746408e-10,0.8820832189656889,511,547,1.5903979324280753,0.0011931816942221437,0.0011832959503100778,9.999533310281316e-09,0.08357847384014537,True,True,0.0,1.110274840010431e-16,0.9999533310281317,340.419906887167,0.17493545543259903,0.002651957572514796,0.17493546543213234,0.0,0.0,5.4315828608540855e-11,150.77072518324348,2.9999151839096183
noise_paired,C1,0.007,0.001,9,R,completed,False,,,1.0544084437477015e-13,1.229464750654487e-10,0.802888700176128,365,391,1.6940979371374603,0.0011931816942221437,0.0011832959503100778,9.999533310281316e-09,0.08089969832476093,True,True,0.0,3.330824520031294e-16,0.9999533310281312,238.643547627394,0.13264237644645538,0.01934772032568921,0.1326423864459887,0.0,0.0,1.3805472902765687e-10,106.97409939518779,2.9999151839096183
noise_paired,C1,0.01,0.001,9,R,completed,False,,,8.054515208701714e-14,6.565661191866379e-11,0.7327841158066049,255,273,1.3827247260994429,0.0011931816942221437,0.0011832959503100778,9.999533310281316e-09,0.07773195675919525,True,True,0.0,3.330824520031294e-16,0.9999533310281319,173.11329507749417,0.16368369431061625,0.01455126223576897,0.16368370431014956,0.0,0.0,9.159927400982642e-11,73.77442722386897,2.9999151839096183
noise_paired,C1,0.014,0.001,9,R,completed,False,,,5.731526468421573e-14,3.337374413353857e-11,0.6588541465843691,182,195,1.161859811763789,0.0011931816942221437,0.0011832959503100778,9.999533310281316e-09,0.06879552674997876,True,True,0.0,0.0,0.9999533310281316,116.3791970993681,0.17822940840069224,0.021369880522816853,0.17822941840022555,0.0,0.0,3.3435072394519154e-13,46.807946917066026,2.9999151839096183
noise_paired,C1,0.02,0.001,9,R,completed,False,,,4.527537650198417e-14,1.8421559471899264e-11,0.6505790241014738,127,136,1.3502130309004634,0.0011931816942221437,0.0011832959503100778,9.999533310281316e-09,0.048892801551632226,True,True,0.0,1.110274840010431e-16,0.9999533310281317,75.37942712332702,0.23209983895986463,0.06397068280897533,0.23209984895939795,0.0,0.0,4.440509825655104e-13,34.29615028322576,2.9999151839096183
noise_paired,C1,0.028,0.001,9,R,completed,False,,,2.3492586160620733e-14,6.860558702424152e-12,0.32992868443009166,91,98,0.44161690170235174,0.0011931816942221437,0.0011832959503100778,9.999533310281316e-09,0.01413578515290873,True,True,0.0,1.110274840010431e-16,0.9999533310281317,45.285830029661476,0.2272477057714265,0.224127588068883,0.2272477157709598,0.0,0.0,4.409274355585817e-15,15.474081722977886,2.9999151839096183
noise_paired,C1,0.04,0.001,9,R,completed,False,,,2.8196471678693684e-14,5.719307069494698e-12,0.0441743754069932,63,68,0.060296978014165316,0.0011931816942221437,0.0011832959503100778,9.999533310281316e-09,0.018135457485236844,True,True,0.0,1.110274840010431e-16,0.9999533310281317,4.7945379096832035,0.5895575796232133,0.5892965337825824,0.5895575896227466,0.0,0.0,2.603312459156176e-16,2.57130500057421,2.9999151839096183
noise_paired,C1,0.005,0.001,9,P,completed,False,,,1.5165260587147695e-13,2.474669402746408e-10,0.8820832189656889,511,547,1.5903979324280753,0.0011931816942221437,0.0011832959503100778,9.999533310281316e-09,0.08357847384014537,True,True,0.0,1.110274840010431e-16,0.9999533310281317,340.419906887167,0.17493545543259903,0.002651957572514796,0.17493546543213234,0.0,0.0,5.4315828608540855e-11,150.77072518324348,2.9999151839096183
noise_paired,C1,0.007,0.001,9,P,completed,False,,,1.0544084437477015e-13,1.229464750654487e-10,0.802888700176128,365,391,1.6940979371374603,0.0011931816942221437,0.0011832959503100778,9.999533310281316e-09,0.08089969832476093,True,True,0.0,3.330824520031294e-16,0.9999533310281312,238.643547627394,0.13264237644645538,0.01934772032568921,0.1326423864459887,0.0,0.0,1.3805472902765687e-10,106.97409939518779,2.9999151839096183
noise_paired,C1,0.01,0.001,9,P,completed,False,,,8.054515208701714e-14,6.565661191866379e-11,0.7327841158066049,255,273,1.3827247260994429,0.0011931816942221437,0.0011832959503100778,9.999533310281316e-09,0.07773195675919525,True,True,0.0,3.330824520031294e-16,0.9999533310281319,173.11329507749417,0.16368369431061625,0.01455126223576897,0.16368370431014956,0.0,0.0,9.159927400982642e-11,73.77442722386897,2.9999151839096183
noise_paired,C1,0.014,0.001,9,P,completed,False,,,5.731526468421573e-14,3.337374413353857e-11,0.6588541465843691,182,195,1.161859811763789,0.0011931816942221437,0.0011832959503100778,9.999533310281316e-09,0.06879552674997876,True,True,0.0,0.0,0.9999533310281316,116.3791970993681,0.17822940840069224,0.021369880522816853,0.17822941840022555,0.0,0.0,3.3435072394519154e-13,46.807946917066026,2.9999151839096183
noise_paired,C1,0.02,0.001,9,P,completed,False,,,4.527537650198417e-14,1.8421559471899264e-11,0.6505790241014738,127,136,1.3502130309004634,0.0011931816942221437,0.0011832959503100778,9.999533310281316e-09,0.048892801551632226,True,True,0.0,1.110274840010431e-16,0.9999533310281317,75.37942712332702,0.23209983895986463,0.06397068280897533,0.23209984895939795,0.0,0.0,4.440509825655104e-13,34.29615028322576,2.9999151839096183
noise_paired,C1,0.028,0.001,9,P,completed,False,,,2.3492586160620733e-14,6.860558702424152e-12,0.32992868443009166,91,98,0.44161690170235174,0.0011931816942221437,0.0011832959503100778,9.999533310281316e-09,0.01413578515290873,True,True,0.0,1.110274840010431e-16,0.9999533310281317,45.285830029661476,0.2272477057714265,0.224127588068883,0.2272477157709598,0.0,0.0,4.409274355585817e-15,15.474081722977886,2.9999151839096183
noise_paired,C1,0.04,0.001,9,P,completed,False,,,2.8196471678693684e-14,5.719307069494698e-12,0.0441743754069932,63,68,0.060296978014165316,0.0011931816942221437,0.0011832959503100778,9.999533310281316e-09,0.018135457485236844,True,True,0.0,1.110274840010431e-16,0.9999533310281317,4.7945379096832035,0.5895575796232133,0.5892965337825824,0.5895575896227466,0.0,0.0,2.603312459156176e-16,2.57130500057421,2.9999151839096183
noise_paired,C1,0.005,0.001,10,R,completed,False,,,1.5167336832281574e-13,2.475008204725832e-10,0.8496144587630192,511,547,1.8756277491377114,0.0011930284104521578,0.0011708306500558467,1.000090232614868e-08,0.08256222463170293,True,True,0.0,2.2202457106741895e-16,1.0000902326148682,347.23874329663494,0.1908716281626054,0.0005713098656018323,0.19087163816350772,0.0,0.0,5.557675663183743e-11,148.1707089889106,2.9999151839096183
noise_paired,C1,0.007,0.001,10,R,completed,False,,,1.0545528006737081e-13,1.2296330741851742e-10,0.7727343814175351,365,391,2.3657503006791063,0.0011930284104521578,0.0011708306500558467,1.000090232614868e-08,0.08129046489403494,True,True,0.0,2.2202457106741895e-16,1.0000902326148682,229.97409276637532,0.20835654233576828,0.005021241932245846,0.2083565523366706,0.0,0.0,6.729933184958462e-11,104.91707255861887,2.9999151839096183
noise_paired,C1,0.01,0.001,10,R,completed,False,,,8.05561793607733e-14,6.566560083251855e-11,0.7056730016324458,255,273,1.3810544909858475,0.0011930284104521578,0.0011708306500558467,1.000090232614868e-08,0.07835014630152755,True,True,0.0,4.440491421348379e-16,1.0000902326148684,162.8626266030903,0.1523062976730586,0.018677759402469962,0.15230630767396092,0.0,0.0,6.414202780180264e-11,72.92479993910679,2.9999151839096183
noise_paired,C1,0.014,0.001,10,R,completed,False,,,5.732311160110275e-14,3.337831326530247e-11,0.6465670751377666,182,195,1.3285134028069254,0.0011930284104521578,0.0011708306500558467,1.000090232614868e-08,0.06954432305255465,True,True,0.0,8.880982842696758e-16,1.0000902326148688,120.9740044627374,0.1449956879815849,0.06893083521074705,0.14499569798248724,0.0,0.0,6.351398670739655e-11,50.54238691388369,2.9999151839096183
noise_paired,C1,0.02,0.001,10,R,completed,False,,,4.528157506214781e-14,1.8424081530322997e-11,0.6185755324449264,127,136,1.3626758037781783,0.0011930284104521578,0.0011708306500558467,1.000090232614868e-08,0.046268199758187,True,True,0.0,4.440491421348379e-16,1.0000902326148684,75.04862164965834,0.1943149011809917,0.08836871348028619,0.19431491118189403,0.0,0.0,8.154905152938771e-13,34.110193188567706,2.9999151839096183
noise_paired,C1,0.028,0.001,10,R,completed,False,,,2.3495802483045125e-14,6.861497967630953e-12,0.2995770163534429,91,98,0.4531733552317242,0.0011930284104521578,0.0011708306500558467,1.000090232614868e-08,0.013790247515419511,True,True,0.0,4.440491421348379e-16,1.0000902326148684,45.14812991203086,0.21628982503617067,0.2134642342851778,0.216289835037073,0.0,0.0,4.278885696666697e-15,12.8079961911291,2.9999151839096183
noise_paired,C1,0.04,0.001,10,R,completed,False,,,2.8200332000564117e-14,5.720090088250225e-12,0.04423072139636374,63,68,0.06126840787588598,0.0011930284104521578,0.0011708306500558467,1.000090232614868e-08,0.018124189536018166,True,True,0.0,4.440491421348379e-16,1.0000902326148684,4.685208330787694,0.5812593203086067,0.5809802278417036,0.581259330309509,0.0,0.0,2.61448072259221e-16,2.5899971839738294,2.9999151839096183
noise_paired,C1,0.005,0.001,10,P,completed,False,,,1.5167336832281574e-13,2.475008204725832e-10,0.8496144587630192,511,547,1.8756277491377114,0.0011930284104521578,0.0011708306500558467,1.000090232614868e-08,0.08256222463170293,True,True,0.0,2.2202457106741895e-16,1.0000902326148682,347.23874329663494,0.1908716281626054,0.0005713098656018323,0.19087163816350772,0.0,0.0,5.557675663183743e-11,148.1707089889106,2.9999151839096183
noise_paired,C1,0.007,0.001,10,P,completed,False,,,1.0545528006737081e-13,1.2296330741851742e-10,0.7727343814175351,365,391,2.3657503006791063,0.0011930284104521578,0.0011708306500558467,1.000090232614868e-08,0.08129046489403494,True,True,0.0,2.2202457106741895e-16,1.0000902326148682,229.97409276637532,0.20835654233576828,0.005021241932245846,0.2083565523366706,0.0,0.0,6.729933184958462e-11,104.91707255861887,2.9999151839096183
noise_paired,C1,0.01,0.001,10,P,completed,False,,,8.05561793607733e-14,6.566560083251855e-11,0.7056730016324458,255,273,1.3810544909858475,0.0011930284104521578,0.0011708306500558467,1.000090232614868e-08,0.07835014630152755,True,True,0.0,4.440491421348379e-16,1.0000902326148684,162.8626266030903,0.1523062976730586,0.018677759402469962,0.15230630767396092,0.0,0.0,6.414202780180264e-11,72.92479993910679,2.9999151839096183
noise_paired,C1,0.014,0.001,10,P,completed,False,,,5.732311160110275e-14,3.337831326530247e-11,0.6465670751377666,182,195,1.3285134028069254,0.0011930284104521578,0.0011708306500558467,1.000090232614868e-08,0.06954432305255465,True,True,0.0,8.880982842696758e-16,1.0000902326148688,120.9740044627374,0.1449956879815849,0.06893083521074705,0.14499569798248724,0.0,0.0,6.351398670739655e-11,50.54238691388369,2.9999151839096183
noise_paired,C1,0.02,0.001,10,P,completed,False,,,4.528157506214781e-14,1.8424081530322997e-11,0.6185755324449264,127,136,1.3626758037781783,0.0011930284104521578,0.0011708306500558467,1.000090232614868e-08,0.046268199758187,True,True,0.0,4.440491421348379e-16,1.0000902326148684,75.04862164965834,0.1943149011809917,0.08836871348028619,0.19431491118189403,0.0,0.0,8.154905152938771e-13,34.110193188567706,2.9999151839096183
noise_paired,C1,0.028,0.001,10,P,completed,False,,,2.3495802483045125e-14,6.861497967630953e-12,0.2995770163534429,91,98,0.4531733552317242,0.0011930284104521578,0.0011708306500558467,1.000090232614868e-08,0.013790247515419511,True,True,0.0,4.440491421348379e-16,1.0000902326148684,45.14812991203086,0.21628982503617067,0.2134642342851778,0.216289835037073,0.0,0.0,4.278885696666697e-15,12.8079961911291,2.9999151839096183
noise_paired,C1,0.04,0.001,10,P,completed,False,,,2.8200332000564117e-14,5.720090088250225e-12,0.04423072139636374,63,68,0.06126840787588598,0.0011930284104521578,0.0011708306500558467,1.000090232614868e-08,0.018124189536018166,True,True,0.0,4.440491421348379e-16,1.0000902326148684,4.685208330787694,0.5812593203086067,0.5809802278417036,0.581259330309509,0.0,0.0,2.61448072259221e-16,2.5899971839738294,2.9999151839096183
noise_paired,C1,0.005,0.001,11,R,completed,False,,,1.516597350066634e-13,2.474785736076867e-10,0.7155286699513043,511,547,1.615595392514386,0.0011931399189453362,0.0011905798919125546,1.0000003384793788e-08,0.08261006131177107,True,True,0.0,2.2204452976753682e-16,1.000000338479379,366.1735248264272,0.1527071383047579,0.015398751407377453,0.1527071483047613,0.0,0.0,4.2242986898086786e-11,142.40739877756624,2.9999151839096183
noise_paired,C1,0.007,0.001,11,R,completed,False,,,1.0544580111144735e-13,1.229522547356126e-10,0.8338427590872461,365,391,1.6520547362942688,0.0011931399189453362,0.0011905798919125546,1.0000003384793788e-08,0.08036034071687066,True,True,0.0,2.2204452976753682e-16,1.000000338479379,229.90657344391073,0.21486497574112018,0.002905399539203546,0.21486498574112356,0.0,0.0,1.3939669180817892e-11,107.31401192518297,2.9999151839096183
noise_paired,C1,0.01,0.001,11,R,completed,False,,,8.054893848603443e-14,6.565969841269111e-11,0.649952777449575,255,273,1.2030570843721622,0.0011931399189453362,0.0011905798919125546,1.0000003384793788e-08,0.07750449809761555,True,True,0.0,2.2204452976753682e-16,1.000000338479379,164.18432775598706,0.1698882808802067,0.04769134668531927,0.16988829088021007,0.0,0.0,1.7465090841981383e-11,70.52053357602406,2.9999151839096183
noise_paired,C1,0.014,0.001,11,R,completed,False,,,5.731795905446957e-14,3.337531302140725e-11,0.7348041313449887,182,195,1.1778080375274045,0.0011931399189453362,0.0011905798919125546,1.0000003384793788e-08,0.06812194021062441,True,True,0.0,4.4408905953507364e-16,1.0000003384793792,128.69434211438036,0.16505762817547065,0.034519923914420936,0.16505763817547403,0.0,0.0,2.828182479491369e-10,53.3504777235059,2.9999151839096183
noise_paired,C1,0.02,0.001,11,R,completed,False,,,4.527750488136707e-14,1.8422425462872942e-11,0.6030676215006084,127,136,1.227018882501066,0.0011931399189453362,0.0011905798919125546,1.0000003384793788e-08,0.053413478587043275,True,True,0.0,2.2204452976753682e-16,1.000000338479379,76.92536823431743,0.14358260793371813,0.008292679363659516,0.1435826179337215,0.0,0.0,9.376410728611458e-12,33.69232048497489,2.9999151839096183
noise_paired,C1,0.028,0.001,11,R,completed,False,,,2.3493690538759542e-14,6.860881214854207e-12,0.2223547102555801,91,98,0.3590356541628026,0.0011931399189453362,0.0011905798919125546,1.0000003384793788e-08,0.010843552492174545,True,True,0.0,2.2204452976753682e-16,1.000000338479379,34.531737349201705,0.241767320553544,0.2378846659863607,0.24176733055354738,0.0,0.0,1.0034396355308869e-15,9.633241244313272,2.9999151839096183
noise_paired,C1,0.04,0.001,11,R,completed,False,,,2.8197797184821475e-14,5.719575932090476e-12,0.04392551157455357,63,68,0.05730515161710468,0.0011931399189453362,0.0011905798919125546,1.0000003384793788e-08,0.01811622843723968,True,True,0.0,4.4408905953507364e-16,1.0000003384793792,4.6421934728505505,0.584597066704236,0.5843158230334228,0.5845970767042393,0.0,0.0,2.573939415771587e-16,2.5925291501942365,2.9999151839096183
noise_paired,C1,0.005,0.001,11,P,completed,False,,,1.516597350066634e-13,2.474785736076867e-10,0.7155286699513043,511,547,1.615595392514386,0.0011931399189453362,0.0011905798919125546,1.0000003384793788e-08,0.08261006131177107,True,True,0.0,2.2204452976753682e-16,1.000000338479379,366.1735248264272,0.1527071383047579,0.015398751407377453,0.1527071483047613,0.0,0.0,4.2242986898086786e-11,142.40739877756624,2.9999151839096183
noise_paired,C1,0.007,0.001,11,P,completed,False,,,1.0544580111144735e-13,1.229522547356126e-10,0.8338427590872461,365,391,1.6520547362942688,0.0011931399189453362,0.0011905798919125546,1.0000003384793788e-08,0.08036034071687066,True,True,0.0,2.2204452976753682e-16,1.000000338479379,229.90657344391073,0.21486497574112018,0.002905399539203546,0.21486498574112356,0.0,0.0,1.3939669180817892e-11,107.31401192518297,2.9999151839096183
noise_paired,C1,0.01,0.001,11,P,completed,False,,,8.054893848603443e-14,6.565969841269111e-11,0.649952777449575,255,273,1.2030570843721622,0.0011931399189453362,0.0011905798919125546,1.0000003384793788e-08,0.07750449809761555,True,True,0.0,2.2204452976753682e-16,1.000000338479379,164.18432775598706,0.1698882808802067,0.04769134668531927,0.16988829088021007,0.0,0.0,1.7465090841981383e-11,70.52053357602406,2.9999151839096183
noise_paired,C1,0.014,0.001,11,P,completed,False,,,5.731795905446957e-14,3.337531302140725e-11,0.7348041313449887,182,195,1.1778080375274045,0.0011931399189453362,0.0011905798919125546,1.0000003384793788e-08,0.06812194021062441,True,True,0.0,4.4408905953507364e-16,1.0000003384793792,128.69434211438036,0.16505762817547065,0.034519923914420936,0.16505763817547403,0.0,0.0,2.828182479491369e-10,53.3504777235059,2.9999151839096183
noise_paired,C1,0.02,0.001,11,P,completed,False,,,4.527750488136707e-14,1.8422425462872942e-11,0.6030676215006084,127,136,1.227018882501066,0.0011931399189453362,0.0011905798919125546,1.0000003384793788e-08,0.053413478587043275,True,True,0.0,2.2204452976753682e-16,1.000000338479379,76.92536823431743,0.14358260793371813,0.008292679363659516,0.1435826179337215,0.0,0.0,9.376410728611458e-12,33.69232048497489,2.9999151839096183
noise_paired,C1,0.028,0.001,11,P,completed,False,,,2.3493690538759542e-14,6.860881214854207e-12,0.2223547102555801,91,98,0.3590356541628026,0.0011931399189453362,0.0011905798919125546,1.0000003384793788e-08,0.010843552492174545,True,True,0.0,2.2204452976753682e-16,1.000000338479379,34.531737349201705,0.241767320553544,0.2378846659863607,0.24176733055354738,0.0,0.0,1.0034396355308869e-15,9.633241244313272,2.9999151839096183
noise_paired,C1,0.04,0.001,11,P,completed,False,,,2.8197797184821475e-14,5.719575932090476e-12,0.04392551157455357,63,68,0.05730515161710468,0.0011931399189453362,0.0011905798919125546,1.0000003384793788e-08,0.01811622843723968,True,True,0.0,4.4408905953507364e-16,1.0000003384793792,4.6421934728505505,0.584597066704236,0.5843158230334228,0.5845970767042393,0.0,0.0,2.573939415771587e-16,2.5925291501942365,2.9999151839096183
noise_paired,C1,0.005,0.001,12,R,completed,False,,,1.5165202717274848e-13,2.4746599595322373e-10,0.752236175893414,511,547,2.0158873622661266,0.0011931862176187923,0.001194278130405,9.99949515256435e-09,0.0832424717586975,True,True,0.0,3.3308372303389e-16,0.9999495152564353,344.87245762413187,0.19757877163584892,0.00199444215056932,0.19757878163534406,0.0,0.0,6.59976018373801e-11,143.5872212134494,2.9999151839096183
noise_paired,C1,0.007,0.001,12,R,completed,False,,,1.0544044201780292e-13,1.2294600590787385e-10,0.6620059004263872,365,391,1.1367580606886942,0.0011931862176187923,0.001194278130405,9.99949515256435e-09,0.08132859108834982,True,True,0.0,2.2205581535592666e-16,0.9999495152564347,250.5799205709907,0.17342944382454495,0.035040524109948734,0.1734294538240401,0.0,0.0,6.118892703128193e-11,101.8975070759839,2.9999151839096183
noise_paired,C1,0.01,0.001,12,R,completed,False,,,8.05448447307615e-14,6.565636137632978e-11,0.7687651130075311,255,273,1.4546614721962259,0.0011931862176187923,0.001194278130405,9.99949515256435e-09,0.07583564619289476,True,True,0.0,2.2205581535592666e-16,0.9999495152564347,176.57420931813772,0.15048371136876848,0.005689640669432672,0.15048372136826363,0.0,0.0,6.817607934837576e-11,74.29847305892223,2.9999151839096183
noise_paired,C1,0.014,0.001,12,R,completed,False,,,5.731504597204388e-14,3.337361678100689e-11,0.6749068758725435,182,195,1.4261272996149117,0.0011931862176187923,0.001194278130405,9.99949515256435e-09,0.07046768934801083,True,True,0.0,1.1102790767796333e-16,0.999949515256435,105.88772769455971,0.25353983768732047,0.06712058852153902,0.25353984768681564,0.0,0.0,7.28521238585823e-11,51.11749772742159,2.9999151839096183
noise_paired,C1,0.02,0.001,12,R,completed,False,,,4.5275203733421026e-14,1.8421489176153394e-11,0.5687878887103698,127,136,0.9770762444194455,0.0011931862176187923,0.001194278130405,9.99949515256435e-09,0.05188586099516105,True,True,0.0,1.1102790767796333e-16,0.999949515256435,85.04913352442892,0.1586942790816246,0.058031073433850944,0.15869428908111974,0.0,0.0,1.0541911015393173e-12,32.77836064975817,2.9999151839096183
noise_paired,C1,0.028,0.001,12,R,completed,False,,,2.349249651409167e-14,6.86053252287666e-12,0.3665622560057412,91,98,0.5478028223756398,0.0011931862176187923,0.001194278130405,9.99949515256435e-09,0.014933220141698327,True,True,0.0,0.0,0.9999495152564349,48.904531931164655,0.215871311717718,0.1743197955408421,0.21587132171721315,0.0,0.0,2.558931149259176e-15,15.920896785262396,2.9999151839096183
noise_paired,C1,0.04,0.001,12,R,completed,False,,,2.81963640823737e-14,5.719285244906127e-12,0.04369931400464243,63,68,0.06057497897620289,0.0011931862176187923,0.001194278130405,9.99949515256435e-09,0.018130552793067228,True,True,0.0,1.1102790767796333e-16,0.999949515256435,4.786468085985862,0.5890098774603435,0.5887479706820118,0.5890098874598386,0.0,0.0,2.719186574298836e-16,2.5741778313729005,2.9999151839096183
noise_paired,C1,0.005,0.001,12,P,completed,False,,,1.5165202717274848e-13,2.4746599595322373e-10,0.752236175893414,511,547,2.0158873622661266,0.0011931862176187923,0.001194278130405,9.99949515256435e-09,0.0832424717586975,True,True,0.0,3.3308372303389e-16,0.9999495152564353,344.87245762413187,0.19757877163584892,0.00199444215056932,0.19757878163534406,0.0,0.0,6.59976018373801e-11,143.5872212134494,2.9999151839096183
noise_paired,C1,0.007,0.001,12,P,completed,False,,,1.0544044201780292e-13,1.2294600590787385e-10,0.6620059004263872,365,391,1.1367580606886942,0.0011931862176187923,0.001194278130405,9.99949515256435e-09,0.08132859108834982,True,True,0.0,2.2205581535592666e-16,0.9999495152564347,250.5799205709907,0.17342944382454495,0.035040524109948734,0.1734294538240401,0.0,0.0,6.118892703128193e-11,101.8975070759839,2.9999151839096183
noise_paired,C1,0.01,0.001,12,P,completed,False,,,8.05448447307615e-14,6.565636137632978e-11,0.7687651130075311,255,273,1.4546614721962259,0.0011931862176187923,0.001194278130405,9.99949515256435e-09,0.07583564619289476,True,True,0.0,2.2205581535592666e-16,0.9999495152564347,176.57420931813772,0.15048371136876848,0.005689640669432672,0.15048372136826363,0.0,0.0,6.817607934837576e-11,74.29847305892223,2.9999151839096183
noise_paired,C1,0.014,0.001,12,P,completed,False,,,5.731504597204388e-14,3.337361678100689e-11,0.6749068758725435,182,195,1.4261272996149117,0.0011931862176187923,0.001194278130405,9.99949515256435e-09,0.07046768934801083,True,True,0.0,1.1102790767796333e-16,0.999949515256435,105.88772769455971,0.25353983768732047,0.06712058852153902,0.25353984768681564,0.0,0.0,7.28521238585823e-11,51.11749772742159,2.9999151839096183
noise_paired,C1,0.02,0.001,12,P,completed,False,,,4.5275203733421026e-14,1.8421489176153394e-11,0.5687878887103698,127,136,0.9770762444194455,0.0011931862176187923,0.001194278130405,9.99949515256435e-09,0.05188586099516105,True,True,0.0,1.1102790767796333e-16,0.999949515256435,85.04913352442892,0.1586942790816246,0.058031073433850944,0.15869428908111974,0.0,0.0,1.0541911015393173e-12,32.77836064975817,2.9999151839096183
noise_paired,C1,0.028,0.001,12,P,completed,False,,,2.349249651409167e-14,6.86053252287666e-12,0.3665622560057412,91,98,0.5478028223756398,0.0011931862176187923,0.001194278130405,9.99949515256435e-09,0.014933220141698327,True,True,0.0,0.0,0.9999495152564349,48.904531931164655,0.215871311717718,0.1743197955408421,0.21587132171721315,0.0,0.0,2.558931149259176e-15,15.920896785262396,2.9999151839096183
noise_paired,C1,0.04,0.001,12,P,completed,False,,,2.81963640823737e-14,5.719285244906127e-12,0.04369931400464243,63,68,0.06057497897620289,0.0011931862176187923,0.001194278130405,9.99949515256435e-09,0.018130552793067228,True,True,0.0,1.1102790767796333e-16,0.999949515256435,4.786468085985862,0.5890098774603435,0.5887479706820118,0.5890098874598386,0.0,0.0,2.719186574298836e-16,2.5741778313729005,2.9999151839096183
noise_paired,C1,0.005,0.001,13,R,completed,False,,,1.5166494113820376e-13,2.4748706898061856e-10,0.8313327657460332,511,547,1.7474553455620425,0.001193091535940385,0.0011883474631836789,1.0000346662019104e-08,0.08257500941889546,True,True,0.0,0.0,1.0000346662019104,328.97045883132444,0.1975706529871567,0.001579819525963977,0.19757066298750336,0.0,0.0,8.311927842773751e-12,147.79753887055458,2.9999151839096183
noise_paired,C1,0.007,0.001,13,R,completed,False,,,1.0544942082442484e-13,1.229564754050692e-10,0.8301218798964028,365,391,1.5989674518439,0.001193091535940385,0.0011883474631836789,1.0000346662019104e-08,0.07971440683936072,True,True,0.0,2.2203690774875572e-16,1.0000346662019102,239.95516439019815,0.1319489772568131,0.011793758335177484,0.13194898725715976,0.0,0.0,1.2327200198422989e-11,105.01813610294184,2.9999151839096183
noise_paired,C1,0.01,0.001,13,R,completed,False,,,8.055170354670908e-14,6.566195235983681e-11,0.6558993226349024,255,273,1.3763071875373516,0.001193091535940385,0.0011883474631836789,1.0000346662019104e-08,0.0781912590044563,True,True,0.0,4.4407381549751144e-16,1.00003466620191,153.42243059130848,0.2491335222257024,0.020461256314880272,0.24913353222604906,0.0,0.0,1.7888127330378842e-11,70.75463374649587,2.9999151839096183
noise_paired,C1,0.014,0.001,13,R,completed,False,,,5.731992664879809e-14,3.337645871950426e-11,0.6684523075182174,182,195,1.2699247428259477,0.001193091535940385,0.0011883474631836789,1.0000346662019104e-08,0.06880239880582052,True,True,0.0,2.2203690774875572e-16,1.0000346662019102,122.27106942166326,0.14705790345103165,0.07434726780672984,0.1470579134513783,0.0,0.0,3.816161971083672e-11,51.15803790001988,2.9999151839096183
noise_paired,C1,0.02,0.001,13,R,completed,False,,,4.527905915446547e-14,1.842305786256854e-11,0.6622624692383525,127,136,1.2486630432810712,0.001193091535940385,0.0011883474631836789,1.0000346662019104e-08,0.05205369852603666,True,True,0.0,2.2203690774875572e-16,1.0000346662019102,75.24818828098093,0.19264334866535726,0.03046111959943687,0.19264335866570392,0.0,0.0,1.766401285518455e-12,34.89053889447379,2.9999151839096183
noise_paired,C1,0.028,0.001,13,R,completed,False,,,2.3494497023376622e-14,6.861116733201156e-12,0.24645088180962813,91,98,0.5371322602813481,0.001193091535940385,0.0011883474631836789,1.0000346662019104e-08,0.012240570903483789,True,True,0.0,2.2203690774875572e-16,1.0000346662019102,29.875035820308753,0.2736347550980526,0.271516536577755,0.27363476509839924,0.0,0.0,8.36609440308997e-16,11.605979200918114,2.9999151839096183
noise_paired,C1,0.04,0.001,13,R,completed,False,,,2.81987651506516e-14,5.719772272039614e-12,0.04411711863201443,63,68,0.058795198434183585,0.001193091535940385,0.0011883474631836789,1.0000346662019104e-08,0.018127681753545077,True,True,0.0,2.2203690774875572e-16,1.0000346662019102,4.511264142849554,0.5849769490538044,0.5847143959242763,0.584976959054151,0.0,0.0,2.645093156459969e-16,2.573755913277913,2.9999151839096183
noise_paired,C1,0.005,0.001,13,P,completed,False,,,1.5166494113820376e-13,2.4748706898061856e-10,0.8313327657460332,511,547,1.7474553455620425,0.001193091535940385,0.0011883474631836789,1.0000346662019104e-08,0.08257500941889546,True,True,0.0,0.0,1.0000346662019104,328.97045883132444,0.1975706529871567,0.001579819525963977,0.19757066298750336,0.0,0.0,8.311927842773751e-12,147.79753887055458,2.9999151839096183
noise_paired,C1,0.007,0.001,13,P,completed,False,,,1.0544942082442484e-13,1.229564754050692e-10,0.8301218798964028,365,391,1.5989674518439,0.001193091535940385,0.0011883474631836789,1.0000346662019104e-08,0.07971440683936072,True,True,0.0,2.2203690774875572e-16,1.0000346662019102,239.95516439019815,0.1319489772568131,0.011793758335177484,0.13194898725715976,0.0,0.0,1.2327200198422989e-11,105.01813610294184,2.9999151839096183
noise_paired,C1,0.01,0.001,13,P,completed,False,,,8.055170354670908e-14,6.566195235983681e-11,0.6558993226349024,255,273,1.3763071875373516,0.001193091535940385,0.0011883474631836789,1.0000346662019104e-08,0.0781912590044563,True,True,0.0,4.4407381549751144e-16,1.00003466620191,153.42243059130848,0.2491335222257024,0.020461256314880272,0.24913353222604906,0.0,0.0,1.7888127330378842e-11,70.75463374649587,2.9999151839096183
noise_paired,C1,0.014,0.001,13,P,completed,False,,,5.731992664879809e-14,3.337645871950426e-11,0.6684523075182174,182,195,1.2699247428259477,0.001193091535940385,0.0011883474631836789,1.0000346662019104e-08,0.06880239880582052,True,True,0.0,2.2203690774875572e-16,1.0000346662019102,122.27106942166326,0.14705790345103165,0.07434726780672984,0.1470579134513783,0.0,0.0,3.816161971083672e-11,51.15803790001988,2.9999151839096183
noise_paired,C1,0.02,0.001,13,P,completed,False,,,4.527905915446547e-14,1.842305786256854e-11,0.6622624692383525,127,136,1.2486630432810712,0.001193091535940385,0.0011883474631836789,1.0000346662019104e-08,0.05205369852603666,True,True,0.0,2.2203690774875572e-16,1.0000346662019102,75.24818828098093,0.19264334866535726,0.03046111959943687,0.19264335866570392,0.0,0.0,1.766401285518455e-12,34.89053889447379,2.9999151839096183
noise_paired,C1,0.028,0.001,13,P,completed,False,,,2.3494497023376622e-14,6.861116733201156e-12,0.24645088180962813,91,98,0.5371322602813481,0.001193091535940385,0.0011883474631836789,1.0000346662019104e-08,0.012240570903483789,True,True,0.0,2.2203690774875572e-16,1.0000346662019102,29.875035820308753,0.2736347550980526,0.271516536577755,0.27363476509839924,0.0,0.0,8.36609440308997e-16,11.605979200918114,2.9999151839096183
noise_paired,C1,0.04,0.001,13,P,completed,False,,,2.81987651506516e-14,5.719772272039614e-12,0.04411711863201443,63,68,0.058795198434183585,0.001193091535940385,0.0011883474631836789,1.0000346662019104e-08,0.018127681753545077,True,True,0.0,2.2203690774875572e-16,1.0000346662019102,4.511264142849554,0.5849769490538044,0.5847143959242763,0.584976959054151,0.0,0.0,2.645093156459969e-16,2.573755913277913,2.9999151839096183
noise_paired,C1,0.005,0.001,14,R,completed,False,,,1.516435415348092e-13,2.4745214907703557e-10,0.8551853054457792,511,547,2.892073977014634,0.0011932512746175414,0.0012542994929014754,9.998935634191782e-09,0.08274499002831386,True,True,0.0,4.441364822186482e-16,0.9998935634191777,311.83327664673345,0.19082809961008695,0.0012307882470929954,0.19082810960902258,0.0,0.0,4.225656293431862e-11,148.66319940138624,2.9999151839096183
noise_paired,C1,0.007,0.001,14,R,completed,False,,,1.0543454213349671e-13,1.2293912650565503e-10,0.7439585023981342,365,391,1.4476816858026214,0.0011932512746175414,0.0012542994929014754,9.998935634191782e-09,0.08118311253551182,True,True,0.0,2.220682411093241e-16,0.9998935634191779,240.07788996592944,0.15455888349330327,0.010959433310199107,0.1545588934922389,0.0,0.0,5.1396769546761713e-11,103.81894827396117,2.9999151839096183
noise_paired,C1,0.01,0.001,14,R,completed,False,,,8.054033787118962e-14,6.565268759681335e-11,0.5868589193661996,255,273,1.2234425673699243,0.0011932512746175414,0.0012542994929014754,9.998935634191782e-09,0.07872230913449471,True,True,0.0,5.551706027733103e-16,0.9998935634191776,146.76986135137918,0.24719970879122655,0.04017867915777906,0.24719971879016217,0.0,0.0,1.190284902204411e-11,67.24536628422715,2.9999151839096183
noise_paired,C1,0.014,0.001,14,R,completed,False,,,5.731183892801249e-14,3.33717493715564e-11,0.6313807388451191,182,195,1.011170957928891,0.0011932512746175414,0.0012542994929014754,9.998935634191782e-09,0.07122838622347467,True,True,0.0,4.441364822186482e-16,0.9998935634191777,129.39977226814975,0.11452692247151308,0.04977640016766072,0.11452693247044872,0.0,0.0,1.2310301054742278e-11,50.10479152529931,2.9999151839096183
noise_paired,C1,0.02,0.001,14,R,completed,False,,,4.5272670374694e-14,1.842045840795091e-11,0.5597354475238278,127,136,0.8492806376731092,0.0011932512746175414,0.0012542994929014754,9.998935634191782e-09,0.04995892769657261,True,True,0.0,2.220682411093241e-16,0.9998935634191779,75.82831799501433,0.18759093092917578,0.08592213494118972,0.1875909409281114,0.0,0.0,1.0214648163559095e-11,33.65386898789035,2.9999151839096183
noise_paired,C1,0.028,0.001,14,R,completed,False,,,2.349118199938702e-14,6.860148644097423e-12,0.3008358201989696,91,98,0.4472815823240393,0.0011932512746175414,0.0012542994929014754,9.998935634191782e-09,0.011023655950591118,True,True,0.0,2.220682411093241e-16,0.9998935634191779,50.484468687263025,0.11820893687894041,0.11029093363817966,0.11820894687787604,0.0,0.0,2.36107093521481e-15,12.601258940577633,2.9999151839096183
noise_paired,C1,0.04,0.001,14,R,completed,False,,,2.819478636434864e-14,5.7189652242327176e-12,0.043657321008639935,63,68,0.05247346840134463,0.0011932512746175414,0.0012542994929014754,9.998935634191782e-09,0.01812261263437107,True,True,0.0,5.551706027733103e-16,0.9998935634191776,4.455610686714435,0.5748428060107424,0.5745129379644783,0.5748428160096781,0.0,0.0,2.458455669885132e-16,2.622388149454369,2.9999151839096183
noise_paired,C1,0.005,0.001,14,P,completed,False,,,1.516435415348092e-13,2.4745214907703557e-10,0.8551853054457792,511,547,2.892073977014634,0.0011932512746175414,0.0012542994929014754,9.998935634191782e-09,0.08274499002831386,True,True,0.0,4.441364822186482e-16,0.9998935634191777,311.83327664673345,0.19082809961008695,0.0012307882470929954,0.19082810960902258,0.0,0.0,4.225656293431862e-11,148.66319940138624,2.9999151839096183
noise_paired,C1,0.007,0.001,14,P,completed,False,,,1.0543454213349671e-13,1.2293912650565503e-10,0.7439585023981342,365,391,1.4476816858026214,0.0011932512746175414,0.0012542994929014754,9.998935634191782e-09,0.08118311253551182,True,True,0.0,2.220682411093241e-16,0.9998935634191779,240.07788996592944,0.15455888349330327,0.010959433310199107,0.1545588934922389,0.0,0.0,5.1396769546761713e-11,103.81894827396117,2.9999151839096183
noise_paired,C1,0.01,0.001,14,P,completed,False,,,8.054033787118962e-14,6.565268759681335e-11,0.5868589193661996,255,273,1.2234425673699243,0.0011932512746175414,0.0012542994929014754,9.998935634191782e-09,0.07872230913449471,True,True,0.0,5.551706027733103e-16,0.9998935634191776,146.76986135137918,0.24719970879122655,0.04017867915777906,0.24719971879016217,0.0,0.0,1.190284902204411e-11,67.24536628422715,2.9999151839096183
noise_paired,C1,0.014,0.001,14,P,completed,False,,,5.731183892801249e-14,3.33717493715564e-11,0.6313807388451191,182,195,1.011170957928891,0.0011932512746175414,0.0012542994929014754,9.998935634191782e-09,0.07122838622347467,True,True,0.0,4.441364822186482e-16,0.9998935634191777,129.39977226814975,0.11452692247151308,0.04977640016766072,0.11452693247044872,0.0,0.0,1.2310301054742278e-11,50.10479152529931,2.9999151839096183
noise_paired,C1,0.02,0.001,14,P,completed,False,,,4.5272670374694e-14,1.842045840795091e-11,0.5597354475238278,127,136,0.8492806376731092,0.0011932512746175414,0.0012542994929014754,9.998935634191782e-09,0.04995892769657261,True,True,0.0,2.220682411093241e-16,0.9998935634191779,75.82831799501433,0.18759093092917578,0.08592213494118972,0.1875909409281114,0.0,0.0,1.0214648163559095e-11,33.65386898789035,2.9999151839096183
noise_paired,C1,0.028,0.001,14,P,completed,False,,,2.349118199938702e-14,6.860148644097423e-12,0.3008358201989696,91,98,0.4472815823240393,0.0011932512746175414,0.0012542994929014754,9.998935634191782e-09,0.011023655950591118,True,True,0.0,2.220682411093241e-16,0.9998935634191779,50.484468687263025,0.11820893687894041,0.11029093363817966,0.11820894687787604,0.0,0.0,2.36107093521481e-15,12.601258940577633,2.9999151839096183
noise_paired,C1,0.04,0.001,14,P,completed,False,,,2.819478636434864e-14,5.7189652242327176e-12,0.043657321008639935,63,68,0.05247346840134463,0.0011932512746175414,0.0012542994929014754,9.998935634191782e-09,0.01812261263437107,True,True,0.0,5.551706027733103e-16,0.9998935634191776,4.455610686714435,0.5748428060107424,0.5745129379644783,0.5748428160096781,0.0,0.0,2.458455669885132e-16,2.622388149454369,2.9999151839096183
noise_paired,C1,0.005,0.001,15,R,completed,False,,,1.5166832029452158e-13,2.4749258309275583e-10,0.8247464765590259,511,547,1.7407710219125994,0.001193069497273081,0.0011685309115870767,1.0000569473793202e-08,0.0817182854614605,True,True,0.0,0.0,1.0000569473793202,307.99563310875527,0.1915522329525834,0.0015025364436414002,0.19155224295315287,0.0,0.0,5.750630588937796e-11,147.850510930631,2.9999151839096183
noise_paired,C1,0.007,0.001,15,R,completed,False,,,1.0545177028023127e-13,1.2295921492514264e-10,0.7027510697613848,365,391,1.6505355352694533,0.001193069497273081,0.0011685309115870767,1.0000569473793202e-08,0.08085824537519294,True,True,0.0,0.0,1.0000569473793202,237.58423462056425,0.15073310419909658,0.024091019743686992,0.15073311419966606,0.0,0.0,4.483397348394901e-12,101.6838107035278,2.9999151839096183
noise_paired,C1,0.01,0.001,15,R,completed,False,,,8.055349827129017e-14,6.566341533473064e-11,0.651415220475965,255,273,1.203017360000342,0.001193069497273081,0.0011685309115870767,1.0000569473793202e-08,0.07825358073366134,True,True,0.0,0.0,1.0000569473793202,169.21602199068133,0.2307741277464037,0.054560524834414315,0.2307741377469732,0.0,0.0,2.1130253332613786e-11,71.17365415624849,2.9999151839096183
noise_paired,C1,0.014,0.001,15,R,completed,False,,,5.732120375998027e-14,3.337720236052309e-11,0.6361974763581822,182,195,1.1329353272539644,0.001193069497273081,0.0011685309115870767,1.0000569473793202e-08,0.07249502513567221,True,True,0.0,0.0,1.0000569473793202,112.04310474007366,0.20613446364069443,0.03521398932929065,0.20613447364126392,0.0,0.0,1.2986825340929328e-11,50.49980748646574,2.9999151839096183
noise_paired,C1,0.02,0.001,15,R,completed,False,,,4.528006799024293e-14,1.842346833575966e-11,0.6024533508711032,127,136,1.1221527774305613,0.001193069497273081,0.0011685309115870767,1.0000569473793202e-08,0.047503026458233184,True,True,0.0,0.0,1.0000569473793202,80.79421366307739,0.15780165141199987,0.11001009804799666,0.15780166141256935,0.0,0.0,9.32015897790202e-12,34.990295180153026,2.9999151839096183
noise_paired,C1,0.028,0.001,15,R,completed,False,,,2.3495020490286344e-14,6.861269601660949e-12,0.2777375477271167,91,98,0.4157993294087482,0.001193069497273081,0.0011685309115870767,1.0000569473793202e-08,0.009152348038646172,True,True,0.0,0.0,1.0000569473793202,47.6234489318481,0.1783582475131954,0.15266249564098078,0.17835825751376488,0.0,0.0,3.472156761034326e-15,11.097431725451608,2.9999151839096183
noise_paired,C1,0.04,0.001,15,R,completed,False,,,2.819939343056058e-14,5.719899710882531e-12,0.04369084963429951,63,68,0.05971968931097456,0.001193069497273081,0.0011685309115870767,1.0000569473793202e-08,0.018114952519201446,True,True,0.0,0.0,1.0000569473793202,4.791554977629288,0.5877740820624882,0.5875043335210964,0.5877740920630576,0.0,0.0,2.5656509178009953e-16,2.5986487805088427,2.9999151839096183
noise_paired,C1,0.005,0.001,15,P,completed,False,,,1.5166832029452158e-13,2.4749258309275583e-10,0.8247464765590259,511,547,1.7407710219125994,0.001193069497273081,0.0011685309115870767,1.0000569473793202e-08,0.0817182854614605,True,True,0.0,0.0,1.0000569473793202,307.99563310875527,0.1915522329525834,0.0015025364436414002,0.19155224295315287,0.0,0.0,5.750630588937796e-11,147.850510930631,2.9999151839096183
noise_paired,C1,0.007,0.001,15,P,completed,False,,,1.0545177028023127e-13,1.2295921492514264e-10,0.7027510697613848,365,391,1.6505355352694533,0.001193069497273081,0.0011685309115870767,1.0000569473793202e-08,0.08085824537519294,True,True,0.0,0.0,1.0000569473793202,237.58423462056425,0.15073310419909658,0.024091019743686992,0.15073311419966606,0.0,0.0,4.483397348394901e-12,101.6838107035278,2.9999151839096183
noise_paired,C1,0.01,0.001,15,P,completed,False,,,8.055349827129017e-14,6.566341533473064e-11,0.651415220475965,255,273,1.203017360000342,0.001193069497273081,0.0011685309115870767,1.0000569473793202e-08,0.07825358073366134,True,True,0.0,0.0,1.0000569473793202,169.21602199068133,0.2307741277464037,0.054560524834414315,0.2307741377469732,0.0,0.0,2.1130253332613786e-11,71.17365415624849,2.9999151839096183
noise_paired,C1,0.014,0.001,15,P,completed,False,,,5.732120375998027e-14,3.337720236052309e-11,0.6361974763581822,182,195,1.1329353272539644,0.001193069497273081,0.0011685309115870767,1.0000569473793202e-08,0.07249502513567221,True,True,0.0,0.0,1.0000569473793202,112.04310474007366,0.20613446364069443,0.03521398932929065,0.20613447364126392,0.0,0.0,1.2986825340929328e-11,50.49980748646574,2.9999151839096183
noise_paired,C1,0.02,0.001,15,P,completed,False,,,4.528006799024293e-14,1.842346833575966e-11,0.6024533508711032,127,136,1.1221527774305613,0.001193069497273081,0.0011685309115870767,1.0000569473793202e-08,0.047503026458233184,True,True,0.0,0.0,1.0000569473793202,80.79421366307739,0.15780165141199987,0.11001009804799666,0.15780166141256935,0.0,0.0,9.32015897790202e-12,34.990295180153026,2.9999151839096183
noise_paired,C1,0.028,0.001,15,P,completed,False,,,2.3495020490286344e-14,6.861269601660949e-12,0.2777375477271167,91,98,0.4157993294087482,0.001193069497273081,0.0011685309115870767,1.0000569473793202e-08,0.009152348038646172,True,True,0.0,0.0,1.0000569473793202,47.6234489318481,0.1783582475131954,0.15266249564098078,0.17835825751376488,0.0,0.0,3.472156761034326e-15,11.097431725451608,2.9999151839096183
noise_paired,C1,0.04,0.001,15,P,completed,False,,,2.819939343056058e-14,5.719899710882531e-12,0.04369084963429951,63,68,0.05971968931097456,0.001193069497273081,0.0011685309115870767,1.0000569473793202e-08,0.018114952519201446,True,True,0.0,0.0,1.0000569473793202,4.791554977629288,0.5877740820624882,0.5875043335210964,0.5877740920630576,0.0,0.0,2.5656509178009953e-16,2.5986487805088427,2.9999151839096183
noise_paired,C1,0.005,0.001,16,R,completed,False,,,1.516631567688316e-13,2.474841572441119e-10,0.8046988413210856,511,547,1.9275208563947164,0.0011930979201917322,0.0011707656187880447,1.0000229005874179e-08,0.08269828801077474,True,True,0.0,2.2203952008959127e-16,1.0000229005874182,340.922815140738,0.15651175398970518,0.0013842920230945355,0.1565117639899342,0.0,0.0,7.146627868388143e-12,147.6596085474838,2.9999151839096183
noise_paired,C1,0.007,0.001,16,R,completed,False,,,1.0544818019019904e-13,1.2295502879672866e-10,0.7449614015286228,365,391,1.5577475829133551,0.0011930979201917322,0.0011707656187880447,1.0000229005874179e-08,0.0813526354767827,True,True,0.0,6.661185602687738e-16,1.0000229005874186,271.88841257124096,0.11636691465795557,0.016392985589060438,0.11636692465818457,0.0,0.0,1.5353973958280711e-10,105.36168369826538,2.9999151839096183
noise_paired,C1,0.01,0.001,16,R,completed,False,,,8.055075583927186e-14,6.56611798333991e-11,0.7715179438984859,255,273,1.4835763978515963,0.0011930979201917322,0.0011707656187880447,1.0000229005874179e-08,0.07581728100655276,True,True,0.0,4.4407904017918254e-16,1.0000229005874184,170.38789419555417,0.16176411447098094,0.010560788864393045,0.16176412447120994,0.0,0.0,2.501525634675049e-12,72.08229808451165,2.9999151839096183
noise_paired,C1,0.014,0.001,16,R,completed,False,,,5.731925226801663e-14,3.33760660385706e-11,0.6002946596833695,182,195,1.0006562003446569,0.0011930979201917322,0.0011707656187880447,1.0000229005874179e-08,0.07217731134791053,True,True,0.0,6.661185602687738e-16,1.0000229005874186,110.13648163982516,0.20074274425476601,0.08971517737341594,0.20074275425499502,0.0,0.0,4.298327311327078e-11,50.030238473421655,2.9999151839096183
noise_paired,C1,0.02,0.001,16,R,completed,False,,,4.527852643697817e-14,1.8422841111485892e-11,0.5664414097290282,127,136,0.9938893314177905,0.0011930979201917322,0.0011707656187880447,1.0000229005874179e-08,0.0532855257225027,True,True,0.0,2.2203952008959127e-16,1.0000229005874182,101.95825678698752,0.07372417524960928,0.030406013002874044,0.07372418524983829,0.0,0.0,9.738157724948538e-12,33.5771414113,2.9999151839096183
noise_paired,C1,0.028,0.001,16,R,completed,False,,,2.3494220605764298e-14,6.861036010745027e-12,0.2797572402277757,91,98,0.41566262737246396,0.0011930979201917322,0.0011707656187880447,1.0000229005874179e-08,0.010179365747809435,True,True,0.0,2.2203952008959127e-16,1.0000229005874182,52.39689493317025,0.17455041707109065,0.12015178015648087,0.17455042707131965,0.0,0.0,1.9022793598604587e-15,12.457224552939017,2.9999151839096183
noise_paired,C1,0.04,0.001,16,R,completed,False,,,2.8198433386352685e-14,5.719704977736915e-12,0.043559303372588155,63,68,0.05687180156905602,0.0011930979201917322,0.0011707656187880447,1.0000229005874179e-08,0.01812426553940228,True,True,0.0,2.2203952008959127e-16,1.0000229005874182,4.657975285406531,0.5816006256726087,0.5813284865922567,0.5816006356728377,0.0,0.0,2.6546188243340923e-16,2.5854483510290756,2.9999151839096183
noise_paired,C1,0.005,0.001,16,P,completed,False,,,1.516631567688316e-13,2.474841572441119e-10,0.8046988413210856,511,547,1.9275208563947164,0.0011930979201917322,0.0011707656187880447,1.0000229005874179e-08,0.08269828801077474,True,True,0.0,2.2203952008959127e-16,1.0000229005874182,340.922815140738,0.15651175398970518,0.0013842920230945355,0.1565117639899342,0.0,0.0,7.146627868388143e-12,147.6596085474838,2.9999151839096183
noise_paired,C1,0.007,0.001,16,P,completed,False,,,1.0544818019019904e-13,1.2295502879672866e-10,0.7449614015286228,365,391,1.5577475829133551,0.0011930979201917322,0.0011707656187880447,1.0000229005874179e-08,0.0813526354767827,True,True,0.0,6.661185602687738e-16,1.0000229005874186,271.88841257124096,0.11636691465795557,0.016392985589060438,0.11636692465818457,0.0,0.0,1.5353973958280711e-10,105.36168369826538,2.9999151839096183
noise_paired,C1,0.01,0.001,16,P,completed,False,,,8.055075583927186e-14,6.56611798333991e-11,0.7715179438984859,255,273,1.4835763978515963,0.0011930979201917322,0.0011707656187880447,1.0000229005874179e-08,0.07581728100655276,True,True,0.0,4.4407904017918254e-16,1.0000229005874184,170.38789419555417,0.16176411447098094,0.010560788864393045,0.16176412447120994,0.0,0.0,2.501525634675049e-12,72.08229808451165,2.9999151839096183
noise_paired,C1,0.014,0.001,16,P,completed,False,,,5.731925226801663e-14,3.33760660385706e-11,0.6002946596833695,182,195,1.0006562003446569,0.0011930979201917322,0.0011707656187880447,1.0000229005874179e-08,0.07217731134791053,True,True,0.0,6.661185602687738e-16,1.0000229005874186,110.13648163982516,0.20074274425476601,0.08971517737341594,0.20074275425499502,0.0,0.0,4.298327311327078e-11,50.030238473421655,2.9999151839096183
noise_paired,C1,0.02,0.001,16,P,completed,False,,,4.527852643697817e-14,1.8422841111485892e-11,0.5664414097290282,127,136,0.9938893314177905,0.0011930979201917322,0.0011707656187880447,1.0000229005874179e-08,0.0532855257225027,True,True,0.0,2.2203952008959127e-16,1.0000229005874182,101.95825678698752,0.07372417524960928,0.030406013002874044,0.07372418524983829,0.0,0.0,9.738157724948538e-12,33.5771414113,2.9999151839096183
noise_paired,C1,0.028,0.001,16,P,completed,False,,,2.3494220605764298e-14,6.861036010745027e-12,0.2797572402277757,91,98,0.41566262737246396,0.0011930979201917322,0.0011707656187880447,1.0000229005874179e-08,0.010179365747809435,True,True,0.0,2.2203952008959127e-16,1.0000229005874182,52.39689493317025,0.17455041707109065,0.12015178015648087,0.17455042707131965,0.0,0.0,1.9022793598604587e-15,12.457224552939017,2.9999151839096183
noise_paired,C1,0.04,0.001,16,P,completed,False,,,2.8198433386352685e-14,5.719704977736915e-12,0.043559303372588155,63,68,0.05687180156905602,0.0011930979201917322,0.0011707656187880447,1.0000229005874179e-08,0.01812426553940228,True,True,0.0,2.2203952008959127e-16,1.0000229005874182,4.657975285406531,0.5816006256726087,0.5813284865922567,0.5816006356728377,0.0,0.0,2.6546188243340923e-16,2.5854483510290756,2.9999151839096183
noise_paired,C1,0.005,0.001,17,R,completed,False,,,1.5166417350731282e-13,2.4748581635942725e-10,0.8661339684949776,511,547,2.5574816935214297,0.0011931100514566753,0.0012016616288521356,1.0000296046662911e-08,0.08204506439469275,True,True,0.0,2.2203803156320294e-16,1.0000296046662913,340.47707862549913,0.13677165133770686,0.0007372772139763173,0.1367716613380029,0.0,0.0,7.532058157576257e-11,150.36071823955146,2.9999151839096183
noise_paired,C1,0.007,0.001,17,R,completed,False,,,1.0544888710692726e-13,1.2295585307806304e-10,0.7933646999286325,365,391,1.5783238802770998,0.0011931100514566753,0.0012016616288521356,1.0000296046662911e-08,0.08043431449209157,True,True,0.0,0.0,1.000029604666291,247.52747777564267,0.14407347359077582,0.004704744378834946,0.14407348359107186,0.0,0.0,5.391439845962115e-11,106.27754326486905,2.9999151839096183
noise_paired,C1,0.01,0.001,17,R,completed,False,,,8.055129584552583e-14,6.566162002104704e-11,0.7992189580940309,255,273,1.611580449332339,0.0011931100514566753,0.0012016616288521356,1.0000296046662911e-08,0.07775682731640228,True,True,0.0,2.2203803156320294e-16,1.0000296046662913,162.36313093224138,0.2562558949636049,0.02403277358052347,0.25625590496390094,0.0,0.0,4.506323861126566e-12,75.81512217448943,2.9999151839096183
noise_paired,C1,0.014,0.001,17,R,completed,False,,,5.73196365320049e-14,3.337628978922578e-11,0.6659669109952623,182,195,1.5826097872537783,0.0011931100514566753,0.0012016616288521356,1.0000296046662911e-08,0.06913895027250759,True,True,0.0,2.2203803156320294e-16,1.0000296046662909,114.68079643658365,0.1636144610269551,0.05010103930854526,0.16361447102725113,0.0,0.0,7.864440674206598e-12,49.011941025549255,2.9999151839096183
noise_paired,C1,0.02,0.001,17,R,completed,False,,,4.5278829980839326e-14,1.8422964616837428e-11,0.5319725473920772,127,136,0.7786064497973383,0.0011931100514566753,0.0012016616288521356,1.0000296046662911e-08,0.056560914870076105,True,True,0.0,2.2203803156320294e-16,1.0000296046662909,84.72538790008844,0.14563139437130568,0.0574763177811618,0.1456314043716017,0.0,0.0,4.0596785650366065e-14,32.06534181947027,2.9999151839096183
noise_paired,C1,0.028,0.001,17,R,completed,False,,,2.349437810926538e-14,6.861082006618262e-12,0.3714209409748513,91,98,0.6428742662151645,0.0011931100514566753,0.0012016616288521356,1.0000296046662911e-08,0.01446067010481188,True,True,0.0,2.2203803156320294e-16,1.0000296046662909,49.95601278116814,0.18883856730022786,0.1539821027603141,0.1888385773005239,0.0,0.0,2.861032041601222e-15,15.01842249139582,2.9999151839096183
noise_paired,C1,0.04,0.001,17,R,completed,False,,,2.8198622426545073e-14,5.719743322212106e-12,0.04409611221204226,63,68,0.05830740000295616,0.0011931100514566753,0.0012016616288521356,1.0000296046662911e-08,0.018114548007051676,True,True,0.0,2.2203803156320294e-16,1.0000296046662909,4.666941018373451,0.5827625847209958,0.5824917799815744,0.5827625947212919,0.0,0.0,2.5762818533335545e-16,2.5823912611606454,2.9999151839096183
noise_paired,C1,0.005,0.001,17,P,completed,False,,,1.5166417350731282e-13,2.4748581635942725e-10,0.8661339684949776,511,547,2.5574816935214297,0.0011931100514566753,0.0012016616288521356,1.0000296046662911e-08,0.08204506439469275,True,True,0.0,2.2203803156320294e-16,1.0000296046662913,340.47707862549913,0.13677165133770686,0.0007372772139763173,0.1367716613380029,0.0,0.0,7.532058157576257e-11,150.36071823955146,2.9999151839096183
noise_paired,C1,0.007,0.001,17,P,completed,False,,,1.0544888710692726e-13,1.2295585307806304e-10,0.7933646999286325,365,391,1.5783238802770998,0.0011931100514566753,0.0012016616288521356,1.0000296046662911e-08,0.08043431449209157,True,True,0.0,0.0,1.000029604666291,247.52747777564267,0.14407347359077582,0.004704744378834946,0.14407348359107186,0.0,0.0,5.391439845962115e-11,106.27754326486905,2.9999151839096183
noise_paired,C1,0.01,0.001,17,P,completed,False,,,8.055129584552583e-14,6.566162002104704e-11,0.7992189580940309,255,273,1.611580449332339,0.0011931100514566753,0.0012016616288521356,1.0000296046662911e-08,0.07775682731640228,True,True,0.0,2.2203803156320294e-16,1.0000296046662913,162.36313093224138,0.2562558949636049,0.02403277358052347,0.25625590496390094,0.0,0.0,4.506323861126566e-12,75.81512217448943,2.9999151839096183
noise_paired,C1,0.014,0.001,17,P,completed,False,,,5.73196365320049e-14,3.337628978922578e-11,0.6659669109952623,182,195,1.5826097872537783,0.0011931100514566753,0.0012016616288521356,1.0000296046662911e-08,0.06913895027250759,True,True,0.0,2.2203803156320294e-16,1.0000296046662909,114.68079643658365,0.1636144610269551,0.05010103930854526,0.16361447102725113,0.0,0.0,7.864440674206598e-12,49.011941025549255,2.9999151839096183
noise_paired,C1,0.02,0.001,17,P,completed,False,,,4.5278829980839326e-14,1.8422964616837428e-11,0.5319725473920772,127,136,0.7786064497973383,0.0011931100514566753,0.0012016616288521356,1.0000296046662911e-08,0.056560914870076105,True,True,0.0,2.2203803156320294e-16,1.0000296046662909,84.72538790008844,0.14563139437130568,0.0574763177811618,0.1456314043716017,0.0,0.0,4.0596785650366065e-14,32.06534181947027,2.9999151839096183
noise_paired,C1,0.028,0.001,17,P,completed,False,,,2.349437810926538e-14,6.861082006618262e-12,0.3714209409748513,91,98,0.6428742662151645,0.0011931100514566753,0.0012016616288521356,1.0000296046662911e-08,0.01446067010481188,True,True,0.0,2.2203803156320294e-16,1.0000296046662909,49.95601278116814,0.18883856730022786,0.1539821027603141,0.1888385773005239,0.0,0.0,2.861032041601222e-15,15.01842249139582,2.9999151839096183
noise_paired,C1,0.04,0.001,17,P,completed,False,,,2.8198622426545073e-14,5.719743322212106e-12,0.04409611221204226,63,68,0.05830740000295616,0.0011931100514566753,0.0012016616288521356,1.0000296046662911e-08,0.018114548007051676,True,True,0.0,2.2203803156320294e-16,1.0000296046662909,4.666941018373451,0.5827625847209958,0.5824917799815744,0.5827625947212919,0.0,0.0,2.5762818533335545e-16,2.5823912611606454,2.9999151839096183
noise_paired,C1,0.005,0.001,18,R,completed,False,,,1.5166630452033534e-13,2.4748929374954083e-10,0.83414838326896,511,547,2.2445492851117566,0.0011930555960383911,0.001155553001189589,1.0000436559485495e-08,0.08324199550383317,True,True,0.0,2.2203491178034644e-16,1.0000436559485493,352.6504307874713,0.15827422042346917,0.00021461342725648258,0.15827423042390573,0.0,0.0,8.414679133155045e-11,149.48592876331244,2.9999151839096183
noise_paired,C1,0.007,0.001,18,R,completed,False,,,1.0545036875514012e-13,1.2295758071431384e-10,0.7313834284696262,365,391,1.5595052974806247,0.0011930555960383911,0.001155553001189589,1.0000436559485495e-08,0.08113435556796063,True,True,0.0,2.2203491178034644e-16,1.0000436559485493,244.56825756490608,0.179895333310915,0.00714051720507991,0.17989534331135157,0.0,0.0,4.4073588582256795e-11,102.5307072260783,2.9999151839096183
noise_paired,C1,0.01,0.001,18,R,completed,False,,,8.055242766101301e-14,6.566254262369015e-11,0.6690548629747373,255,273,1.1216628471041232,0.0011930555960383911,0.001155553001189589,1.0000436559485495e-08,0.07853533819820714,True,True,0.0,2.2203491178034644e-16,1.0000436559485497,166.59352595432907,0.1666764469261568,0.04458967839615613,0.16667645692659336,0.0,0.0,6.147187010131576e-11,72.20231329625612,2.9999151839096183
noise_paired,C1,0.014,0.001,18,R,completed,False,,,5.732044192255345e-14,3.3376758755010766e-11,0.6624601351665378,182,195,1.214944160722545,0.0011930555960383911,0.001155553001189589,1.0000436559485495e-08,0.06885066291535435,True,True,0.0,4.440698235606929e-16,1.00004365594855,121.93237569329602,0.12995084949207525,0.04345427789431844,0.1299508594925118,0.0,0.0,7.774309185040158e-12,50.43696619622917,2.9999151839096183
noise_paired,C1,0.02,0.001,18,R,completed,False,,,4.5279466187625024e-14,1.842322347544987e-11,0.6837445030470282,127,136,1.0371592172650734,0.0011930555960383911,0.001155553001189589,1.0000436559485495e-08,0.05135635708091315,True,True,0.0,2.2203491178034644e-16,1.0000436559485497,92.76304925248175,0.10704557319014185,0.03752852916908733,0.10704558319057841,0.0,0.0,4.286702026027002e-11,36.936030678626196,2.9999151839096183
noise_paired,C1,0.028,0.001,18,R,completed,False,,,2.3494708225630697e-14,6.861178410764122e-12,0.24905909356618358,91,98,0.3631056329497945,0.0011930555960383911,0.001155553001189589,1.0000436559485495e-08,0.011583725880511694,True,True,0.0,0.0,1.0000436559485495,40.89799402644742,0.24183668893595933,0.20906136110562512,0.2418366989363959,0.0,0.0,4.136912265169641e-15,12.351341166328261,2.9999151839096183
noise_paired,C1,0.04,0.001,18,R,completed,False,,,2.8199018641618268e-14,5.719823689560723e-12,0.043724463804899805,63,68,0.060295348840230155,0.0011930555960383911,0.001155553001189589,1.0000436559485495e-08,0.018137319065089676,True,True,0.0,0.0,1.0000436559485495,4.583734249739107,0.5727445975650435,0.5724410468099528,0.5727446075654801,0.0,0.0,2.6189742012758375e-16,2.6047641593797954,2.9999151839096183
noise_paired,C1,0.005,0.001,18,P,completed,False,,,1.5166630452033534e-13,2.4748929374954083e-10,0.83414838326896,511,547,2.2445492851117566,0.0011930555960383911,0.001155553001189589,1.0000436559485495e-08,0.08324199550383317,True,True,0.0,2.2203491178034644e-16,1.0000436559485493,352.6504307874713,0.15827422042346917,0.00021461342725648258,0.15827423042390573,0.0,0.0,8.414679133155045e-11,149.48592876331244,2.9999151839096183
noise_paired,C1,0.007,0.001,18,P,completed,False,,,1.0545036875514012e-13,1.2295758071431384e-10,0.7313834284696262,365,391,1.5595052974806247,0.0011930555960383911,0.001155553001189589,1.0000436559485495e-08,0.08113435556796063,True,True,0.0,2.2203491178034644e-16,1.0000436559485493,244.56825756490608,0.179895333310915,0.00714051720507991,0.17989534331135157,0.0,0.0,4.4073588582256795e-11,102.5307072260783,2.9999151839096183
noise_paired,C1,0.01,0.001,18,P,completed,False,,,8.055242766101301e-14,6.566254262369015e-11,0.6690548629747373,255,273,1.1216628471041232,0.0011930555960383911,0.001155553001189589,1.0000436559485495e-08,0.07853533819820714,True,True,0.0,2.2203491178034644e-16,1.0000436559485497,166.59352595432907,0.1666764469261568,0.04458967839615613,0.16667645692659336,0.0,0.0,6.147187010131576e-11,72.20231329625612,2.9999151839096183
noise_paired,C1,0.014,0.001,18,P,completed,False,,,5.732044192255345e-14,3.3376758755010766e-11,0.6624601351665378,182,195,1.214944160722545,0.0011930555960383911,0.001155553001189589,1.0000436559485495e-08,0.06885066291535435,True,True,0.0,4.440698235606929e-16,1.00004365594855,121.93237569329602,0.12995084949207525,0.04345427789431844,0.1299508594925118,0.0,0.0,7.774309185040158e-12,50.43696619622917,2.9999151839096183
noise_paired,C1,0.02,0.001,18,P,completed,False,,,4.5279466187625024e-14,1.842322347544987e-11,0.6837445030470282,127,136,1.0371592172650734,0.0011930555960383911,0.001155553001189589,1.0000436559485495e-08,0.05135635708091315,True,True,0.0,2.2203491178034644e-16,1.0000436559485497,92.76304925248175,0.10704557319014185,0.03752852916908733,0.10704558319057841,0.0,0.0,4.286702026027002e-11,36.936030678626196,2.9999151839096183
noise_paired,C1,0.028,0.001,18,P,completed,False,,,2.3494708225630697e-14,6.861178410764122e-12,0.24905909356618358,91,98,0.3631056329497945,0.0011930555960383911,0.001155553001189589,1.0000436559485495e-08,0.011583725880511694,True,True,0.0,0.0,1.0000436559485495,40.89799402644742,0.24183668893595933,0.20906136110562512,0.2418366989363959,0.0,0.0,4.136912265169641e-15,12.351341166328261,2.9999151839096183
noise_paired,C1,0.04,0.001,18,P,completed,False,,,2.8199018641618268e-14,5.719823689560723e-12,0.043724463804899805,63,68,0.060295348840230155,0.0011930555960383911,0.001155553001189589,1.0000436559485495e-08,0.018137319065089676,True,True,0.0,0.0,1.0000436559485495,4.583734249739107,0.5727445975650435,0.5724410468099528,0.5727446075654801,0.0,0.0,2.6189742012758375e-16,2.6047641593797954,2.9999151839096183
noise_paired,C1,0.005,0.001,19,R,completed,False,,,1.5166450250503432e-13,2.474863532183821e-10,0.832093694581185,511,547,1.5205893981060878,0.001193084406036923,0.0012253348601496139,1.0000317739819162e-08,0.08281698678671695,True,True,0.0,4.4407509981587164e-16,1.0000317739819167,334.37640855979356,0.2204988823055516,0.0049701993725486115,0.22049889230586933,0.0,0.0,1.6706078316335285e-10,150.20755852690363,2.9999151839096183
noise_paired,C1,0.007,0.001,19,R,completed,False,,,1.0544911585207379e-13,1.2295611980022008e-10,0.8034097115026358,365,391,1.6340479729575175,0.001193084406036923,0.0012253348601496139,1.0000317739819162e-08,0.08122609140646116,True,True,0.0,4.4407509981587164e-16,1.0000317739819167,225.42270090191013,0.17358653802596957,0.006551949825922554,0.1735865480262873,0.0,0.0,2.659069757240915e-11,105.45499073759595,2.9999151839096183
noise_paired,C1,0.01,0.001,19,R,completed,False,,,8.055147058153753e-14,6.566176245760853e-11,0.7750457574644828,255,273,1.5750600792387974,0.001193084406036923,0.0012253348601496139,1.0000317739819162e-08,0.07647629251551427,True,True,0.0,4.4407509981587164e-16,1.0000317739819167,183.77168527349744,0.09908151374834939,0.03749855225963039,0.09908152374866713,0.0,0.0,7.883961363605303e-11,74.94915334049361,2.9999151839096183
noise_paired,C1,0.014,0.001,19,R,completed,False,,,5.7319760872707e-14,3.3376362190789304e-11,0.6840580037125134,182,195,1.5290506260038461,0.001193084406036923,0.0012253348601496139,1.0000317739819162e-08,0.06744086710688586,True,True,0.0,2.2203754990793582e-16,1.0000317739819164,113.8190975081215,0.19221365387930267,0.00818730586191918,0.1922136638796204,0.0,0.0,8.07238769133419e-12,50.00416792170585,2.9999151839096183
noise_paired,C1,0.02,0.001,19,R,completed,False,,,4.527892820200489e-14,1.842300458087931e-11,0.5315959443716886,127,136,0.9103591960147857,0.001193084406036923,0.0012253348601496139,1.0000317739819162e-08,0.049795446963006744,True,True,0.0,2.2203754990793582e-16,1.0000317739819164,75.98119856253953,0.1922664216137353,0.11019959042369187,0.19226643161405305,0.0,0.0,2.2410072842263467e-12,31.37965555499688,2.9999151839096183
noise_paired,C1,0.028,0.001,19,R,completed,False,,,2.349442907447811e-14,6.8610968900300455e-12,0.367139225707512,91,98,0.5649255768552767,0.001193084406036923,0.0012253348601496139,1.0000317739819162e-08,0.016627117182283484,True,True,0.0,2.2203754990793582e-16,1.0000317739819164,48.18605463975449,0.2112833327515935,0.20100329832413888,0.21128334275191124,0.0,0.0,2.5521562537267453e-15,15.261838753889588,2.9999151839096183
noise_paired,C1,0.04,0.001,19,R,completed,False,,,2.8198683596446392e-14,5.719755729773345e-12,0.04370124842462396,63,68,0.05929323566248237,0.001193084406036923,0.0012253348601496139,1.0000317739819162e-08,0.018134238552959123,True,True,0.0,2.2203754990793582e-16,1.0000317739819164,4.58517359639068,0.5867705436390326,0.5865000684596584,0.5867705536393503,0.0,0.0,2.595334342556667e-16,2.58508848348066,2.9999151839096183
noise_paired,C1,0.005,0.001,19,P,completed,False,,,1.5166450250503432e-13,2.474863532183821e-10,0.832093694581185,511,547,1.5205893981060878,0.001193084406036923,0.0012253348601496139,1.0000317739819162e-08,0.08281698678671695,True,True,0.0,4.4407509981587164e-16,1.0000317739819167,334.37640855979356,0.2204988823055516,0.0049701993725486115,0.22049889230586933,0.0,0.0,1.6706078316335285e-10,150.20755852690363,2.9999151839096183
noise_paired,C1,0.007,0.001,19,P,completed,False,,,1.0544911585207379e-13,1.2295611980022008e-10,0.8034097115026358,365,391,1.6340479729575175,0.001193084406036923,0.0012253348601496139,1.0000317739819162e-08,0.08122609140646116,True,True,0.0,4.4407509981587164e-16,1.0000317739819167,225.42270090191013,0.17358653802596957,0.006551949825922554,0.1735865480262873,0.0,0.0,2.659069757240915e-11,105.45499073759595,2.9999151839096183
noise_paired,C1,0.01,0.001,19,P,completed,False,,,8.055147058153753e-14,6.566176245760853e-11,0.7750457574644828,255,273,1.5750600792387974,0.001193084406036923,0.0012253348601496139,1.0000317739819162e-08,0.07647629251551427,True,True,0.0,4.4407509981587164e-16,1.0000317739819167,183.77168527349744,0.09908151374834939,0.03749855225963039,0.09908152374866713,0.0,0.0,7.883961363605303e-11,74.94915334049361,2.9999151839096183
noise_paired,C1,0.014,0.001,19,P,completed,False,,,5.7319760872707e-14,3.3376362190789304e-11,0.6840580037125134,182,195,1.5290506260038461,0.001193084406036923,0.0012253348601496139,1.0000317739819162e-08,0.06744086710688586,True,True,0.0,2.2203754990793582e-16,1.0000317739819164,113.8190975081215,0.19221365387930267,0.00818730586191918,0.1922136638796204,0.0,0.0,8.07238769133419e-12,50.00416792170585,2.9999151839096183
noise_paired,C1,0.02,0.001,19,P,completed,False,,,4.527892820200489e-14,1.842300458087931e-11,0.5315959443716886,127,136,0.9103591960147857,0.001193084406036923,0.0012253348601496139,1.0000317739819162e-08,0.049795446963006744,True,True,0.0,2.2203754990793582e-16,1.0000317739819164,75.98119856253953,0.1922664216137353,0.11019959042369187,0.19226643161405305,0.0,0.0,2.2410072842263467e-12,31.37965555499688,2.9999151839096183
noise_paired,C1,0.028,0.001,19,P,completed,False,,,2.349442907447811e-14,6.8610968900300455e-12,0.367139225707512,91,98,0.5649255768552767,0.001193084406036923,0.0012253348601496139,1.0000317739819162e-08,0.016627117182283484,True,True,0.0,2.2203754990793582e-16,1.0000317739819164,48.18605463975449,0.2112833327515935,0.20100329832413888,0.21128334275191124,0.0,0.0,2.5521562537267453e-15,15.261838753889588,2.9999151839096183
noise_paired,C1,0.04,0.001,19,P,completed,False,,,2.8198683596446392e-14,5.719755729773345e-12,0.04370124842462396,63,68,0.05929323566248237,0.001193084406036923,0.0012253348601496139,1.0000317739819162e-08,0.018134238552959123,True,True,0.0,2.2203754990793582e-16,1.0000317739819164,4.58517359639068,0.5867705436390326,0.5865000684596584,0.5867705536393503,0.0,0.0,2.595334342556667e-16,2.58508848348066,2.9999151839096183
noise_paired,C1,0.005,0.001,20,R,completed,False,,,1.5165175159722403e-13,2.4746554626868675e-10,0.7811201179861116,511,547,1.4303232491937659,0.001193167793135039,0.0012728625255058335,9.999476981912942e-09,0.08279213975509168,True,True,0.0,3.3308432830036865e-16,0.9999476981912938,352.5084641610796,0.1991436899814012,0.004491626573640439,0.19914369998087816,0.0,0.0,1.2500004562448468e-10,147.36127475097652,2.9999151839096183
noise_paired,C1,0.007,0.001,20,R,completed,False,,,1.0544025041597833e-13,1.229457824956934e-10,0.7581707793647207,365,391,1.5660961259593547,0.001193167793135039,0.0012728625255058335,9.999476981912942e-09,0.08139265841892018,True,True,0.0,2.2205621886691243e-16,0.9999476981912944,252.35836172800782,0.17098034031818599,0.014760267385474646,0.17098035031766295,0.0,0.0,2.091970263070626e-11,105.23616384117042,2.9999151839096183
noise_paired,C1,0.01,0.001,20,R,completed,False,,,8.05446983681428e-14,6.565624206842102e-11,0.724539479499781,255,273,1.4820788457915117,0.001193167793135039,0.0012728625255058335,9.999476981912942e-09,0.07707382458280557,True,True,0.0,0.0,0.9999476981912941,185.0232038531057,0.1144449403097264,0.027733544323044423,0.11444495030920339,0.0,0.0,5.029065798719797e-12,70.39508118000954,2.9999151839096183
noise_paired,C1,0.014,0.001,20,R,completed,False,,,5.73149418216138e-14,3.337355613590956e-11,0.6136236107524254,182,195,0.9975684644959142,0.001193167793135039,0.0012728625255058335,9.999476981912942e-09,0.07118858782574115,True,True,0.0,0.0,0.9999476981912941,113.63156510769983,0.24589019791398115,0.07652929417929111,0.24589020791345811,0.0,0.0,3.950307934737864e-11,49.94926398803466,2.9999151839096183
noise_paired,C1,0.02,0.001,20,R,completed,False,,,4.52751214612731e-14,1.8421455701417606e-11,0.6487762854351389,127,136,1.0337614611390484,0.001193167793135039,0.0012728625255058335,9.999476981912942e-09,0.0489546947081368,True,True,0.0,1.1102810943345622e-16,0.999947698191294,96.52132207011192,0.12223420839792354,0.06377775719460199,0.12223421839740052,0.0,0.0,1.0063392393464898e-10,36.10142005192529,2.9999151839096183
noise_paired,C1,0.028,0.001,20,R,completed,False,,,2.3492453824540014e-14,6.860520056212789e-12,0.3628047996809706,91,98,0.5256078884187347,0.001193167793135039,0.0012728625255058335,9.999476981912942e-09,0.014814585605694885,True,True,0.0,1.1102810943345622e-16,0.999947698191294,46.42125652237006,0.20980296294984702,0.20842670594567858,0.20980297294932398,0.0,0.0,2.3291144350027666e-15,15.250599516437832,2.9999151839096183
noise_paired,C1,0.04,0.001,20,R,completed,False,,,2.819631284515673e-14,5.719274852067599e-12,0.0434603336124277,63,68,0.06025361177420116,0.001193167793135039,0.0012728625255058335,9.999476981912942e-09,0.018143643339359614,True,True,0.0,2.2205621886691243e-16,0.9999476981912944,4.68057382123924,0.5778552971228657,0.5775600431431349,0.5778553071223427,0.0,0.0,2.536116289059079e-16,2.608362229064248,2.9999151839096183
noise_paired,C1,0.005,0.001,20,P,completed,False,,,1.5165175159722403e-13,2.4746554626868675e-10,0.7811201179861116,511,547,1.4303232491937659,0.001193167793135039,0.0012728625255058335,9.999476981912942e-09,0.08279213975509168,True,True,0.0,3.3308432830036865e-16,0.9999476981912938,352.5084641610796,0.1991436899814012,0.004491626573640439,0.19914369998087816,0.0,0.0,1.2500004562448468e-10,147.36127475097652,2.9999151839096183
noise_paired,C1,0.007,0.001,20,P,completed,False,,,1.0544025041597833e-13,1.229457824956934e-10,0.7581707793647207,365,391,1.5660961259593547,0.001193167793135039,0.0012728625255058335,9.999476981912942e-09,0.08139265841892018,True,True,0.0,2.2205621886691243e-16,0.9999476981912944,252.35836172800782,0.17098034031818599,0.014760267385474646,0.17098035031766295,0.0,0.0,2.091970263070626e-11,105.23616384117042,2.9999151839096183
noise_paired,C1,0.01,0.001,20,P,completed,False,,,8.05446983681428e-14,6.565624206842102e-11,0.724539479499781,255,273,1.4820788457915117,0.001193167793135039,0.0012728625255058335,9.999476981912942e-09,0.07707382458280557,True,True,0.0,0.0,0.9999476981912941,185.0232038531057,0.1144449403097264,0.027733544323044423,0.11444495030920339,0.0,0.0,5.029065798719797e-12,70.39508118000954,2.9999151839096183
noise_paired,C1,0.014,0.001,20,P,completed,False,,,5.73149418216138e-14,3.337355613590956e-11,0.6136236107524254,182,195,0.9975684644959142,0.001193167793135039,0.0012728625255058335,9.999476981912942e-09,0.07118858782574115,True,True,0.0,0.0,0.9999476981912941,113.63156510769983,0.24589019791398115,0.07652929417929111,0.24589020791345811,0.0,0.0,3.950307934737864e-11,49.94926398803466,2.9999151839096183
noise_paired,C1,0.02,0.001,20,P,completed,False,,,4.52751214612731e-14,1.8421455701417606e-11,0.6487762854351389,127,136,1.0337614611390484,0.001193167793135039,0.0012728625255058335,9.999476981912942e-09,0.0489546947081368,True,True,0.0,1.1102810943345622e-16,0.999947698191294,96.52132207011192,0.12223420839792354,0.06377775719460199,0.12223421839740052,0.0,0.0,1.0063392393464898e-10,36.10142005192529,2.9999151839096183
noise_paired,C1,0.028,0.001,20,P,completed,False,,,2.3492453824540014e-14,6.860520056212789e-12,0.3628047996809706,91,98,0.5256078884187347,0.001193167793135039,0.0012728625255058335,9.999476981912942e-09,0.014814585605694885,True,True,0.0,1.1102810943345622e-16,0.999947698191294,46.42125652237006,0.20980296294984702,0.20842670594567858,0.20980297294932398,0.0,0.0,2.3291144350027666e-15,15.250599516437832,2.9999151839096183
noise_paired,C1,0.04,0.001,20,P,completed,False,,,2.819631284515673e-14,5.719274852067599e-12,0.0434603336124277,63,68,0.06025361177420116,0.001193167793135039,0.0012728625255058335,9.999476981912942e-09,0.018143643339359614,True,True,0.0,2.2205621886691243e-16,0.9999476981912944,4.68057382123924,0.5778552971228657,0.5775600431431349,0.5778553071223427,0.0,0.0,2.536116289059079e-16,2.608362229064248,2.9999151839096183
noise_paired,C1,0.005,0.001,21,R,completed,False,,,1.516517411409391e-13,2.47465529206106e-10,0.8194358345503371,511,547,1.6550094033591687,0.0011931905320738023,0.001191617463691128,9.999476292455819e-09,0.08245510124789587,True,True,0.0,0.0,0.9999476292455819,312.28508071218596,0.22050547887263083,0.0031186405894777502,0.22050548887210714,0.0,0.0,3.4959553438897434e-11,148.06170602761946,2.9999151839096183
noise_paired,C1,0.007,0.001,21,R,completed,False,,,1.0544024314594494e-13,1.229457740186655e-10,0.6955166597377289,365,391,1.2080228732070906,0.0011931905320738023,0.001191617463691128,9.999476292455819e-09,0.08165611205666312,True,True,0.0,0.0,0.9999476292455819,270.9708362673739,0.08527329108386328,0.017147551764156832,0.08527330108333957,0.0,0.0,4.632972868131642e-11,103.75863713561989,2.9999151839096183
noise_paired,C1,0.01,0.001,21,R,completed,False,,,8.054469281464074e-14,6.565623754146788e-11,0.6384925242263684,255,273,1.21227499385775,0.0011931905320738023,0.001191617463691128,9.999476292455819e-09,0.07845112884967435,True,True,0.0,1.1102811708876922e-16,0.999947629245582,148.8550577088583,0.2393145130771377,0.055450479189397384,0.239314523076614,0.0,0.0,4.478436469241627e-11,70.26609203480994,2.9999151839096183
noise_paired,C1,0.014,0.001,21,R,completed,False,,,5.731493786978763e-14,3.337355383482561e-11,0.618177288405743,182,195,1.2550525045070893,0.0011931905320738023,0.001191617463691128,9.999476292455819e-09,0.06942888918852469,True,True,0.0,0.0,0.9999476292455819,110.99595080825246,0.25484150199911404,0.057213875902944245,0.25484151199859034,0.0,0.0,1.6621997393021338e-11,48.09380640737237,2.9999151839096183
noise_paired,C1,0.02,0.001,21,R,completed,False,,,4.527511833958433e-14,1.842145443127079e-11,0.5952120542207023,127,136,0.9556279658832065,0.0011931905320738023,0.001191617463691128,9.999476292455819e-09,0.0567393919689987,True,True,0.0,1.1102811708876922e-16,0.9999476292455818,100.86460163336413,0.06892215814568958,0.014253175641365301,0.06892216814516587,0.0,0.0,8.458112678230295e-12,33.948614979555735,2.9999151839096183
noise_paired,C1,0.028,0.001,21,R,completed,False,,,2.3492452204751334e-14,6.860519583184607e-12,0.41447621643046006,91,98,0.5385960133018891,0.0011931905320738023,0.001191617463691128,9.999476292455819e-09,0.01621945456176943,True,True,0.0,1.1102811708876922e-16,0.9999476292455818,50.52186652738363,0.1210735027637585,0.12060164124719042,0.12107351276323479,0.0,0.0,6.846467200655594e-15,19.05643431796576,2.9999151839096183
noise_paired,C1,0.04,0.001,21,R,completed,False,,,2.8196310901040177e-14,5.719274457727496e-12,0.04360842517306375,63,68,0.059970076172691726,0.0011931905320738023,0.001191617463691128,9.999476292455819e-09,0.018125369285184552,True,True,0.0,0.0,0.9999476292455819,4.769425605918939,0.5868310794841597,0.5865768806333738,0.5868310894836359,0.0,0.0,2.7515021682450605e-16,2.577223758135376,2.9999151839096183
noise_paired,C1,0.005,0.001,21,P,completed,False,,,1.516517411409391e-13,2.47465529206106e-10,0.8194358345503371,511,547,1.6550094033591687,0.0011931905320738023,0.001191617463691128,9.999476292455819e-09,0.08245510124789587,True,True,0.0,0.0,0.9999476292455819,312.28508071218596,0.22050547887263083,0.0031186405894777502,0.22050548887210714,0.0,0.0,3.4959553438897434e-11,148.06170602761946,2.9999151839096183
noise_paired,C1,0.007,0.001,21,P,completed,False,,,1.0544024314594494e-13,1.229457740186655e-10,0.6955166597377289,365,391,1.2080228732070906,0.0011931905320738023,0.001191617463691128,9.999476292455819e-09,0.08165611205666312,True,True,0.0,0.0,0.9999476292455819,270.9708362673739,0.08527329108386328,0.017147551764156832,0.08527330108333957,0.0,0.0,4.632972868131642e-11,103.75863713561989,2.9999151839096183
noise_paired,C1,0.01,0.001,21,P,completed,False,,,8.054469281464074e-14,6.565623754146788e-11,0.6384925242263684,255,273,1.21227499385775,0.0011931905320738023,0.001191617463691128,9.999476292455819e-09,0.07845112884967435,True,True,0.0,1.1102811708876922e-16,0.999947629245582,148.8550577088583,0.2393145130771377,0.055450479189397384,0.239314523076614,0.0,0.0,4.478436469241627e-11,70.26609203480994,2.9999151839096183
noise_paired,C1,0.014,0.001,21,P,completed,False,,,5.731493786978763e-14,3.337355383482561e-11,0.618177288405743,182,195,1.2550525045070893,0.0011931905320738023,0.001191617463691128,9.999476292455819e-09,0.06942888918852469,True,True,0.0,0.0,0.9999476292455819,110.99595080825246,0.25484150199911404,0.057213875902944245,0.25484151199859034,0.0,0.0,1.6621997393021338e-11,48.09380640737237,2.9999151839096183
noise_paired,C1,0.02,0.001,21,P,completed,False,,,4.527511833958433e-14,1.842145443127079e-11,0.5952120542207023,127,136,0.9556279658832065,0.0011931905320738023,0.001191617463691128,9.999476292455819e-09,0.0567393919689987,True,True,0.0,1.1102811708876922e-16,0.9999476292455818,100.86460163336413,0.06892215814568958,0.014253175641365301,0.06892216814516587,0.0,0.0,8.458112678230295e-12,33.948614979555735,2.9999151839096183
noise_paired,C1,0.028,0.001,21,P,completed,False,,,2.3492452204751334e-14,6.860519583184607e-12,0.41447621643046006,91,98,0.5385960133018891,0.0011931905320738023,0.001191617463691128,9.999476292455819e-09,0.01621945456176943,True,True,0.0,1.1102811708876922e-16,0.9999476292455818,50.52186652738363,0.1210735027637585,0.12060164124719042,0.12107351276323479,0.0,0.0,6.846467200655594e-15,19.05643431796576,2.9999151839096183
noise_paired,C1,0.04,0.001,21,P,completed,False,,,2.8196310901040177e-14,5.719274457727496e-12,0.04360842517306375,63,68,0.059970076172691726,0.0011931905320738023,0.001191617463691128,9.999476292455819e-09,0.018125369285184552,True,True,0.0,0.0,0.9999476292455819,4.769425605918939,0.5868310794841597,0.5865768806333738,0.5868310894836359,0.0,0.0,2.7515021682450605e-16,2.577223758135376,2.9999151839096183
noise_paired,C1,0.005,0.001,22,R,completed,False,,,1.5164650139559396e-13,2.474569789821192e-10,0.8220764544470265,511,547,2.2735344724541147,0.00119323747811281,0.0012714979723010512,9.999130798833635e-09,0.08240111471230055,True,True,0.0,1.1103195337285321e-16,0.9999130798833633,323.4505089397529,0.2231726049027336,0.0006973150368398962,0.2231726149018644,0.0,0.0,1.447991788825192e-12,145.9491922940951,2.9999151839096183
noise_paired,C1,0.007,0.001,22,R,completed,False,,,1.0543660006200102e-13,1.2294152609811888e-10,0.7125869688371578,365,391,1.423990196166474,0.00119323747811281,0.0012714979723010512,9.999130798833635e-09,0.08119457135853367,True,True,0.0,1.1103195337285321e-16,0.9999130798833633,258.8038102400924,0.10610351816698582,0.010522006314022114,0.10610352816611662,0.0,0.0,4.210189649875079e-11,104.11431301912087,2.9999151839096183
noise_paired,C1,0.01,0.001,22,R,completed,False,,,8.054190990113064e-14,6.56539690415321e-11,0.7231418057288923,255,273,1.3949532337871022,0.00119323747811281,0.0012714979723010512,9.999130798833635e-09,0.07809985024781037,True,True,0.0,2.2206390674570643e-16,0.9999130798833636,148.8977868633771,0.29020176164727984,0.00445368496434928,0.29020177164641064,0.0,0.0,4.609776538008262e-12,72.43216982475747,2.9999151839096183
noise_paired,C1,0.014,0.001,22,R,completed,False,,,5.731295757152891e-14,3.3372400739437176e-11,0.6760292390739966,182,195,1.51027686656657,0.00119323747811281,0.0012714979723010512,9.999130798833635e-09,0.0691159806540691,True,True,0.0,2.2206390674570643e-16,0.9999130798833636,120.70303124768138,0.18989763998472542,0.0331765587447056,0.18989764998385622,0.0,0.0,8.234514854403542e-12,50.26167978761035,2.9999151839096183
noise_paired,C1,0.02,0.001,22,R,completed,False,,,4.5273554031197325e-14,1.8420817948435968e-11,0.5501659978289622,127,136,1.0238398395163393,0.00119323747811281,0.0012714979723010512,9.999130798833635e-09,0.048476057475306686,True,True,0.0,2.2206390674570643e-16,0.9999130798833636,74.96524503989237,0.24209835563519744,0.04920213454888955,0.24209836563432824,0.0,0.0,3.3119566019829664e-12,32.72480708329223,2.9999151839096183
noise_paired,C1,0.028,0.001,22,R,completed,False,,,2.34916405130018e-14,6.86028254419461e-12,0.3591383580853902,91,98,0.5693804918656599,0.00119323747811281,0.0012714979723010512,9.999130798833635e-09,0.014607197893081724,True,True,0.0,2.2206390674570643e-16,0.9999130798833636,46.517234489077495,0.2198124960636344,0.21709251562997223,0.2198125060627652,0.0,0.0,2.507650272404843e-15,14.457312648110413,2.9999151839096183
noise_paired,C1,0.04,0.001,22,R,completed,False,,,2.819533668546123e-14,5.719076850093768e-12,0.04386160911353403,63,68,0.057424596275806976,0.00119323747811281,0.0012714979723010512,9.999130798833635e-09,0.018126403174645502,True,True,0.0,2.2206390674570643e-16,0.9999130798833636,4.58468059963378,0.5797992176527148,0.579517876166257,0.5797992276518456,0.0,0.0,2.7278124091943256e-16,2.6087063231389034,2.9999151839096183
noise_paired,C1,0.005,0.001,22,P,completed,False,,,1.5164650139559396e-13,2.474569789821192e-10,0.8220764544470265,511,547,2.2735344724541147,0.00119323747811281,0.0012714979723010512,9.999130798833635e-09,0.08240111471230055,True,True,0.0,1.1103195337285321e-16,0.9999130798833633,323.4505089397529,0.2231726049027336,0.0006973150368398962,0.2231726149018644,0.0,0.0,1.447991788825192e-12,145.9491922940951,2.9999151839096183
noise_paired,C1,0.007,0.001,22,P,completed,False,,,1.0543660006200102e-13,1.2294152609811888e-10,0.7125869688371578,365,391,1.423990196166474,0.00119323747811281,0.0012714979723010512,9.999130798833635e-09,0.08119457135853367,True,True,0.0,1.1103195337285321e-16,0.9999130798833633,258.8038102400924,0.10610351816698582,0.010522006314022114,0.10610352816611662,0.0,0.0,4.210189649875079e-11,104.11431301912087,2.9999151839096183
noise_paired,C1,0.01,0.001,22,P,completed,False,,,8.054190990113064e-14,6.56539690415321e-11,0.7231418057288923,255,273,1.3949532337871022,0.00119323747811281,0.0012714979723010512,9.999130798833635e-09,0.07809985024781037,True,True,0.0,2.2206390674570643e-16,0.9999130798833636,148.8977868633771,0.29020176164727984,0.00445368496434928,0.29020177164641064,0.0,0.0,4.609776538008262e-12,72.43216982475747,2.9999151839096183
noise_paired,C1,0.014,0.001,22,P,completed,False,,,5.731295757152891e-14,3.3372400739437176e-11,0.6760292390739966,182,195,1.51027686656657,0.00119323747811281,0.0012714979723010512,9.999130798833635e-09,0.0691159806540691,True,True,0.0,2.2206390674570643e-16,0.9999130798833636,120.70303124768138,0.18989763998472542,0.0331765587447056,0.18989764998385622,0.0,0.0,8.234514854403542e-12,50.26167978761035,2.9999151839096183
noise_paired,C1,0.02,0.001,22,P,completed,False,,,4.5273554031197325e-14,1.8420817948435968e-11,0.5501659978289622,127,136,1.0238398395163393,0.00119323747811281,0.0012714979723010512,9.999130798833635e-09,0.048476057475306686,True,True,0.0,2.2206390674570643e-16,0.9999130798833636,74.96524503989237,0.24209835563519744,0.04920213454888955,0.24209836563432824,0.0,0.0,3.3119566019829664e-12,32.72480708329223,2.9999151839096183
noise_paired,C1,0.028,0.001,22,P,completed,False,,,2.34916405130018e-14,6.86028254419461e-12,0.3591383580853902,91,98,0.5693804918656599,0.00119323747811281,0.0012714979723010512,9.999130798833635e-09,0.014607197893081724,True,True,0.0,2.2206390674570643e-16,0.9999130798833636,46.517234489077495,0.2198124960636344,0.21709251562997223,0.2198125060627652,0.0,0.0,2.507650272404843e-15,14.457312648110413,2.9999151839096183
noise_paired,C1,0.04,0.001,22,P,completed,False,,,2.819533668546123e-14,5.719076850093768e-12,0.04386160911353403,63,68,0.057424596275806976,0.00119323747811281,0.0012714979723010512,9.999130798833635e-09,0.018126403174645502,True,True,0.0,2.2206390674570643e-16,0.9999130798833636,4.58468059963378,0.5797992176527148,0.579517876166257,0.5797992276518456,0.0,0.0,2.7278124091943256e-16,2.6087063231389034,2.9999151839096183
noise_paired,C1,0.005,0.001,23,R,completed,False,,,1.5166613577882868e-13,2.4748901839690776e-10,0.83014636851312,511,547,1.7411902173935592,0.0011930945853609429,0.0012276823292813512,1.0000425433159595e-08,0.08308248721906755,True,True,0.0,6.661054764393474e-16,1.00004254331596,331.11750574135516,0.1909315252795507,0.0010811381196856873,0.19093153527997614,0.0,0.0,5.015395709430623e-10,150.53579587774976,2.9999151839096183
noise_paired,C1,0.007,0.001,23,R,completed,False,,,1.0545025143274503e-13,1.2295744391367453e-10,0.8527343798466236,365,391,1.692475956989985,0.0011930945853609429,0.0012276823292813512,1.0000425433159595e-08,0.08044548090686669,True,True,0.0,2.2203515881311581e-16,1.0000425433159592,255.3221634633843,0.13761565906409934,0.0032700187317414864,0.13761566906452477,0.0,0.0,9.392797359700628e-12,108.51188522110832,2.9999151839096183
noise_paired,C1,0.01,0.001,23,R,completed,False,,,8.05523380396693e-14,6.566246956859458e-11,0.6530364112768574,255,273,1.6458587906484015,0.0011930945853609429,0.0012276823292813512,1.0000425433159595e-08,0.07777466307328625,True,True,0.0,0.0,1.0000425433159594,147.96523967438122,0.24600773874874626,0.03004405378713293,0.2460077487491717,0.0,0.0,1.9668860820604888e-11,68.72633514399365,2.9999151839096183
noise_paired,C1,0.014,0.001,23,R,completed,False,,,5.732037814874579e-14,3.3376721620562366e-11,0.6451324129328297,182,195,1.30983920840121,0.0011930945853609429,0.0012276823292813512,1.0000425433159595e-08,0.0711681463353851,True,True,0.0,2.2203515881311581e-16,1.0000425433159597,133.17359747790798,0.09279958151940337,0.020791168982550512,0.0927995915198288,0.0,0.0,5.926802010352392e-11,50.409554602091745,2.9999151839096183
noise_paired,C1,0.02,0.001,23,R,completed,False,,,4.527941581041455e-14,1.8423202978065852e-11,0.6464600373218712,127,136,1.4613211192781734,0.0011930945853609429,0.0012276823292813512,1.0000425433159595e-08,0.04690263167996531,True,True,0.0,0.0,1.0000425433159594,79.6290912724929,0.2037874186001949,0.09312914225928537,0.20378742860062032,0.0,0.0,1.379652345374423e-12,34.87778473110863,2.9999151839096183
noise_paired,C1,0.028,0.001,23,R,completed,False,,,2.3494682085793788e-14,6.86117077712667e-12,0.2420119613784681,91,98,0.3128910088316733,0.0011930945853609429,0.0012276823292813512,1.0000425433159595e-08,0.010934044302995907,True,True,0.0,0.0,1.0000425433159594,40.7190899201664,0.21770634639584896,0.21243605889005646,0.2177063563962744,0.0,0.0,1.0285395349823321e-15,10.263907697890398,2.9999151839096183
noise_paired,C1,0.04,0.001,23,R,completed,False,,,2.8198987267840774e-14,5.719817325776295e-12,0.04408193878269077,63,68,0.05721235320151743,0.0011930945853609429,0.0012276823292813512,1.0000425433159595e-08,0.01810878642765498,True,True,0.0,0.0,1.0000425433159594,4.824331736039226,0.5764668102535302,0.5761704641611469,0.5764668202539557,0.0,0.0,2.4306497432079696e-16,2.6293958962481234,2.9999151839096183
noise_paired,C1,0.005,0.001,23,P,completed,False,,,1.5166613577882868e-13,2.4748901839690776e-10,0.83014636851312,511,547,1.7411902173935592,0.0011930945853609429,0.0012276823292813512,1.0000425433159595e-08,0.08308248721906755,True,True,0.0,6.661054764393474e-16,1.00004254331596,331.11750574135516,0.1909315252795507,0.0010811381196856873,0.19093153527997614,0.0,0.0,5.015395709430623e-10,150.53579587774976,2.9999151839096183
noise_paired,C1,0.007,0.001,23,P,completed,False,,,1.0545025143274503e-13,1.2295744391367453e-10,0.8527343798466236,365,391,1.692475956989985,0.0011930945853609429,0.0012276823292813512,1.0000425433159595e-08,0.08044548090686669,True,True,0.0,2.2203515881311581e-16,1.0000425433159592,255.3221634633843,0.13761565906409934,0.0032700187317414864,0.13761566906452477,0.0,0.0,9.392797359700628e-12,108.51188522110832,2.9999151839096183
noise_paired,C1,0.01,0.001,23,P,completed,False,,,8.05523380396693e-14,6.566246956859458e-11,0.6530364112768574,255,273,1.6458587906484015,0.0011930945853609429,0.0012276823292813512,1.0000425433159595e-08,0.07777466307328625,True,True,0.0,0.0,1.0000425433159594,147.96523967438122,0.24600773874874626,0.03004405378713293,0.2460077487491717,0.0,0.0,1.9668860820604888e-11,68.72633514399365,2.9999151839096183
noise_paired,C1,0.014,0.001,23,P,completed,False,,,5.732037814874579e-14,3.3376721620562366e-11,0.6451324129328297,182,195,1.30983920840121,0.0011930945853609429,0.0012276823292813512,1.0000425433159595e-08,0.0711681463353851,True,True,0.0,2.2203515881311581e-16,1.0000425433159597,133.17359747790798,0.09279958151940337,0.020791168982550512,0.0927995915198288,0.0,0.0,5.926802010352392e-11,50.409554602091745,2.9999151839096183
noise_paired,C1,0.02,0.001,23,P,completed,False,,,4.527941581041455e-14,1.8423202978065852e-11,0.6464600373218712,127,136,1.4613211192781734,0.0011930945853609429,0.0012276823292813512,1.0000425433159595e-08,0.04690263167996531,True,True,0.0,0.0,1.0000425433159594,79.6290912724929,0.2037874186001949,0.09312914225928537,0.20378742860062032,0.0,0.0,1.379652345374423e-12,34.87778473110863,2.9999151839096183
noise_paired,C1,0.028,0.001,23,P,completed,False,,,2.3494682085793788e-14,6.86117077712667e-12,0.2420119613784681,91,98,0.3128910088316733,0.0011930945853609429,0.0012276823292813512,1.0000425433159595e-08,0.010934044302995907,True,True,0.0,0.0,1.0000425433159594,40.7190899201664,0.21770634639584896,0.21243605889005646,0.2177063563962744,0.0,0.0,1.0285395349823321e-15,10.263907697890398,2.9999151839096183
noise_paired,C1,0.04,0.001,23,P,completed,False,,,2.8198987267840774e-14,5.719817325776295e-12,0.04408193878269077,63,68,0.05721235320151743,0.0011930945853609429,0.0012276823292813512,1.0000425433159595e-08,0.01810878642765498,True,True,0.0,0.0,1.0000425433159594,4.824331736039226,0.5764668102535302,0.5761704641611469,0.5764668202539557,0.0,0.0,2.4306497432079696e-16,2.6293958962481234,2.9999151839096183
noise_paired,C1,0.005,0.001,24,R,completed,False,,,1.5167067138539875e-13,2.474964196062291e-10,0.8144528869527239,511,547,2.167284084764843,0.0011930361262941932,0.0011827248356716352,1.0000724497911691e-08,0.08288646062183788,True,True,0.0,4.4405703801039163e-16,1.0000724497911686,330.42948810710476,0.18675908347735704,0.0005699533320370209,0.18675909347808153,0.0,0.0,5.946696799481102e-11,149.4477255628941,2.9999151839096183
noise_paired,C1,0.007,0.001,24,R,completed,False,,,1.0545340494391453e-13,1.2296112098098813e-10,0.8575071612560348,365,391,2.6461629449359716,0.0011930361262941932,0.0011827248356716352,1.0000724497911691e-08,0.08084412297497688,True,True,0.0,4.4405703801039163e-16,1.0000724497911686,260.20102822361486,0.15147464131724575,0.0009271705624441795,0.15147465131797025,0.0,0.0,8.934630813747606e-11,106.52529514782333,2.9999151839096183
noise_paired,C1,0.01,0.001,24,R,completed,False,,,8.055474697368591e-14,6.566443321807277e-11,0.7597406950551976,255,273,1.5636441237659313,0.0011930361262941932,0.0011827248356716352,1.0000724497911691e-08,0.07657047869319611,True,True,0.0,2.2202851900519581e-16,1.0000724497911693,159.17589552539866,0.18230010523259133,0.0014212612846480344,0.18230011523331582,0.0,0.0,1.9722952654248517e-11,71.68528759452086,2.9999151839096183
noise_paired,C1,0.014,0.001,24,R,completed,False,,,5.73220923262871e-14,3.3377719758196005e-11,0.6572878887842643,182,195,1.30808155634258,0.0011930361262941932,0.0011827248356716352,1.0000724497911691e-08,0.06823961101504286,True,True,0.0,2.2202851900519581e-16,1.0000724497911693,115.0728010334023,0.20315464778423897,0.038972709729604316,0.20315465778496347,0.0,0.0,6.102846869977814e-13,49.614334263329255,2.9999151839096183
noise_paired,C1,0.02,0.001,24,R,completed,False,,,4.5280769900533504e-14,1.8423753927689772e-11,0.5559920144598034,127,136,0.8869313399793071,0.0011930361262941932,0.0011827248356716352,1.0000724497911691e-08,0.05846171433348616,True,True,0.0,0.0,1.000072449791169,77.0613176855097,0.26750105068616403,0.14229289403935697,0.2675010606868885,0.0,0.0,1.885046385250864e-12,32.291668639373,2.9999151839096183
noise_paired,C1,0.028,0.001,24,R,completed,False,,,2.3495384699029646e-14,6.861375961831187e-12,0.31599631938955386,91,98,0.5470682267294329,0.0011930361262941932,0.0011827248356716352,1.0000724497911691e-08,0.013608158844802197,True,True,0.0,0.0,1.000072449791169,40.08042420025485,0.18986177260863324,0.18823792266446848,0.18986178260935774,0.0,0.0,4.241055921241712e-15,14.377564278176198,2.9999151839096183
noise_paired,C1,0.04,0.001,24,R,completed,False,,,2.8199830564277808e-14,5.7199883780742196e-12,0.04387236289570565,63,68,0.06055330943236716,0.0011930361262941932,0.0011827248356716352,1.0000724497911691e-08,0.018134357248743755,True,True,0.0,0.0,1.000072449791169,4.708697054913972,0.5841894849555733,0.5839080481044381,0.5841894949562978,0.0,0.0,2.6319279422317665e-16,2.5743122598096826,2.9999151839096183
noise_paired,C1,0.005,0.001,24,P,completed,False,,,1.5167067138539875e-13,2.474964196062291e-10,0.8144528869527239,511,547,2.167284084764843,0.0011930361262941932,0.0011827248356716352,1.0000724497911691e-08,0.08288646062183788,True,True,0.0,4.4405703801039163e-16,1.0000724497911686,330.42948810710476,0.18675908347735704,0.0005699533320370209,0.18675909347808153,0.0,0.0,5.946696799481102e-11,149.4477255628941,2.9999151839096183
noise_paired,C1,0.007,0.001,24,P,completed,False,,,1.0545340494391453e-13,1.2296112098098813e-10,0.8575071612560348,365,391,2.6461629449359716,0.0011930361262941932,0.0011827248356716352,1.0000724497911691e-08,0.08084412297497688,True,True,0.0,4.4405703801039163e-16,1.0000724497911686,260.20102822361486,0.15147464131724575,0.0009271705624441795,0.15147465131797025,0.0,0.0,8.934630813747606e-11,106.52529514782333,2.9999151839096183
noise_paired,C1,0.01,0.001,24,P,completed,False,,,8.055474697368591e-14,6.566443321807277e-11,0.7597406950551976,255,273,1.5636441237659313,0.0011930361262941932,0.0011827248356716352,1.0000724497911691e-08,0.07657047869319611,True,True,0.0,2.2202851900519581e-16,1.0000724497911693,159.17589552539866,0.18230010523259133,0.0014212612846480344,0.18230011523331582,0.0,0.0,1.9722952654248517e-11,71.68528759452086,2.9999151839096183
noise_paired,C1,0.014,0.001,24,P,completed,False,,,5.73220923262871e-14,3.3377719758196005e-11,0.6572878887842643,182,195,1.30808155634258,0.0011930361262941932,0.0011827248356716352,1.0000724497911691e-08,0.06823961101504286,True,True,0.0,2.2202851900519581e-16,1.0000724497911693,115.0728010334023,0.20315464778423897,0.038972709729604316,0.20315465778496347,0.0,0.0,6.102846869977814e-13,49.614334263329255,2.9999151839096183
noise_paired,C1,0.02,0.001,24,P,completed,False,,,4.5280769900533504e-14,1.8423753927689772e-11,0.5559920144598034,127,136,0.8869313399793071,0.0011930361262941932,0.0011827248356716352,1.0000724497911691e-08,0.05846171433348616,True,True,0.0,0.0,1.000072449791169,77.0613176855097,0.26750105068616403,0.14229289403935697,0.2675010606868885,0.0,0.0,1.885046385250864e-12,32.291668639373,2.9999151839096183
noise_paired,C1,0.028,0.001,24,P,completed,False,,,2.3495384699029646e-14,6.861375961831187e-12,0.31599631938955386,91,98,0.5470682267294329,0.0011930361262941932,0.0011827248356716352,1.0000724497911691e-08,0.013608158844802197,True,True,0.0,0.0,1.000072449791169,40.08042420025485,0.18986177260863324,0.18823792266446848,0.18986178260935774,0.0,0.0,4.241055921241712e-15,14.377564278176198,2.9999151839096183
noise_paired,C1,0.04,0.001,24,P,completed,False,,,2.8199830564277808e-14,5.7199883780742196e-12,0.04387236289570565,63,68,0.06055330943236716,0.0011930361262941932,0.0011827248356716352,1.0000724497911691e-08,0.018134357248743755,True,True,0.0,0.0,1.000072449791169,4.708697054913972,0.5841894849555733,0.5839080481044381,0.5841894949562978,0.0,0.0,2.6319279422317665e-16,2.5743122598096826,2.9999151839096183
noise_paired,C1,0.005,0.005,0,R,completed,False,,,1.5156085065329552e-13,2.4731721397770633e-10,0.8495359967381729,511,547,1.6039660383590262,0.005969788092122002,0.006258528265359783,9.99348323712019e-09,0.08327429999206654,True,True,0.0,3.332841007331558e-16,0.9993483237120194,383.2647206559229,0.11889491889115844,0.0028513757606077883,0.11889492888464168,0.0,0.0,4.163382097916739e-11,149.74304356974423,2.9999151839096183
noise_paired,C1,0.007,0.005,0,R,completed,False,,,1.0537704891523783e-13,1.2287208807697957e-10,0.8058145994260628,365,391,1.672886356370581,0.005969788092122002,0.006258528265359783,9.99348323712019e-09,0.08146106330403415,True,True,0.0,1.1109470024438528e-16,0.9993483237120192,240.09211058296611,0.1802142989983112,0.00294250392483153,0.18021430899179444,0.0,0.0,5.632936501737685e-11,107.33072146307748,2.9999151839096183
noise_paired,C1,0.01,0.005,0,R,completed,False,,,8.049641940642301e-14,6.561688733419633e-11,0.7565224569684811,255,273,1.5900824888835936,0.005969788092122002,0.006258528265359783,9.99348323712019e-09,0.0778798062324969,True,True,0.0,1.1109470024438528e-16,0.9993483237120192,168.85727696003826,0.13349742902127448,0.006574991659881069,0.13349743901475772,0.0,0.0,2.075020708340332e-11,74.17061116589713,2.9999151839096183
noise_paired,C1,0.014,0.005,0,R,completed,False,,,5.728058691138084e-14,3.3353551831817756e-11,0.7416199353054275,182,195,1.5338798432883851,0.005969788092122002,0.006258528265359783,9.99348323712019e-09,0.06965927326485746,True,True,0.0,0.0,0.9993483237120191,123.26154801154138,0.14087554363516575,0.044745644305689725,0.14087555362864898,0.0,0.0,2.583695698011011e-10,53.078109975139,2.9999151839096183
noise_paired,C1,0.02,0.005,0,R,completed,False,,,4.5247983289547665e-14,1.8410413773486277e-11,0.6552258198679612,127,136,1.1806384835154524,0.005969788092122002,0.006258528265359783,9.99348323712019e-09,0.05586182626612987,True,True,0.0,3.332841007331558e-16,0.9993483237120194,75.07876524361477,0.25683054631720514,0.04435430489073011,0.2568305563106884,0.0,0.0,6.295420477128883e-14,34.13058774176235,2.9999151839096183
noise_paired,C1,0.028,0.005,0,R,completed,False,,,2.34783723107734e-14,6.856407820499175e-12,0.5448732477780298,91,98,0.7686831489778303,0.005969788092122002,0.006258528265359783,9.99348323712019e-09,0.03067609656873767,True,True,0.0,3.332841007331558e-16,0.9993483237120194,61.52531409709298,0.1189918752073571,0.05373413788961523,0.11899188520084034,0.0,0.0,2.628412951723946e-14,23.750500352323986,2.9999151839096183
noise_paired,C1,0.04,0.005,0,R,completed,False,,,2.817941181087303e-14,5.715846685381991e-12,0.04696219722251981,63,68,0.08201866188044077,0.005969788092122002,0.006258528265359783,9.99348323712019e-09,0.019068396185848935,True,True,0.0,3.332841007331558e-16,0.9993483237120194,6.04592932421023,0.5760740286221069,0.5757684843782749,0.5760740386155901,0.0,0.0,5.645567840637636e-16,2.571142439702564,2.9999151839096183
noise_paired,C1,0.005,0.005,0,P,completed,False,,,1.5156085065329552e-13,2.4731721397770633e-10,0.8495359967381729,511,547,1.6039660383590262,0.005969788092122002,0.006258528265359783,9.99348323712019e-09,0.08327429999206654,True,True,0.0,3.332841007331558e-16,0.9993483237120194,383.2647206559229,0.11889491889115844,0.0028513757606077883,0.11889492888464168,0.0,0.0,4.163382097916739e-11,149.74304356974423,2.9999151839096183
noise_paired,C1,0.007,0.005,0,P,completed,False,,,1.0537704891523783e-13,1.2287208807697957e-10,0.8058145994260628,365,391,1.672886356370581,0.005969788092122002,0.006258528265359783,9.99348323712019e-09,0.08146106330403415,True,True,0.0,1.1109470024438528e-16,0.9993483237120192,240.09211058296611,0.1802142989983112,0.00294250392483153,0.18021430899179444,0.0,0.0,5.632936501737685e-11,107.33072146307748,2.9999151839096183
noise_paired,C1,0.01,0.005,0,P,completed,False,,,8.049641940642301e-14,6.561688733419633e-11,0.7565224569684811,255,273,1.5900824888835936,0.005969788092122002,0.006258528265359783,9.99348323712019e-09,0.0778798062324969,True,True,0.0,1.1109470024438528e-16,0.9993483237120192,168.85727696003826,0.13349742902127448,0.006574991659881069,0.13349743901475772,0.0,0.0,2.075020708340332e-11,74.17061116589713,2.9999151839096183
noise_paired,C1,0.014,0.005,0,P,completed,False,,,5.728058691138084e-14,3.3353551831817756e-11,0.7416199353054275,182,195,1.5338798432883851,0.005969788092122002,0.006258528265359783,9.99348323712019e-09,0.06965927326485746,True,True,0.0,0.0,0.9993483237120191,123.26154801154138,0.14087554363516575,0.044745644305689725,0.14087555362864898,0.0,0.0,2.583695698011011e-10,53.078109975139,2.9999151839096183
noise_paired,C1,0.02,0.005,0,P,completed,False,,,4.5247983289547665e-14,1.8410413773486277e-11,0.6552258198679612,127,136,1.1806384835154524,0.005969788092122002,0.006258528265359783,9.99348323712019e-09,0.05586182626612987,True,True,0.0,3.332841007331558e-16,0.9993483237120194,75.07876524361477,0.25683054631720514,0.04435430489073011,0.2568305563106884,0.0,0.0,6.295420477128883e-14,34.13058774176235,2.9999151839096183
noise_paired,C1,0.028,0.005,0,P,completed,False,,,2.34783723107734e-14,6.856407820499175e-12,0.5448732477780298,91,98,0.7686831489778303,0.005969788092122002,0.006258528265359783,9.99348323712019e-09,0.03067609656873767,True,True,0.0,3.332841007331558e-16,0.9993483237120194,61.52531409709298,0.1189918752073571,0.05373413788961523,0.11899188520084034,0.0,0.0,2.628412951723946e-14,23.750500352323986,2.9999151839096183
noise_paired,C1,0.04,0.005,0,P,completed,False,,,2.817941181087303e-14,5.715846685381991e-12,0.04696219722251981,63,68,0.08201866188044077,0.005969788092122002,0.006258528265359783,9.99348323712019e-09,0.019068396185848935,True,True,0.0,3.332841007331558e-16,0.9993483237120194,6.04592932421023,0.5760740286221069,0.5757684843782749,0.5760740386155901,0.0,0.0,5.645567840637636e-16,2.571142439702564,2.9999151839096183
noise_paired,C1,0.005,0.005,1,R,completed,False,,,1.5163951870237337e-13,2.474455846132836e-10,0.9054128174281776,511,547,1.798154710285999,0.005966321624235837,0.005809658961946331,9.998670380279971e-09,0.08300681732108321,True,True,0.0,6.662223970187941e-16,0.9998670380279977,342.99064233914135,0.14720582163178497,0.00047618153296424826,0.14720583163045536,0.0,0.0,1.2504328310930807e-10,151.29326650948025,2.9999151839096183
noise_paired,C1,0.007,0.005,1,R,completed,False,,,1.0543174514332056e-13,1.2293586515010547e-10,0.8112330532663,365,391,1.518046847785314,0.005966321624235837,0.005809658961946331,9.998670380279971e-09,0.08222601205079391,True,True,0.0,5.551853308489951e-16,0.9998670380279976,266.5038780110273,0.14818391035199108,0.011738793291073857,0.14818392035066147,0.0,0.0,6.034104916568919e-10,108.51493175171106,2.9999151839096183
noise_paired,C1,0.01,0.005,1,R,completed,False,,,8.053820127981024e-14,6.565094594821763e-11,0.7486679403741043,255,273,1.4429349672579408,0.005966321624235837,0.005809658961946331,9.998670380279971e-09,0.07898910778032564,True,True,0.0,1.1103706616979901e-16,0.9998670380279969,149.36236781529237,0.19845543006409117,0.00413705196945946,0.19845544006276156,0.0,0.0,1.598583240337647e-11,72.77715923676706,2.9999151839096183
noise_paired,C1,0.014,0.005,1,R,completed,False,,,5.73103185472415e-14,3.3370864078622365e-11,0.7224698656635881,182,195,1.2733160480446395,0.005966321624235837,0.005809658961946331,9.998670380279971e-09,0.07015910665433771,True,True,0.0,2.2207413233959803e-16,0.9998670380279973,114.21378704203075,0.23237856387130573,0.019312942474434713,0.23237857386997612,0.0,0.0,5.386709431754511e-12,51.345931021247495,2.9999151839096183
noise_paired,C1,0.02,0.005,1,R,completed,False,,,4.527146937157184e-14,1.8419969746074404e-11,0.6773799135939848,127,136,1.3619126141993658,0.005966321624235837,0.005809658961946331,9.998670380279971e-09,0.054829603534416016,True,True,0.0,1.1103706616979901e-16,0.9998670380279969,91.64676771441886,0.1348759060300676,0.05115873862730713,0.134875916028738,0.0,0.0,6.273090324560129e-12,35.71534090640969,2.9999151839096183
noise_paired,C1,0.028,0.005,1,R,completed,False,,,2.3490558820266124e-14,6.85996665660095e-12,0.46537105378845056,91,98,0.7064349137273538,0.005966321624235837,0.005809658961946331,9.998670380279971e-09,0.02281626680581749,True,True,0.0,1.1103706616979901e-16,0.9998670380279971,58.92194869165746,0.12823078024087786,0.05203288470090017,0.12823079023954825,0.0,0.0,3.275687562113606e-14,19.710244993332978,2.9999151839096183
noise_paired,C1,0.04,0.005,1,R,completed,False,,,2.8194038407001036e-14,5.71881351029508e-12,0.04612232781659363,63,68,0.06447522366127133,0.005966321624235837,0.005809658961946331,9.998670380279971e-09,0.018966332953324148,True,True,0.0,1.1103706616979901e-16,0.9998670380279969,5.058690090582107,0.5573424286067492,0.5569919207179002,0.5573424386054195,0.0,0.0,7.120743744233314e-16,2.7148726088700075,2.9999151839096183
noise_paired,C1,0.005,0.005,1,P,completed,False,,,1.5163951870237337e-13,2.474455846132836e-10,0.9054128174281776,511,547,1.798154710285999,0.005966321624235837,0.005809658961946331,9.998670380279971e-09,0.08300681732108321,True,True,0.0,6.662223970187941e-16,0.9998670380279977,342.99064233914135,0.14720582163178497,0.00047618153296424826,0.14720583163045536,0.0,0.0,1.2504328310930807e-10,151.29326650948025,2.9999151839096183
noise_paired,C1,0.007,0.005,1,P,completed,False,,,1.0543174514332056e-13,1.2293586515010547e-10,0.8112330532663,365,391,1.518046847785314,0.005966321624235837,0.005809658961946331,9.998670380279971e-09,0.08222601205079391,True,True,0.0,5.551853308489951e-16,0.9998670380279976,266.5038780110273,0.14818391035199108,0.011738793291073857,0.14818392035066147,0.0,0.0,6.034104916568919e-10,108.51493175171106,2.9999151839096183
noise_paired,C1,0.01,0.005,1,P,completed,False,,,8.053820127981024e-14,6.565094594821763e-11,0.7486679403741043,255,273,1.4429349672579408,0.005966321624235837,0.005809658961946331,9.998670380279971e-09,0.07898910778032564,True,True,0.0,1.1103706616979901e-16,0.9998670380279969,149.36236781529237,0.19845543006409117,0.00413705196945946,0.19845544006276156,0.0,0.0,1.598583240337647e-11,72.77715923676706,2.9999151839096183
noise_paired,C1,0.014,0.005,1,P,completed,False,,,5.73103185472415e-14,3.3370864078622365e-11,0.7224698656635881,182,195,1.2733160480446395,0.005966321624235837,0.005809658961946331,9.998670380279971e-09,0.07015910665433771,True,True,0.0,2.2207413233959803e-16,0.9998670380279973,114.21378704203075,0.23237856387130573,0.019312942474434713,0.23237857386997612,0.0,0.0,5.386709431754511e-12,51.345931021247495,2.9999151839096183
noise_paired,C1,0.02,0.005,1,P,completed,False,,,4.527146937157184e-14,1.8419969746074404e-11,0.6773799135939848,127,136,1.3619126141993658,0.005966321624235837,0.005809658961946331,9.998670380279971e-09,0.054829603534416016,True,True,0.0,1.1103706616979901e-16,0.9998670380279969,91.64676771441886,0.1348759060300676,0.05115873862730713,0.134875916028738,0.0,0.0,6.273090324560129e-12,35.71534090640969,2.9999151839096183
noise_paired,C1,0.028,0.005,1,P,completed,False,,,2.3490558820266124e-14,6.85996665660095e-12,0.46537105378845056,91,98,0.7064349137273538,0.005966321624235837,0.005809658961946331,9.998670380279971e-09,0.02281626680581749,True,True,0.0,1.1103706616979901e-16,0.9998670380279971,58.92194869165746,0.12823078024087786,0.05203288470090017,0.12823079023954825,0.0,0.0,3.275687562113606e-14,19.710244993332978,2.9999151839096183
noise_paired,C1,0.04,0.005,1,P,completed,False,,,2.8194038407001036e-14,5.71881351029508e-12,0.04612232781659363,63,68,0.06447522366127133,0.005966321624235837,0.005809658961946331,9.998670380279971e-09,0.018966332953324148,True,True,0.0,1.1103706616979901e-16,0.9998670380279969,5.058690090582107,0.5573424286067492,0.5569919207179002,0.5573424386054195,0.0,0.0,7.120743744233314e-16,2.7148726088700075,2.9999151839096183
noise_paired,C1,0.005,0.005,2,R,completed,False,,,1.5172307368896542e-13,2.4758192976052196e-10,0.8280960226150751,511,547,1.7143442367779183,0.005962813415634506,0.005955417357586325,1.0004179753936071e-08,0.08305354066653059,True,True,0.0,8.878073380785446e-16,1.0004179753936062,337.75689027833704,0.12017158587628829,0.0010998909074422247,0.12017159588046804,0.0,0.0,1.1140980314735507e-10,150.02660195792026,2.9999151839096183
noise_paired,C1,0.007,0.005,2,R,completed,False,,,1.054898391555359e-13,1.230036041184971e-10,0.7840763104266988,365,391,1.4543738819565526,0.005962813415634506,0.005955417357586325,1.0004179753936071e-08,0.08350954353781355,True,True,0.0,6.658555035589085e-16,1.0004179753936064,234.29478610063995,0.1599035715349162,0.0019115662300421832,0.15990358153909595,0.0,0.0,1.2818345011783905e-11,106.5006651447363,2.9999151839096183
noise_paired,C1,0.01,0.005,2,R,completed,False,,,8.058257868476158e-14,6.56871203172436e-11,0.7125604251719587,255,273,1.3100450937938806,0.005962813415634506,0.005955417357586325,1.0004179753936071e-08,0.08020905155850265,True,True,0.0,2.2195183451963615e-16,1.0004179753936069,175.4885597492737,0.13063826205676232,0.00329756386247404,0.13063827206094208,0.0,0.0,5.92250328664591e-11,72.39433707408142,2.9999151839096183
noise_paired,C1,0.014,0.005,2,R,completed,False,,,5.73418971419164e-14,3.3389251779430934e-11,0.7892798799817843,182,195,1.5192040023487128,0.005962813415634506,0.005955417357586325,1.0004179753936071e-08,0.07091790403250452,True,True,0.0,4.439036690392723e-16,1.0004179753936067,117.19747087956698,0.2094560558787142,0.008150584952139273,0.20945606588289395,0.0,0.0,4.951243817548139e-12,53.26008226398196,2.9999151839096183
noise_paired,C1,0.02,0.005,2,R,completed,False,,,4.5296414432389186e-14,1.843011934519164e-11,0.5519599047831643,127,136,0.8303960940229546,0.005962813415634506,0.005955417357586325,1.0004179753936071e-08,0.06073627372177587,True,True,0.0,4.439036690392723e-16,1.0004179753936067,82.80998166426713,0.14143524567654697,0.06500513199746039,0.14143525568072673,0.0,0.0,3.314280426648781e-12,32.9572879001293,2.9999151839096183
noise_paired,C1,0.028,0.005,2,R,completed,False,,,2.3503502367858883e-14,6.8637465711438025e-12,0.5750705081639433,91,98,0.7783050426068214,0.005962813415634506,0.005955417357586325,1.0004179753936071e-08,0.030624488452569123,True,True,0.0,4.439036690392723e-16,1.0004179753936067,58.783282216308024,0.1579942601015637,0.08949947479160503,0.15799427010574346,0.0,0.0,3.0106376500220897e-14,24.29891711874832,2.9999151839096183
noise_paired,C1,0.04,0.005,2,R,completed,False,,,2.8209573621839698e-14,5.7219646373249215e-12,0.051727532185680394,63,68,0.09502552904604836,0.005962813415634506,0.005955417357586325,1.0004179753936071e-08,0.019100796848151486,True,True,0.0,4.439036690392723e-16,1.0004179753936067,6.584572055042583,0.5595468048975137,0.5591652023796116,0.5595468149016934,0.0,0.0,3.615660705077694e-16,2.5707180696107015,2.9999151839096183
noise_paired,C1,0.005,0.005,2,P,completed,False,,,1.5172307368896542e-13,2.4758192976052196e-10,0.8280960226150751,511,547,1.7143442367779183,0.005962813415634506,0.005955417357586325,1.0004179753936071e-08,0.08305354066653059,True,True,0.0,8.878073380785446e-16,1.0004179753936062,337.75689027833704,0.12017158587628829,0.0010998909074422247,0.12017159588046804,0.0,0.0,1.1140980314735507e-10,150.02660195792026,2.9999151839096183
noise_paired,C1,0.007,0.005,2,P,completed,False,,,1.054898391555359e-13,1.230036041184971e-10,0.7840763104266988,365,391,1.4543738819565526,0.005962813415634506,0.005955417357586325,1.0004179753936071e-08,0.08350954353781355,True,True,0.0,6.658555035589085e-16,1.0004179753936064,234.29478610063995,0.1599035715349162,0.0019115662300421832,0.15990358153909595,0.0,0.0,1.2818345011783905e-11,106.5006651447363,2.9999151839096183
noise_paired,C1,0.01,0.005,2,P,completed,False,,,8.058257868476158e-14,6.56871203172436e-11,0.7125604251719587,255,273,1.3100450937938806,0.005962813415634506,0.005955417357586325,1.0004179753936071e-08,0.08020905155850265,True,True,0.0,2.2195183451963615e-16,1.0004179753936069,175.4885597492737,0.13063826205676232,0.00329756386247404,0.13063827206094208,0.0,0.0,5.92250328664591e-11,72.39433707408142,2.9999151839096183
noise_paired,C1,0.014,0.005,2,P,completed,False,,,5.73418971419164e-14,3.3389251779430934e-11,0.7892798799817843,182,195,1.5192040023487128,0.005962813415634506,0.005955417357586325,1.0004179753936071e-08,0.07091790403250452,True,True,0.0,4.439036690392723e-16,1.0004179753936067,117.19747087956698,0.2094560558787142,0.008150584952139273,0.20945606588289395,0.0,0.0,4.951243817548139e-12,53.26008226398196,2.9999151839096183
noise_paired,C1,0.02,0.005,2,P,completed,False,,,4.5296414432389186e-14,1.843011934519164e-11,0.5519599047831643,127,136,0.8303960940229546,0.005962813415634506,0.005955417357586325,1.0004179753936071e-08,0.06073627372177587,True,True,0.0,4.439036690392723e-16,1.0004179753936067,82.80998166426713,0.14143524567654697,0.06500513199746039,0.14143525568072673,0.0,0.0,3.314280426648781e-12,32.9572879001293,2.9999151839096183
noise_paired,C1,0.028,0.005,2,P,completed,False,,,2.3503502367858883e-14,6.8637465711438025e-12,0.5750705081639433,91,98,0.7783050426068214,0.005962813415634506,0.005955417357586325,1.0004179753936071e-08,0.030624488452569123,True,True,0.0,4.439036690392723e-16,1.0004179753936067,58.783282216308024,0.1579942601015637,0.08949947479160503,0.15799427010574346,0.0,0.0,3.0106376500220897e-14,24.29891711874832,2.9999151839096183
noise_paired,C1,0.04,0.005,2,P,completed,False,,,2.8209573621839698e-14,5.7219646373249215e-12,0.051727532185680394,63,68,0.09502552904604836,0.005962813415634506,0.005955417357586325,1.0004179753936071e-08,0.019100796848151486,True,True,0.0,4.439036690392723e-16,1.0004179753936067,6.584572055042583,0.5595468048975137,0.5591652023796116,0.5595468149016934,0.0,0.0,3.615660705077694e-16,2.5707180696107015,2.9999151839096183
noise_paired,C1,0.005,0.005,3,R,completed,False,,,1.5168131012034066e-13,2.4751377990920136e-10,0.9092177178004358,511,547,1.6252143695127153,0.005964853219947169,0.005800880905169412,1.0001425985260487e-08,0.08261282900685253,True,True,0.0,8.880517848245545e-16,1.0001425985260495,353.5548301262536,0.13212822722833162,0.0003013461363893244,0.1321282372297576,0.0,0.0,7.609244785885402e-11,152.4916478364072,2.9999151839096183
noise_paired,C1,0.007,0.005,3,R,completed,False,,,1.0546080183095717e-13,1.2296974592318905e-10,0.6602576634835605,365,391,1.1984000181217909,0.005964853219947169,0.005800880905169412,1.0001425985260487e-08,0.08192564022990255,True,True,0.0,2.2201294620613861e-16,1.0001425985260488,236.0041473548845,0.17204232604604064,0.057225151162507815,0.17204233604746663,0.0,0.0,3.512873741081466e-11,99.96120107560267,2.9999151839096183
noise_paired,C1,0.01,0.005,3,R,completed,False,,,8.056039737790405e-14,6.566903916128998e-11,0.75072625154337,255,273,1.5125299921632234,0.005964853219947169,0.005800880905169412,1.0001425985260487e-08,0.07757871443628256,True,True,0.0,2.2201294620613861e-16,1.0001425985260488,163.15710724217206,0.17413894538993602,0.02700649248803344,0.174138955391362,0.0,0.0,2.042989623040683e-11,72.65702762261641,2.9999151839096183
noise_paired,C1,0.014,0.005,3,R,completed,False,,,5.73261131072397e-14,3.3380060993388205e-11,0.5911343559913973,182,195,0.9189425645103725,0.005964853219947169,0.005800880905169412,1.0001425985260487e-08,0.07361916727613474,True,True,0.0,0.0,1.0001425985260486,115.68572328285931,0.23901378464142264,0.11236161298024017,0.23901379464284864,0.0,0.0,1.7775452761249294e-11,48.35813383720349,2.9999151839096183
noise_paired,C1,0.02,0.005,3,R,completed,False,,,4.528394605914438e-14,1.8425046237091988e-11,0.6827553705189627,127,136,1.2084124694444938,0.005964853219947169,0.005800880905169412,1.0001425985260487e-08,0.06651966518537827,True,True,0.0,2.2201294620613861e-16,1.0001425985260488,82.18746978126708,0.15104690566703827,0.002029403961416043,0.15104691566846426,0.0,0.0,1.3703631034058881e-12,35.25330275684043,2.9999151839096183
noise_paired,C1,0.028,0.005,3,R,completed,False,,,2.3497032751140763e-14,6.861857243805664e-12,0.4972214693374127,91,98,0.805768892009658,0.005964853219947169,0.005800880905169412,1.0001425985260487e-08,0.02700547281689883,True,True,0.0,2.2201294620613861e-16,1.0001425985260488,56.21041730346824,0.16088608433740204,0.08015764940224246,0.16088609433882803,0.0,0.0,3.9292510676680844e-14,22.04885209185811,2.9999151839096183
noise_paired,C1,0.04,0.005,3,R,completed,False,,,2.820180860340719e-14,5.720389598954098e-12,0.04746783404171952,63,68,0.07364518494041468,0.005964853219947169,0.005800880905169412,1.0001425985260487e-08,0.018960567148099346,True,True,0.0,2.2201294620613861e-16,1.0001425985260488,5.556540536901449,0.5504712310424644,0.5500728611802556,0.5504712410438904,0.0,0.0,4.350903029116537e-16,2.6245818217820895,2.9999151839096183
noise_paired,C1,0.005,0.005,3,P,completed,False,,,1.5168131012034066e-13,2.4751377990920136e-10,0.9092177178004358,511,547,1.6252143695127153,0.005964853219947169,0.005800880905169412,1.0001425985260487e-08,0.08261282900685253,True,True,0.0,8.880517848245545e-16,1.0001425985260495,353.5548301262536,0.13212822722833162,0.0003013461363893244,0.1321282372297576,0.0,0.0,7.609244785885402e-11,152.4916478364072,2.9999151839096183
noise_paired,C1,0.007,0.005,3,P,completed,False,,,1.0546080183095717e-13,1.2296974592318905e-10,0.6602576634835605,365,391,1.1984000181217909,0.005964853219947169,0.005800880905169412,1.0001425985260487e-08,0.08192564022990255,True,True,0.0,2.2201294620613861e-16,1.0001425985260488,236.0041473548845,0.17204232604604064,0.057225151162507815,0.17204233604746663,0.0,0.0,3.512873741081466e-11,99.96120107560267,2.9999151839096183
noise_paired,C1,0.01,0.005,3,P,completed,False,,,8.056039737790405e-14,6.566903916128998e-11,0.75072625154337,255,273,1.5125299921632234,0.005964853219947169,0.005800880905169412,1.0001425985260487e-08,0.07757871443628256,True,True,0.0,2.2201294620613861e-16,1.0001425985260488,163.15710724217206,0.17413894538993602,0.02700649248803344,0.174138955391362,0.0,0.0,2.042989623040683e-11,72.65702762261641,2.9999151839096183
noise_paired,C1,0.014,0.005,3,P,completed,False,,,5.73261131072397e-14,3.3380060993388205e-11,0.5911343559913973,182,195,0.9189425645103725,0.005964853219947169,0.005800880905169412,1.0001425985260487e-08,0.07361916727613474,True,True,0.0,0.0,1.0001425985260486,115.68572328285931,0.23901378464142264,0.11236161298024017,0.23901379464284864,0.0,0.0,1.7775452761249294e-11,48.35813383720349,2.9999151839096183
noise_paired,C1,0.02,0.005,3,P,completed,False,,,4.528394605914438e-14,1.8425046237091988e-11,0.6827553705189627,127,136,1.2084124694444938,0.005964853219947169,0.005800880905169412,1.0001425985260487e-08,0.06651966518537827,True,True,0.0,2.2201294620613861e-16,1.0001425985260488,82.18746978126708,0.15104690566703827,0.002029403961416043,0.15104691566846426,0.0,0.0,1.3703631034058881e-12,35.25330275684043,2.9999151839096183
noise_paired,C1,0.028,0.005,3,P,completed,False,,,2.3497032751140763e-14,6.861857243805664e-12,0.4972214693374127,91,98,0.805768892009658,0.005964853219947169,0.005800880905169412,1.0001425985260487e-08,0.02700547281689883,True,True,0.0,2.2201294620613861e-16,1.0001425985260488,56.21041730346824,0.16088608433740204,0.08015764940224246,0.16088609433882803,0.0,0.0,3.9292510676680844e-14,22.04885209185811,2.9999151839096183
noise_paired,C1,0.04,0.005,3,P,completed,False,,,2.820180860340719e-14,5.720389598954098e-12,0.04746783404171952,63,68,0.07364518494041468,0.005964853219947169,0.005800880905169412,1.0001425985260487e-08,0.018960567148099346,True,True,0.0,2.2201294620613861e-16,1.0001425985260488,5.556540536901449,0.5504712310424644,0.5500728611802556,0.5504712410438904,0.0,0.0,4.350903029116537e-16,2.6245818217820895,2.9999151839096183
noise_paired,C1,0.005,0.005,4,R,completed,False,,,1.5158119602673129e-13,2.47350413587327e-10,0.7629003172624141,511,547,1.4294606761645077,0.0059687461086517,0.005725152216817733,9.99482475207941e-09,0.08347779749630158,True,True,0.0,3.332393670216707e-16,0.9994824752079413,350.6294175114955,0.13627832995818956,0.00725870442499732,0.1362783399530143,0.0,0.0,6.533568121154546e-11,147.7282250928549,2.9999151839096183
noise_paired,C1,0.007,0.005,4,R,completed,False,,,1.0539119462240757e-13,1.2288858230029636e-10,0.8293966581763623,365,391,2.02122174186722,0.0059687461086517,0.005725152216817733,9.99482475207941e-09,0.08324068476899699,True,True,0.0,3.332393670216707e-16,0.9994824752079413,252.71917064088555,0.19561103224585963,0.0001204067735561809,0.19561104224068437,0.0,0.0,6.985807317998258e-11,107.18258756741864,2.9999151839096183
noise_paired,C1,0.01,0.005,4,R,completed,False,,,8.05072251633583e-14,6.562569567797871e-11,0.7324016498246192,255,273,1.4610770727502964,0.0059687461086517,0.005725152216817733,9.99482475207941e-09,0.07874945514566456,True,True,0.0,3.332393670216707e-16,0.9994824752079413,162.40960530158495,0.17038628262316224,0.032287715526405525,0.170386292617987,0.0,0.0,1.523724737949181e-10,73.48774001419814,2.9999151839096183
noise_paired,C1,0.014,0.005,4,R,completed,False,,,5.728827619872852e-14,3.3358029178470946e-11,0.6522256006108113,182,195,1.347024097068135,0.0059687461086517,0.005725152216817733,9.99482475207941e-09,0.07267633867834442,True,True,0.0,4.443191560288943e-16,0.9994824752079414,102.81935394173172,0.2819103526339104,0.052015362276957355,0.28191036262873514,0.0,0.0,2.3665912107648732e-11,49.8223260204812,2.9999151839096183
noise_paired,C1,0.02,0.005,4,R,completed,False,,,4.525405733250317e-14,1.8412885168584112e-11,0.6696609667175887,127,136,0.9663943998863866,0.0059687461086517,0.005725152216817733,9.99482475207941e-09,0.059689975236064154,True,True,0.0,3.332393670216707e-16,0.9994824752079413,82.49676369993078,0.1845660666907798,0.020502885065590393,0.18456607668560454,0.0,0.0,1.7589324502853103e-11,36.18927265575641,2.9999151839096183
noise_paired,C1,0.028,0.005,4,R,completed,False,,,2.3481524023437106e-14,6.857328217665953e-12,0.5084763960938892,91,98,1.1259960168507448,0.0059687461086517,0.005725152216817733,9.99482475207941e-09,0.022401454192080065,True,True,0.0,4.443191560288943e-16,0.9994824752079414,53.700526518108965,0.17372968800080058,0.10611421449683023,0.17372969799562532,0.0,0.0,3.094936412432363e-14,21.91705903939191,2.9999151839096183
noise_paired,C1,0.04,0.005,4,R,completed,False,,,2.818319458626668e-14,5.716613974789609e-12,0.046554890643043405,63,68,0.06127509100143666,0.0059687461086517,0.005725152216817733,9.99482475207941e-09,0.018943928537498413,True,True,0.0,5.553989450361179e-16,0.9994824752079415,5.303624834769457,0.5686570565972052,0.5682826995546316,0.56865706659203,0.0,0.0,5.473439562196471e-16,2.686294399611978,2.9999151839096183
noise_paired,C1,0.005,0.005,4,P,completed,False,,,1.5158119602673129e-13,2.47350413587327e-10,0.7629003172624141,511,547,1.4294606761645077,0.0059687461086517,0.005725152216817733,9.99482475207941e-09,0.08347779749630158,True,True,0.0,3.332393670216707e-16,0.9994824752079413,350.6294175114955,0.13627832995818956,0.00725870442499732,0.1362783399530143,0.0,0.0,6.533568121154546e-11,147.7282250928549,2.9999151839096183
noise_paired,C1,0.007,0.005,4,P,completed,False,,,1.0539119462240757e-13,1.2288858230029636e-10,0.8293966581763623,365,391,2.02122174186722,0.0059687461086517,0.005725152216817733,9.99482475207941e-09,0.08324068476899699,True,True,0.0,3.332393670216707e-16,0.9994824752079413,252.71917064088555,0.19561103224585963,0.0001204067735561809,0.19561104224068437,0.0,0.0,6.985807317998258e-11,107.18258756741864,2.9999151839096183
noise_paired,C1,0.01,0.005,4,P,completed,False,,,8.05072251633583e-14,6.562569567797871e-11,0.7324016498246192,255,273,1.4610770727502964,0.0059687461086517,0.005725152216817733,9.99482475207941e-09,0.07874945514566456,True,True,0.0,3.332393670216707e-16,0.9994824752079413,162.40960530158495,0.17038628262316224,0.032287715526405525,0.170386292617987,0.0,0.0,1.523724737949181e-10,73.48774001419814,2.9999151839096183
noise_paired,C1,0.014,0.005,4,P,completed,False,,,5.728827619872852e-14,3.3358029178470946e-11,0.6522256006108113,182,195,1.347024097068135,0.0059687461086517,0.005725152216817733,9.99482475207941e-09,0.07267633867834442,True,True,0.0,4.443191560288943e-16,0.9994824752079414,102.81935394173172,0.2819103526339104,0.052015362276957355,0.28191036262873514,0.0,0.0,2.3665912107648732e-11,49.8223260204812,2.9999151839096183
noise_paired,C1,0.02,0.005,4,P,completed,False,,,4.525405733250317e-14,1.8412885168584112e-11,0.6696609667175887,127,136,0.9663943998863866,0.0059687461086517,0.005725152216817733,9.99482475207941e-09,0.059689975236064154,True,True,0.0,3.332393670216707e-16,0.9994824752079413,82.49676369993078,0.1845660666907798,0.020502885065590393,0.18456607668560454,0.0,0.0,1.7589324502853103e-11,36.18927265575641,2.9999151839096183
noise_paired,C1,0.028,0.005,4,P,completed,False,,,2.3481524023437106e-14,6.857328217665953e-12,0.5084763960938892,91,98,1.1259960168507448,0.0059687461086517,0.005725152216817733,9.99482475207941e-09,0.022401454192080065,True,True,0.0,4.443191560288943e-16,0.9994824752079414,53.700526518108965,0.17372968800080058,0.10611421449683023,0.17372969799562532,0.0,0.0,3.094936412432363e-14,21.91705903939191,2.9999151839096183
noise_paired,C1,0.04,0.005,4,P,completed,False,,,2.818319458626668e-14,5.716613974789609e-12,0.046554890643043405,63,68,0.06127509100143666,0.0059687461086517,0.005725152216817733,9.99482475207941e-09,0.018943928537498413,True,True,0.0,5.553989450361179e-16,0.9994824752079415,5.303624834769457,0.5686570565972052,0.5682826995546316,0.56865706659203,0.0,0.0,5.473439562196471e-16,2.686294399611978,2.9999151839096183
noise_paired,C1,0.005,0.005,5,R,completed,False,,,1.5168150416398956e-13,2.475140965499066e-10,0.8100335462687405,511,547,1.536747648736678,0.0059648648431358895,0.00607518518057028,1.0001438779936316e-08,0.08324125841815194,True,True,0.0,4.440253243772696e-16,1.000143877993632,328.02618864464506,0.22338012654541606,0.008317852435033135,0.22338013654685485,0.0,0.0,4.283153614270205e-11,148.87091834517935,2.9999151839096183
noise_paired,C1,0.007,0.005,5,R,completed,False,,,1.0546093674539579e-13,1.2296990323656e-10,0.8742121419845846,365,391,1.8454519818674764,0.0059648648431358895,0.00607518518057028,1.0001438779936316e-08,0.0819350875930495,True,True,0.0,0.0,1.0001438779936316,247.61579849356562,0.15006213227944032,0.0012198763738526797,0.1500621422808791,0.0,0.0,2.597210565840209e-11,107.6667348465495,2.9999151839096183
noise_paired,C1,0.01,0.005,5,R,completed,False,,,8.056050043762481e-14,6.566912317071718e-11,0.6811170874115507,255,273,1.164888022077372,0.0059648648431358895,0.00607518518057028,1.0001438779936316e-08,0.07966666822239875,True,True,0.0,2.220126621886348e-16,1.0001438779936314,166.0757741166479,0.17757945588654134,0.04842709662225142,0.17757946588798013,0.0,0.0,1.2508893163111243e-10,72.80993980976683,2.9999151839096183
noise_paired,C1,0.014,0.005,5,R,completed,False,,,5.732618644368541e-14,3.338010369600484e-11,0.6257907615079246,182,195,0.9633449426155515,0.0059648648431358895,0.00607518518057028,1.0001438779936316e-08,0.07488272790450072,True,True,0.0,0.0,1.0001438779936316,116.91442852217409,0.1549713623689044,0.06510462518626015,0.1549713723703432,0.0,0.0,4.853897430131121e-11,50.735720356959874,2.9999151839096183
noise_paired,C1,0.02,0.005,5,R,completed,False,,,4.52840039902245e-14,1.8425069807980188e-11,0.553223211802362,127,136,1.2367023339443541,0.0059648648431358895,0.00607518518057028,1.0001438779936316e-08,0.05352068203371581,True,True,0.0,2.220126621886348e-16,1.0001438779936314,79.0141551471415,0.17085347095808345,0.08078363654329457,0.17085348095952224,0.0,0.0,4.955770697109394e-13,31.08040146729001,2.9999151839096183
noise_paired,C1,0.028,0.005,5,R,completed,False,,,2.3497062810546035e-14,6.861866022077798e-12,0.5166149270923276,91,98,0.7116857834970327,0.0059648648431358895,0.00607518518057028,1.0001438779936316e-08,0.022673214465530025,True,True,0.0,0.0,1.0001438779936316,57.2019658595643,0.16110590297277838,0.06103198696846179,0.16110591297421717,0.0,0.0,2.2150757040779393e-14,22.91349211774849,2.9999151839096183
noise_paired,C1,0.04,0.005,5,R,completed,False,,,2.8201844681562388e-14,5.720396916963614e-12,0.04628992851617527,63,68,0.05966360666989964,0.0059648648431358895,0.00607518518057028,1.0001438779936316e-08,0.019037267934475563,True,True,0.0,2.220126621886348e-16,1.0001438779936314,5.085380820476611,0.552883142060539,0.552512279770913,0.5528831520619778,0.0,0.0,4.76743287236841e-16,2.6045015475898503,2.9999151839096183
noise_paired,C1,0.005,0.005,5,P,completed,False,,,1.5168150416398956e-13,2.475140965499066e-10,0.8100335462687405,511,547,1.536747648736678,0.0059648648431358895,0.00607518518057028,1.0001438779936316e-08,0.08324125841815194,True,True,0.0,4.440253243772696e-16,1.000143877993632,328.02618864464506,0.22338012654541606,0.008317852435033135,0.22338013654685485,0.0,0.0,4.283153614270205e-11,148.87091834517935,2.9999151839096183
noise_paired,C1,0.007,0.005,5,P,completed,False,,,1.0546093674539579e-13,1.2296990323656e-10,0.8742121419845846,365,391,1.8454519818674764,0.0059648648431358895,0.00607518518057028,1.0001438779936316e-08,0.0819350875930495,True,True,0.0,0.0,1.0001438779936316,247.61579849356562,0.15006213227944032,0.0012198763738526797,0.1500621422808791,0.0,0.0,2.597210565840209e-11,107.6667348465495,2.9999151839096183
noise_paired,C1,0.01,0.005,5,P,completed,False,,,8.056050043762481e-14,6.566912317071718e-11,0.6811170874115507,255,273,1.164888022077372,0.0059648648431358895,0.00607518518057028,1.0001438779936316e-08,0.07966666822239875,True,True,0.0,2.220126621886348e-16,1.0001438779936314,166.0757741166479,0.17757945588654134,0.04842709662225142,0.17757946588798013,0.0,0.0,1.2508893163111243e-10,72.80993980976683,2.9999151839096183
noise_paired,C1,0.014,0.005,5,P,completed,False,,,5.732618644368541e-14,3.338010369600484e-11,0.6257907615079246,182,195,0.9633449426155515,0.0059648648431358895,0.00607518518057028,1.0001438779936316e-08,0.07488272790450072,True,True,0.0,0.0,1.0001438779936316,116.91442852217409,0.1549713623689044,0.06510462518626015,0.1549713723703432,0.0,0.0,4.853897430131121e-11,50.735720356959874,2.9999151839096183
noise_paired,C1,0.02,0.005,5,P,completed,False,,,4.52840039902245e-14,1.8425069807980188e-11,0.553223211802362,127,136,1.2367023339443541,0.0059648648431358895,0.00607518518057028,1.0001438779936316e-08,0.05352068203371581,True,True,0.0,2.220126621886348e-16,1.0001438779936314,79.0141551471415,0.17085347095808345,0.08078363654329457,0.17085348095952224,0.0,0.0,4.955770697109394e-13,31.08040146729001,2.9999151839096183
noise_paired,C1,0.028,0.005,5,P,completed,False,,,2.3497062810546035e-14,6.861866022077798e-12,0.5166149270923276,91,98,0.7116857834970327,0.0059648648431358895,0.00607518518057028,1.0001438779936316e-08,0.022673214465530025,True,True,0.0,0.0,1.0001438779936316,57.2019658595643,0.16110590297277838,0.06103198696846179,0.16110591297421717,0.0,0.0,2.2150757040779393e-14,22.91349211774849,2.9999151839096183
noise_paired,C1,0.04,0.005,5,P,completed,False,,,2.8201844681562388e-14,5.720396916963614e-12,0.04628992851617527,63,68,0.05966360666989964,0.0059648648431358895,0.00607518518057028,1.0001438779936316e-08,0.019037267934475563,True,True,0.0,2.220126621886348e-16,1.0001438779936314,5.085380820476611,0.552883142060539,0.552512279770913,0.5528831520619778,0.0,0.0,4.76743287236841e-16,2.6045015475898503,2.9999151839096183
noise_paired,C1,0.005,0.005,6,R,completed,False,,,1.516284032620731e-13,2.4742744642182223e-10,0.8181970174888213,511,547,1.7825315159819508,0.005966767419144231,0.006321968228362032,9.997937460361435e-09,0.08420361946155656,True,True,0.0,1.1104520597641554e-16,0.9997937460361433,334.87962969467924,0.16136964912641838,0.0012065531089320292,0.16136965912435583,0.0,0.0,7.745079551807149e-11,148.08300841043012,2.9999151839096183
noise_paired,C1,0.007,0.005,6,R,completed,False,,,1.0542401681314037e-13,1.2292685373750322e-10,0.8493609207571025,365,391,2.246270495509016,0.005966767419144231,0.006321968228362032,9.997937460361435e-09,0.08215773040950014,True,True,0.0,4.441808239056622e-16,0.999793746036143,275.7226597350998,0.12453075082124543,0.0007063811450797042,0.12453076081918289,0.0,0.0,1.3158937600084658e-10,108.4995254578084,2.9999151839096183
noise_paired,C1,0.01,0.005,6,R,completed,False,,,8.053229768966515e-14,6.564613361976534e-11,0.7474529614274424,255,273,1.4473897278346965,0.005966767419144231,0.006321968228362032,9.997937460361435e-09,0.07850560657291895,True,True,0.0,2.220904119528311e-16,0.9997937460361432,145.00699828002516,0.24576255247631662,0.004666927183510361,0.24576256247425407,0.0,0.0,1.042473789461144e-11,72.81137226438003,2.9999151839096183
noise_paired,C1,0.014,0.005,6,R,completed,False,,,5.730611760127533e-14,3.336841793628026e-11,0.6665375829927782,182,195,1.1676960001364156,0.005966767419144231,0.006321968228362032,9.997937460361435e-09,0.07061841435445951,True,True,0.0,2.220904119528311e-16,0.9997937460361432,115.18219317923348,0.16573644655327724,0.0360247427734427,0.1657364565512147,0.0,0.0,3.6979281092964085e-12,50.14045684599836,2.9999151839096183
noise_paired,C1,0.02,0.005,6,R,completed,False,,,4.5268150894176156e-14,1.8418619530274478e-11,0.5665719088527252,127,136,1.0447476262206583,0.005966767419144231,0.006321968228362032,9.997937460361435e-09,0.055317499328480395,True,True,0.0,1.1104520597641554e-16,0.9997937460361433,75.96101660302209,0.24206123747804031,0.06279962875287237,0.24206124747597776,0.0,0.0,6.967997517245887e-13,30.68025961819306,2.9999151839096183
noise_paired,C1,0.028,0.005,6,R,completed,False,,,2.3488836921473375e-14,6.859463809121048e-12,0.5043553011290134,91,98,0.7641404581495224,0.005966767419144231,0.006321968228362032,9.997937460361435e-09,0.03118257532061207,True,True,0.0,1.1104520597641554e-16,0.9997937460361433,51.3068401496664,0.25082582218439264,0.18093376105592474,0.2508258321823301,0.0,0.0,6.848784553387516e-14,22.510880160900797,2.9999151839096183
noise_paired,C1,0.04,0.005,6,R,completed,False,,,2.8191971734979e-14,5.718394311324351e-12,0.051443647556511644,63,68,0.07261668404691918,0.005966767419144231,0.006321968228362032,9.997937460361435e-09,0.019186036405471805,True,True,0.0,2.220904119528311e-16,0.9997937460361432,5.45745080524683,0.5690174747858614,0.56867941726171,0.5690174847837989,0.0,0.0,3.857372393060222e-16,2.604253599161253,2.9999151839096183
noise_paired,C1,0.005,0.005,6,P,completed,False,,,1.516284032620731e-13,2.4742744642182223e-10,0.8181970174888213,511,547,1.7825315159819508,0.005966767419144231,0.006321968228362032,9.997937460361435e-09,0.08420361946155656,True,True,0.0,1.1104520597641554e-16,0.9997937460361433,334.87962969467924,0.16136964912641838,0.0012065531089320292,0.16136965912435583,0.0,0.0,7.745079551807149e-11,148.08300841043012,2.9999151839096183
noise_paired,C1,0.007,0.005,6,P,completed,False,,,1.0542401681314037e-13,1.2292685373750322e-10,0.8493609207571025,365,391,2.246270495509016,0.005966767419144231,0.006321968228362032,9.997937460361435e-09,0.08215773040950014,True,True,0.0,4.441808239056622e-16,0.999793746036143,275.7226597350998,0.12453075082124543,0.0007063811450797042,0.12453076081918289,0.0,0.0,1.3158937600084658e-10,108.4995254578084,2.9999151839096183
noise_paired,C1,0.01,0.005,6,P,completed,False,,,8.053229768966515e-14,6.564613361976534e-11,0.7474529614274424,255,273,1.4473897278346965,0.005966767419144231,0.006321968228362032,9.997937460361435e-09,0.07850560657291895,True,True,0.0,2.220904119528311e-16,0.9997937460361432,145.00699828002516,0.24576255247631662,0.004666927183510361,0.24576256247425407,0.0,0.0,1.042473789461144e-11,72.81137226438003,2.9999151839096183
noise_paired,C1,0.014,0.005,6,P,completed,False,,,5.730611760127533e-14,3.336841793628026e-11,0.6665375829927782,182,195,1.1676960001364156,0.005966767419144231,0.006321968228362032,9.997937460361435e-09,0.07061841435445951,True,True,0.0,2.220904119528311e-16,0.9997937460361432,115.18219317923348,0.16573644655327724,0.0360247427734427,0.1657364565512147,0.0,0.0,3.6979281092964085e-12,50.14045684599836,2.9999151839096183
noise_paired,C1,0.02,0.005,6,P,completed,False,,,4.5268150894176156e-14,1.8418619530274478e-11,0.5665719088527252,127,136,1.0447476262206583,0.005966767419144231,0.006321968228362032,9.997937460361435e-09,0.055317499328480395,True,True,0.0,1.1104520597641554e-16,0.9997937460361433,75.96101660302209,0.24206123747804031,0.06279962875287237,0.24206124747597776,0.0,0.0,6.967997517245887e-13,30.68025961819306,2.9999151839096183
noise_paired,C1,0.028,0.005,6,P,completed,False,,,2.3488836921473375e-14,6.859463809121048e-12,0.5043553011290134,91,98,0.7641404581495224,0.005966767419144231,0.006321968228362032,9.997937460361435e-09,0.03118257532061207,True,True,0.0,1.1104520597641554e-16,0.9997937460361433,51.3068401496664,0.25082582218439264,0.18093376105592474,0.2508258321823301,0.0,0.0,6.848784553387516e-14,22.510880160900797,2.9999151839096183
noise_paired,C1,0.04,0.005,6,P,completed,False,,,2.8191971734979e-14,5.718394311324351e-12,0.051443647556511644,63,68,0.07261668404691918,0.005966767419144231,0.006321968228362032,9.997937460361435e-09,0.019186036405471805,True,True,0.0,2.220904119528311e-16,0.9997937460361432,5.45745080524683,0.5690174747858614,0.56867941726171,0.5690174847837989,0.0,0.0,3.857372393060222e-16,2.604253599161253,2.9999151839096183
noise_paired,C1,0.005,0.005,7,R,completed,False,,,1.5163448809350628e-13,2.4743737565850237e-10,0.8185683134547174,511,547,1.502320045732432,0.005966240383931182,0.005896172137401208,9.998338676511027e-09,0.08295160205030927,True,True,0.0,3.331222497693711e-16,0.9998338676511024,353.9774148264439,0.1451862247376252,0.005987773935172358,0.1451862347359639,0.0,0.0,1.319873803799749e-10,149.550737631078,2.9999151839096183
noise_paired,C1,0.007,0.005,7,R,completed,False,,,1.0542824746753965e-13,1.2293178677885635e-10,0.6760922479156302,365,391,1.610526310533719,0.005966240383931182,0.005896172137401208,9.998338676511027e-09,0.08180631082680545,True,True,0.0,0.0,0.9998338676511027,234.44801052305638,0.1950672169462626,0.02764524861210793,0.1950672269446013,0.0,0.0,2.295213883229325e-11,100.02471092420078,2.9999151839096183
noise_paired,C1,0.01,0.005,7,R,completed,False,,,8.053552944206658e-14,6.564876799201172e-11,0.6551543691913486,255,273,1.3057774965888327,0.005966240383931182,0.005896172137401208,9.998338676511027e-09,0.07920798509816358,True,True,0.0,1.110407499231237e-16,0.9998338676511028,153.91719512835468,0.19918466236904342,0.014780792560472156,0.1991846723673821,0.0,0.0,2.3813335997630143e-11,69.99207686814701,2.9999151839096183
noise_paired,C1,0.014,0.005,7,R,completed,False,,,5.730841728958037e-14,3.3369757007285205e-11,0.7262684113007972,182,195,1.4033875322502165,0.005966240383931182,0.005896172137401208,9.998338676511027e-09,0.07185165857119451,True,True,0.0,1.110407499231237e-16,0.9998338676511026,121.59484889069883,0.2058216413072823,0.012910822030182234,0.205821651305621,0.0,0.0,1.5926832207736569e-12,50.61086697001577,2.9999151839096183
noise_paired,C1,0.02,0.005,7,R,completed,False,,,4.5269967500178436e-14,1.8419358667485334e-11,0.5543868805522894,127,136,0.7851817299836084,0.005966240383931182,0.005896172137401208,9.998338676511027e-09,0.05972823574598474,True,True,0.0,1.110407499231237e-16,0.9998338676511026,76.07244875337241,0.20986754172358368,0.10408775805667447,0.20986755172192237,0.0,0.0,4.2904424502808495e-12,33.25476187102933,2.9999151839096183
noise_paired,C1,0.028,0.005,7,R,completed,False,,,2.348977952596009e-14,6.859739078662258e-12,0.5264252911759448,91,98,0.6846306422041329,0.005966240383931182,0.005896172137401208,9.998338676511027e-09,0.03233521608524904,True,True,0.0,1.110407499231237e-16,0.9998338676511026,58.02756638399385,0.14265353017708493,0.048471049473395866,0.14265354017542362,0.0,0.0,1.1276877026263237e-13,23.01439485825931,2.9999151839096183
noise_paired,C1,0.04,0.005,7,R,completed,False,,,2.8193103075757415e-14,5.718623789869954e-12,0.046006669864389865,63,68,0.06004715351268085,0.005966240383931182,0.005896172137401208,9.998338676511027e-09,0.01900749293596079,True,True,0.0,1.110407499231237e-16,0.9998338676511026,4.830691876065526,0.5348625718067861,0.5344499367438877,0.5348625818051248,0.0,0.0,5.590283551082319e-16,2.754683524158135,2.9999151839096183
noise_paired,C1,0.005,0.005,7,P,completed,False,,,1.5163448809350628e-13,2.4743737565850237e-10,0.8185683134547174,511,547,1.502320045732432,0.005966240383931182,0.005896172137401208,9.998338676511027e-09,0.08295160205030927,True,True,0.0,3.331222497693711e-16,0.9998338676511024,353.9774148264439,0.1451862247376252,0.005987773935172358,0.1451862347359639,0.0,0.0,1.319873803799749e-10,149.550737631078,2.9999151839096183
noise_paired,C1,0.007,0.005,7,P,completed,False,,,1.0542824746753965e-13,1.2293178677885635e-10,0.6760922479156302,365,391,1.610526310533719,0.005966240383931182,0.005896172137401208,9.998338676511027e-09,0.08180631082680545,True,True,0.0,0.0,0.9998338676511027,234.44801052305638,0.1950672169462626,0.02764524861210793,0.1950672269446013,0.0,0.0,2.295213883229325e-11,100.02471092420078,2.9999151839096183
noise_paired,C1,0.01,0.005,7,P,completed,False,,,8.053552944206658e-14,6.564876799201172e-11,0.6551543691913486,255,273,1.3057774965888327,0.005966240383931182,0.005896172137401208,9.998338676511027e-09,0.07920798509816358,True,True,0.0,1.110407499231237e-16,0.9998338676511028,153.91719512835468,0.19918466236904342,0.014780792560472156,0.1991846723673821,0.0,0.0,2.3813335997630143e-11,69.99207686814701,2.9999151839096183
noise_paired,C1,0.014,0.005,7,P,completed,False,,,5.730841728958037e-14,3.3369757007285205e-11,0.7262684113007972,182,195,1.4033875322502165,0.005966240383931182,0.005896172137401208,9.998338676511027e-09,0.07185165857119451,True,True,0.0,1.110407499231237e-16,0.9998338676511026,121.59484889069883,0.2058216413072823,0.012910822030182234,0.205821651305621,0.0,0.0,1.5926832207736569e-12,50.61086697001577,2.9999151839096183
noise_paired,C1,0.02,0.005,7,P,completed,False,,,4.5269967500178436e-14,1.8419358667485334e-11,0.5543868805522894,127,136,0.7851817299836084,0.005966240383931182,0.005896172137401208,9.998338676511027e-09,0.05972823574598474,True,True,0.0,1.110407499231237e-16,0.9998338676511026,76.07244875337241,0.20986754172358368,0.10408775805667447,0.20986755172192237,0.0,0.0,4.2904424502808495e-12,33.25476187102933,2.9999151839096183
noise_paired,C1,0.028,0.005,7,P,completed,False,,,2.348977952596009e-14,6.859739078662258e-12,0.5264252911759448,91,98,0.6846306422041329,0.005966240383931182,0.005896172137401208,9.998338676511027e-09,0.03233521608524904,True,True,0.0,1.110407499231237e-16,0.9998338676511026,58.02756638399385,0.14265353017708493,0.048471049473395866,0.14265354017542362,0.0,0.0,1.1276877026263237e-13,23.01439485825931,2.9999151839096183
noise_paired,C1,0.04,0.005,7,P,completed,False,,,2.8193103075757415e-14,5.718623789869954e-12,0.046006669864389865,63,68,0.06004715351268085,0.005966240383931182,0.005896172137401208,9.998338676511027e-09,0.01900749293596079,True,True,0.0,1.110407499231237e-16,0.9998338676511026,4.830691876065526,0.5348625718067861,0.5344499367438877,0.5348625818051248,0.0,0.0,5.590283551082319e-16,2.754683524158135,2.9999151839096183
noise_paired,C1,0.005,0.005,8,R,completed,False,,,1.5170392588323885e-13,2.475506843436107e-10,0.7816786099299554,511,547,1.6811894118589714,0.005963822144000824,0.005927167104676596,1.0002917203120796e-08,0.08350152980190699,True,True,0.0,8.87919395576946e-16,1.0002917203120787,349.72028461721646,0.10900275825708405,0.0010377395903587994,0.10900276826000126,0.0,0.0,4.8422465514766256e-12,145.9585718182483,2.9999151839096183
noise_paired,C1,0.007,0.005,8,R,completed,False,,,1.0547652609182604e-13,1.229880807768058e-10,0.8004717996588172,365,391,1.9670213628799422,0.005963822144000824,0.005927167104676596,1.0002917203120796e-08,0.08229519814221942,True,True,0.0,0.0,1.0002917203120796,236.44061274770831,0.22761580250514724,0.0029712438706103184,0.22761581250806445,0.0,0.0,9.041803885691452e-12,105.02075369416141,2.9999151839096183
noise_paired,C1,0.01,0.005,8,R,completed,False,,,8.057240897540831e-14,6.567883044947338e-11,0.7556561962707052,255,273,1.370349421259039,0.005963822144000824,0.005927167104676596,1.0002917203120796e-08,0.0771678184050002,True,True,0.0,0.0,1.0002917203120796,160.36581931849415,0.1697090855101292,0.030547920750516155,0.16970909551304642,0.0,0.0,1.1660285879363402e-10,74.43731043183679,2.9999151839096183
noise_paired,C1,0.014,0.005,8,R,completed,False,,,5.733466046077246e-14,3.3385037977990694e-11,0.6557805632716002,182,195,1.2629234994545997,0.005963822144000824,0.005927167104676596,1.0002917203120796e-08,0.07258110088128004,True,True,0.0,0.0,1.0002917203120796,111.30140961310556,0.23598422549326548,0.05328840856576589,0.2359842354961827,0.0,0.0,4.282123318580987e-11,50.74889198980904,2.9999151839096183
noise_paired,C1,0.02,0.005,8,R,completed,False,,,4.529069791925395e-14,1.842779342115017e-11,0.6417018114612759,127,136,1.0941956882393957,0.005963822144000824,0.005927167104676596,1.0002917203120796e-08,0.06302736692671548,True,True,0.0,0.0,1.0002917203120796,76.44693404892952,0.18054234997750984,0.006905835094417445,0.18054235998042706,0.0,0.0,2.9902865625114975e-12,34.1178089582421,2.9999151839096183
noise_paired,C1,0.028,0.005,8,R,completed,False,,,2.3500536171048526e-14,6.862880350319869e-12,0.5730776319335213,91,98,0.923061259258034,0.005963822144000824,0.005927167104676596,1.0002917203120796e-08,0.028262160170223188,True,True,0.0,0.0,1.0002917203120796,58.22287556626745,0.1720163416309134,0.09647051010301522,0.1720163516338306,0.0,0.0,4.1890960501488517e-14,23.902064421323416,2.9999151839096183
noise_paired,C1,0.04,0.005,8,R,completed,False,,,2.8206013507862257e-14,5.721242512043737e-12,0.05240885414325678,63,68,0.09458169152499683,0.005963822144000824,0.005927167104676596,1.0002917203120796e-08,0.019060171137959894,True,True,0.0,0.0,1.0002917203120796,6.78938509497854,0.5757681041974195,0.5753385382705274,0.5757681142003367,0.0,0.0,4.722389076279154e-16,2.530947260063768,2.9999151839096183
noise_paired,C1,0.005,0.005,8,P,completed,False,,,1.5170392588323885e-13,2.475506843436107e-10,0.7816786099299554,511,547,1.6811894118589714,0.005963822144000824,0.005927167104676596,1.0002917203120796e-08,0.08350152980190699,True,True,0.0,8.87919395576946e-16,1.0002917203120787,349.72028461721646,0.10900275825708405,0.0010377395903587994,0.10900276826000126,0.0,0.0,4.8422465514766256e-12,145.9585718182483,2.9999151839096183
noise_paired,C1,0.007,0.005,8,P,completed,False,,,1.0547652609182604e-13,1.229880807768058e-10,0.8004717996588172,365,391,1.9670213628799422,0.005963822144000824,0.005927167104676596,1.0002917203120796e-08,0.08229519814221942,True,True,0.0,0.0,1.0002917203120796,236.44061274770831,0.22761580250514724,0.0029712438706103184,0.22761581250806445,0.0,0.0,9.041803885691452e-12,105.02075369416141,2.9999151839096183
noise_paired,C1,0.01,0.005,8,P,completed,False,,,8.057240897540831e-14,6.567883044947338e-11,0.7556561962707052,255,273,1.370349421259039,0.005963822144000824,0.005927167104676596,1.0002917203120796e-08,0.0771678184050002,True,True,0.0,0.0,1.0002917203120796,160.36581931849415,0.1697090855101292,0.030547920750516155,0.16970909551304642,0.0,0.0,1.1660285879363402e-10,74.43731043183679,2.9999151839096183
noise_paired,C1,0.014,0.005,8,P,completed,False,,,5.733466046077246e-14,3.3385037977990694e-11,0.6557805632716002,182,195,1.2629234994545997,0.005963822144000824,0.005927167104676596,1.0002917203120796e-08,0.07258110088128004,True,True,0.0,0.0,1.0002917203120796,111.30140961310556,0.23598422549326548,0.05328840856576589,0.2359842354961827,0.0,0.0,4.282123318580987e-11,50.74889198980904,2.9999151839096183
noise_paired,C1,0.02,0.005,8,P,completed,False,,,4.529069791925395e-14,1.842779342115017e-11,0.6417018114612759,127,136,1.0941956882393957,0.005963822144000824,0.005927167104676596,1.0002917203120796e-08,0.06302736692671548,True,True,0.0,0.0,1.0002917203120796,76.44693404892952,0.18054234997750984,0.006905835094417445,0.18054235998042706,0.0,0.0,2.9902865625114975e-12,34.1178089582421,2.9999151839096183
noise_paired,C1,0.028,0.005,8,P,completed,False,,,2.3500536171048526e-14,6.862880350319869e-12,0.5730776319335213,91,98,0.923061259258034,0.005963822144000824,0.005927167104676596,1.0002917203120796e-08,0.028262160170223188,True,True,0.0,0.0,1.0002917203120796,58.22287556626745,0.1720163416309134,0.09647051010301522,0.1720163516338306,0.0,0.0,4.1890960501488517e-14,23.902064421323416,2.9999151839096183
noise_paired,C1,0.04,0.005,8,P,completed,False,,,2.8206013507862257e-14,5.721242512043737e-12,0.05240885414325678,63,68,0.09458169152499683,0.005963822144000824,0.005927167104676596,1.0002917203120796e-08,0.019060171137959894,True,True,0.0,0.0,1.0002917203120796,6.78938509497854,0.5757681041974195,0.5753385382705274,0.5757681142003367,0.0,0.0,4.722389076279154e-16,2.530947260063768,2.9999151839096183
noise_paired,C1,0.005,0.005,9,R,completed,False,,,1.5162429466543324e-13,2.4742074200791884e-10,0.8820799457904808,511,547,1.647566033148206,0.00596686258555594,0.005917425960970668,9.997666551406573e-09,0.08340791671389097,True,True,0.0,3.331446449778701e-16,0.9997666551406575,371.74033618658945,0.0808328790071231,0.002252461047543508,0.08083288900478966,0.0,0.0,1.0749784863656593e-10,150.39341715112116,2.9999151839096183
noise_paired,C1,0.007,0.005,9,R,completed,False,,,1.0542116019292991e-13,1.229235228519478e-10,0.7974423484633744,365,391,1.622602327806971,0.00596686258555594,0.005917425960970668,9.997666551406573e-09,0.08199036542011681,True,True,0.0,1.1104821499262339e-16,0.9997666551406573,264.6995224963205,0.12515952050230583,0.018600505872731876,0.1251595304999724,0.0,0.0,5.467350363845125e-11,106.8042489130623,2.9999151839096183
noise_paired,C1,0.01,0.005,9,R,completed,False,,,8.053011554752971e-14,6.564435484034006e-11,0.7323373236383446,255,273,1.3421686709023903,0.00596686258555594,0.005917425960970668,9.997666551406573e-09,0.07984700840917841,True,True,0.0,6.662892899557402e-16,0.9997666551406579,153.24303866652235,0.21760782996985584,0.02089681215517636,0.2176078399675224,0.0,0.0,7.557705958508867e-11,73.77455139784061,2.9999151839096183
noise_paired,C1,0.014,0.005,9,R,completed,False,,,5.730456480696269e-14,3.336751376946941e-11,0.7004738121324153,182,195,1.501582516833833,0.00596686258555594,0.005917425960970668,9.997666551406573e-09,0.07122567406712738,True,True,0.0,2.2209642998524677e-16,0.9997666551406574,120.09949027970283,0.18859602674059028,0.0062922679358294875,0.18859603673825684,0.0,0.0,1.6007921449122981e-12,48.64855753462009,2.9999151839096183
noise_paired,C1,0.02,0.005,9,R,completed,False,,,4.526692428643872e-14,1.841812045044059e-11,0.5497456947860669,127,136,0.8239898124982113,0.00596686258555594,0.005917425960970668,9.997666551406573e-09,0.055187128299740956,True,True,0.0,3.331446449778701e-16,0.9997666551406575,77.61067655863211,0.21782984430063013,0.09835697764149598,0.21782985429829668,0.0,0.0,2.7695026689905736e-13,30.494496708547327,2.9999151839096183
noise_paired,C1,0.028,0.005,9,R,completed,False,,,2.3488200456573834e-14,6.859277941768023e-12,0.5038169212378235,91,98,0.9467482481973025,0.00596686258555594,0.005917425960970668,9.997666551406573e-09,0.02961425453102221,True,True,0.0,3.331446449778701e-16,0.9997666551406575,52.17127057209805,0.22415925670631176,0.13209342123026335,0.22415926670397832,0.0,0.0,1.1603168791890496e-13,22.84864190176092,2.9999151839096183
noise_paired,C1,0.04,0.005,9,R,completed,False,,,2.819120783166109e-14,5.718239362942995e-12,0.050095812342277196,63,68,0.0772821883495379,0.00596686258555594,0.005917425960970668,9.997666551406573e-09,0.0190876262673731,True,True,0.0,3.331446449778701e-16,0.9997666551406575,6.169333337988864,0.61043678841228,0.6102541171942741,0.6104367984099466,0.0,0.0,2.911784017655356e-16,2.463434637952352,2.9999151839096183
noise_paired,C1,0.005,0.005,9,P,completed,False,,,1.5162429466543324e-13,2.4742074200791884e-10,0.8820799457904808,511,547,1.647566033148206,0.00596686258555594,0.005917425960970668,9.997666551406573e-09,0.08340791671389097,True,True,0.0,3.331446449778701e-16,0.9997666551406575,371.74033618658945,0.0808328790071231,0.002252461047543508,0.08083288900478966,0.0,0.0,1.0749784863656593e-10,150.39341715112116,2.9999151839096183
noise_paired,C1,0.007,0.005,9,P,completed,False,,,1.0542116019292991e-13,1.229235228519478e-10,0.7974423484633744,365,391,1.622602327806971,0.00596686258555594,0.005917425960970668,9.997666551406573e-09,0.08199036542011681,True,True,0.0,1.1104821499262339e-16,0.9997666551406573,264.6995224963205,0.12515952050230583,0.018600505872731876,0.1251595304999724,0.0,0.0,5.467350363845125e-11,106.8042489130623,2.9999151839096183
noise_paired,C1,0.01,0.005,9,P,completed,False,,,8.053011554752971e-14,6.564435484034006e-11,0.7323373236383446,255,273,1.3421686709023903,0.00596686258555594,0.005917425960970668,9.997666551406573e-09,0.07984700840917841,True,True,0.0,6.662892899557402e-16,0.9997666551406579,153.24303866652235,0.21760782996985584,0.02089681215517636,0.2176078399675224,0.0,0.0,7.557705958508867e-11,73.77455139784061,2.9999151839096183
noise_paired,C1,0.014,0.005,9,P,completed,False,,,5.730456480696269e-14,3.336751376946941e-11,0.7004738121324153,182,195,1.501582516833833,0.00596686258555594,0.005917425960970668,9.997666551406573e-09,0.07122567406712738,True,True,0.0,2.2209642998524677e-16,0.9997666551406574,120.09949027970283,0.18859602674059028,0.0062922679358294875,0.18859603673825684,0.0,0.0,1.6007921449122981e-12,48.64855753462009,2.9999151839096183
noise_paired,C1,0.02,0.005,9,P,completed,False,,,4.526692428643872e-14,1.841812045044059e-11,0.5497456947860669,127,136,0.8239898124982113,0.00596686258555594,0.005917425960970668,9.997666551406573e-09,0.055187128299740956,True,True,0.0,3.331446449778701e-16,0.9997666551406575,77.61067655863211,0.21782984430063013,0.09835697764149598,0.21782985429829668,0.0,0.0,2.7695026689905736e-13,30.494496708547327,2.9999151839096183
noise_paired,C1,0.028,0.005,9,P,completed,False,,,2.3488200456573834e-14,6.859277941768023e-12,0.5038169212378235,91,98,0.9467482481973025,0.00596686258555594,0.005917425960970668,9.997666551406573e-09,0.02961425453102221,True,True,0.0,3.331446449778701e-16,0.9997666551406575,52.17127057209805,0.22415925670631176,0.13209342123026335,0.22415926670397832,0.0,0.0,1.1603168791890496e-13,22.84864190176092,2.9999151839096183
noise_paired,C1,0.04,0.005,9,P,completed,False,,,2.819120783166109e-14,5.718239362942995e-12,0.050095812342277196,63,68,0.0772821883495379,0.00596686258555594,0.005917425960970668,9.997666551406573e-09,0.0190876262673731,True,True,0.0,3.331446449778701e-16,0.9997666551406575,6.169333337988864,0.61043678841228,0.6102541171942741,0.6104367984099466,0.0,0.0,2.911784017655356e-16,2.463434637952352,2.9999151839096183
noise_paired,C1,0.005,0.005,10,R,completed,False,,,1.5172810692212726e-13,2.475901429976311e-10,0.8471090006431552,511,547,1.8555885588907568,0.005963033333324141,0.005852083766651058,1.0004511630743402e-08,0.08292214954085168,True,True,0.0,4.4388894354962513e-16,1.0004511630743398,315.20235849138624,0.18896208305104534,0.0007120287889712529,0.18896209305555697,0.0,0.0,8.57831130863885e-11,147.45099193815207,2.9999151839096183
noise_paired,C1,0.007,0.005,10,R,completed,False,,,1.0549333865593333e-13,1.2300768461729152e-10,0.770945207983969,365,391,2.310849245057041,0.005963033333324141,0.005852083766651058,1.0004511630743402e-08,0.08193533728491016,True,True,0.0,4.4388894354962513e-16,1.0004511630743398,219.94351434058072,0.16251874257380228,0.005816861753526692,0.1625187525783139,0.0,0.0,3.027115021680957e-11,104.84979739320225,2.9999151839096183
noise_paired,C1,0.01,0.005,10,R,completed,False,,,8.058525191631063e-14,6.568929940961398e-11,0.7057402377214754,255,273,1.335048174254436,0.005963033333324141,0.005852083766651058,1.0004511630743402e-08,0.07950232925762794,True,True,0.0,2.2194447177481257e-16,1.00045116307434,170.9061646131022,0.17875643488976933,0.01930584584825812,0.17875644489428097,0.0,0.0,4.18704046992255e-11,72.89619249940544,2.9999151839096183
noise_paired,C1,0.014,0.005,10,R,completed,False,,,5.73437993913979e-14,3.339035942828894e-11,0.6487618825135534,182,195,1.306947023937531,0.005963033333324141,0.005852083766651058,1.0004511630743402e-08,0.0724749929246169,True,True,0.0,0.0,1.0004511630743402,125.21136849055097,0.14650800473285563,0.06242495426143113,0.14650801473736727,0.0,0.0,6.812428681079106e-11,50.50521915423576,2.9999151839096183
noise_paired,C1,0.02,0.005,10,R,completed,False,,,4.529791708725697e-14,1.8430730742559286e-11,0.7869961565727124,127,136,1.7043742535594464,0.005963033333324141,0.005852083766651058,1.0004511630743402e-08,0.05046281682742862,True,True,0.0,2.2194447177481257e-16,1.00045116307434,76.59051580717814,0.1996578935968807,0.032634621057892166,0.19965790360139232,0.0,0.0,1.8909265048137137e-11,37.18654379851184,2.9999151839096183
noise_paired,C1,0.028,0.005,10,R,completed,False,,,2.3504282068695812e-14,6.8639742678020394e-12,0.5033482298596472,91,98,0.6734735424512116,0.005963033333324141,0.005852083766651058,1.0004511630743402e-08,0.030839532810391576,True,True,0.0,2.2194447177481257e-16,1.00045116307434,52.37500533610965,0.17502049866860625,0.03793507115436234,0.17502050867311789,0.0,0.0,1.532832518432705e-14,21.89877296488604,2.9999151839096183
noise_paired,C1,0.04,0.005,10,R,completed,False,,,2.8210509441013292e-14,5.722154456720635e-12,0.049276123867455564,63,68,0.08311084568080837,0.005963033333324141,0.005852083766651058,1.0004511630743402e-08,0.019005507545334612,True,True,0.0,2.2194447177481257e-16,1.00045116307434,5.6120964607613795,0.5687971898156893,0.568462602220674,0.5687971998202009,0.0,0.0,5.256226057664689e-16,2.569568220190542,2.9999151839096183
noise_paired,C1,0.005,0.005,10,P,completed,False,,,1.5172810692212726e-13,2.475901429976311e-10,0.8471090006431552,511,547,1.8555885588907568,0.005963033333324141,0.005852083766651058,1.0004511630743402e-08,0.08292214954085168,True,True,0.0,4.4388894354962513e-16,1.0004511630743398,315.20235849138624,0.18896208305104534,0.0007120287889712529,0.18896209305555697,0.0,0.0,8.57831130863885e-11,147.45099193815207,2.9999151839096183
noise_paired,C1,0.007,0.005,10,P,completed,False,,,1.0549333865593333e-13,1.2300768461729152e-10,0.770945207983969,365,391,2.310849245057041,0.005963033333324141,0.005852083766651058,1.0004511630743402e-08,0.08193533728491016,True,True,0.0,4.4388894354962513e-16,1.0004511630743398,219.94351434058072,0.16251874257380228,0.005816861753526692,0.1625187525783139,0.0,0.0,3.027115021680957e-11,104.84979739320225,2.9999151839096183
noise_paired,C1,0.01,0.005,10,P,completed,False,,,8.058525191631063e-14,6.568929940961398e-11,0.7057402377214754,255,273,1.335048174254436,0.005963033333324141,0.005852083766651058,1.0004511630743402e-08,0.07950232925762794,True,True,0.0,2.2194447177481257e-16,1.00045116307434,170.9061646131022,0.17875643488976933,0.01930584584825812,0.17875644489428097,0.0,0.0,4.18704046992255e-11,72.89619249940544,2.9999151839096183
noise_paired,C1,0.014,0.005,10,P,completed,False,,,5.73437993913979e-14,3.339035942828894e-11,0.6487618825135534,182,195,1.306947023937531,0.005963033333324141,0.005852083766651058,1.0004511630743402e-08,0.0724749929246169,True,True,0.0,0.0,1.0004511630743402,125.21136849055097,0.14650800473285563,0.06242495426143113,0.14650801473736727,0.0,0.0,6.812428681079106e-11,50.50521915423576,2.9999151839096183
noise_paired,C1,0.02,0.005,10,P,completed,False,,,4.529791708725697e-14,1.8430730742559286e-11,0.7869961565727124,127,136,1.7043742535594464,0.005963033333324141,0.005852083766651058,1.0004511630743402e-08,0.05046281682742862,True,True,0.0,2.2194447177481257e-16,1.00045116307434,76.59051580717814,0.1996578935968807,0.032634621057892166,0.19965790360139232,0.0,0.0,1.8909265048137137e-11,37.18654379851184,2.9999151839096183
noise_paired,C1,0.028,0.005,10,P,completed,False,,,2.3504282068695812e-14,6.8639742678020394e-12,0.5033482298596472,91,98,0.6734735424512116,0.005963033333324141,0.005852083766651058,1.0004511630743402e-08,0.030839532810391576,True,True,0.0,2.2194447177481257e-16,1.00045116307434,52.37500533610965,0.17502049866860625,0.03793507115436234,0.17502050867311789,0.0,0.0,1.532832518432705e-14,21.89877296488604,2.9999151839096183
noise_paired,C1,0.04,0.005,10,P,completed,False,,,2.8210509441013292e-14,5.722154456720635e-12,0.049276123867455564,63,68,0.08311084568080837,0.005963033333324141,0.005852083766651058,1.0004511630743402e-08,0.019005507545334612,True,True,0.0,2.2194447177481257e-16,1.00045116307434,5.6120964607613795,0.5687971898156893,0.568462602220674,0.5687971998202009,0.0,0.0,5.256226057664689e-16,2.569568220190542,2.9999151839096183
noise_paired,C1,0.005,0.005,11,R,completed,False,,,1.5165994034136538e-13,2.474789086731486e-10,0.7753891058761896,511,547,1.6325468021878196,0.005965816884561193,0.005953016497737663,1.0000016923968934e-08,0.08304640028433319,True,True,0.0,2.2204422913806773e-16,1.0000016923968935,352.09549354578775,0.1650750618724055,0.0007178609833253802,0.16507507187242243,0.0,0.0,1.5700607298364032e-12,145.28375298124362,2.9999151839096183
noise_paired,C1,0.007,0.005,11,R,completed,False,,,1.05445943876316e-13,1.229524212027674e-10,0.8741387036053777,365,391,1.5969688145281322,0.005965816884561193,0.005953016497737663,1.0000016923968934e-08,0.08056133233216432,True,True,0.0,4.4408845827613546e-16,1.0000016923968937,254.31823125216866,0.14866665065663953,0.003141824987040631,0.14866666065665646,0.0,0.0,3.0236272282496417e-10,109.98348520095674,2.9999151839096183
noise_paired,C1,0.01,0.005,11,R,completed,False,,,8.054904754261611e-14,6.565978731047671e-11,0.6552103642108109,255,273,1.173109126504584,0.005965816884561193,0.005953016497737663,1.0000016923968934e-08,0.07883127869303258,True,True,0.0,2.2204422913806773e-16,1.0000016923968935,170.67490736278117,0.148740389763087,0.04407522632527594,0.14874039976310394,0.0,0.0,1.7689433980364295e-11,70.70509466881272,2.9999151839096183
noise_paired,C1,0.014,0.005,11,R,completed,False,,,5.731803665823197e-14,3.337535820881281e-11,0.7322117855622723,182,195,1.1586232318404537,0.005965816884561193,0.005953016497737663,1.0000016923968934e-08,0.07232923242926782,True,True,0.0,2.2204422913806773e-16,1.0000016923968935,132.44152241206166,0.1390209865551233,0.02981943885554439,0.13902099655514022,0.0,0.0,4.117900444572966e-10,53.281009568655726,2.9999151839096183
noise_paired,C1,0.02,0.005,11,R,completed,False,,,4.527756618335319e-14,1.8422450405308996e-11,0.60852360641819,127,136,1.1786683557742124,0.005965816884561193,0.005953016497737663,1.0000016923968934e-08,0.06075705698846223,True,True,0.0,2.2204422913806773e-16,1.0000016923968935,79.78923890686546,0.17308391178498728,0.010281612564064124,0.1730839217850042,0.0,0.0,9.879210405306133e-12,33.81634775657214,2.9999151839096183
noise_paired,C1,0.028,0.005,11,R,completed,False,,,2.3493722347267878e-14,6.860890503918306e-12,0.4420905296137918,91,98,0.6182648086577602,0.005965816884561193,0.005953016497737663,1.0000016923968934e-08,0.02205075372267959,True,True,0.0,2.2204422913806773e-16,1.0000016923968935,47.94708524509582,0.22178576978304188,0.11368993286425255,0.2217857797830588,0.0,0.0,1.3061910120895917e-14,18.738918042688432,2.9999151839096183
noise_paired,C1,0.04,0.005,11,R,completed,False,,,2.8197835362300032e-14,5.719583675921886e-12,0.04976263458932364,63,68,0.06972317693518992,0.005965816884561193,0.005953016497737663,1.0000016923968934e-08,0.019016669344470064,True,True,0.0,2.2204422913806773e-16,1.0000016923968935,5.627910250878033,0.5748806234439603,0.574526064402429,0.5748806334439772,0.0,0.0,6.134892764666181e-16,2.6422283976910457,2.9999151839096183
noise_paired,C1,0.005,0.005,11,P,completed,False,,,1.5165994034136538e-13,2.474789086731486e-10,0.7753891058761896,511,547,1.6325468021878196,0.005965816884561193,0.005953016497737663,1.0000016923968934e-08,0.08304640028433319,True,True,0.0,2.2204422913806773e-16,1.0000016923968935,352.09549354578775,0.1650750618724055,0.0007178609833253802,0.16507507187242243,0.0,0.0,1.5700607298364032e-12,145.28375298124362,2.9999151839096183
noise_paired,C1,0.007,0.005,11,P,completed,False,,,1.05445943876316e-13,1.229524212027674e-10,0.8741387036053777,365,391,1.5969688145281322,0.005965816884561193,0.005953016497737663,1.0000016923968934e-08,0.08056133233216432,True,True,0.0,4.4408845827613546e-16,1.0000016923968937,254.31823125216866,0.14866665065663953,0.003141824987040631,0.14866666065665646,0.0,0.0,3.0236272282496417e-10,109.98348520095674,2.9999151839096183
noise_paired,C1,0.01,0.005,11,P,completed,False,,,8.054904754261611e-14,6.565978731047671e-11,0.6552103642108109,255,273,1.173109126504584,0.005965816884561193,0.005953016497737663,1.0000016923968934e-08,0.07883127869303258,True,True,0.0,2.2204422913806773e-16,1.0000016923968935,170.67490736278117,0.148740389763087,0.04407522632527594,0.14874039976310394,0.0,0.0,1.7689433980364295e-11,70.70509466881272,2.9999151839096183
noise_paired,C1,0.014,0.005,11,P,completed,False,,,5.731803665823197e-14,3.337535820881281e-11,0.7322117855622723,182,195,1.1586232318404537,0.005965816884561193,0.005953016497737663,1.0000016923968934e-08,0.07232923242926782,True,True,0.0,2.2204422913806773e-16,1.0000016923968935,132.44152241206166,0.1390209865551233,0.02981943885554439,0.13902099655514022,0.0,0.0,4.117900444572966e-10,53.281009568655726,2.9999151839096183
noise_paired,C1,0.02,0.005,11,P,completed,False,,,4.527756618335319e-14,1.8422450405308996e-11,0.60852360641819,127,136,1.1786683557742124,0.005965816884561193,0.005953016497737663,1.0000016923968934e-08,0.06075705698846223,True,True,0.0,2.2204422913806773e-16,1.0000016923968935,79.78923890686546,0.17308391178498728,0.010281612564064124,0.1730839217850042,0.0,0.0,9.879210405306133e-12,33.81634775657214,2.9999151839096183
noise_paired,C1,0.028,0.005,11,P,completed,False,,,2.3493722347267878e-14,6.860890503918306e-12,0.4420905296137918,91,98,0.6182648086577602,0.005965816884561193,0.005953016497737663,1.0000016923968934e-08,0.02205075372267959,True,True,0.0,2.2204422913806773e-16,1.0000016923968935,47.94708524509582,0.22178576978304188,0.11368993286425255,0.2217857797830588,0.0,0.0,1.3061910120895917e-14,18.738918042688432,2.9999151839096183
noise_paired,C1,0.04,0.005,11,P,completed,False,,,2.8197835362300032e-14,5.719583675921886e-12,0.04976263458932364,63,68,0.06972317693518992,0.005965816884561193,0.005953016497737663,1.0000016923968934e-08,0.019016669344470064,True,True,0.0,2.2204422913806773e-16,1.0000016923968935,5.627910250878033,0.5748806234439603,0.574526064402429,0.5748806334439772,0.0,0.0,6.134892764666181e-16,2.6422283976910457,2.9999151839096183
noise_paired,C1,0.005,0.005,12,R,completed,False,,,1.516214011717909e-13,2.4741602040083364e-10,0.7821033127461753,511,547,2.041049744981623,0.005966974169366457,0.005972434687845733,9.997475762821743e-09,0.08364435857570379,True,True,0.0,1.110503342007404e-16,0.9997475762821743,376.10898288994076,0.10800503975669307,0.001866001849759269,0.10800504975416883,0.0,0.0,4.2123044737793684e-11,144.76402627238141,2.9999151839096183
noise_paired,C1,0.007,0.005,12,R,completed,False,,,1.0541914840809385e-13,1.2292117706407357e-10,0.740237551558814,365,391,1.5449674629609143,0.005966974169366457,0.005972434687845733,9.997475762821743e-09,0.0817625718443063,True,True,0.0,5.552516710037019e-16,0.9997475762821738,253.42123224911612,0.15571709255658983,0.0016764419845013423,0.1557171025540656,0.0,0.0,2.1924101913505012e-11,104.9573627771676,2.9999151839096183
noise_paired,C1,0.01,0.005,12,R,completed,False,,,8.052857876625156e-14,6.564310212867005e-11,0.7693293912346638,255,273,1.423516108306756,0.005966974169366457,0.005972434687845733,9.997475762821743e-09,0.0773926167569706,True,True,0.0,7.773523394051827e-16,0.9997475762821736,172.3991588902109,0.1651914959116948,0.006567390492174918,0.16519150590917056,0.0,0.0,5.3363616370865346e-11,74.18225541251746,2.9999151839096183
noise_paired,C1,0.014,0.005,12,R,completed,False,,,5.730347124610353e-14,3.3366877006810996e-11,0.6767500208227746,182,195,1.3874937684563917,0.005966974169366457,0.005972434687845733,9.997475762821743e-09,0.07358709958544257,True,True,0.0,1.110503342007404e-16,0.9997475762821743,105.59273655585999,0.23440068335206776,0.0634159585571834,0.23440069334954353,0.0,0.0,6.494969933866734e-11,51.06943631213696,2.9999151839096183
noise_paired,C1,0.02,0.005,12,R,completed,False,,,4.5266060443623025e-14,1.841776897171124e-11,0.6661249488376008,127,136,1.1988922078409743,0.005966974169366457,0.005972434687845733,9.997475762821743e-09,0.05996617818058371,True,True,0.0,3.3315100260222116e-16,0.999747576282174,75.69382271563528,0.20034361215282048,0.009352444493286094,0.20034362215029625,0.0,0.0,1.0057047836151085e-12,35.15326670478331,2.9999151839096183
noise_paired,C1,0.028,0.005,12,R,completed,False,,,2.3487752223928524e-14,6.8591470440305645e-12,0.5670575741388083,91,98,0.9544529559921295,0.005966974169366457,0.005972434687845733,9.997475762821743e-09,0.032103990398945216,True,True,0.0,4.442013368029616e-16,0.9997475762821739,64.22992621623402,0.13586352583275907,0.08509044508264052,0.13586353583023483,0.0,0.0,5.4508527585104665e-14,22.94811519623267,2.9999151839096183
noise_paired,C1,0.04,0.005,12,R,completed,False,,,2.8190669850061173e-14,5.7181302400001414e-12,0.04804462768460906,63,68,0.07866152339798148,0.005966974169366457,0.005972434687845733,9.997475762821743e-09,0.019091124571489863,True,True,0.0,4.442013368029616e-16,0.9997475762821739,6.035064372839431,0.6063476593946657,0.6061521860629224,0.6063476693921415,0.0,0.0,6.432436236113665e-16,2.4980137668210434,2.9999151839096183
noise_paired,C1,0.005,0.005,12,P,completed,False,,,1.516214011717909e-13,2.4741602040083364e-10,0.7821033127461753,511,547,2.041049744981623,0.005966974169366457,0.005972434687845733,9.997475762821743e-09,0.08364435857570379,True,True,0.0,1.110503342007404e-16,0.9997475762821743,376.10898288994076,0.10800503975669307,0.001866001849759269,0.10800504975416883,0.0,0.0,4.2123044737793684e-11,144.76402627238141,2.9999151839096183
noise_paired,C1,0.007,0.005,12,P,completed,False,,,1.0541914840809385e-13,1.2292117706407357e-10,0.740237551558814,365,391,1.5449674629609143,0.005966974169366457,0.005972434687845733,9.997475762821743e-09,0.0817625718443063,True,True,0.0,5.552516710037019e-16,0.9997475762821738,253.42123224911612,0.15571709255658983,0.0016764419845013423,0.1557171025540656,0.0,0.0,2.1924101913505012e-11,104.9573627771676,2.9999151839096183
noise_paired,C1,0.01,0.005,12,P,completed,False,,,8.052857876625156e-14,6.564310212867005e-11,0.7693293912346638,255,273,1.423516108306756,0.005966974169366457,0.005972434687845733,9.997475762821743e-09,0.0773926167569706,True,True,0.0,7.773523394051827e-16,0.9997475762821736,172.3991588902109,0.1651914959116948,0.006567390492174918,0.16519150590917056,0.0,0.0,5.3363616370865346e-11,74.18225541251746,2.9999151839096183
noise_paired,C1,0.014,0.005,12,P,completed,False,,,5.730347124610353e-14,3.3366877006810996e-11,0.6767500208227746,182,195,1.3874937684563917,0.005966974169366457,0.005972434687845733,9.997475762821743e-09,0.07358709958544257,True,True,0.0,1.110503342007404e-16,0.9997475762821743,105.59273655585999,0.23440068335206776,0.0634159585571834,0.23440069334954353,0.0,0.0,6.494969933866734e-11,51.06943631213696,2.9999151839096183
noise_paired,C1,0.02,0.005,12,P,completed,False,,,4.5266060443623025e-14,1.841776897171124e-11,0.6661249488376008,127,136,1.1988922078409743,0.005966974169366457,0.005972434687845733,9.997475762821743e-09,0.05996617818058371,True,True,0.0,3.3315100260222116e-16,0.999747576282174,75.69382271563528,0.20034361215282048,0.009352444493286094,0.20034362215029625,0.0,0.0,1.0057047836151085e-12,35.15326670478331,2.9999151839096183
noise_paired,C1,0.028,0.005,12,P,completed,False,,,2.3487752223928524e-14,6.8591470440305645e-12,0.5670575741388083,91,98,0.9544529559921295,0.005966974169366457,0.005972434687845733,9.997475762821743e-09,0.032103990398945216,True,True,0.0,4.442013368029616e-16,0.9997475762821739,64.22992621623402,0.13586352583275907,0.08509044508264052,0.13586353583023483,0.0,0.0,5.4508527585104665e-14,22.94811519623267,2.9999151839096183
noise_paired,C1,0.04,0.005,12,P,completed,False,,,2.8190669850061173e-14,5.7181302400001414e-12,0.04804462768460906,63,68,0.07866152339798148,0.005966974169366457,0.005972434687845733,9.997475762821743e-09,0.019091124571489863,True,True,0.0,4.442013368029616e-16,0.9997475762821739,6.035064372839431,0.6063476593946657,0.6061521860629224,0.6063476693921415,0.0,0.0,6.432436236113665e-16,2.4980137668210434,2.9999151839096183
noise_paired,C1,0.005,0.005,13,R,completed,False,,,1.516859709990672e-13,2.4752138553780777e-10,0.8748273245297571,511,547,1.7172969129565037,0.005964607842160261,0.005940890857573555,1.0001733310095518e-08,0.08308378500612275,True,True,0.0,2.2200612437936597e-16,1.000173331009552,331.828196906921,0.14319894518683374,0.0019685997413594336,0.14319895518856704,0.0,0.0,1.564327723832571e-10,151.69099724849582,2.9999151839096183
noise_paired,C1,0.007,0.005,13,R,completed,False,,,1.0546404244120342e-13,1.229735245500504e-10,0.8080234911716462,365,391,1.5245276133840713,0.005964607842160261,0.005940890857573555,1.0001733310095518e-08,0.08077953531386024,True,True,0.0,2.2200612437936597e-16,1.0001733310095515,236.3401974411581,0.1625118158944131,0.010467181538775017,0.1625118258961464,0.0,0.0,2.5201575894340758e-12,104.05191445656376,2.9999151839096183
noise_paired,C1,0.01,0.005,13,R,completed,False,,,8.056287284598938e-14,6.567105704620525e-11,0.6567579371030703,255,273,1.2872223024636134,0.005964607842160261,0.005940890857573555,1.0001733310095518e-08,0.08032916302063828,True,True,0.0,2.2200612437936597e-16,1.0001733310095515,166.92068598286056,0.20137041894243102,0.02020660323019563,0.20137042894416432,0.0,0.0,1.4279925603186706e-11,70.31233990486663,2.9999151839096183
noise_paired,C1,0.014,0.005,13,R,completed,False,,,5.732787462987455e-14,3.338108669929787e-11,0.6683177906194252,182,195,1.2016579159164815,0.005964607842160261,0.005940890857573555,1.0001733310095518e-08,0.07222011237805748,True,True,0.0,2.2200612437936597e-16,1.0001733310095515,130.97345488799004,0.10751199379904242,0.07269793065906782,0.10751200380077573,0.0,0.0,2.4779816718555333e-11,51.12444865066066,2.9999151839096183
noise_paired,C1,0.02,0.005,13,R,completed,False,,,4.528533754884521e-14,1.8425612403786977e-11,0.6707155953086444,127,136,1.2381989395437116,0.005964607842160261,0.005940890857573555,1.0001733310095518e-08,0.05897440177002311,True,True,0.0,2.2200612437936597e-16,1.0001733310095515,75.5246294446107,0.257416110611433,0.03688178022123656,0.2574161206131663,0.0,0.0,2.0524588116997133e-12,34.87351983929196,2.9999151839096183
noise_paired,C1,0.028,0.005,13,R,completed,False,,,2.3497754770353283e-14,6.862068095653047e-12,0.4419295309811173,91,98,0.7801584731666035,0.005964607842160261,0.005940890857573555,1.0001733310095518e-08,0.026624901288333346,True,True,0.0,2.2200612437936597e-16,1.0001733310095515,50.15612700493302,0.2061002764236457,0.15062981714939505,0.206100286425379,0.0,0.0,6.656671683127934e-14,20.889974518858352,2.9999151839096183
noise_paired,C1,0.04,0.005,13,R,completed,False,,,2.8202675191450676e-14,5.720565375667579e-12,0.04989446854593128,63,68,0.07417241089322184,0.005964607842160261,0.005940890857573555,1.0001733310095518e-08,0.01906692897695979,True,True,0.0,2.2200612437936597e-16,1.0001733310095515,5.492559522370089,0.5872754644172453,0.5870227422295906,0.5872754744189786,0.0,0.0,3.0017528373908536e-16,2.5386145872177175,2.9999151839096183
noise_paired,C1,0.005,0.005,13,P,completed,False,,,1.516859709990672e-13,2.4752138553780777e-10,0.8748273245297571,511,547,1.7172969129565037,0.005964607842160261,0.005940890857573555,1.0001733310095518e-08,0.08308378500612275,True,True,0.0,2.2200612437936597e-16,1.000173331009552,331.828196906921,0.14319894518683374,0.0019685997413594336,0.14319895518856704,0.0,0.0,1.564327723832571e-10,151.69099724849582,2.9999151839096183
noise_paired,C1,0.007,0.005,13,P,completed,False,,,1.0546404244120342e-13,1.229735245500504e-10,0.8080234911716462,365,391,1.5245276133840713,0.005964607842160261,0.005940890857573555,1.0001733310095518e-08,0.08077953531386024,True,True,0.0,2.2200612437936597e-16,1.0001733310095515,236.3401974411581,0.1625118158944131,0.010467181538775017,0.1625118258961464,0.0,0.0,2.5201575894340758e-12,104.05191445656376,2.9999151839096183
noise_paired,C1,0.01,0.005,13,P,completed,False,,,8.056287284598938e-14,6.567105704620525e-11,0.6567579371030703,255,273,1.2872223024636134,0.005964607842160261,0.005940890857573555,1.0001733310095518e-08,0.08032916302063828,True,True,0.0,2.2200612437936597e-16,1.0001733310095515,166.92068598286056,0.20137041894243102,0.02020660323019563,0.20137042894416432,0.0,0.0,1.4279925603186706e-11,70.31233990486663,2.9999151839096183
noise_paired,C1,0.014,0.005,13,P,completed,False,,,5.732787462987455e-14,3.338108669929787e-11,0.6683177906194252,182,195,1.2016579159164815,0.005964607842160261,0.005940890857573555,1.0001733310095518e-08,0.07222011237805748,True,True,0.0,2.2200612437936597e-16,1.0001733310095515,130.97345488799004,0.10751199379904242,0.07269793065906782,0.10751200380077573,0.0,0.0,2.4779816718555333e-11,51.12444865066066,2.9999151839096183
noise_paired,C1,0.02,0.005,13,P,completed,False,,,4.528533754884521e-14,1.8425612403786977e-11,0.6707155953086444,127,136,1.2381989395437116,0.005964607842160261,0.005940890857573555,1.0001733310095518e-08,0.05897440177002311,True,True,0.0,2.2200612437936597e-16,1.0001733310095515,75.5246294446107,0.257416110611433,0.03688178022123656,0.2574161206131663,0.0,0.0,2.0524588116997133e-12,34.87351983929196,2.9999151839096183
noise_paired,C1,0.028,0.005,13,P,completed,False,,,2.3497754770353283e-14,6.862068095653047e-12,0.4419295309811173,91,98,0.7801584731666035,0.005964607842160261,0.005940890857573555,1.0001733310095518e-08,0.026624901288333346,True,True,0.0,2.2200612437936597e-16,1.0001733310095515,50.15612700493302,0.2061002764236457,0.15062981714939505,0.206100286425379,0.0,0.0,6.656671683127934e-14,20.889974518858352,2.9999151839096183
noise_paired,C1,0.04,0.005,13,P,completed,False,,,2.8202675191450676e-14,5.720565375667579e-12,0.04989446854593128,63,68,0.07417241089322184,0.005964607842160261,0.005940890857573555,1.0001733310095518e-08,0.01906692897695979,True,True,0.0,2.2200612437936597e-16,1.0001733310095515,5.492559522370089,0.5872754644172453,0.5870227422295906,0.5872754744189786,0.0,0.0,3.0017528373908536e-16,2.5386145872177175,2.9999151839096183
noise_paired,C1,0.005,0.005,14,R,completed,False,,,1.5157897298209452e-13,2.4734678601989294e-10,0.8125827016975695,511,547,1.5404135029574886,0.005968593210901468,0.0062739538578481,9.994678170958909e-09,0.08359499386295396,True,True,0.0,5.554070904709479e-16,0.9994678170958914,331.88380530153995,0.1753101956971348,0.004084163429281973,0.17531020569181296,0.0,0.0,4.932630993670456e-11,147.56291786730287,2.9999151839096183
noise_paired,C1,0.007,0.005,14,R,completed,False,,,1.0538964898656282e-13,1.2288678005297968e-10,0.7414928863554604,365,391,1.3854928008327834,0.005968593210901468,0.0062739538578481,9.994678170958909e-09,0.08221504495651127,True,True,0.0,6.664885085651375e-16,0.9994678170958915,237.52793556551114,0.1623831845084508,0.010886697151293312,0.16238319450312896,0.0,0.0,3.2658768475759476e-11,103.84208760548776,2.9999151839096183
noise_paired,C1,0.01,0.005,14,R,completed,False,,,8.05060444683921e-14,6.562473323108797e-11,0.645939670360328,255,273,1.4315921866692156,0.005968593210901468,0.0062739538578481,9.994678170958909e-09,0.08070539009972745,True,True,0.0,3.3324425428256876e-16,0.9994678170958912,154.02870636458275,0.2520601860487287,0.009875870230444006,0.2520601960434069,0.0,0.0,8.082827805885075e-12,68.60311860916627,2.9999151839096183
noise_paired,C1,0.014,0.005,14,R,completed,False,,,5.72874360259466e-14,3.335753995955856e-11,0.6927746121727137,182,195,1.0669764222711045,0.005968593210901468,0.0062739538578481,9.994678170958909e-09,0.07391370650360503,True,True,0.0,6.664885085651375e-16,0.9994678170958915,129.92509113319505,0.13250304885325437,0.03544353579783688,0.13250305884793254,0.0,0.0,4.26175911017614e-12,50.36539851815964,2.9999151839096183
noise_paired,C1,0.02,0.005,14,R,completed,False,,,4.525339364998791e-14,1.841261513069885e-11,0.5753076450180677,127,136,0.8583644991725166,0.005968593210901468,0.0062739538578481,9.994678170958909e-09,0.057244761237746,True,True,0.0,6.664885085651375e-16,0.9994678170958915,79.51651408956432,0.1894013476789258,0.08661683296907208,0.18940135767360397,0.0,0.0,1.966259602756353e-11,33.677217921079915,2.9999151839096183
noise_paired,C1,0.028,0.005,14,R,completed,False,,,2.348117965040528e-14,6.857227650134384e-12,0.5817081677455425,91,98,0.850725025264185,0.005968593210901468,0.0062739538578481,9.994678170958909e-09,0.020962603899502497,True,True,0.0,6.664885085651375e-16,0.9994678170958915,60.82194789877658,0.12840366478230658,0.03844990124198233,0.12840367477698475,0.0,0.0,1.1940251265702549e-14,23.532817415073552,2.9999151839096183
noise_paired,C1,0.04,0.005,14,R,completed,False,,,2.8182781259935882e-14,5.716530136633094e-12,0.05021220093225813,63,68,0.07448025401227597,0.005968593210901468,0.0062739538578481,9.994678170958909e-09,0.019098707772694245,True,True,0.0,5.554070904709479e-16,0.9994678170958914,5.422007288949773,0.5349366489481746,0.5344214901523805,0.5349366589428528,0.0,0.0,3.938120666131763e-16,2.749471672906203,2.9999151839096183
noise_paired,C1,0.005,0.005,14,P,completed,False,,,1.5157897298209452e-13,2.4734678601989294e-10,0.8125827016975695,511,547,1.5404135029574886,0.005968593210901468,0.0062739538578481,9.994678170958909e-09,0.08359499386295396,True,True,0.0,5.554070904709479e-16,0.9994678170958914,331.88380530153995,0.1753101956971348,0.004084163429281973,0.17531020569181296,0.0,0.0,4.932630993670456e-11,147.56291786730287,2.9999151839096183
noise_paired,C1,0.007,0.005,14,P,completed,False,,,1.0538964898656282e-13,1.2288678005297968e-10,0.7414928863554604,365,391,1.3854928008327834,0.005968593210901468,0.0062739538578481,9.994678170958909e-09,0.08221504495651127,True,True,0.0,6.664885085651375e-16,0.9994678170958915,237.52793556551114,0.1623831845084508,0.010886697151293312,0.16238319450312896,0.0,0.0,3.2658768475759476e-11,103.84208760548776,2.9999151839096183
noise_paired,C1,0.01,0.005,14,P,completed,False,,,8.05060444683921e-14,6.562473323108797e-11,0.645939670360328,255,273,1.4315921866692156,0.005968593210901468,0.0062739538578481,9.994678170958909e-09,0.08070539009972745,True,True,0.0,3.3324425428256876e-16,0.9994678170958912,154.02870636458275,0.2520601860487287,0.009875870230444006,0.2520601960434069,0.0,0.0,8.082827805885075e-12,68.60311860916627,2.9999151839096183
noise_paired,C1,0.014,0.005,14,P,completed,False,,,5.72874360259466e-14,3.335753995955856e-11,0.6927746121727137,182,195,1.0669764222711045,0.005968593210901468,0.0062739538578481,9.994678170958909e-09,0.07391370650360503,True,True,0.0,6.664885085651375e-16,0.9994678170958915,129.92509113319505,0.13250304885325437,0.03544353579783688,0.13250305884793254,0.0,0.0,4.26175911017614e-12,50.36539851815964,2.9999151839096183
noise_paired,C1,0.02,0.005,14,P,completed,False,,,4.525339364998791e-14,1.841261513069885e-11,0.5753076450180677,127,136,0.8583644991725166,0.005968593210901468,0.0062739538578481,9.994678170958909e-09,0.057244761237746,True,True,0.0,6.664885085651375e-16,0.9994678170958915,79.51651408956432,0.1894013476789258,0.08661683296907208,0.18940135767360397,0.0,0.0,1.966259602756353e-11,33.677217921079915,2.9999151839096183
noise_paired,C1,0.028,0.005,14,P,completed,False,,,2.348117965040528e-14,6.857227650134384e-12,0.5817081677455425,91,98,0.850725025264185,0.005968593210901468,0.0062739538578481,9.994678170958909e-09,0.020962603899502497,True,True,0.0,6.664885085651375e-16,0.9994678170958915,60.82194789877658,0.12840366478230658,0.03844990124198233,0.12840367477698475,0.0,0.0,1.1940251265702549e-14,23.532817415073552,2.9999151839096183
noise_paired,C1,0.04,0.005,14,P,completed,False,,,2.8182781259935882e-14,5.716530136633094e-12,0.05021220093225813,63,68,0.07448025401227597,0.005968593210901468,0.0062739538578481,9.994678170958909e-09,0.019098707772694245,True,True,0.0,5.554070904709479e-16,0.9994678170958914,5.422007288949773,0.5349366489481746,0.5344214901523805,0.5349366589428528,0.0,0.0,3.938120666131763e-16,2.749471672906203,2.9999151839096183
noise_paired,C1,0.005,0.005,15,R,completed,False,,,1.5170286678065637e-13,2.4754895609849403e-10,0.8480913673664323,511,547,1.8699553317791702,0.005964059953136382,0.005841393506185031,1.0002847368966006e-08,0.08245479600457485,True,True,0.0,2.219813986304822e-16,1.0002847368966004,331.9573973763426,0.2042501929286613,0.0026799035026054963,0.20425020293150867,0.0,0.0,4.334905719516054e-11,149.31999600092934,2.9999151839096183
noise_paired,C1,0.007,0.005,15,R,completed,False,,,1.0547578972023561e-13,1.2298722215041751e-10,0.8054484461986824,365,391,1.6739778138724004,0.005964059953136382,0.005841393506185031,1.0002847368966006e-08,0.08120110295822566,True,True,0.0,4.439627972609644e-16,1.0002847368966001,224.67381127105864,0.19797881608943002,0.014750753056547494,0.19797882609227738,0.0,0.0,9.909922428236184e-11,106.3517404401247,2.9999151839096183
noise_paired,C1,0.01,0.005,15,R,completed,False,,,8.057184646889487e-14,6.567837192067434e-11,0.6618268963560244,255,273,1.1837605712917578,0.005964059953136382,0.005841393506185031,1.0002847368966006e-08,0.07942008129938437,True,True,0.0,4.439627972609644e-16,1.0002847368966001,172.4152839509564,0.127110538796952,0.052278807098726676,0.12711054879979936,0.0,0.0,1.2136208641872983e-11,70.8658779912239,2.9999151839096183
noise_paired,C1,0.014,0.005,15,R,completed,False,,,5.733426018578545e-14,3.3384804904392016e-11,0.6942167187436642,182,195,1.3059706138687464,0.005964059953136382,0.005841393506185031,1.0002847368966006e-08,0.07557695353473577,True,True,0.0,0.0,1.0002847368966006,115.27257441174771,0.1695960480171268,0.01826654375244252,0.16959605801997416,0.0,0.0,1.6602154759878734e-10,52.363359259130455,2.9999151839096183
noise_paired,C1,0.02,0.005,15,R,completed,False,,,4.529038172773254e-14,1.8427664769742574e-11,0.6173062974658131,127,136,1.155788692745101,0.005964059953136382,0.005841393506185031,1.0002847368966006e-08,0.053859008325963915,True,True,0.0,0.0,1.0002847368966006,73.42357815317317,0.21272696632420018,0.12373127351410751,0.21272697632704754,0.0,0.0,6.831731218524345e-12,35.10062474716481,2.9999151839096183
noise_paired,C1,0.028,0.005,15,R,completed,False,,,2.3500372104901893e-14,6.8628324379520105e-12,0.5056527393125778,91,98,0.7415993515408297,0.005964059953136382,0.005841393506185031,1.0002847368966006e-08,0.016978191305470805,True,True,0.0,2.219813986304822e-16,1.0002847368966004,56.73605583169526,0.17616544643284082,0.052432705367939314,0.17616545643568818,0.0,0.0,3.351512344101915e-14,20.529303738370103,2.9999151839096183
noise_paired,C1,0.04,0.005,15,R,completed,False,,,2.8205816590995575e-14,5.721202569882159e-12,0.04830064842422427,63,68,0.07436100955292552,0.005964059953136382,0.005841393506185031,1.0002847368966006e-08,0.018977061789654817,True,True,0.0,2.219813986304822e-16,1.0002847368966004,6.116964317468204,0.6002165176739673,0.5999893002450389,0.6002165276768147,0.0,0.0,3.4712806931165697e-16,2.6197635388264864,2.9999151839096183
noise_paired,C1,0.005,0.005,15,P,completed,False,,,1.5170286678065637e-13,2.4754895609849403e-10,0.8480913673664323,511,547,1.8699553317791702,0.005964059953136382,0.005841393506185031,1.0002847368966006e-08,0.08245479600457485,True,True,0.0,2.219813986304822e-16,1.0002847368966004,331.9573973763426,0.2042501929286613,0.0026799035026054963,0.20425020293150867,0.0,0.0,4.334905719516054e-11,149.31999600092934,2.9999151839096183
noise_paired,C1,0.007,0.005,15,P,completed,False,,,1.0547578972023561e-13,1.2298722215041751e-10,0.8054484461986824,365,391,1.6739778138724004,0.005964059953136382,0.005841393506185031,1.0002847368966006e-08,0.08120110295822566,True,True,0.0,4.439627972609644e-16,1.0002847368966001,224.67381127105864,0.19797881608943002,0.014750753056547494,0.19797882609227738,0.0,0.0,9.909922428236184e-11,106.3517404401247,2.9999151839096183
noise_paired,C1,0.01,0.005,15,P,completed,False,,,8.057184646889487e-14,6.567837192067434e-11,0.6618268963560244,255,273,1.1837605712917578,0.005964059953136382,0.005841393506185031,1.0002847368966006e-08,0.07942008129938437,True,True,0.0,4.439627972609644e-16,1.0002847368966001,172.4152839509564,0.127110538796952,0.052278807098726676,0.12711054879979936,0.0,0.0,1.2136208641872983e-11,70.8658779912239,2.9999151839096183
noise_paired,C1,0.014,0.005,15,P,completed,False,,,5.733426018578545e-14,3.3384804904392016e-11,0.6942167187436642,182,195,1.3059706138687464,0.005964059953136382,0.005841393506185031,1.0002847368966006e-08,0.07557695353473577,True,True,0.0,0.0,1.0002847368966006,115.27257441174771,0.1695960480171268,0.01826654375244252,0.16959605801997416,0.0,0.0,1.6602154759878734e-10,52.363359259130455,2.9999151839096183
noise_paired,C1,0.02,0.005,15,P,completed,False,,,4.529038172773254e-14,1.8427664769742574e-11,0.6173062974658131,127,136,1.155788692745101,0.005964059953136382,0.005841393506185031,1.0002847368966006e-08,0.053859008325963915,True,True,0.0,0.0,1.0002847368966006,73.42357815317317,0.21272696632420018,0.12373127351410751,0.21272697632704754,0.0,0.0,6.831731218524345e-12,35.10062474716481,2.9999151839096183
noise_paired,C1,0.028,0.005,15,P,completed,False,,,2.3500372104901893e-14,6.8628324379520105e-12,0.5056527393125778,91,98,0.7415993515408297,0.005964059953136382,0.005841393506185031,1.0002847368966006e-08,0.016978191305470805,True,True,0.0,2.219813986304822e-16,1.0002847368966004,56.73605583169526,0.17616544643284082,0.052432705367939314,0.17616545643568818,0.0,0.0,3.351512344101915e-14,20.529303738370103,2.9999151839096183
noise_paired,C1,0.04,0.005,15,P,completed,False,,,2.8205816590995575e-14,5.721202569882159e-12,0.04830064842422427,63,68,0.07436100955292552,0.005964059953136382,0.005841393506185031,1.0002847368966006e-08,0.018977061789654817,True,True,0.0,2.219813986304822e-16,1.0002847368966004,6.116964317468204,0.6002165176739673,0.5999893002450389,0.6002165276768147,0.0,0.0,3.4712806931165697e-16,2.6197635388264864,2.9999151839096183
noise_paired,C1,0.005,0.005,16,R,completed,False,,,1.516770491522066e-13,2.475068268552747e-10,0.8672960439130902,511,547,1.8843470736012984,0.005964769859705464,0.005853121824740198,1.0001145029370902e-08,0.08285112986378299,True,True,0.0,2.220191830764787e-16,1.00011450293709,356.8756030898065,0.15300782160637572,0.002364818006865166,0.15300783160752074,0.0,0.0,6.276146541805146e-11,149.75821180924606,2.9999151839096183
noise_paired,C1,0.007,0.005,16,R,completed,False,,,1.0545783927007452e-13,1.2296629150834772e-10,0.7440380608275027,365,391,1.558341589688723,0.005964769859705464,0.005853121824740198,1.0001145029370902e-08,0.08223273372243552,True,True,0.0,0.0,1.0001145029370901,274.0526136568831,0.12008401233333033,0.013910306940661976,0.12008402233447535,0.0,0.0,9.401700622779712e-11,105.37079258146818,2.9999151839096183
noise_paired,C1,0.01,0.005,16,R,completed,False,,,8.055813430880332e-14,6.566719441401664e-11,0.8109761153962395,255,273,1.482287253700631,0.005964769859705464,0.005853121824740198,1.0001145029370902e-08,0.07745845626109973,True,True,0.0,4.440383661529574e-16,1.0001145029370897,144.26988015661485,0.2672297864194686,0.010600980191765697,0.2672297964206136,0.0,0.0,5.610818692380162e-12,74.48698752802613,2.9999151839096183
noise_paired,C1,0.014,0.005,16,R,completed,False,,,5.732450272596726e-14,3.337912329462959e-11,0.6056584127061903,182,195,1.0197023447389633,0.005964769859705464,0.005853121824740198,1.0001145029370902e-08,0.07538885911344323,True,True,0.0,0.0,1.0001145029370901,104.79347025266453,0.2169202045812919,0.08196787438175102,0.21692021458243693,0.0,0.0,1.9891640618697787e-11,49.8293054272761,2.9999151839096183
noise_paired,C1,0.02,0.005,16,R,completed,False,,,4.5282673961408743e-14,1.8424528648373755e-11,0.5764238346470547,127,136,0.867910970057418,0.005964769859705464,0.005853121824740198,1.0001145029370902e-08,0.05961226525046783,True,True,0.0,6.660575492294361e-16,1.0001145029370895,92.42211312111581,0.10603894781475076,0.04084846053160629,0.10603895781589578,0.0,0.0,8.342324886507828e-12,33.62356549360164,2.9999151839096183
noise_paired,C1,0.028,0.005,16,R,completed,False,,,2.349637268229169e-14,6.861664483372404e-12,0.4889956996067532,91,98,0.6645530650838132,0.005964769859705464,0.005853121824740198,1.0001145029370902e-08,0.018832541904000563,True,True,0.0,4.440383661529574e-16,1.0001145029370897,52.205119504213854,0.20804876197819877,0.10450599023298712,0.2080487719793438,0.0,0.0,4.1512537621306535e-14,20.84093580195543,2.9999151839096183
noise_paired,C1,0.04,0.005,16,R,completed,False,,,2.820101636995611e-14,5.720228904154084e-12,0.04693398291230511,63,68,0.06962694161176453,0.005964769859705464,0.005853121824740198,1.0001145029370902e-08,0.019015725694506238,True,True,0.0,4.440383661529574e-16,1.0001145029370897,5.621620535842188,0.5705244599499479,0.5702245124941134,0.570524469951093,0.0,0.0,5.124971310616929e-16,2.565309750722812,2.9999151839096183
noise_paired,C1,0.005,0.005,16,P,completed,False,,,1.516770491522066e-13,2.475068268552747e-10,0.8672960439130902,511,547,1.8843470736012984,0.005964769859705464,0.005853121824740198,1.0001145029370902e-08,0.08285112986378299,True,True,0.0,2.220191830764787e-16,1.00011450293709,356.8756030898065,0.15300782160637572,0.002364818006865166,0.15300783160752074,0.0,0.0,6.276146541805146e-11,149.75821180924606,2.9999151839096183
noise_paired,C1,0.007,0.005,16,P,completed,False,,,1.0545783927007452e-13,1.2296629150834772e-10,0.7440380608275027,365,391,1.558341589688723,0.005964769859705464,0.005853121824740198,1.0001145029370902e-08,0.08223273372243552,True,True,0.0,0.0,1.0001145029370901,274.0526136568831,0.12008401233333033,0.013910306940661976,0.12008402233447535,0.0,0.0,9.401700622779712e-11,105.37079258146818,2.9999151839096183
noise_paired,C1,0.01,0.005,16,P,completed,False,,,8.055813430880332e-14,6.566719441401664e-11,0.8109761153962395,255,273,1.482287253700631,0.005964769859705464,0.005853121824740198,1.0001145029370902e-08,0.07745845626109973,True,True,0.0,4.440383661529574e-16,1.0001145029370897,144.26988015661485,0.2672297864194686,0.010600980191765697,0.2672297964206136,0.0,0.0,5.610818692380162e-12,74.48698752802613,2.9999151839096183
noise_paired,C1,0.014,0.005,16,P,completed,False,,,5.732450272596726e-14,3.337912329462959e-11,0.6056584127061903,182,195,1.0197023447389633,0.005964769859705464,0.005853121824740198,1.0001145029370902e-08,0.07538885911344323,True,True,0.0,0.0,1.0001145029370901,104.79347025266453,0.2169202045812919,0.08196787438175102,0.21692021458243693,0.0,0.0,1.9891640618697787e-11,49.8293054272761,2.9999151839096183
noise_paired,C1,0.02,0.005,16,P,completed,False,,,4.5282673961408743e-14,1.8424528648373755e-11,0.5764238346470547,127,136,0.867910970057418,0.005964769859705464,0.005853121824740198,1.0001145029370902e-08,0.05961226525046783,True,True,0.0,6.660575492294361e-16,1.0001145029370895,92.42211312111581,0.10603894781475076,0.04084846053160629,0.10603895781589578,0.0,0.0,8.342324886507828e-12,33.62356549360164,2.9999151839096183
noise_paired,C1,0.028,0.005,16,P,completed,False,,,2.349637268229169e-14,6.861664483372404e-12,0.4889956996067532,91,98,0.6645530650838132,0.005964769859705464,0.005853121824740198,1.0001145029370902e-08,0.018832541904000563,True,True,0.0,4.440383661529574e-16,1.0001145029370897,52.205119504213854,0.20804876197819877,0.10450599023298712,0.2080487719793438,0.0,0.0,4.1512537621306535e-14,20.84093580195543,2.9999151839096183
noise_paired,C1,0.04,0.005,16,P,completed,False,,,2.820101636995611e-14,5.720228904154084e-12,0.04693398291230511,63,68,0.06962694161176453,0.005964769859705464,0.005853121824740198,1.0001145029370902e-08,0.019015725694506238,True,True,0.0,4.440383661529574e-16,1.0001145029370897,5.621620535842188,0.5705244599499479,0.5702245124941134,0.570524469951093,0.0,0.0,5.124971310616929e-16,2.565309750722812,2.9999151839096183
noise_paired,C1,0.005,0.005,17,R,completed,False,,,1.516821328446126e-13,2.475151224318511e-10,0.8960000971863222,511,547,2.5321211944040365,0.005965068680115676,0.00600782311540433,1.0001480233314552e-08,0.08238429472582096,True,True,0.0,2.220117420073572e-16,1.0001480233314555,335.5750871594673,0.12572549369749475,0.0008566557191390656,0.12572550369897498,0.0,0.0,5.7185028481258686e-11,151.65393537690753,2.9999151839096183
noise_paired,C1,0.007,0.005,17,R,completed,False,,,1.0546137385371553e-13,1.2297041291501954e-10,0.7931950703576167,365,391,1.549373141833283,0.005965068680115676,0.00600782311540433,1.0001480233314552e-08,0.08135941850402424,True,True,0.0,4.440234840147144e-16,1.0001480233314557,245.21855539529145,0.16737999482983446,0.0042723810800178175,0.16738000483131468,0.0,0.0,2.8131189133710168e-11,106.01871079256411,2.9999151839096183
noise_paired,C1,0.01,0.005,17,R,completed,False,,,8.056083434007314e-14,6.566939535225636e-11,0.7966530233675974,255,273,1.557780574580971,0.005965068680115676,0.00600782311540433,1.0001480233314552e-08,0.07936906798057047,True,True,0.0,6.660352260220716e-16,1.000148023331456,181.34214604318967,0.1680539582783006,0.02300818312114905,0.16805396827978084,0.0,0.0,5.099432973103845e-10,75.80832952186144,2.9999151839096183
noise_paired,C1,0.014,0.005,17,R,completed,False,,,5.732642404590863e-14,3.338024204790545e-11,0.6687551618449822,182,195,1.5569022432580972,0.005965068680115676,0.00600782311540433,1.0001480233314552e-08,0.0724576080226802,True,True,0.0,2.220117420073572e-16,1.0001480233314555,111.59503261474235,0.18800910732241505,0.046081754278896936,0.18800911732389528,0.0,0.0,1.0554760918078965e-11,48.9694905041207,2.9999151839096183
noise_paired,C1,0.02,0.005,17,R,completed,False,,,4.528419168071452e-14,1.8425146175131413e-11,0.577113759543656,127,136,1.0484728668358487,0.005965068680115676,0.00600782311540433,1.0001480233314552e-08,0.06384753529677724,True,True,0.0,2.220117420073572e-16,1.0001480233314555,87.1966638024248,0.1324650844801556,0.046520149530064336,0.13246509448163582,0.0,0.0,1.2751772096695945e-11,33.91045353191633,2.9999151839096183
noise_paired,C1,0.028,0.005,17,R,completed,False,,,2.349716019979708e-14,6.861894462738575e-12,0.5487436008863997,91,98,0.7990349412804225,0.005965068680115676,0.00600782311540433,1.0001480233314552e-08,0.029402890729483194,True,True,0.0,2.220117420073572e-16,1.0001480233314555,58.04466212022909,0.16652930878734384,0.11547716876908876,0.16652931878882407,0.0,0.0,4.261525852856672e-14,23.669507805934312,2.9999151839096183
noise_paired,C1,0.04,0.005,17,R,completed,False,,,2.8201961570918036e-14,5.720420626530036e-12,0.05125691221529546,63,68,0.07663300069793301,0.005965068680115676,0.00600782311540433,1.0001480233314552e-08,0.01903021731658067,True,True,0.0,2.220117420073572e-16,1.0001480233314555,5.533870416687617,0.5763584566255675,0.5760655967881256,0.5763584666270477,0.0,0.0,4.299068107482563e-16,2.5761868292658487,2.9999151839096183
noise_paired,C1,0.005,0.005,17,P,completed,False,,,1.516821328446126e-13,2.475151224318511e-10,0.8960000971863222,511,547,2.5321211944040365,0.005965068680115676,0.00600782311540433,1.0001480233314552e-08,0.08238429472582096,True,True,0.0,2.220117420073572e-16,1.0001480233314555,335.5750871594673,0.12572549369749475,0.0008566557191390656,0.12572550369897498,0.0,0.0,5.7185028481258686e-11,151.65393537690753,2.9999151839096183
noise_paired,C1,0.007,0.005,17,P,completed,False,,,1.0546137385371553e-13,1.2297041291501954e-10,0.7931950703576167,365,391,1.549373141833283,0.005965068680115676,0.00600782311540433,1.0001480233314552e-08,0.08135941850402424,True,True,0.0,4.440234840147144e-16,1.0001480233314557,245.21855539529145,0.16737999482983446,0.0042723810800178175,0.16738000483131468,0.0,0.0,2.8131189133710168e-11,106.01871079256411,2.9999151839096183
noise_paired,C1,0.01,0.005,17,P,completed,False,,,8.056083434007314e-14,6.566939535225636e-11,0.7966530233675974,255,273,1.557780574580971,0.005965068680115676,0.00600782311540433,1.0001480233314552e-08,0.07936906798057047,True,True,0.0,6.660352260220716e-16,1.000148023331456,181.34214604318967,0.1680539582783006,0.02300818312114905,0.16805396827978084,0.0,0.0,5.099432973103845e-10,75.80832952186144,2.9999151839096183
noise_paired,C1,0.014,0.005,17,P,completed,False,,,5.732642404590863e-14,3.338024204790545e-11,0.6687551618449822,182,195,1.5569022432580972,0.005965068680115676,0.00600782311540433,1.0001480233314552e-08,0.0724576080226802,True,True,0.0,2.220117420073572e-16,1.0001480233314555,111.59503261474235,0.18800910732241505,0.046081754278896936,0.18800911732389528,0.0,0.0,1.0554760918078965e-11,48.9694905041207,2.9999151839096183
noise_paired,C1,0.02,0.005,17,P,completed,False,,,4.528419168071452e-14,1.8425146175131413e-11,0.577113759543656,127,136,1.0484728668358487,0.005965068680115676,0.00600782311540433,1.0001480233314552e-08,0.06384753529677724,True,True,0.0,2.220117420073572e-16,1.0001480233314555,87.1966638024248,0.1324650844801556,0.046520149530064336,0.13246509448163582,0.0,0.0,1.2751772096695945e-11,33.91045353191633,2.9999151839096183
noise_paired,C1,0.028,0.005,17,P,completed,False,,,2.349716019979708e-14,6.861894462738575e-12,0.5487436008863997,91,98,0.7990349412804225,0.005965068680115676,0.00600782311540433,1.0001480233314552e-08,0.029402890729483194,True,True,0.0,2.220117420073572e-16,1.0001480233314555,58.04466212022909,0.16652930878734384,0.11547716876908876,0.16652931878882407,0.0,0.0,4.261525852856672e-14,23.669507805934312,2.9999151839096183
noise_paired,C1,0.04,0.005,17,P,completed,False,,,2.8201961570918036e-14,5.720420626530036e-12,0.05125691221529546,63,68,0.07663300069793301,0.005965068680115676,0.00600782311540433,1.0001480233314552e-08,0.01903021731658067,True,True,0.0,2.220117420073572e-16,1.0001480233314555,5.533870416687617,0.5763584566255675,0.5760655967881256,0.5763584666270477,0.0,0.0,4.299068107482563e-16,2.5761868292658487,2.9999151839096183
noise_paired,C1,0.005,0.005,18,R,completed,False,,,1.5169278790972527e-13,2.4753250938241944e-10,0.8337222162724349,511,547,2.219215861782636,0.005963714467434597,0.005776250640762288,1.000218279742748e-08,0.08388506040348655,True,True,0.0,6.659884429890852e-16,1.0002182797427472,365.59093025841184,0.11992782803208413,0.00021310142075448013,0.11992783803426693,0.0,0.0,8.490097179670702e-11,149.9368650277094,2.9999151839096183
noise_paired,C1,0.007,0.005,18,R,completed,False,,,1.0546878209477998e-13,1.2297905109627374e-10,0.7424502901513037,365,391,1.4791367229164358,0.005963714467434597,0.005776250640762288,1.000218279742748e-08,0.08224086112986881,True,True,0.0,6.659884429890852e-16,1.0002182797427472,244.03197135183223,0.18682117124361308,0.007938811186411043,0.1868211812457959,0.0,0.0,1.8953040695506323e-11,103.43518193717013,2.9999151839096183
noise_paired,C1,0.01,0.005,18,R,completed,False,,,8.056649341750914e-14,6.567400836547199e-11,0.6745354298512527,255,273,1.1117390709615012,0.005963714467434597,0.005776250640762288,1.000218279742748e-08,0.07891997720387092,True,True,0.0,2.219961476630284e-16,1.0002182797427477,159.02592686332994,0.19192336438668822,0.06815505627925833,0.19192337438887103,0.0,0.0,3.6961513501420837e-11,72.23060573244135,2.9999151839096183
noise_paired,C1,0.014,0.005,18,R,completed,False,,,5.733045099865138e-14,3.338258687683043e-11,0.666897931831445,182,195,1.2241871315541353,0.005963714467434597,0.005776250640762288,1.000218279742748e-08,0.07228451351340784,True,True,0.0,0.0,1.000218279742748,123.1393541295001,0.1386446916426426,0.043392586851078274,0.1386447016448254,0.0,0.0,7.114165768785489e-12,50.39392601608549,2.9999151839096183
noise_paired,C1,0.02,0.005,18,R,completed,False,,,4.5287372714643055e-14,1.842644046819365e-11,0.6891265000483238,127,136,1.0273507175594097,0.005963714467434597,0.005776250640762288,1.000218279742748e-08,0.0588859237401696,True,True,0.0,2.219961476630284e-16,1.0002182797427477,88.29688406292081,0.16703969753165449,0.0483027027095273,0.1670397075338373,0.0,0.0,8.745357073141973e-11,37.0116448514915,2.9999151839096183
noise_paired,C1,0.028,0.005,18,R,completed,False,,,2.349881078162367e-14,6.8623764834678815e-12,0.40998418984698376,91,98,0.7059324462273551,0.005963714467434597,0.005776250640762288,1.000218279742748e-08,0.024274818304885402,True,True,0.0,4.439922953260568e-16,1.0002182797427475,51.454459668374334,0.2351195835802703,0.19073382518696902,0.2351195935824531,0.0,0.0,6.30063639809355e-14,19.661339916499056,2.9999151839096183
noise_paired,C1,0.04,0.005,18,R,completed,False,,,2.820394264628405e-14,5.720822463273126e-12,0.047702564905936086,63,68,0.07805835201749464,0.005963714467434597,0.005776250640762288,1.000218279742748e-08,0.019036538071061555,True,True,0.0,4.439922953260568e-16,1.0002182797427475,5.223403592966948,0.5270978726949591,0.5266473342520637,0.5270978826971419,0.0,0.0,4.990519813656021e-16,2.6450968769507877,2.9999151839096183
noise_paired,C1,0.005,0.005,18,P,completed,False,,,1.5169278790972527e-13,2.4753250938241944e-10,0.8337222162724349,511,547,2.219215861782636,0.005963714467434597,0.005776250640762288,1.000218279742748e-08,0.08388506040348655,True,True,0.0,6.659884429890852e-16,1.0002182797427472,365.59093025841184,0.11992782803208413,0.00021310142075448013,0.11992783803426693,0.0,0.0,8.490097179670702e-11,149.9368650277094,2.9999151839096183
noise_paired,C1,0.007,0.005,18,P,completed,False,,,1.0546878209477998e-13,1.2297905109627374e-10,0.7424502901513037,365,391,1.4791367229164358,0.005963714467434597,0.005776250640762288,1.000218279742748e-08,0.08224086112986881,True,True,0.0,6.659884429890852e-16,1.0002182797427472,244.03197135183223,0.18682117124361308,0.007938811186411043,0.1868211812457959,0.0,0.0,1.8953040695506323e-11,103.43518193717013,2.9999151839096183
noise_paired,C1,0.01,0.005,18,P,completed,False,,,8.056649341750914e-14,6.567400836547199e-11,0.6745354298512527,255,273,1.1117390709615012,0.005963714467434597,0.005776250640762288,1.000218279742748e-08,0.07891997720387092,True,True,0.0,2.219961476630284e-16,1.0002182797427477,159.02592686332994,0.19192336438668822,0.06815505627925833,0.19192337438887103,0.0,0.0,3.6961513501420837e-11,72.23060573244135,2.9999151839096183
noise_paired,C1,0.014,0.005,18,P,completed,False,,,5.733045099865138e-14,3.338258687683043e-11,0.666897931831445,182,195,1.2241871315541353,0.005963714467434597,0.005776250640762288,1.000218279742748e-08,0.07228451351340784,True,True,0.0,0.0,1.000218279742748,123.1393541295001,0.1386446916426426,0.043392586851078274,0.1386447016448254,0.0,0.0,7.114165768785489e-12,50.39392601608549,2.9999151839096183
noise_paired,C1,0.02,0.005,18,P,completed,False,,,4.5287372714643055e-14,1.842644046819365e-11,0.6891265000483238,127,136,1.0273507175594097,0.005963714467434597,0.005776250640762288,1.000218279742748e-08,0.0588859237401696,True,True,0.0,2.219961476630284e-16,1.0002182797427477,88.29688406292081,0.16703969753165449,0.0483027027095273,0.1670397075338373,0.0,0.0,8.745357073141973e-11,37.0116448514915,2.9999151839096183
noise_paired,C1,0.028,0.005,18,P,completed,False,,,2.349881078162367e-14,6.8623764834678815e-12,0.40998418984698376,91,98,0.7059324462273551,0.005963714467434597,0.005776250640762288,1.000218279742748e-08,0.024274818304885402,True,True,0.0,4.439922953260568e-16,1.0002182797427475,51.454459668374334,0.2351195835802703,0.19073382518696902,0.2351195935824531,0.0,0.0,6.30063639809355e-14,19.661339916499056,2.9999151839096183
noise_paired,C1,0.04,0.005,18,P,completed,False,,,2.820394264628405e-14,5.720822463273126e-12,0.047702564905936086,63,68,0.07805835201749464,0.005963714467434597,0.005776250640762288,1.000218279742748e-08,0.019036538071061555,True,True,0.0,4.439922953260568e-16,1.0002182797427475,5.223403592966948,0.5270978726949591,0.5266473342520637,0.5270978826971419,0.0,0.0,4.990519813656021e-16,2.6450968769507877,2.9999151839096183
noise_paired,C1,0.005,0.005,19,R,completed,False,,,1.5168377783322022e-13,2.4751780672662577e-10,0.8465585150883257,511,547,1.5863826164260186,0.00596442435310646,0.006125649655302302,1.0001588699095818e-08,0.08372963500431523,True,True,0.0,0.0,1.0001588699095818,398.9599794285056,0.09985668111468793,0.008445044637520271,0.09985669111627662,0.0,0.0,3.187008818472965e-10,152.2212918846103,2.9999151839096183
noise_paired,C1,0.007,0.005,19,R,completed,False,,,1.0546251757944829e-13,1.2297174652580496e-10,0.799866409091944,365,391,1.5880059522902463,0.00596442435310646,0.006125649655302302,1.0001588699095818e-08,0.08219425526471441,True,True,0.0,0.0,1.0001588699095818,224.1162825724821,0.19903986271410012,0.005953282571007912,0.19903987271568882,0.0,0.0,3.910171898104292e-11,105.30605187684901,2.9999151839096183
noise_paired,C1,0.01,0.005,19,R,completed,False,,,8.056170802013174e-14,6.567010753506391e-11,0.7738736195459536,255,273,1.5255009623085123,0.00596442435310646,0.006125649655302302,1.0001588699095818e-08,0.07800545533961149,True,True,0.0,0.0,1.0001588699095818,174.77889962643394,0.12445300296767581,0.035428079463574846,0.1244530129692645,0.0,0.0,2.5793058968259937e-11,74.9361940041634,2.9999151839096183
noise_paired,C1,0.014,0.005,19,R,completed,False,,,5.732704574941915e-14,3.3380604055723104e-11,0.6856637263228982,182,195,1.5076738586106153,0.00596442435310646,0.006125649655302302,1.0001588699095818e-08,0.07048764223934376,True,True,0.0,2.2200933432216124e-16,1.0001588699095816,110.46428912843595,0.2202174843195338,0.00889441695248383,0.2202174943211225,0.0,0.0,9.929085851717129e-12,50.036300536574586,2.9999151839096183
noise_paired,C1,0.02,0.005,19,R,completed,False,,,4.528468278654236e-14,1.8425345995340844e-11,0.5506049802971447,127,136,0.93492413238876,0.00596442435310646,0.006125649655302302,1.0001588699095818e-08,0.05598955792714894,True,True,0.0,2.2200933432216124e-16,1.0001588699095816,83.92545457596498,0.16148607813639093,0.11878869438594075,0.16148608813797963,0.0,0.0,3.349692683449442e-13,31.08868743430135,2.9999151839096183
noise_paired,C1,0.028,0.005,19,R,completed,False,,,2.3497415025860737e-14,6.8619688797975e-12,0.5411013649446629,91,98,0.7528388898940622,0.00596442435310646,0.006125649655302302,1.0001588699095818e-08,0.03512661966614738,True,True,0.0,2.2200933432216124e-16,1.0001588699095816,56.38845006557683,0.14679727074692261,0.10897251720678836,0.1467972807485113,0.0,0.0,5.221541849177287e-14,23.012356161925165,2.9999151839096183
noise_paired,C1,0.04,0.005,19,R,completed,False,,,2.8202267420424676e-14,5.720482664336235e-12,0.04572783037898715,63,68,0.0722869199340924,0.00596442435310646,0.006125649655302302,1.0001588699095818e-08,0.019138330782039203,True,True,0.0,2.2200933432216124e-16,1.0001588699095816,5.175490795904837,0.5954824812640468,0.5952535829853218,0.5954824912656355,0.0,0.0,8.157183966176379e-16,2.5472322741925484,2.9999151839096183
noise_paired,C1,0.005,0.005,19,P,completed,False,,,1.5168377783322022e-13,2.4751780672662577e-10,0.8465585150883257,511,547,1.5863826164260186,0.00596442435310646,0.006125649655302302,1.0001588699095818e-08,0.08372963500431523,True,True,0.0,0.0,1.0001588699095818,398.9599794285056,0.09985668111468793,0.008445044637520271,0.09985669111627662,0.0,0.0,3.187008818472965e-10,152.2212918846103,2.9999151839096183
noise_paired,C1,0.007,0.005,19,P,completed,False,,,1.0546251757944829e-13,1.2297174652580496e-10,0.799866409091944,365,391,1.5880059522902463,0.00596442435310646,0.006125649655302302,1.0001588699095818e-08,0.08219425526471441,True,True,0.0,0.0,1.0001588699095818,224.1162825724821,0.19903986271410012,0.005953282571007912,0.19903987271568882,0.0,0.0,3.910171898104292e-11,105.30605187684901,2.9999151839096183
noise_paired,C1,0.01,0.005,19,P,completed,False,,,8.056170802013174e-14,6.567010753506391e-11,0.7738736195459536,255,273,1.5255009623085123,0.00596442435310646,0.006125649655302302,1.0001588699095818e-08,0.07800545533961149,True,True,0.0,0.0,1.0001588699095818,174.77889962643394,0.12445300296767581,0.035428079463574846,0.1244530129692645,0.0,0.0,2.5793058968259937e-11,74.9361940041634,2.9999151839096183
noise_paired,C1,0.014,0.005,19,P,completed,False,,,5.732704574941915e-14,3.3380604055723104e-11,0.6856637263228982,182,195,1.5076738586106153,0.00596442435310646,0.006125649655302302,1.0001588699095818e-08,0.07048764223934376,True,True,0.0,2.2200933432216124e-16,1.0001588699095816,110.46428912843595,0.2202174843195338,0.00889441695248383,0.2202174943211225,0.0,0.0,9.929085851717129e-12,50.036300536574586,2.9999151839096183
noise_paired,C1,0.02,0.005,19,P,completed,False,,,4.528468278654236e-14,1.8425345995340844e-11,0.5506049802971447,127,136,0.93492413238876,0.00596442435310646,0.006125649655302302,1.0001588699095818e-08,0.05598955792714894,True,True,0.0,2.2200933432216124e-16,1.0001588699095816,83.92545457596498,0.16148607813639093,0.11878869438594075,0.16148608813797963,0.0,0.0,3.349692683449442e-13,31.08868743430135,2.9999151839096183
noise_paired,C1,0.028,0.005,19,P,completed,False,,,2.3497415025860737e-14,6.8619688797975e-12,0.5411013649446629,91,98,0.7528388898940622,0.00596442435310646,0.006125649655302302,1.0001588699095818e-08,0.03512661966614738,True,True,0.0,2.2200933432216124e-16,1.0001588699095816,56.38845006557683,0.14679727074692261,0.10897251720678836,0.1467972807485113,0.0,0.0,5.221541849177287e-14,23.012356161925165,2.9999151839096183
noise_paired,C1,0.04,0.005,19,P,completed,False,,,2.8202267420424676e-14,5.720482664336235e-12,0.04572783037898715,63,68,0.0722869199340924,0.00596442435310646,0.006125649655302302,1.0001588699095818e-08,0.019138330782039203,True,True,0.0,2.2200933432216124e-16,1.0001588699095816,5.175490795904837,0.5954824812640468,0.5952535829853218,0.5954824912656355,0.0,0.0,8.157183966176379e-16,2.5472322741925484,2.9999151839096183
noise_paired,C1,0.005,0.005,20,R,completed,False,,,1.5162002329416855e-13,2.474137719781487e-10,0.7790958330693853,511,547,1.4266149462134283,0.005966501785329687,0.006365019718605743,9.997384909564705e-09,0.08382327038627367,True,True,0.0,5.552567169655453e-16,0.9997384909564698,379.4795076367863,0.13920959906089536,0.006582882763721654,0.13920960905828028,0.0,0.0,1.0525604181675586e-10,147.97819309750543,2.9999151839096183
noise_paired,C1,0.007,0.005,20,R,completed,False,,,1.0541819039897089e-13,1.2292006000317134e-10,0.788362276771089,365,391,1.5196845278055768,0.005966501785329687,0.006365019718605743,9.997384909564705e-09,0.08295210707802708,True,True,0.0,2.2210268678621815e-16,0.9997384909564702,259.21707395718926,0.1521450116186357,0.001177374847830981,0.15214502161602061,0.0,0.0,1.4508067095568757e-11,105.51199605506739,2.9999151839096183
noise_paired,C1,0.01,0.005,20,R,completed,False,,,8.052784695315801e-14,6.564250558912625e-11,0.8502841726038568,255,273,1.584104258865322,0.005966501785329687,0.006365019718605743,9.997384909564705e-09,0.07795622288638676,True,True,0.0,2.2210268678621815e-16,0.9997384909564702,197.59773200378322,0.07762823378467332,0.003089615756602049,0.07762824378205822,0.0,0.0,2.689024397620618e-12,76.15896182315939,2.9999151839096183
noise_paired,C1,0.014,0.005,20,R,completed,False,,,5.730295049395309e-14,3.336657378132436e-11,0.6198966463572079,182,195,0.9951861287683558,0.005966501785329687,0.006365019718605743,9.997384909564705e-09,0.07448698282989306,True,True,0.0,2.2210268678621815e-16,0.9997384909564702,127.20801652252379,0.1585584972628623,0.08007361080680375,0.15855850726024723,0.0,0.0,2.468688403655736e-11,49.837602599827285,2.9999151839096183
noise_paired,C1,0.02,0.005,20,R,completed,False,,,4.526564908288335e-14,1.8417601598032306e-11,0.655192022944179,127,136,1.060327566731272,0.005966501785329687,0.006365019718605743,9.997384909564705e-09,0.05621639684073203,True,True,0.0,3.331540301793272e-16,0.99973849095647,95.14452843959658,0.10598502632850848,0.059764858138438015,0.10598503632589339,0.0,0.0,1.8411155574624763e-10,36.10025259764544,2.9999151839096183
noise_paired,C1,0.028,0.005,20,R,completed,False,,,2.3487538776170236e-14,6.8590847107112096e-12,0.5189706952886025,91,98,0.7818795067295068,0.005966501785329687,0.006365019718605743,9.997384909564705e-09,0.030358433055527625,True,True,0.0,2.2210268678621815e-16,0.9997384909564702,50.13241325343519,0.2495851939396091,0.17780161211756884,0.24958520393699402,0.0,0.0,8.858604612987659e-14,21.110405695562168,2.9999151839096183
noise_paired,C1,0.04,0.005,20,R,completed,False,,,2.8190413663976322e-14,5.7180782758074975e-12,0.048007090674719484,63,68,0.07705971788424607,0.005966501785329687,0.006365019718605743,9.997384909564705e-09,0.019249366255882513,True,True,0.0,2.2210268678621815e-16,0.9997384909564702,5.6316910501244495,0.5515005650436933,0.5511251680060072,0.5515005750410782,0.0,0.0,6.634876325210887e-16,2.6545211376189393,2.9999151839096183
noise_paired,C1,0.005,0.005,20,P,completed,False,,,1.5162002329416855e-13,2.474137719781487e-10,0.7790958330693853,511,547,1.4266149462134283,0.005966501785329687,0.006365019718605743,9.997384909564705e-09,0.08382327038627367,True,True,0.0,5.552567169655453e-16,0.9997384909564698,379.4795076367863,0.13920959906089536,0.006582882763721654,0.13920960905828028,0.0,0.0,1.0525604181675586e-10,147.97819309750543,2.9999151839096183
noise_paired,C1,0.007,0.005,20,P,completed,False,,,1.0541819039897089e-13,1.2292006000317134e-10,0.788362276771089,365,391,1.5196845278055768,0.005966501785329687,0.006365019718605743,9.997384909564705e-09,0.08295210707802708,True,True,0.0,2.2210268678621815e-16,0.9997384909564702,259.21707395718926,0.1521450116186357,0.001177374847830981,0.15214502161602061,0.0,0.0,1.4508067095568757e-11,105.51199605506739,2.9999151839096183
noise_paired,C1,0.01,0.005,20,P,completed,False,,,8.052784695315801e-14,6.564250558912625e-11,0.8502841726038568,255,273,1.584104258865322,0.005966501785329687,0.006365019718605743,9.997384909564705e-09,0.07795622288638676,True,True,0.0,2.2210268678621815e-16,0.9997384909564702,197.59773200378322,0.07762823378467332,0.003089615756602049,0.07762824378205822,0.0,0.0,2.689024397620618e-12,76.15896182315939,2.9999151839096183
noise_paired,C1,0.014,0.005,20,P,completed,False,,,5.730295049395309e-14,3.336657378132436e-11,0.6198966463572079,182,195,0.9951861287683558,0.005966501785329687,0.006365019718605743,9.997384909564705e-09,0.07448698282989306,True,True,0.0,2.2210268678621815e-16,0.9997384909564702,127.20801652252379,0.1585584972628623,0.08007361080680375,0.15855850726024723,0.0,0.0,2.468688403655736e-11,49.837602599827285,2.9999151839096183
noise_paired,C1,0.02,0.005,20,P,completed,False,,,4.526564908288335e-14,1.8417601598032306e-11,0.655192022944179,127,136,1.060327566731272,0.005966501785329687,0.006365019718605743,9.997384909564705e-09,0.05621639684073203,True,True,0.0,3.331540301793272e-16,0.99973849095647,95.14452843959658,0.10598502632850848,0.059764858138438015,0.10598503632589339,0.0,0.0,1.8411155574624763e-10,36.10025259764544,2.9999151839096183
noise_paired,C1,0.028,0.005,20,P,completed,False,,,2.3487538776170236e-14,6.8590847107112096e-12,0.5189706952886025,91,98,0.7818795067295068,0.005966501785329687,0.006365019718605743,9.997384909564705e-09,0.030358433055527625,True,True,0.0,2.2210268678621815e-16,0.9997384909564702,50.13241325343519,0.2495851939396091,0.17780161211756884,0.24958520393699402,0.0,0.0,8.858604612987659e-14,21.110405695562168,2.9999151839096183
noise_paired,C1,0.04,0.005,20,P,completed,False,,,2.8190413663976322e-14,5.7180782758074975e-12,0.048007090674719484,63,68,0.07705971788424607,0.005966501785329687,0.006365019718605743,9.997384909564705e-09,0.019249366255882513,True,True,0.0,2.2210268678621815e-16,0.9997384909564702,5.6316910501244495,0.5515005650436933,0.5511251680060072,0.5515005750410782,0.0,0.0,6.634876325210887e-16,2.6545211376189393,2.9999151839096183
noise_paired,C1,0.005,0.005,21,R,completed,False,,,1.5161997101274403e-13,2.4741368666524496e-10,0.8733462023404401,511,547,1.7170697390030785,0.005967082469223271,0.0059592156378021266,9.997381462279093e-09,0.08365739620483931,True,True,0.0,4.442055267428238e-16,0.9997381462279088,325.33768381432515,0.22267972245822754,0.0029160109999003536,0.222679732455609,0.0,0.0,2.3948377698229015e-11,149.82188407985342,2.9999151839096183
noise_paired,C1,0.007,0.005,21,R,completed,False,,,1.054181540488039e-13,1.2292001761803182e-10,0.740784422439926,365,391,1.5608362878053574,0.005967082469223271,0.0059592156378021266,9.997381462279093e-09,0.08232127696228143,True,True,0.0,4.442055267428238e-16,0.9997381462279088,268.06500148341576,0.11732409841554026,0.005893711003007507,0.11732410841292172,0.0,0.0,2.512303987012072e-10,105.5703299280103,2.9999151839096183
noise_paired,C1,0.01,0.005,21,R,completed,False,,,8.052781918564774e-14,6.564248295436057e-11,0.6425105809084349,255,273,1.188673758670361,0.005967082469223271,0.0059592156378021266,9.997381462279093e-09,0.07994422239255365,True,True,0.0,4.442055267428238e-16,0.9997381462279088,152.4748827916649,0.21452013291483896,0.06310804812893467,0.2145201429122204,0.0,0.0,2.8426297462485867e-11,69.91452265437611,2.9999151839096183
noise_paired,C1,0.014,0.005,21,R,completed,False,,,5.730293073482221e-14,3.3366562275904616e-11,0.6708199410121939,182,195,1.2731884375659186,0.005967082469223271,0.0059592156378021266,9.997381462279093e-09,0.07358516838378593,True,True,0.0,4.442055267428238e-16,0.9997381462279088,119.99236720911718,0.17666271845374948,0.025844107087720225,0.17666272845113093,0.0,0.0,1.1266887508599255e-11,49.641015120440734,2.9999151839096183
noise_paired,C1,0.02,0.005,21,R,completed,False,,,4.5265633474439524e-14,1.8417595247298233e-11,0.6085265302558858,127,136,0.9604037044217203,0.005967082469223271,0.0059592156378021266,9.997381462279093e-09,0.06398118436510704,True,True,0.0,6.663082901142357e-16,0.9997381462279086,91.55737327517735,0.08511524245259816,0.016323867835787098,0.08511525244997963,0.0,0.0,1.2381766902932892e-12,33.899963617741676,2.9999151839096183
noise_paired,C1,0.028,0.005,21,R,completed,False,,,2.3487530677226844e-14,6.859082345570301e-12,0.5129605815126922,91,98,0.6725912821911944,0.005967082469223271,0.0059592156378021266,9.997381462279093e-09,0.031730184485578655,True,True,0.0,5.552569084285298e-16,0.9997381462279087,54.94608656727119,0.2031611564796335,0.12076987389201577,0.20316116647701496,0.0,0.0,5.111097488150041e-14,23.315026979884983,2.9999151839096183
noise_paired,C1,0.04,0.005,21,R,completed,False,,,2.8190403943393564e-14,5.718076304106984e-12,0.04757627522656549,63,68,0.07565643425582882,0.005967082469223271,0.0059592156378021266,9.997381462279093e-09,0.01905031167401928,True,True,0.0,5.552569084285298e-16,0.9997381462279087,5.9567588071825925,0.5967547309433461,0.5965386888463663,0.5967547409407276,0.0,0.0,5.028037578135968e-16,2.5045707475043137,2.9999151839096183
noise_paired,C1,0.005,0.005,21,P,completed,False,,,1.5161997101274403e-13,2.4741368666524496e-10,0.8733462023404401,511,547,1.7170697390030785,0.005967082469223271,0.0059592156378021266,9.997381462279093e-09,0.08365739620483931,True,True,0.0,4.442055267428238e-16,0.9997381462279088,325.33768381432515,0.22267972245822754,0.0029160109999003536,0.222679732455609,0.0,0.0,2.3948377698229015e-11,149.82188407985342,2.9999151839096183
noise_paired,C1,0.007,0.005,21,P,completed,False,,,1.054181540488039e-13,1.2292001761803182e-10,0.740784422439926,365,391,1.5608362878053574,0.005967082469223271,0.0059592156378021266,9.997381462279093e-09,0.08232127696228143,True,True,0.0,4.442055267428238e-16,0.9997381462279088,268.06500148341576,0.11732409841554026,0.005893711003007507,0.11732410841292172,0.0,0.0,2.512303987012072e-10,105.5703299280103,2.9999151839096183
noise_paired,C1,0.01,0.005,21,P,completed,False,,,8.052781918564774e-14,6.564248295436057e-11,0.6425105809084349,255,273,1.188673758670361,0.005967082469223271,0.0059592156378021266,9.997381462279093e-09,0.07994422239255365,True,True,0.0,4.442055267428238e-16,0.9997381462279088,152.4748827916649,0.21452013291483896,0.06310804812893467,0.2145201429122204,0.0,0.0,2.8426297462485867e-11,69.91452265437611,2.9999151839096183
noise_paired,C1,0.014,0.005,21,P,completed,False,,,5.730293073482221e-14,3.3366562275904616e-11,0.6708199410121939,182,195,1.2731884375659186,0.005967082469223271,0.0059592156378021266,9.997381462279093e-09,0.07358516838378593,True,True,0.0,4.442055267428238e-16,0.9997381462279088,119.99236720911718,0.17666271845374948,0.025844107087720225,0.17666272845113093,0.0,0.0,1.1266887508599255e-11,49.641015120440734,2.9999151839096183
noise_paired,C1,0.02,0.005,21,P,completed,False,,,4.5265633474439524e-14,1.8417595247298233e-11,0.6085265302558858,127,136,0.9604037044217203,0.005967082469223271,0.0059592156378021266,9.997381462279093e-09,0.06398118436510704,True,True,0.0,6.663082901142357e-16,0.9997381462279086,91.55737327517735,0.08511524245259816,0.016323867835787098,0.08511525244997963,0.0,0.0,1.2381766902932892e-12,33.899963617741676,2.9999151839096183
noise_paired,C1,0.028,0.005,21,P,completed,False,,,2.3487530677226844e-14,6.859082345570301e-12,0.5129605815126922,91,98,0.6725912821911944,0.005967082469223271,0.0059592156378021266,9.997381462279093e-09,0.031730184485578655,True,True,0.0,5.552569084285298e-16,0.9997381462279087,54.94608656727119,0.2031611564796335,0.12076987389201577,0.20316116647701496,0.0,0.0,5.111097488150041e-14,23.315026979884983,2.9999151839096183
noise_paired,C1,0.04,0.005,21,P,completed,False,,,2.8190403943393564e-14,5.718076304106984e-12,0.04757627522656549,63,68,0.07565643425582882,0.005967082469223271,0.0059592156378021266,9.997381462279093e-09,0.01905031167401928,True,True,0.0,5.552569084285298e-16,0.9997381462279087,5.9567588071825925,0.5967547309433461,0.5965386888463663,0.5967547409407276,0.0,0.0,5.028037578135968e-16,2.5045707475043137,2.9999151839096183
noise_paired,C1,0.005,0.005,22,R,completed,False,,,1.5159377228601826e-13,2.4737093554531093e-10,0.8905683608530215,511,547,2.2466294990746207,0.005968245320258216,0.006359682763992217,9.99565399416817e-09,0.08305168463742231,True,True,0.0,6.664234427919782e-16,0.9995653994168163,332.23395075977817,0.19274652632100198,0.0001385491696187513,0.19274653631665598,0.0,0.0,8.140583483214667e-11,149.31410729006987,2.9999151839096183
noise_paired,C1,0.007,0.005,22,R,completed,False,,,1.0539993862908437e-13,1.228987780152988e-10,0.8060310828343213,365,391,1.59238519461594,0.005968245320258216,0.006359682763992217,9.99565399416817e-09,0.08153555509634254,True,True,0.0,5.553528689933151e-16,0.9995653994168164,241.91081323067584,0.1343321473597281,0.00860627237231304,0.1343321573553821,0.0,0.0,3.2109052762780726e-10,108.18145743243495,2.9999151839096183
noise_paired,C1,0.01,0.005,22,R,completed,False,,,8.051390461809721e-14,6.563114045468169e-11,0.7769693651620284,255,273,1.4811319240145384,0.005968245320258216,0.006359682763992217,9.99565399416817e-09,0.07918357992189742,True,True,0.0,5.553528689933151e-16,0.9995653994168164,141.26877734626368,0.2819052844553145,0.005130658390084641,0.28190529445096846,0.0,0.0,6.207775860483336e-12,74.39989446323838,2.9999151839096183
noise_paired,C1,0.014,0.005,22,R,completed,False,,,5.72930292435287e-14,3.3360796798962453e-11,0.6746339533052385,182,195,1.4286015244464256,0.005968245320258216,0.006359682763992217,9.99565399416817e-09,0.07253396195262114,True,True,0.0,4.442822951946521e-16,0.9995653994168165,106.85777635244466,0.2353532652825875,0.03550290149931734,0.23535327527824149,0.0,0.0,8.701183913850108e-12,50.186152609672405,2.9999151839096183
noise_paired,C1,0.02,0.005,22,R,completed,False,,,4.525781193250449e-14,1.8414412833124117e-11,0.5091628084488664,127,136,1.0099065469290076,0.005968245320258216,0.006359682763992217,9.99565399416817e-09,0.05770479325412591,True,True,0.0,4.442822951946521e-16,0.9995653994168165,72.75277614314892,0.24155724792696964,0.11986382517137872,0.24155725792262364,0.0,0.0,8.503434513977608e-13,30.21961713448519,2.9999151839096183
noise_paired,C1,0.028,0.005,22,R,completed,False,,,2.3483472218479188e-14,6.857897150620316e-12,0.5172299541741278,91,98,0.736925686045351,0.005968245320258216,0.006359682763992217,9.99565399416817e-09,0.02723316812266335,True,True,0.0,4.442822951946521e-16,0.9995653994168165,63.40475115392014,0.10808867153646573,0.04963573563309431,0.10808868153211973,0.0,0.0,4.926720275475451e-14,21.657759955480863,2.9999151839096183
noise_paired,C1,0.04,0.005,22,R,completed,False,,,2.8185532865498822e-14,5.7170882659383455e-12,0.04603807336359485,63,68,0.06349753961902535,0.005968245320258216,0.006359682763992217,9.99565399416817e-09,0.019156760556086956,True,True,0.0,4.442822951946521e-16,0.9995653994168165,5.030244776929813,0.5615333607894559,0.5611878411223787,0.5615333707851099,0.0,0.0,5.647771448695582e-16,2.652846139888189,2.9999151839096183
noise_paired,C1,0.005,0.005,22,P,completed,False,,,1.5159377228601826e-13,2.4737093554531093e-10,0.8905683608530215,511,547,2.2466294990746207,0.005968245320258216,0.006359682763992217,9.99565399416817e-09,0.08305168463742231,True,True,0.0,6.664234427919782e-16,0.9995653994168163,332.23395075977817,0.19274652632100198,0.0001385491696187513,0.19274653631665598,0.0,0.0,8.140583483214667e-11,149.31410729006987,2.9999151839096183
noise_paired,C1,0.007,0.005,22,P,completed,False,,,1.0539993862908437e-13,1.228987780152988e-10,0.8060310828343213,365,391,1.59238519461594,0.005968245320258216,0.006359682763992217,9.99565399416817e-09,0.08153555509634254,True,True,0.0,5.553528689933151e-16,0.9995653994168164,241.91081323067584,0.1343321473597281,0.00860627237231304,0.1343321573553821,0.0,0.0,3.2109052762780726e-10,108.18145743243495,2.9999151839096183
noise_paired,C1,0.01,0.005,22,P,completed,False,,,8.051390461809721e-14,6.563114045468169e-11,0.7769693651620284,255,273,1.4811319240145384,0.005968245320258216,0.006359682763992217,9.99565399416817e-09,0.07918357992189742,True,True,0.0,5.553528689933151e-16,0.9995653994168164,141.26877734626368,0.2819052844553145,0.005130658390084641,0.28190529445096846,0.0,0.0,6.207775860483336e-12,74.39989446323838,2.9999151839096183
noise_paired,C1,0.014,0.005,22,P,completed,False,,,5.72930292435287e-14,3.3360796798962453e-11,0.6746339533052385,182,195,1.4286015244464256,0.005968245320258216,0.006359682763992217,9.99565399416817e-09,0.07253396195262114,True,True,0.0,4.442822951946521e-16,0.9995653994168165,106.85777635244466,0.2353532652825875,0.03550290149931734,0.23535327527824149,0.0,0.0,8.701183913850108e-12,50.186152609672405,2.9999151839096183
noise_paired,C1,0.02,0.005,22,P,completed,False,,,4.525781193250449e-14,1.8414412833124117e-11,0.5091628084488664,127,136,1.0099065469290076,0.005968245320258216,0.006359682763992217,9.99565399416817e-09,0.05770479325412591,True,True,0.0,4.442822951946521e-16,0.9995653994168165,72.75277614314892,0.24155724792696964,0.11986382517137872,0.24155725792262364,0.0,0.0,8.503434513977608e-13,30.21961713448519,2.9999151839096183
noise_paired,C1,0.028,0.005,22,P,completed,False,,,2.3483472218479188e-14,6.857897150620316e-12,0.5172299541741278,91,98,0.736925686045351,0.005968245320258216,0.006359682763992217,9.99565399416817e-09,0.02723316812266335,True,True,0.0,4.442822951946521e-16,0.9995653994168165,63.40475115392014,0.10808867153646573,0.04963573563309431,0.10808868153211973,0.0,0.0,4.926720275475451e-14,21.657759955480863,2.9999151839096183
noise_paired,C1,0.04,0.005,22,P,completed,False,,,2.8185532865498822e-14,5.7170882659383455e-12,0.04603807336359485,63,68,0.06349753961902535,0.005968245320258216,0.006359682763992217,9.99565399416817e-09,0.019156760556086956,True,True,0.0,4.442822951946521e-16,0.9995653994168165,5.030244776929813,0.5615333607894559,0.5611878411223787,0.5615333707851099,0.0,0.0,5.647771448695582e-16,2.652846139888189,2.9999151839096183
noise_paired,C1,0.005,0.005,23,R,completed,False,,,1.5169194420219185e-13,2.4753113261925354e-10,0.8336703850481515,511,547,1.7299484517708152,0.0059646783797129704,0.0061375940654402,1.0002127165797968e-08,0.08341021674234289,True,True,0.0,2.2199738240112313e-16,1.0002127165797965,342.9474125906659,0.17668241949092445,0.0011505412390118153,0.1766824294930516,0.0,0.0,4.867809853313159e-12,149.51640306951765,2.9999151839096183
noise_paired,C1,0.007,0.005,23,R,completed,False,,,1.0546819548280443e-13,1.2297836709307697e-10,0.8624544902867466,365,391,1.674233332809498,0.0059646783797129704,0.0061375940654402,1.0002127165797968e-08,0.08145910301411068,True,True,0.0,6.659921472033694e-16,1.000212716579796,257.2301050521031,0.13154093337584905,0.003853107017160684,0.1315409433779762,0.0,0.0,5.393904465808262e-10,109.57451803176102,2.9999151839096183
noise_paired,C1,0.01,0.005,23,R,completed,False,,,8.056604531079046e-14,6.567364308999403e-11,0.654490743283947,255,273,1.6154723336324281,0.0059646783797129704,0.0061375940654402,1.0002127165797968e-08,0.07909247026889059,True,True,0.0,2.2199738240112313e-16,1.0002127165797965,150.75848643587986,0.263819810308498,0.028519456765254914,0.2638198203106252,0.0,0.0,8.255729334114799e-12,68.5623067271493,2.9999151839096183
noise_paired,C1,0.014,0.005,23,R,completed,False,,,5.733013212961306e-14,3.3382401204588386e-11,0.647582142399351,182,195,1.2781128968218594,0.0059646783797129704,0.0061375940654402,1.0002127165797968e-08,0.0739724909831462,True,True,0.0,2.2199738240112313e-16,1.0002127165797965,131.35496670497417,0.10538306009141019,0.02472218543468019,0.10538307009353735,0.0,0.0,5.41654910881191e-11,50.46890331840415,2.9999151839096183
noise_paired,C1,0.02,0.005,23,R,completed,False,,,4.528712082859063e-14,1.8426337981273533e-11,0.6518971688415051,127,136,1.4370754275984436,0.0059646783797129704,0.0061375940654402,1.0002127165797968e-08,0.05428518924897279,True,True,0.0,2.2199738240112313e-16,1.0002127165797965,70.30360036726613,0.24506322325428087,0.08520949911806597,0.24506323325640803,0.0,0.0,1.1689573836085606e-11,34.84642007866091,2.9999151839096183
noise_paired,C1,0.028,0.005,23,R,completed,False,,,2.3498680082439112e-14,6.8623383152806135e-12,0.5297842619491162,91,98,0.6890622715071346,0.0059646783797129704,0.0061375940654402,1.0002127165797968e-08,0.023048957130324586,True,True,0.0,6.659921472033694e-16,1.000212716579796,64.18173033787821,0.09322066474273272,0.021737423676197465,0.09322067474485989,0.0,0.0,2.9096982094384914e-14,21.97171040950741,2.9999151839096183
noise_paired,C1,0.04,0.005,23,R,completed,False,,,2.820378577739654e-14,5.720790644350974e-12,0.05507446356876691,63,68,0.0812586722843216,0.0059646783797129704,0.0061375940654402,1.0002127165797968e-08,0.01904108558680729,True,True,0.0,2.2199738240112313e-16,1.0002127165797965,6.5200562070853065,0.5450328000854043,0.5446141940436686,0.5450328100875315,0.0,0.0,3.7170772838272603e-16,2.7937293958254634,2.9999151839096183
noise_paired,C1,0.005,0.005,23,P,completed,False,,,1.5169194420219185e-13,2.4753113261925354e-10,0.8336703850481515,511,547,1.7299484517708152,0.0059646783797129704,0.0061375940654402,1.0002127165797968e-08,0.08341021674234289,True,True,0.0,2.2199738240112313e-16,1.0002127165797965,342.9474125906659,0.17668241949092445,0.0011505412390118153,0.1766824294930516,0.0,0.0,4.867809853313159e-12,149.51640306951765,2.9999151839096183
noise_paired,C1,0.007,0.005,23,P,completed,False,,,1.0546819548280443e-13,1.2297836709307697e-10,0.8624544902867466,365,391,1.674233332809498,0.0059646783797129704,0.0061375940654402,1.0002127165797968e-08,0.08145910301411068,True,True,0.0,6.659921472033694e-16,1.000212716579796,257.2301050521031,0.13154093337584905,0.003853107017160684,0.1315409433779762,0.0,0.0,5.393904465808262e-10,109.57451803176102,2.9999151839096183
noise_paired,C1,0.01,0.005,23,P,completed,False,,,8.056604531079046e-14,6.567364308999403e-11,0.654490743283947,255,273,1.6154723336324281,0.0059646783797129704,0.0061375940654402,1.0002127165797968e-08,0.07909247026889059,True,True,0.0,2.2199738240112313e-16,1.0002127165797965,150.75848643587986,0.263819810308498,0.028519456765254914,0.2638198203106252,0.0,0.0,8.255729334114799e-12,68.5623067271493,2.9999151839096183
noise_paired,C1,0.014,0.005,23,P,completed,False,,,5.733013212961306e-14,3.3382401204588386e-11,0.647582142399351,182,195,1.2781128968218594,0.0059646783797129704,0.0061375940654402,1.0002127165797968e-08,0.0739724909831462,True,True,0.0,2.2199738240112313e-16,1.0002127165797965,131.35496670497417,0.10538306009141019,0.02472218543468019,0.10538307009353735,0.0,0.0,5.41654910881191e-11,50.46890331840415,2.9999151839096183
noise_paired,C1,0.02,0.005,23,P,completed,False,,,4.528712082859063e-14,1.8426337981273533e-11,0.6518971688415051,127,136,1.4370754275984436,0.0059646783797129704,0.0061375940654402,1.0002127165797968e-08,0.05428518924897279,True,True,0.0,2.2199738240112313e-16,1.0002127165797965,70.30360036726613,0.24506322325428087,0.08520949911806597,0.24506323325640803,0.0,0.0,1.1689573836085606e-11,34.84642007866091,2.9999151839096183
noise_paired,C1,0.028,0.005,23,P,completed,False,,,2.3498680082439112e-14,6.8623383152806135e-12,0.5297842619491162,91,98,0.6890622715071346,0.0059646783797129704,0.0061375940654402,1.0002127165797968e-08,0.023048957130324586,True,True,0.0,6.659921472033694e-16,1.000212716579796,64.18173033787821,0.09322066474273272,0.021737423676197465,0.09322067474485989,0.0,0.0,2.9096982094384914e-14,21.97171040950741,2.9999151839096183
noise_paired,C1,0.04,0.005,23,P,completed,False,,,2.820378577739654e-14,5.720790644350974e-12,0.05507446356876691,63,68,0.0812586722843216,0.0059646783797129704,0.0061375940654402,1.0002127165797968e-08,0.01904108558680729,True,True,0.0,2.2199738240112313e-16,1.0002127165797965,6.5200562070853065,0.5450328000854043,0.5446141940436686,0.5450328100875315,0.0,0.0,3.7170772838272603e-16,2.7937293958254634,2.9999151839096183
noise_paired,C1,0.005,0.005,24,R,completed,False,,,1.5171462223504226e-13,2.475681386658605e-10,0.8134642324328661,511,547,2.142221437315948,0.005963224365176132,0.00591168481987517,1.0003622489558455e-08,0.08351477333596065,True,True,0.0,6.65892595877532e-16,1.0003622489558448,340.1828382010222,0.16597124739433256,0.0005923736529690471,0.16597125739795504,0.0,0.0,6.271369831010487e-11,149.35063456968817,2.9999151839096183
noise_paired,C1,0.007,0.005,24,R,completed,False,,,1.0548396303865198e-13,1.2299675242964508e-10,0.856557599590416,365,391,2.609812348625601,0.005963224365176132,0.00591168481987517,1.0003622489558455e-08,0.08180723923912676,True,True,0.0,6.65892595877532e-16,1.0003622489558448,232.890112539688,0.23178304119159476,0.000990426184163118,0.23178305119521725,0.0,0.0,8.545032782361032e-11,106.70030697621118,2.9999151839096183
noise_paired,C1,0.01,0.005,24,R,completed,False,,,8.05780899808736e-14,6.568346133738505e-11,0.8793328166528362,255,273,1.5753982865741087,0.005963224365176132,0.00591168481987517,1.0003622489558455e-08,0.07777024899844574,True,True,0.0,2.21964198625844e-16,1.0003622489558457,169.79323832930245,0.14260427082342853,0.0012748057075883112,0.142604280827051,0.0,0.0,4.197792252447703e-13,75.20015112520748,2.9999151839096183
noise_paired,C1,0.014,0.005,24,R,completed,False,,,5.733870301731967e-14,3.33873918927566e-11,0.6959858658827519,182,195,1.3082649837705338,0.005963224365176132,0.00591168481987517,1.0003622489558455e-08,0.07232808226593164,True,True,0.0,0.0,1.0003622489558455,112.40144589404727,0.23408048939996928,0.0053990415536772085,0.23408049940359177,0.0,0.0,3.825007726701088e-12,49.62701510652954,2.9999151839096183
noise_paired,C1,0.02,0.005,24,R,completed,False,,,4.529389127918544e-14,1.8429092729393153e-11,0.5694863956032119,127,136,0.9072859452730136,0.005963224365176132,0.00591168481987517,1.0003622489558455e-08,0.06660054100619484,True,True,0.0,2.21964198625844e-16,1.0003622489558452,80.04840394130564,0.23195075727843606,0.12511649811171754,0.23195076728205855,0.0,0.0,7.657251029051087e-13,32.20812589748269,2.9999151839096183
noise_paired,C1,0.028,0.005,24,R,completed,False,,,2.350219314861843e-14,6.863364238803205e-12,0.476604467434212,91,98,0.7550127712414789,0.005963224365176132,0.00591168481987517,1.0003622489558455e-08,0.02626601555109769,True,True,0.0,2.21964198625844e-16,1.0003622489558452,53.817676614395765,0.18111442082500595,0.10625499183055676,0.18111443082862844,0.0,0.0,3.736204434358778e-14,21.14803156696955,2.9999151839096183
noise_paired,C1,0.04,0.005,24,R,completed,False,,,2.8208002259581734e-14,5.7216459058406036e-12,0.04876227999247659,63,68,0.07898803936803213,0.005963224365176132,0.00591168481987517,1.0003622489558455e-08,0.019090702216666436,True,True,0.0,2.21964198625844e-16,1.0003622489558452,5.689442951951839,0.5834131246698557,0.5831179213721367,0.5834131346734782,0.0,0.0,2.9396502234432356e-16,2.5242180568402013,2.9999151839096183
noise_paired,C1,0.005,0.005,24,P,completed,False,,,1.5171462223504226e-13,2.475681386658605e-10,0.8134642324328661,511,547,2.142221437315948,0.005963224365176132,0.00591168481987517,1.0003622489558455e-08,0.08351477333596065,True,True,0.0,6.65892595877532e-16,1.0003622489558448,340.1828382010222,0.16597124739433256,0.0005923736529690471,0.16597125739795504,0.0,0.0,6.271369831010487e-11,149.35063456968817,2.9999151839096183
noise_paired,C1,0.007,0.005,24,P,completed,False,,,1.0548396303865198e-13,1.2299675242964508e-10,0.856557599590416,365,391,2.609812348625601,0.005963224365176132,0.00591168481987517,1.0003622489558455e-08,0.08180723923912676,True,True,0.0,6.65892595877532e-16,1.0003622489558448,232.890112539688,0.23178304119159476,0.000990426184163118,0.23178305119521725,0.0,0.0,8.545032782361032e-11,106.70030697621118,2.9999151839096183
noise_paired,C1,0.01,0.005,24,P,completed,False,,,8.05780899808736e-14,6.568346133738505e-11,0.8793328166528362,255,273,1.5753982865741087,0.005963224365176132,0.00591168481987517,1.0003622489558455e-08,0.07777024899844574,True,True,0.0,2.21964198625844e-16,1.0003622489558457,169.79323832930245,0.14260427082342853,0.0012748057075883112,0.142604280827051,0.0,0.0,4.197792252447703e-13,75.20015112520748,2.9999151839096183
noise_paired,C1,0.014,0.005,24,P,completed,False,,,5.733870301731967e-14,3.33873918927566e-11,0.6959858658827519,182,195,1.3082649837705338,0.005963224365176132,0.00591168481987517,1.0003622489558455e-08,0.07232808226593164,True,True,0.0,0.0,1.0003622489558455,112.40144589404727,0.23408048939996928,0.0053990415536772085,0.23408049940359177,0.0,0.0,3.825007726701088e-12,49.62701510652954,2.9999151839096183
noise_paired,C1,0.02,0.005,24,P,completed,False,,,4.529389127918544e-14,1.8429092729393153e-11,0.5694863956032119,127,136,0.9072859452730136,0.005963224365176132,0.00591168481987517,1.0003622489558455e-08,0.06660054100619484,True,True,0.0,2.21964198625844e-16,1.0003622489558452,80.04840394130564,0.23195075727843606,0.12511649811171754,0.23195076728205855,0.0,0.0,7.657251029051087e-13,32.20812589748269,2.9999151839096183
noise_paired,C1,0.028,0.005,24,P,completed,False,,,2.350219314861843e-14,6.863364238803205e-12,0.476604467434212,91,98,0.7550127712414789,0.005963224365176132,0.00591168481987517,1.0003622489558455e-08,0.02626601555109769,True,True,0.0,2.21964198625844e-16,1.0003622489558452,53.817676614395765,0.18111442082500595,0.10625499183055676,0.18111443082862844,0.0,0.0,3.736204434358778e-14,21.14803156696955,2.9999151839096183
noise_paired,C1,0.04,0.005,24,P,completed,False,,,2.8208002259581734e-14,5.7216459058406036e-12,0.04876227999247659,63,68,0.07898803936803213,0.005963224365176132,0.00591168481987517,1.0003622489558455e-08,0.019090702216666436,True,True,0.0,2.21964198625844e-16,1.0003622489558452,5.689442951951839,0.5834131246698557,0.5831179213721367,0.5834131346734782,0.0,0.0,2.9396502234432356e-16,2.5242180568402013,2.9999151839096183
noise_paired,C1,0.005,0.01,0,R,completed,False,,,1.5146201763360316e-13,2.471559381140915e-10,0.8668305207030904,511,547,1.6021269038158823,0.011947402744608428,0.012525261637585243,9.986966474240384e-09,0.08392394530776555,True,True,0.0,2.2233438501846995e-16,0.9986966474240386,405.91477296578154,0.08179278298846415,0.002690860143771623,0.08179279297543063,0.0,0.0,2.5846979005497427e-11,150.61979763649492,2.9999151839096183
noise_paired,C1,0.007,0.01,0,R,completed,False,,,1.0530833241024548e-13,1.227919630351353e-10,0.8058383564895935,365,391,1.6620667249852243,0.011947402744608428,0.012525261637585243,9.986966474240384e-09,0.08215216485819928,True,True,0.0,0.0,0.9986966474240384,280.4550975032753,0.08816567510094209,0.0028074365400372336,0.08816568508790856,0.0,0.0,2.91322326633901e-11,107.10869220146198,2.9999151839096183
noise_paired,C1,0.01,0.01,0,R,completed,False,,,8.044392759095705e-14,6.557409848014795e-11,0.7227105806838213,255,273,1.3208129409736749,0.011947402744608428,0.012525261637585243,9.986966474240384e-09,0.07905985589262265,True,True,0.0,0.0,0.9986966474240384,174.31094455333348,0.1181068606870238,0.006470675916236623,0.11810687067399028,0.0,0.0,2.2396759717791626e-11,72.2290002412528,2.9999151839096183
noise_paired,C1,0.014,0.01,0,R,completed,False,,,5.724323416923273e-14,3.333180193907966e-11,0.7396015564269257,182,195,1.4377421810895454,0.011947402744608428,0.012525261637585243,9.986966474240384e-09,0.07148635677996305,True,True,0.0,0.0,0.9986966474240384,125.05031008871175,0.15213047148415948,0.04492110159257512,0.15213048147112596,0.0,0.0,1.3288462711538404e-10,53.03526849934184,2.9999151839096183
noise_paired,C1,0.02,0.01,0,R,completed,False,,,4.521847702322481e-14,1.839840831970863e-11,0.6732602738082277,127,136,1.2729286313059944,0.011947402744608428,0.012525261637585243,9.986966474240384e-09,0.059615769637490885,True,True,0.0,0.0,0.9986966474240384,74.43705384506237,0.23749362534776564,0.033728318038549476,0.2374936353347321,0.0,0.0,1.4178952393344191e-12,34.54154502354223,2.9999151839096183
noise_paired,C1,0.028,0.01,0,R,completed,False,,,2.3463062034914346e-14,6.851936748410168e-12,0.5627987388158909,91,98,0.7935762836933136,0.011947402744608428,0.012525261637585243,9.986966474240384e-09,0.03895431042708726,True,True,0.0,2.2233438501846995e-16,0.9986966474240386,61.0414564903263,0.13407265737421425,0.056121565892992886,0.13407266736118073,0.0,0.0,9.929906246946683e-14,24.326123778509768,2.9999151839096183
noise_paired,C1,0.04,0.01,0,R,completed,False,,,2.816103598129423e-14,5.712119374631361e-12,0.05469709900864734,63,68,0.10862464720972405,0.011947402744608428,0.012525261637585243,9.986966474240384e-09,0.02184526655196538,True,True,0.0,3.3350157752770495e-16,0.9986966474240387,7.686823825867897,0.5668790118379112,0.5665085312874296,0.5668790218248777,0.0,0.0,8.012461109632014e-16,2.678278146762642,2.9999151839096183
noise_paired,C1,0.005,0.01,0,P,completed,False,,,1.5146201763360316e-13,2.471559381140915e-10,0.8668305207030904,511,547,1.6021269038158823,0.011947402744608428,0.012525261637585243,9.986966474240384e-09,0.08392394530776555,True,True,0.0,2.2233438501846995e-16,0.9986966474240386,405.91477296578154,0.08179278298846415,0.002690860143771623,0.08179279297543063,0.0,0.0,2.5846979005497427e-11,150.61979763649492,2.9999151839096183
noise_paired,C1,0.007,0.01,0,P,completed,False,,,1.0530833241024548e-13,1.227919630351353e-10,0.8058383564895935,365,391,1.6620667249852243,0.011947402744608428,0.012525261637585243,9.986966474240384e-09,0.08215216485819928,True,True,0.0,0.0,0.9986966474240384,280.4550975032753,0.08816567510094209,0.0028074365400372336,0.08816568508790856,0.0,0.0,2.91322326633901e-11,107.10869220146198,2.9999151839096183
noise_paired,C1,0.01,0.01,0,P,completed,False,,,8.044392759095705e-14,6.557409848014795e-11,0.7227105806838213,255,273,1.3208129409736749,0.011947402744608428,0.012525261637585243,9.986966474240384e-09,0.07905985589262265,True,True,0.0,0.0,0.9986966474240384,174.31094455333348,0.1181068606870238,0.006470675916236623,0.11810687067399028,0.0,0.0,2.2396759717791626e-11,72.2290002412528,2.9999151839096183
noise_paired,C1,0.014,0.01,0,P,completed,False,,,5.724323416923273e-14,3.333180193907966e-11,0.7396015564269257,182,195,1.4377421810895454,0.011947402744608428,0.012525261637585243,9.986966474240384e-09,0.07148635677996305,True,True,0.0,0.0,0.9986966474240384,125.05031008871175,0.15213047148415948,0.04492110159257512,0.15213048147112596,0.0,0.0,1.3288462711538404e-10,53.03526849934184,2.9999151839096183
noise_paired,C1,0.02,0.01,0,P,completed,False,,,4.521847702322481e-14,1.839840831970863e-11,0.6732602738082277,127,136,1.2729286313059944,0.011947402744608428,0.012525261637585243,9.986966474240384e-09,0.059615769637490885,True,True,0.0,0.0,0.9986966474240384,74.43705384506237,0.23749362534776564,0.033728318038549476,0.2374936353347321,0.0,0.0,1.4178952393344191e-12,34.54154502354223,2.9999151839096183
noise_paired,C1,0.028,0.01,0,P,completed,False,,,2.3463062034914346e-14,6.851936748410168e-12,0.5627987388158909,91,98,0.7935762836933136,0.011947402744608428,0.012525261637585243,9.986966474240384e-09,0.03895431042708726,True,True,0.0,2.2233438501846995e-16,0.9986966474240386,61.0414564903263,0.13407265737421425,0.056121565892992886,0.13407266736118073,0.0,0.0,9.929906246946683e-14,24.326123778509768,2.9999151839096183
noise_paired,C1,0.04,0.01,0,P,completed,False,,,2.816103598129423e-14,5.712119374631361e-12,0.05469709900864734,63,68,0.10862464720972405,0.011947402744608428,0.012525261637585243,9.986966474240384e-09,0.02184526655196538,True,True,0.0,3.3350157752770495e-16,0.9986966474240387,7.686823825867897,0.5668790118379112,0.5665085312874296,0.5668790218248777,0.0,0.0,8.012461109632014e-16,2.678278146762642,2.9999151839096183
noise_paired,C1,0.005,0.01,1,R,completed,False,,,1.5161935373175883e-13,2.4741267938524596e-10,0.9046642110150358,511,547,1.8015825491212991,0.011933585817600557,0.011620235743201058,9.99734076055994e-09,0.08389370460798234,True,True,0.0,2.2210366760829993e-16,0.9997340760559942,367.7560789431039,0.13318078707447567,0.00048021036692169616,0.13318079707181643,0.0,0.0,1.9199002046824793e-10,151.0324930549938,2.9999151839096183
noise_paired,C1,0.007,0.01,1,R,completed,False,,,1.054177248664109e-13,1.2291951718138706e-10,0.810234487845166,365,391,1.5040612227882617,0.011933585817600557,0.011620235743201058,9.99734076055994e-09,0.08318613350613807,True,True,0.0,1.1105183380414997e-16,0.9997340760559941,266.9474968014976,0.11906001146898648,0.008537447600575843,0.11906002146632724,0.0,0.0,3.839939963120165e-10,108.62641778790086,2.9999151839096183
noise_paired,C1,0.01,0.01,1,R,completed,False,,,8.052749133773147e-14,6.564221570819056e-11,0.721832286767009,255,273,1.3841303309091055,0.011933585817600557,0.011620235743201058,9.99734076055994e-09,0.08027609936241657,True,True,0.0,3.3315550141244988e-16,0.9997340760559936,162.27948843002636,0.15414989814094004,0.012758061382269648,0.1541499081382808,0.0,0.0,1.8345927428267435e-11,70.7739071298451,2.9999151839096183
noise_paired,C1,0.014,0.01,1,R,completed,False,,,5.7302697440954e-14,3.336642643268887e-11,0.7757923413551197,182,195,1.4598528052029227,0.011933585817600557,0.011620235743201058,9.99734076055994e-09,0.07220514448932011,True,True,0.0,2.2210366760829993e-16,0.9997340760559937,118.31322206569382,0.1414904072225709,0.016904408314966868,0.14149041721991165,0.0,0.0,2.0588720008462904e-10,53.809217175532105,2.9999151839096183
noise_paired,C1,0.02,0.01,1,R,completed,False,,,4.5265449187273135e-14,1.841752026488488e-11,0.6779309818648174,127,136,1.3425710681655159,0.011933585817600557,0.011620235743201058,9.99734076055994e-09,0.058179552998548066,True,True,0.0,2.2210366760829993e-16,0.9997340760559937,95.3732905580399,0.1131211150463135,0.05140058899207922,0.11312112504365426,0.0,0.0,4.808299124798833e-12,35.730436722575554,2.9999151839096183
noise_paired,C1,0.028,0.01,1,R,completed,False,,,2.348743505389979e-14,6.859054420613718e-12,0.5186572111147129,91,98,0.7476669859115531,0.011933585817600557,0.011620235743201058,9.99734076055994e-09,0.029327198921704694,True,True,0.0,3.3315550141244988e-16,0.9997340760559936,61.241060506876124,0.11987671742925987,0.05493270309190568,0.11987672742660063,0.0,0.0,2.9539084087729013e-14,21.150299930027813,2.9999151839096183
noise_paired,C1,0.04,0.01,1,R,completed,False,,,2.8190289173550235e-14,5.718053024457537e-12,0.05421965287865464,63,68,0.08394815729991154,0.011933585817600557,0.011620235743201058,9.99734076055994e-09,0.021432977883280167,True,True,0.0,3.3315550141244988e-16,0.9997340760559936,6.216703376050632,0.5306025273590906,0.5301691704380491,0.5306025373564314,0.0,0.0,1.3643412415932446e-15,2.840033093966425,2.9999151839096183
noise_paired,C1,0.005,0.01,1,P,completed,False,,,1.5161935373175883e-13,2.4741267938524596e-10,0.9046642110150358,511,547,1.8015825491212991,0.011933585817600557,0.011620235743201058,9.99734076055994e-09,0.08389370460798234,True,True,0.0,2.2210366760829993e-16,0.9997340760559942,367.7560789431039,0.13318078707447567,0.00048021036692169616,0.13318079707181643,0.0,0.0,1.9199002046824793e-10,151.0324930549938,2.9999151839096183
noise_paired,C1,0.007,0.01,1,P,completed,False,,,1.054177248664109e-13,1.2291951718138706e-10,0.810234487845166,365,391,1.5040612227882617,0.011933585817600557,0.011620235743201058,9.99734076055994e-09,0.08318613350613807,True,True,0.0,1.1105183380414997e-16,0.9997340760559941,266.9474968014976,0.11906001146898648,0.008537447600575843,0.11906002146632724,0.0,0.0,3.839939963120165e-10,108.62641778790086,2.9999151839096183
noise_paired,C1,0.01,0.01,1,P,completed,False,,,8.052749133773147e-14,6.564221570819056e-11,0.721832286767009,255,273,1.3841303309091055,0.011933585817600557,0.011620235743201058,9.99734076055994e-09,0.08027609936241657,True,True,0.0,3.3315550141244988e-16,0.9997340760559936,162.27948843002636,0.15414989814094004,0.012758061382269648,0.1541499081382808,0.0,0.0,1.8345927428267435e-11,70.7739071298451,2.9999151839096183
noise_paired,C1,0.014,0.01,1,P,completed,False,,,5.7302697440954e-14,3.336642643268887e-11,0.7757923413551197,182,195,1.4598528052029227,0.011933585817600557,0.011620235743201058,9.99734076055994e-09,0.07220514448932011,True,True,0.0,2.2210366760829993e-16,0.9997340760559937,118.31322206569382,0.1414904072225709,0.016904408314966868,0.14149041721991165,0.0,0.0,2.0588720008462904e-10,53.809217175532105,2.9999151839096183
noise_paired,C1,0.02,0.01,1,P,completed,False,,,4.5265449187273135e-14,1.841752026488488e-11,0.6779309818648174,127,136,1.3425710681655159,0.011933585817600557,0.011620235743201058,9.99734076055994e-09,0.058179552998548066,True,True,0.0,2.2210366760829993e-16,0.9997340760559937,95.3732905580399,0.1131211150463135,0.05140058899207922,0.11312112504365426,0.0,0.0,4.808299124798833e-12,35.730436722575554,2.9999151839096183
noise_paired,C1,0.028,0.01,1,P,completed,False,,,2.348743505389979e-14,6.859054420613718e-12,0.5186572111147129,91,98,0.7476669859115531,0.011933585817600557,0.011620235743201058,9.99734076055994e-09,0.029327198921704694,True,True,0.0,3.3315550141244988e-16,0.9997340760559936,61.241060506876124,0.11987671742925987,0.05493270309190568,0.11987672742660063,0.0,0.0,2.9539084087729013e-14,21.150299930027813,2.9999151839096183
noise_paired,C1,0.04,0.01,1,P,completed,False,,,2.8190289173550235e-14,5.718053024457537e-12,0.05421965287865464,63,68,0.08394815729991154,0.011933585817600557,0.011620235743201058,9.99734076055994e-09,0.021432977883280167,True,True,0.0,3.3315550141244988e-16,0.9997340760559936,6.216703376050632,0.5306025273590906,0.5301691704380491,0.5306025373564314,0.0,0.0,1.3643412415932446e-15,2.840033093966425,2.9999151839096183
noise_paired,C1,0.005,0.01,2,R,completed,False,,,1.5178646370494298e-13,2.476853696797227e-10,0.8267889551392092,511,547,1.697927143672434,0.011919541134810498,0.011904756567191865,1.0008359507872142e-08,0.08384997051393561,True,True,0.0,0.0,1.0008359507872142,369.47472115662293,0.11992497889980203,0.0010112319531750957,0.11992498890816153,0.0,0.0,6.810211247267355e-11,149.96031149806635,2.9999151839096183
noise_paired,C1,0.007,0.01,2,R,completed,False,,,1.0553391289084163e-13,1.230549951181703e-10,0.7872386599205131,365,391,1.438410024130457,0.011919541134810498,0.011904756567191865,1.0008359507872142e-08,0.08453395367634399,True,True,0.0,0.0,1.0008359507872142,258.44720322116245,0.15137233455160137,0.0023082695510832085,0.15137234455996088,0.0,0.0,8.790479283479155e-12,105.57252968478667,2.9999151839096183
noise_paired,C1,0.01,0.01,2,R,completed,False,,,8.061624614763419e-14,6.57145644462425e-11,0.7125437118999121,255,273,1.3242158430841175,0.011919541134810498,0.011904756567191865,1.0008359507872142e-08,0.08119436180405823,True,True,0.0,4.4371828320191863e-16,1.0008359507872147,193.51804716450616,0.08192082885420227,0.003012024204347874,0.08192083886256177,0.0,0.0,5.381818191281706e-11,72.42437465687797,2.9999151839096183
noise_paired,C1,0.014,0.01,2,R,completed,False,,,5.736585463030384e-14,3.340320183430601e-11,0.7901861914976991,182,195,1.49541475994527,0.011919541134810498,0.011904756567191865,1.0008359507872142e-08,0.07312464348230369,True,True,0.0,4.4371828320191863e-16,1.0008359507872147,113.37165050012679,0.1914849788242481,0.009354722098071977,0.1914849888326076,0.0,0.0,2.356701081942646e-11,53.211720875237404,2.9999151839096183
noise_paired,C1,0.02,0.01,2,R,completed,False,,,4.531533930890785e-14,1.8437819463119352e-11,0.5597434014172655,127,136,0.848369909578716,0.011919541134810498,0.011904756567191865,1.0008359507872142e-08,0.06407754329500728,True,True,0.0,4.4371828320191863e-16,1.0008359507872147,85.24615666265234,0.13127814204891697,0.06311415905264706,0.13127815205727647,0.0,0.0,2.527485165432184e-12,32.87821649765698,2.9999151839096183
noise_paired,C1,0.028,0.01,2,R,completed,False,,,2.351332214908531e-14,6.866614249699424e-12,0.5971224624882445,91,98,0.8549316708562192,0.011919541134810498,0.011904756567191865,1.0008359507872142e-08,0.0389438163407329,True,True,0.0,4.4371828320191863e-16,1.0008359507872147,55.95168826873663,0.1944967278840659,0.0979525966482171,0.19449673789242541,0.0,0.0,5.557556776202566e-14,24.77782892820192,2.9999151839096183
noise_paired,C1,0.04,0.01,2,R,completed,False,,,2.8221359603227568e-14,5.7243552785172206e-12,0.07027639777920655,63,68,0.13455584102681578,0.011919541134810498,0.011904756567191865,1.0008359507872142e-08,0.021756572428848778,True,True,0.0,4.4371828320191863e-16,1.0008359507872147,8.713980918240386,0.5290293430691759,0.5285376696160194,0.5290293530775354,0.0,0.0,5.34574449536999e-16,2.7942431332666344,2.9999151839096183
noise_paired,C1,0.005,0.01,2,P,completed,False,,,1.5178646370494298e-13,2.476853696797227e-10,0.8267889551392092,511,547,1.697927143672434,0.011919541134810498,0.011904756567191865,1.0008359507872142e-08,0.08384997051393561,True,True,0.0,0.0,1.0008359507872142,369.47472115662293,0.11992497889980203,0.0010112319531750957,0.11992498890816153,0.0,0.0,6.810211247267355e-11,149.96031149806635,2.9999151839096183
noise_paired,C1,0.007,0.01,2,P,completed,False,,,1.0553391289084163e-13,1.230549951181703e-10,0.7872386599205131,365,391,1.438410024130457,0.011919541134810498,0.011904756567191865,1.0008359507872142e-08,0.08453395367634399,True,True,0.0,0.0,1.0008359507872142,258.44720322116245,0.15137233455160137,0.0023082695510832085,0.15137234455996088,0.0,0.0,8.790479283479155e-12,105.57252968478667,2.9999151839096183
noise_paired,C1,0.01,0.01,2,P,completed,False,,,8.061624614763419e-14,6.57145644462425e-11,0.7125437118999121,255,273,1.3242158430841175,0.011919541134810498,0.011904756567191865,1.0008359507872142e-08,0.08119436180405823,True,True,0.0,4.4371828320191863e-16,1.0008359507872147,193.51804716450616,0.08192082885420227,0.003012024204347874,0.08192083886256177,0.0,0.0,5.381818191281706e-11,72.42437465687797,2.9999151839096183
noise_paired,C1,0.014,0.01,2,P,completed,False,,,5.736585463030384e-14,3.340320183430601e-11,0.7901861914976991,182,195,1.49541475994527,0.011919541134810498,0.011904756567191865,1.0008359507872142e-08,0.07312464348230369,True,True,0.0,4.4371828320191863e-16,1.0008359507872147,113.37165050012679,0.1914849788242481,0.009354722098071977,0.1914849888326076,0.0,0.0,2.356701081942646e-11,53.211720875237404,2.9999151839096183
noise_paired,C1,0.02,0.01,2,P,completed,False,,,4.531533930890785e-14,1.8437819463119352e-11,0.5597434014172655,127,136,0.848369909578716,0.011919541134810498,0.011904756567191865,1.0008359507872142e-08,0.06407754329500728,True,True,0.0,4.4371828320191863e-16,1.0008359507872147,85.24615666265234,0.13127814204891697,0.06311415905264706,0.13127815205727647,0.0,0.0,2.527485165432184e-12,32.87821649765698,2.9999151839096183
noise_paired,C1,0.028,0.01,2,P,completed,False,,,2.351332214908531e-14,6.866614249699424e-12,0.5971224624882445,91,98,0.8549316708562192,0.011919541134810498,0.011904756567191865,1.0008359507872142e-08,0.0389438163407329,True,True,0.0,4.4371828320191863e-16,1.0008359507872147,55.95168826873663,0.1944967278840659,0.0979525966482171,0.19449673789242541,0.0,0.0,5.557556776202566e-14,24.77782892820192,2.9999151839096183
noise_paired,C1,0.04,0.01,2,P,completed,False,,,2.8221359603227568e-14,5.7243552785172206e-12,0.07027639777920655,63,68,0.13455584102681578,0.011919541134810498,0.011904756567191865,1.0008359507872142e-08,0.021756572428848778,True,True,0.0,4.4371828320191863e-16,1.0008359507872147,8.713980918240386,0.5290293430691759,0.5285376696160194,0.5290293530775354,0.0,0.0,5.34574449536999e-16,2.7942431332666344,2.9999151839096183
noise_paired,C1,0.005,0.01,3,R,completed,False,,,1.5170293656769344e-13,2.475490699770815e-10,0.9072903006308128,511,547,1.6338405621546204,0.011927713994132262,0.011599824136409623,1.0002851970520975e-08,0.08326809780536028,True,True,0.0,2.2198129651364486e-16,1.0002851970520976,383.8039189409708,0.11270343659139115,0.0003225686604931832,0.11270344659424313,0.0,0.0,1.2659044289984136e-10,152.6036695365371,2.9999151839096183
noise_paired,C1,0.007,0.01,3,R,completed,False,,,1.0547583824168419e-13,1.2298727872755423e-10,0.7508877037339654,365,391,1.72107235315918,0.011927713994132262,0.011599824136409623,1.0002851970520975e-08,0.08264336025174356,True,True,0.0,4.439625930272897e-16,1.000285197052097,249.7947069033588,0.1507401531943341,0.00945814118461219,0.15074016319718606,0.0,0.0,1.9056333256367612e-11,103.99365387833069,2.9999151839096183
noise_paired,C1,0.01,0.01,3,R,completed,False,,,8.057188353391913e-14,6.567840213433526e-11,0.7581877740846055,255,273,1.497906277563273,0.011927713994132262,0.011599824136409623,1.0002851970520975e-08,0.07843412719086136,True,True,0.0,2.2198129651364486e-16,1.0002851970520972,164.17822126327115,0.14975396389519136,0.018547240962267342,0.14975397389804332,0.0,0.0,1.03002442780259e-11,71.43684291291312,2.9999151839096183
noise_paired,C1,0.014,0.01,3,R,completed,False,,,5.733428656095045e-14,3.338482026222056e-11,0.5957015671438154,182,195,0.9250557107653605,0.011927713994132262,0.011599824136409623,1.0002851970520975e-08,0.07550635024976683,True,True,0.0,4.439625930272897e-16,1.000285197052097,116.01664464937453,0.2513133552797312,0.10319191716582765,0.2513133652825832,0.0,0.0,1.753229662598583e-11,48.270279867345295,2.9999151839096183
noise_paired,C1,0.02,0.01,3,R,completed,False,,,4.5290402562418236e-14,1.842767324692005e-11,0.6856178656537396,127,136,1.2153362146987754,0.011927713994132262,0.011599824136409623,1.0002851970520975e-08,0.06947434530729911,True,True,0.0,2.2198129651364486e-16,1.0002851970520972,81.84423914500208,0.15464741139976323,0.002433322528827775,0.1546474214026152,0.0,0.0,6.687168268060903e-12,35.29223396780255,2.9999151839096183
noise_paired,C1,0.028,0.01,3,R,completed,False,,,2.3500382915649077e-14,6.8628355950231464e-12,0.5105875416640531,91,98,0.8376231544519305,0.011927713994132262,0.011599824136409623,1.0002851970520975e-08,0.0347943463283857,True,True,0.0,2.2198129651364486e-16,1.0002851970520972,56.23447709068807,0.1750651154064149,0.08699740817423174,0.17506512540926686,0.0,0.0,1.7351986692321663e-13,22.513818317294536,2.9999151839096183
noise_paired,C1,0.04,0.01,3,R,completed,False,,,2.8205829566362558e-14,5.721205201775574e-12,0.05596633622992327,63,68,0.09325657715837454,0.011927713994132262,0.011599824136409623,1.0002851970520975e-08,0.021401476108890868,True,True,0.0,2.2198129651364486e-16,1.0002851970520972,6.66271465449838,0.5175013697543978,0.5169792354877372,0.5175013797572497,0.0,0.0,7.882771173165547e-16,2.7153427712566542,2.9999151839096183
noise_paired,C1,0.005,0.01,3,P,completed,False,,,1.5170293656769344e-13,2.475490699770815e-10,0.9072903006308128,511,547,1.6338405621546204,0.011927713994132262,0.011599824136409623,1.0002851970520975e-08,0.08326809780536028,True,True,0.0,2.2198129651364486e-16,1.0002851970520976,383.8039189409708,0.11270343659139115,0.0003225686604931832,0.11270344659424313,0.0,0.0,1.2659044289984136e-10,152.6036695365371,2.9999151839096183
noise_paired,C1,0.007,0.01,3,P,completed,False,,,1.0547583824168419e-13,1.2298727872755423e-10,0.7508877037339654,365,391,1.72107235315918,0.011927713994132262,0.011599824136409623,1.0002851970520975e-08,0.08264336025174356,True,True,0.0,4.439625930272897e-16,1.000285197052097,249.7947069033588,0.1507401531943341,0.00945814118461219,0.15074016319718606,0.0,0.0,1.9056333256367612e-11,103.99365387833069,2.9999151839096183
noise_paired,C1,0.01,0.01,3,P,completed,False,,,8.057188353391913e-14,6.567840213433526e-11,0.7581877740846055,255,273,1.497906277563273,0.011927713994132262,0.011599824136409623,1.0002851970520975e-08,0.07843412719086136,True,True,0.0,2.2198129651364486e-16,1.0002851970520972,164.17822126327115,0.14975396389519136,0.018547240962267342,0.14975397389804332,0.0,0.0,1.03002442780259e-11,71.43684291291312,2.9999151839096183
noise_paired,C1,0.014,0.01,3,P,completed,False,,,5.733428656095045e-14,3.338482026222056e-11,0.5957015671438154,182,195,0.9250557107653605,0.011927713994132262,0.011599824136409623,1.0002851970520975e-08,0.07550635024976683,True,True,0.0,4.439625930272897e-16,1.000285197052097,116.01664464937453,0.2513133552797312,0.10319191716582765,0.2513133652825832,0.0,0.0,1.753229662598583e-11,48.270279867345295,2.9999151839096183
noise_paired,C1,0.02,0.01,3,P,completed,False,,,4.5290402562418236e-14,1.842767324692005e-11,0.6856178656537396,127,136,1.2153362146987754,0.011927713994132262,0.011599824136409623,1.0002851970520975e-08,0.06947434530729911,True,True,0.0,2.2198129651364486e-16,1.0002851970520972,81.84423914500208,0.15464741139976323,0.002433322528827775,0.1546474214026152,0.0,0.0,6.687168268060903e-12,35.29223396780255,2.9999151839096183
noise_paired,C1,0.028,0.01,3,P,completed,False,,,2.3500382915649077e-14,6.8628355950231464e-12,0.5105875416640531,91,98,0.8376231544519305,0.011927713994132262,0.011599824136409623,1.0002851970520975e-08,0.0347943463283857,True,True,0.0,2.2198129651364486e-16,1.0002851970520972,56.23447709068807,0.1750651154064149,0.08699740817423174,0.17506512540926686,0.0,0.0,1.7351986692321663e-13,22.513818317294536,2.9999151839096183
noise_paired,C1,0.04,0.01,3,P,completed,False,,,2.8205829566362558e-14,5.721205201775574e-12,0.05596633622992327,63,68,0.09325657715837454,0.011927713994132262,0.011599824136409623,1.0002851970520975e-08,0.021401476108890868,True,True,0.0,2.2198129651364486e-16,1.0002851970520972,6.66271465449838,0.5175013697543978,0.5169792354877372,0.5175013797572497,0.0,0.0,7.882771173165547e-16,2.7153427712566542,2.9999151839096183
noise_paired,C1,0.005,0.01,4,R,completed,False,,,1.5150270838047466e-13,2.472223373333328e-10,0.7928428377661769,511,547,1.7056113281452545,0.011943303954267325,0.011455878984497056,9.989649504158819e-09,0.08391189419744297,True,True,0.0,4.445493404600257e-16,0.9989649504158814,359.7477608289292,0.11987935609947797,0.00028434946104116676,0.11987936608912748,0.0,0.0,5.897164801467619e-11,148.30900607760412,2.9999151839096183
noise_paired,C1,0.007,0.01,4,R,completed,False,,,1.0533662382458496e-13,1.2282495148176885e-10,0.8075286712066274,365,391,1.5190852154976342,0.011943303954267325,0.011455878984497056,9.989649504158819e-09,0.0838153984905908,True,True,0.0,1.1113733511500643e-16,0.9989649504158817,276.1258939565406,0.12114126741971576,0.0005176388406489263,0.12114127740936527,0.0,0.0,3.6263484692209986e-11,106.91022319443539,2.9999151839096183
noise_paired,C1,0.01,0.01,4,R,completed,False,,,8.046553910482761e-14,6.559171516771273e-11,0.7317636126083176,255,273,1.442588642518152,0.011943303954267325,0.011455878984497056,9.989649504158819e-09,0.07978996784630897,True,True,0.0,3.334120053450193e-16,0.9989649504158815,163.68759976552377,0.16047689728998893,0.0340462221508373,0.16047690727963843,0.0,0.0,1.2337036961992046e-10,73.45651015352729,2.9999151839096183
noise_paired,C1,0.014,0.01,4,R,completed,False,,,5.725861274392808e-14,3.3340756632386036e-11,0.6532703674739545,182,195,1.3398046947701538,0.011943303954267325,0.011455878984497056,9.989649504158819e-09,0.0745696298090551,True,True,0.0,1.1113733511500643e-16,0.9989649504158817,105.58455016340358,0.24761086907915708,0.05348689985123689,0.24761087906880658,0.0,0.0,6.399879034878992e-12,49.69567093964489,2.9999151839096183
noise_paired,C1,0.02,0.01,4,R,completed,False,,,4.523062510913581e-14,1.84033511099043e-11,0.6715784404744587,127,136,0.9654159201642399,0.011943303954267325,0.011455878984497056,9.989649504158819e-09,0.06309250081720112,True,True,0.0,4.445493404600257e-16,0.9989649504158814,88.71278261375714,0.0907493751067342,0.021400584424431268,0.09074938509638371,0.0,0.0,9.088800365350291e-12,36.13095946804515,2.9999151839096183
noise_paired,C1,0.028,0.01,4,R,completed,False,,,2.3469365460241758e-14,6.853777542743724e-12,0.5335842255154084,91,98,1.202598824393472,0.011943303954267325,0.011455878984497056,9.989649504158819e-09,0.03037485051663269,True,True,0.0,1.1113733511500643e-16,0.9989649504158817,54.663829977852,0.18847598174434066,0.11522583265975173,0.18847599173399016,0.0,0.0,6.633513235736545e-14,22.748874912264743,2.9999151839096183
noise_paired,C1,0.04,0.01,4,R,completed,False,,,2.816860153208153e-14,5.713653953446593e-12,0.05516926500988362,63,68,0.0829549653765727,0.011943303954267325,0.011455878984497056,9.989649504158819e-09,0.02136882366740843,True,True,0.0,1.1113733511500643e-16,0.9989649504158817,6.17509050855508,0.5486913493913445,0.5482164075865767,0.548691359380994,0.0,0.0,1.0452147173262721e-15,2.801355727880776,2.9999151839096183
noise_paired,C1,0.005,0.01,4,P,completed,False,,,1.5150270838047466e-13,2.472223373333328e-10,0.7928428377661769,511,547,1.7056113281452545,0.011943303954267325,0.011455878984497056,9.989649504158819e-09,0.08391189419744297,True,True,0.0,4.445493404600257e-16,0.9989649504158814,359.7477608289292,0.11987935609947797,0.00028434946104116676,0.11987936608912748,0.0,0.0,5.897164801467619e-11,148.30900607760412,2.9999151839096183
noise_paired,C1,0.007,0.01,4,P,completed,False,,,1.0533662382458496e-13,1.2282495148176885e-10,0.8075286712066274,365,391,1.5190852154976342,0.011943303954267325,0.011455878984497056,9.989649504158819e-09,0.0838153984905908,True,True,0.0,1.1113733511500643e-16,0.9989649504158817,276.1258939565406,0.12114126741971576,0.0005176388406489263,0.12114127740936527,0.0,0.0,3.6263484692209986e-11,106.91022319443539,2.9999151839096183
noise_paired,C1,0.01,0.01,4,P,completed,False,,,8.046553910482761e-14,6.559171516771273e-11,0.7317636126083176,255,273,1.442588642518152,0.011943303954267325,0.011455878984497056,9.989649504158819e-09,0.07978996784630897,True,True,0.0,3.334120053450193e-16,0.9989649504158815,163.68759976552377,0.16047689728998893,0.0340462221508373,0.16047690727963843,0.0,0.0,1.2337036961992046e-10,73.45651015352729,2.9999151839096183
noise_paired,C1,0.014,0.01,4,P,completed,False,,,5.725861274392808e-14,3.3340756632386036e-11,0.6532703674739545,182,195,1.3398046947701538,0.011943303954267325,0.011455878984497056,9.989649504158819e-09,0.0745696298090551,True,True,0.0,1.1113733511500643e-16,0.9989649504158817,105.58455016340358,0.24761086907915708,0.05348689985123689,0.24761087906880658,0.0,0.0,6.399879034878992e-12,49.69567093964489,2.9999151839096183
noise_paired,C1,0.02,0.01,4,P,completed,False,,,4.523062510913581e-14,1.84033511099043e-11,0.6715784404744587,127,136,0.9654159201642399,0.011943303954267325,0.011455878984497056,9.989649504158819e-09,0.06309250081720112,True,True,0.0,4.445493404600257e-16,0.9989649504158814,88.71278261375714,0.0907493751067342,0.021400584424431268,0.09074938509638371,0.0,0.0,9.088800365350291e-12,36.13095946804515,2.9999151839096183
noise_paired,C1,0.028,0.01,4,P,completed,False,,,2.3469365460241758e-14,6.853777542743724e-12,0.5335842255154084,91,98,1.202598824393472,0.011943303954267325,0.011455878984497056,9.989649504158819e-09,0.03037485051663269,True,True,0.0,1.1113733511500643e-16,0.9989649504158817,54.663829977852,0.18847598174434066,0.11522583265975173,0.18847599173399016,0.0,0.0,6.633513235736545e-14,22.748874912264743,2.9999151839096183
noise_paired,C1,0.04,0.01,4,P,completed,False,,,2.816860153208153e-14,5.713653953446593e-12,0.05516926500988362,63,68,0.0829549653765727,0.011943303954267325,0.011455878984497056,9.989649504158819e-09,0.02136882366740843,True,True,0.0,1.1113733511500643e-16,0.9989649504158817,6.17509050855508,0.5486913493913445,0.5482164075865767,0.548691359380994,0.0,0.0,1.0452147173262721e-15,2.801355727880776,2.9999151839096183
noise_paired,C1,0.005,0.01,5,R,completed,False,,,1.5170332465499122e-13,2.475497032584919e-10,0.8568208802631901,511,547,2.1974050111218246,0.011927721621775224,0.012148325157436553,1.0002877559872632e-08,0.0840175262623673,True,True,0.0,4.439614572826155e-16,1.0002877559872636,329.1141403274775,0.12495595630714851,0.0007054340209117216,0.12495596631002606,0.0,0.0,7.569775148289365e-11,151.37730037922933,2.9999151839096183
noise_paired,C1,0.007,0.01,5,R,completed,False,,,1.054761080705614e-13,1.229875933542961e-10,0.8739827396294838,365,391,1.8421145813659185,0.011927721621775224,0.012148325157436553,1.0002877559872632e-08,0.08282101186037086,True,True,0.0,2.2198072864130774e-16,1.0002877559872634,244.2501271034633,0.17059054556951914,0.001332933552560589,0.1705905555723967,0.0,0.0,1.7589122070087027e-11,107.6619854266483,2.9999151839096183
noise_paired,C1,0.01,0.01,5,R,completed,False,,,8.057208965336063e-14,6.567857015318962e-11,0.6866372417767153,255,273,1.1876132306989198,0.011927721621775224,0.012148325157436553,1.0002877559872632e-08,0.07992968313300196,True,True,0.0,2.2198072864130774e-16,1.0002877559872634,199.4218532842797,0.07674939462991259,0.045763905286105744,0.07674940463279015,0.0,0.0,7.868911235084539e-11,72.61721926364427,2.9999151839096183
noise_paired,C1,0.014,0.01,5,R,completed,False,,,5.733443323384186e-14,3.338490566745381e-11,0.6290674709494029,182,195,0.9587693731620501,0.011927721621775224,0.012148325157436553,1.0002877559872632e-08,0.07677783048087605,True,True,0.0,4.439614572826155e-16,1.0002877559872636,112.9875274158583,0.1631509057352334,0.06716251345980839,0.16315091573811094,0.0,0.0,2.001583038990775e-11,50.708479169538954,2.9999151839096183
noise_paired,C1,0.02,0.01,5,R,completed,False,,,4.529051842457847e-14,1.8427720388696445e-11,0.5922674687555434,127,136,1.2370235744234002,0.011927721621775224,0.012148325157436553,1.0002877559872632e-08,0.05608470140191498,True,True,0.0,0.0,1.0002877559872632,79.36173171432232,0.1695204195264678,0.06406930773226438,0.16952042952934535,0.0,0.0,9.119478602219953e-14,31.882363546489763,2.9999151839096183
noise_paired,C1,0.028,0.01,5,R,completed,False,,,2.3500443034459618e-14,6.862853151567412e-12,0.5460976288785026,91,98,0.8163418977631343,0.011927721621775224,0.012148325157436553,1.0002877559872632e-08,0.03016519933281438,True,True,0.0,2.2198072864130774e-16,1.0002877559872634,55.66188965873902,0.17300623245047575,0.05972320951142007,0.1730062424533533,0.0,0.0,5.377346640012661e-14,23.994969307193728,2.9999151839096183
noise_paired,C1,0.04,0.01,5,R,completed,False,,,2.8205901722672945e-14,5.721219837794605e-12,0.05310953801445455,63,68,0.07387307656177305,0.011927721621775224,0.012148325157436553,1.0002877559872632e-08,0.02169305689766518,True,True,0.0,0.0,1.0002877559872632,5.969763037991721,0.5219258915868917,0.5214544558129479,0.5219259015897693,0.0,0.0,8.705315826395444e-16,2.648654193306787,2.9999151839096183
noise_paired,C1,0.005,0.01,5,P,completed,False,,,1.5170332465499122e-13,2.475497032584919e-10,0.8568208802631901,511,547,2.1974050111218246,0.011927721621775224,0.012148325157436553,1.0002877559872632e-08,0.0840175262623673,True,True,0.0,4.439614572826155e-16,1.0002877559872636,329.1141403274775,0.12495595630714851,0.0007054340209117216,0.12495596631002606,0.0,0.0,7.569775148289365e-11,151.37730037922933,2.9999151839096183
noise_paired,C1,0.007,0.01,5,P,completed,False,,,1.054761080705614e-13,1.229875933542961e-10,0.8739827396294838,365,391,1.8421145813659185,0.011927721621775224,0.012148325157436553,1.0002877559872632e-08,0.08282101186037086,True,True,0.0,2.2198072864130774e-16,1.0002877559872634,244.2501271034633,0.17059054556951914,0.001332933552560589,0.1705905555723967,0.0,0.0,1.7589122070087027e-11,107.6619854266483,2.9999151839096183
noise_paired,C1,0.01,0.01,5,P,completed,False,,,8.057208965336063e-14,6.567857015318962e-11,0.6866372417767153,255,273,1.1876132306989198,0.011927721621775224,0.012148325157436553,1.0002877559872632e-08,0.07992968313300196,True,True,0.0,2.2198072864130774e-16,1.0002877559872634,199.4218532842797,0.07674939462991259,0.045763905286105744,0.07674940463279015,0.0,0.0,7.868911235084539e-11,72.61721926364427,2.9999151839096183
noise_paired,C1,0.014,0.01,5,P,completed,False,,,5.733443323384186e-14,3.338490566745381e-11,0.6290674709494029,182,195,0.9587693731620501,0.011927721621775224,0.012148325157436553,1.0002877559872632e-08,0.07677783048087605,True,True,0.0,4.439614572826155e-16,1.0002877559872636,112.9875274158583,0.1631509057352334,0.06716251345980839,0.16315091573811094,0.0,0.0,2.001583038990775e-11,50.708479169538954,2.9999151839096183
noise_paired,C1,0.02,0.01,5,P,completed,False,,,4.529051842457847e-14,1.8427720388696445e-11,0.5922674687555434,127,136,1.2370235744234002,0.011927721621775224,0.012148325157436553,1.0002877559872632e-08,0.05608470140191498,True,True,0.0,0.0,1.0002877559872632,79.36173171432232,0.1695204195264678,0.06406930773226438,0.16952042952934535,0.0,0.0,9.119478602219953e-14,31.882363546489763,2.9999151839096183
noise_paired,C1,0.028,0.01,5,P,completed,False,,,2.3500443034459618e-14,6.862853151567412e-12,0.5460976288785026,91,98,0.8163418977631343,0.011927721621775224,0.012148325157436553,1.0002877559872632e-08,0.03016519933281438,True,True,0.0,2.2198072864130774e-16,1.0002877559872634,55.66188965873902,0.17300623245047575,0.05972320951142007,0.1730062424533533,0.0,0.0,5.377346640012661e-14,23.994969307193728,2.9999151839096183
noise_paired,C1,0.04,0.01,5,P,completed,False,,,2.8205901722672945e-14,5.721219837794605e-12,0.05310953801445455,63,68,0.07387307656177305,0.011927721621775224,0.012148325157436553,1.0002877559872632e-08,0.02169305689766518,True,True,0.0,0.0,1.0002877559872632,5.969763037991721,0.5219258915868917,0.5214544558129479,0.5219259015897693,0.0,0.0,8.705315826395444e-16,2.648654193306787,2.9999151839096183
noise_paired,C1,0.005,0.01,6,R,completed,False,,,1.515971228511583e-13,2.473764030023232e-10,0.7992331280914137,511,547,1.7873283747060797,0.011935295477873467,0.012645801906931197,9.995874920722868e-09,0.08525128536330082,True,True,0.0,1.1106811894209546e-16,0.9995874920722869,321.6435546418219,0.17482132669972195,0.0013624743087177205,0.17482133669559688,0.0,0.0,2.7108531541666176e-11,146.24122192885704,2.9999151839096183
noise_paired,C1,0.007,0.01,6,R,completed,False,,,1.0540226820605056e-13,1.2290149435618248e-10,0.8468374165358871,365,391,2.264427426190672,0.011935295477873467,0.012645801906931197,9.995874920722868e-09,0.08330060681205143,True,True,0.0,0.0,0.9995874920722868,254.45018190088336,0.16472062992664105,0.0006833972074602457,0.16472063992251598,0.0,0.0,1.5243123921477389e-10,108.27954300353531,2.9999151839096183
noise_paired,C1,0.01,0.01,6,R,completed,False,,,8.051568415744129e-14,6.563259105128597e-11,0.7835732784228234,255,273,1.4210271360266353,0.011935295477873467,0.012645801906931197,9.995874920722868e-09,0.07977550185112747,True,True,0.0,1.1106811894209546e-16,0.9995874920722869,178.66972996017543,0.13923966035857993,0.005614474359034727,0.13923967035445486,0.0,0.0,6.162633154130372e-11,74.70498726453513,2.9999151839096183
noise_paired,C1,0.014,0.01,6,R,completed,False,,,5.72942955490217e-14,3.3361534148004656e-11,0.6791310446220875,182,195,1.1707624261600975,0.011935295477873467,0.012645801906931197,9.995874920722868e-09,0.07215281941220479,True,True,0.0,0.0,0.9995874920722868,120.56735929463137,0.1541861819424738,0.03245686300533901,0.15418619193834873,0.0,0.0,5.717153862822311e-13,49.50923409717417,2.9999151839096183
noise_paired,C1,0.02,0.01,6,R,completed,False,,,4.525881223248178e-14,1.8414819833285025e-11,0.5765695228970841,127,136,1.0490242618026413,0.011935295477873467,0.012645801906931197,9.995874920722868e-09,0.05985882232259606,True,True,0.0,1.1106811894209546e-16,0.9995874920722869,84.60364660904563,0.18833470014470777,0.06332269884770969,0.1883347101405827,0.0,0.0,5.863637430373951e-13,30.510206049092986,2.9999151839096183
noise_paired,C1,0.028,0.01,6,R,completed,False,,,2.3483991256314293e-14,6.85804872565391e-12,0.5253301417022592,91,98,0.7933353491652541,0.011935295477873467,0.012645801906931197,9.995874920722868e-09,0.04043849487657782,True,True,0.0,1.1106811894209546e-16,0.9995874920722869,50.770961390525464,0.2642961050449416,0.20042381051544222,0.2642961150408165,0.0,0.0,9.26165157729136e-14,23.342970178521803,2.9999151839096183
noise_paired,C1,0.04,0.01,6,R,completed,False,,,2.818615582950617e-14,5.717214626516076e-12,0.06926479285850946,63,68,0.10291750405977967,0.011935295477873467,0.012645801906931197,9.995874920722868e-09,0.022157932855549612,True,True,0.0,1.1106811894209546e-16,0.9995874920722869,6.880702113429687,0.5496276892341385,0.5492423556139575,0.5496276992300134,0.0,0.0,6.922048727419693e-16,2.766277549573271,2.9999151839096183
noise_paired,C1,0.005,0.01,6,P,completed,False,,,1.515971228511583e-13,2.473764030023232e-10,0.7992331280914137,511,547,1.7873283747060797,0.011935295477873467,0.012645801906931197,9.995874920722868e-09,0.08525128536330082,True,True,0.0,1.1106811894209546e-16,0.9995874920722869,321.6435546418219,0.17482132669972195,0.0013624743087177205,0.17482133669559688,0.0,0.0,2.7108531541666176e-11,146.24122192885704,2.9999151839096183
noise_paired,C1,0.007,0.01,6,P,completed,False,,,1.0540226820605056e-13,1.2290149435618248e-10,0.8468374165358871,365,391,2.264427426190672,0.011935295477873467,0.012645801906931197,9.995874920722868e-09,0.08330060681205143,True,True,0.0,0.0,0.9995874920722868,254.45018190088336,0.16472062992664105,0.0006833972074602457,0.16472063992251598,0.0,0.0,1.5243123921477389e-10,108.27954300353531,2.9999151839096183
noise_paired,C1,0.01,0.01,6,P,completed,False,,,8.051568415744129e-14,6.563259105128597e-11,0.7835732784228234,255,273,1.4210271360266353,0.011935295477873467,0.012645801906931197,9.995874920722868e-09,0.07977550185112747,True,True,0.0,1.1106811894209546e-16,0.9995874920722869,178.66972996017543,0.13923966035857993,0.005614474359034727,0.13923967035445486,0.0,0.0,6.162633154130372e-11,74.70498726453513,2.9999151839096183
noise_paired,C1,0.014,0.01,6,P,completed,False,,,5.72942955490217e-14,3.3361534148004656e-11,0.6791310446220875,182,195,1.1707624261600975,0.011935295477873467,0.012645801906931197,9.995874920722868e-09,0.07215281941220479,True,True,0.0,0.0,0.9995874920722868,120.56735929463137,0.1541861819424738,0.03245686300533901,0.15418619193834873,0.0,0.0,5.717153862822311e-13,49.50923409717417,2.9999151839096183
noise_paired,C1,0.02,0.01,6,P,completed,False,,,4.525881223248178e-14,1.8414819833285025e-11,0.5765695228970841,127,136,1.0490242618026413,0.011935295477873467,0.012645801906931197,9.995874920722868e-09,0.05985882232259606,True,True,0.0,1.1106811894209546e-16,0.9995874920722869,84.60364660904563,0.18833470014470777,0.06332269884770969,0.1883347101405827,0.0,0.0,5.863637430373951e-13,30.510206049092986,2.9999151839096183
noise_paired,C1,0.028,0.01,6,P,completed,False,,,2.3483991256314293e-14,6.85804872565391e-12,0.5253301417022592,91,98,0.7933353491652541,0.011935295477873467,0.012645801906931197,9.995874920722868e-09,0.04043849487657782,True,True,0.0,1.1106811894209546e-16,0.9995874920722869,50.770961390525464,0.2642961050449416,0.20042381051544222,0.2642961150408165,0.0,0.0,9.26165157729136e-14,23.342970178521803,2.9999151839096183
noise_paired,C1,0.04,0.01,6,P,completed,False,,,2.818615582950617e-14,5.717214626516076e-12,0.06926479285850946,63,68,0.10291750405977967,0.011935295477873467,0.012645801906931197,9.995874920722868e-09,0.022157932855549612,True,True,0.0,1.1106811894209546e-16,0.9995874920722869,6.880702113429687,0.5496276892341385,0.5492423556139575,0.5496276992300134,0.0,0.0,6.922048727419693e-16,2.766277549573271,2.9999151839096183
noise_paired,C1,0.005,0.01,7,R,completed,False,,,1.5160929251402464e-13,2.4739626147568347e-10,0.8169206515795988,511,547,1.4987006425729472,0.011933248688561994,0.011793103176948748,9.996677353022054e-09,0.08386292563637089,True,True,0.0,2.221184070304179e-16,0.9996677353022051,381.80439557652244,0.0856065031940253,0.00674176847769048,0.08560651319070264,0.0,0.0,1.0887343406594589e-10,149.53700751828393,2.9999151839096183
noise_paired,C1,0.007,0.01,7,R,completed,False,,,1.0541072951484911e-13,1.229113604388888e-10,0.7341426442784851,365,391,1.662294133774454,0.011933248688561994,0.011793103176948748,9.996677353022054e-09,0.08260457101542747,True,True,0.0,1.1105920351520896e-16,0.9996677353022054,228.3967960058059,0.19181874771633245,0.002227688273314876,0.1918187577130098,0.0,0.0,1.522642831951026e-11,102.37022475311673,2.9999151839096183
noise_paired,C1,0.01,0.01,7,R,completed,False,,,8.052214766224417e-14,6.563785979577872e-11,0.7334647310695727,255,273,1.5916024613482085,0.011933248688561994,0.011793103176948748,9.996677353022054e-09,0.08039004705968894,True,True,0.0,2.221184070304179e-16,0.9996677353022055,155.41699056501577,0.2149595503831001,0.014366647852800729,0.21495956037977745,0.0,0.0,1.6983565887985492e-11,71.75979263658047,2.9999151839096183
noise_paired,C1,0.014,0.01,7,R,completed,False,,,5.729889492563178e-14,3.336421229001454e-11,0.7379035087016435,182,195,1.3909838742547862,0.011933248688561994,0.011793103176948748,9.996677353022054e-09,0.07338243868752657,True,True,0.0,1.1105920351520896e-16,0.9996677353022054,129.16486194702762,0.1810273420738222,0.011402629028673839,0.18102735207049955,0.0,0.0,1.0795886370355016e-12,50.40833629594903,2.9999151839096183
noise_paired,C1,0.02,0.01,7,R,completed,False,,,4.526244544448635e-14,1.8416298107706737e-11,0.5657191315511106,127,136,0.814825609625477,0.011933248688561994,0.011793103176948748,9.996677353022054e-09,0.0627114296232164,True,True,0.0,1.1105920351520896e-16,0.9996677353022054,77.53215010144238,0.20177059583297607,0.08158093560218194,0.20177060582965342,0.0,0.0,9.280462392410491e-13,33.07779905745964,2.9999151839096183
noise_paired,C1,0.028,0.01,7,R,completed,False,,,2.3485876465287726e-14,6.858599264736332e-12,0.5455015497415161,91,98,0.699866026580339,0.011933248688561994,0.011793103176948748,9.996677353022054e-09,0.04074056055922804,True,True,0.0,1.1105920351520896e-16,0.9996677353022054,57.717676726829154,0.14792693130747647,0.05066178327108095,0.14792694130415382,0.0,0.0,1.3717796916530166e-13,23.07570071423298,2.9999151839096183
noise_paired,C1,0.04,0.01,7,R,completed,False,,,2.8188418511063e-14,5.717673583607285e-12,0.057559518933258516,63,68,0.09688754237067991,0.011933248688561994,0.011793103176948748,9.996677353022054e-09,0.021557054289467848,True,True,0.0,1.1105920351520896e-16,0.9996677353022054,6.6209533296679135,0.48679993154155055,0.48625155287316635,0.4867999415382279,0.0,0.0,1.0659450873971452e-15,2.9109349107851785,2.9999151839096183
noise_paired,C1,0.005,0.01,7,P,completed,False,,,1.5160929251402464e-13,2.4739626147568347e-10,0.8169206515795988,511,547,1.4987006425729472,0.011933248688561994,0.011793103176948748,9.996677353022054e-09,0.08386292563637089,True,True,0.0,2.221184070304179e-16,0.9996677353022051,381.80439557652244,0.0856065031940253,0.00674176847769048,0.08560651319070264,0.0,0.0,1.0887343406594589e-10,149.53700751828393,2.9999151839096183
noise_paired,C1,0.007,0.01,7,P,completed,False,,,1.0541072951484911e-13,1.229113604388888e-10,0.7341426442784851,365,391,1.662294133774454,0.011933248688561994,0.011793103176948748,9.996677353022054e-09,0.08260457101542747,True,True,0.0,1.1105920351520896e-16,0.9996677353022054,228.3967960058059,0.19181874771633245,0.002227688273314876,0.1918187577130098,0.0,0.0,1.522642831951026e-11,102.37022475311673,2.9999151839096183
noise_paired,C1,0.01,0.01,7,P,completed,False,,,8.052214766224417e-14,6.563785979577872e-11,0.7334647310695727,255,273,1.5916024613482085,0.011933248688561994,0.011793103176948748,9.996677353022054e-09,0.08039004705968894,True,True,0.0,2.221184070304179e-16,0.9996677353022055,155.41699056501577,0.2149595503831001,0.014366647852800729,0.21495956037977745,0.0,0.0,1.6983565887985492e-11,71.75979263658047,2.9999151839096183
noise_paired,C1,0.014,0.01,7,P,completed,False,,,5.729889492563178e-14,3.336421229001454e-11,0.7379035087016435,182,195,1.3909838742547862,0.011933248688561994,0.011793103176948748,9.996677353022054e-09,0.07338243868752657,True,True,0.0,1.1105920351520896e-16,0.9996677353022054,129.16486194702762,0.1810273420738222,0.011402629028673839,0.18102735207049955,0.0,0.0,1.0795886370355016e-12,50.40833629594903,2.9999151839096183
noise_paired,C1,0.02,0.01,7,P,completed,False,,,4.526244544448635e-14,1.8416298107706737e-11,0.5657191315511106,127,136,0.814825609625477,0.011933248688561994,0.011793103176948748,9.996677353022054e-09,0.0627114296232164,True,True,0.0,1.1105920351520896e-16,0.9996677353022054,77.53215010144238,0.20177059583297607,0.08158093560218194,0.20177060582965342,0.0,0.0,9.280462392410491e-13,33.07779905745964,2.9999151839096183
noise_paired,C1,0.028,0.01,7,P,completed,False,,,2.3485876465287726e-14,6.858599264736332e-12,0.5455015497415161,91,98,0.699866026580339,0.011933248688561994,0.011793103176948748,9.996677353022054e-09,0.04074056055922804,True,True,0.0,1.1105920351520896e-16,0.9996677353022054,57.717676726829154,0.14792693130747647,0.05066178327108095,0.14792694130415382,0.0,0.0,1.3717796916530166e-13,23.07570071423298,2.9999151839096183
noise_paired,C1,0.04,0.01,7,P,completed,False,,,2.8188418511063e-14,5.717673583607285e-12,0.057559518933258516,63,68,0.09688754237067991,0.011933248688561994,0.011793103176948748,9.996677353022054e-09,0.021557054289467848,True,True,0.0,1.1105920351520896e-16,0.9996677353022054,6.6209533296679135,0.48679993154155055,0.48625155287316635,0.4867999415382279,0.0,0.0,1.0659450873971452e-15,2.9109349107851785,2.9999151839096183
noise_paired,C1,0.005,0.01,8,R,completed,False,,,1.517481680934899e-13,2.476228788459003e-10,0.8570848465094051,511,547,1.8638499860212334,0.011923575037739862,0.011850289969650875,1.0005834406241596e-08,0.08409781629716179,True,True,0.0,6.65745391868131e-16,1.000583440624159,339.07557247704597,0.15114846906563373,0.0011585005274569182,0.15114847907146814,0.0,0.0,2.608008837606226e-11,149.9822259794642,2.9999151839096183
noise_paired,C1,0.007,0.01,8,R,completed,False,,,1.0550728676342195e-13,1.2302394843478775e-10,0.842956714920635,365,391,1.9676922343613252,0.011923575037739862,0.011850289969650875,1.0005834406241596e-08,0.08300302347218237,True,True,0.0,0.0,1.0005834406241596,213.63161133722966,0.2390225040540973,0.0036979707464068756,0.23902251405993172,0.0,0.0,1.535661262939551e-11,106.55516489430465,2.9999151839096183
noise_paired,C1,0.01,0.01,8,R,completed,False,,,8.059590672892767e-14,6.56979847107021e-11,0.7536719198478852,255,273,1.3698147991870753,0.011923575037739862,0.011850289969650875,1.0005834406241596e-08,0.07831933971213824,True,True,0.0,2.2191513062271034e-16,1.0005834406241594,169.70607571640403,0.2012590658201565,0.02845074964067007,0.20125907582599092,0.0,0.0,9.085288014168164e-11,74.36680158746027,2.9999151839096183
noise_paired,C1,0.014,0.01,8,R,completed,False,,,5.735138126801597e-14,3.3394774231425545e-11,0.6581231732215553,182,195,1.2588906280634653,0.011923575037739862,0.011850289969650875,1.0005834406241596e-08,0.07440627786563454,True,True,0.0,2.2191513062271034e-16,1.0005834406241594,113.60498960685229,0.22835220880355167,0.04977079722610567,0.22835221880938608,0.0,0.0,3.433328924199049e-11,50.69287617115286,2.9999151839096183
noise_paired,C1,0.02,0.01,8,R,completed,False,,,4.5303906282637387e-14,1.8433167615036413e-11,0.6495544985406692,127,136,1.0952519380081154,0.011923575037739862,0.011850289969650875,1.0005834406241596e-08,0.0658113235025498,True,True,0.0,0.0,1.0005834406241596,90.39347199930907,0.08778035460417544,0.007082420118299626,0.08778036461000985,0.0,0.0,1.430219694844059e-12,33.97847515210418,2.9999151839096183
noise_paired,C1,0.028,0.01,8,R,completed,False,,,2.3507389755464607e-14,6.864881808051558e-12,0.6131896787481544,91,98,1.109684996803998,0.011923575037739862,0.011850289969650875,1.0005834406241596e-08,0.03552708145180664,True,True,0.0,0.0,1.0005834406241596,57.8131540366188,0.1569075172135601,0.09561256883377311,0.15690752721939452,0.0,0.0,5.3055271807239404e-14,24.8303552755439,2.9999151839096183
noise_paired,C1,0.04,0.01,8,R,completed,False,,,2.8214239375272695e-14,5.722911027954854e-12,0.0712909466264905,63,68,0.1358055235015422,0.011923575037739862,0.011850289969650875,1.0005834406241596e-08,0.021670934528110027,True,True,0.0,0.0,1.0005834406241596,9.333419589101702,0.5208791132713058,0.5201783538167397,0.5208791232771401,0.0,0.0,8.860344925977461e-16,2.774578585218409,2.9999151839096183
noise_paired,C1,0.005,0.01,8,P,completed,False,,,1.517481680934899e-13,2.476228788459003e-10,0.8570848465094051,511,547,1.8638499860212334,0.011923575037739862,0.011850289969650875,1.0005834406241596e-08,0.08409781629716179,True,True,0.0,6.65745391868131e-16,1.000583440624159,339.07557247704597,0.15114846906563373,0.0011585005274569182,0.15114847907146814,0.0,0.0,2.608008837606226e-11,149.9822259794642,2.9999151839096183
noise_paired,C1,0.007,0.01,8,P,completed,False,,,1.0550728676342195e-13,1.2302394843478775e-10,0.842956714920635,365,391,1.9676922343613252,0.011923575037739862,0.011850289969650875,1.0005834406241596e-08,0.08300302347218237,True,True,0.0,0.0,1.0005834406241596,213.63161133722966,0.2390225040540973,0.0036979707464068756,0.23902251405993172,0.0,0.0,1.535661262939551e-11,106.55516489430465,2.9999151839096183
noise_paired,C1,0.01,0.01,8,P,completed,False,,,8.059590672892767e-14,6.56979847107021e-11,0.7536719198478852,255,273,1.3698147991870753,0.011923575037739862,0.011850289969650875,1.0005834406241596e-08,0.07831933971213824,True,True,0.0,2.2191513062271034e-16,1.0005834406241594,169.70607571640403,0.2012590658201565,0.02845074964067007,0.20125907582599092,0.0,0.0,9.085288014168164e-11,74.36680158746027,2.9999151839096183
noise_paired,C1,0.014,0.01,8,P,completed,False,,,5.735138126801597e-14,3.3394774231425545e-11,0.6581231732215553,182,195,1.2588906280634653,0.011923575037739862,0.011850289969650875,1.0005834406241596e-08,0.07440627786563454,True,True,0.0,2.2191513062271034e-16,1.0005834406241594,113.60498960685229,0.22835220880355167,0.04977079722610567,0.22835221880938608,0.0,0.0,3.433328924199049e-11,50.69287617115286,2.9999151839096183
noise_paired,C1,0.02,0.01,8,P,completed,False,,,4.5303906282637387e-14,1.8433167615036413e-11,0.6495544985406692,127,136,1.0952519380081154,0.011923575037739862,0.011850289969650875,1.0005834406241596e-08,0.0658113235025498,True,True,0.0,0.0,1.0005834406241596,90.39347199930907,0.08778035460417544,0.007082420118299626,0.08778036461000985,0.0,0.0,1.430219694844059e-12,33.97847515210418,2.9999151839096183
noise_paired,C1,0.028,0.01,8,P,completed,False,,,2.3507389755464607e-14,6.864881808051558e-12,0.6131896787481544,91,98,1.109684996803998,0.011923575037739862,0.011850289969650875,1.0005834406241596e-08,0.03552708145180664,True,True,0.0,0.0,1.0005834406241596,57.8131540366188,0.1569075172135601,0.09561256883377311,0.15690752721939452,0.0,0.0,5.3055271807239404e-14,24.8303552755439,2.9999151839096183
noise_paired,C1,0.04,0.01,8,P,completed,False,,,2.8214239375272695e-14,5.722911027954854e-12,0.0712909466264905,63,68,0.1358055235015422,0.011923575037739862,0.011850289969650875,1.0005834406241596e-08,0.021670934528110027,True,True,0.0,0.0,1.0005834406241596,9.333419589101702,0.5208791132713058,0.5201783538167397,0.5208791232771401,0.0,0.0,8.860344925977461e-16,2.774578585218409,2.9999151839096183
noise_paired,C1,0.005,0.01,9,R,completed,False,,,1.5158890565787857e-13,2.473629941745164e-10,0.9015331013953733,511,547,1.8600366167800373,0.011935735453874878,0.011836845549118107,9.995333102813143e-09,0.08446541039916286,True,True,0.0,3.332224188644666e-16,0.9995333102813146,378.2595280779918,0.055947431307853734,0.0016453528643293192,0.05594744130318684,0.0,0.0,8.127659280892564e-11,151.2134909401964,2.9999151839096183
noise_paired,C1,0.007,0.01,9,R,completed,False,,,1.0539655496562963e-13,1.228948325850717e-10,0.7936718279670221,365,391,1.5570881880295766,0.011935735453874878,0.011836845549118107,9.995333102813143e-09,0.08326082011566097,True,True,0.0,0.0,0.9995333102813143,245.37450132016005,0.2086012846895009,0.018274617025778594,0.208601294684834,0.0,0.0,3.0416657437813695e-11,106.66198126976309,2.9999151839096183
noise_paired,C1,0.01,0.01,9,R,completed,False,,,8.051131987317042e-14,6.562903349243542e-11,0.7322477413148589,255,273,1.3219777692028725,0.011935735453874878,0.011836845549118107,9.995333102813143e-09,0.08097665255795192,True,True,0.0,5.553706981074443e-16,0.9995333102813149,168.67461592875216,0.19839220972926597,0.022274540336670867,0.19839221972459906,0.0,0.0,5.720320024833389e-11,73.74575033618223,2.9999151839096183
noise_paired,C1,0.014,0.01,9,R,completed,False,,,5.729118996039643e-14,3.3359725814382976e-11,0.703892801437315,182,195,1.4917104723778094,0.011935735453874878,0.011836845549118107,9.995333102813143e-09,0.07302315699412579,True,True,0.0,1.1107413962148885e-16,0.9995333102813144,112.55961624828737,0.19984269708454894,0.006245206796931191,0.19984270707988203,0.0,0.0,1.1030308452336687e-12,48.49833229062087,2.9999151839096183
noise_paired,C1,0.02,0.01,9,R,completed,False,,,4.525635901700691e-14,1.8413821673617246e-11,0.6841744928481802,127,136,1.3328564846148774,0.011935735453874878,0.011836845549118107,9.995333102813143e-09,0.0553031924352322,True,True,0.0,3.332224188644666e-16,0.9995333102813146,76.85383319900795,0.19914502921082633,0.07519640371390957,0.19914503920615942,0.0,0.0,1.8296349919704167e-13,33.4533823691826,2.9999151839096183
noise_paired,C1,0.028,0.01,9,R,completed,False,,,2.348271832651521e-14,6.857676990947864e-12,0.5175817374877408,91,98,0.9771199328696548,0.011935735453874878,0.011836845549118107,9.995333102813143e-09,0.037992990405212465,True,True,0.0,3.332224188644666e-16,0.9995333102813146,54.75574843847769,0.23489049733913991,0.13933791734225542,0.234890507334473,0.0,0.0,3.7568828134876973e-13,23.242304339126747,2.9999151839096183
noise_paired,C1,0.04,0.01,9,R,completed,False,,,2.818462802287035e-14,5.716904729753366e-12,0.06282439591057348,63,68,0.09863392625347447,0.011935735453874878,0.011836845549118107,9.995333102813143e-09,0.021718126050257993,True,True,0.0,3.332224188644666e-16,0.9995333102813146,7.928821271625546,0.6207778828997066,0.6204210449354007,0.6207778928950397,0.0,0.0,3.7683177764547175e-16,2.3817704188489914,2.9999151839096183
noise_paired,C1,0.005,0.01,9,P,completed,False,,,1.5158890565787857e-13,2.473629941745164e-10,0.9015331013953733,511,547,1.8600366167800373,0.011935735453874878,0.011836845549118107,9.995333102813143e-09,0.08446541039916286,True,True,0.0,3.332224188644666e-16,0.9995333102813146,378.2595280779918,0.055947431307853734,0.0016453528643293192,0.05594744130318684,0.0,0.0,8.127659280892564e-11,151.2134909401964,2.9999151839096183
noise_paired,C1,0.007,0.01,9,P,completed,False,,,1.0539655496562963e-13,1.228948325850717e-10,0.7936718279670221,365,391,1.5570881880295766,0.011935735453874878,0.011836845549118107,9.995333102813143e-09,0.08326082011566097,True,True,0.0,0.0,0.9995333102813143,245.37450132016005,0.2086012846895009,0.018274617025778594,0.208601294684834,0.0,0.0,3.0416657437813695e-11,106.66198126976309,2.9999151839096183
noise_paired,C1,0.01,0.01,9,P,completed,False,,,8.051131987317042e-14,6.562903349243542e-11,0.7322477413148589,255,273,1.3219777692028725,0.011935735453874878,0.011836845549118107,9.995333102813143e-09,0.08097665255795192,True,True,0.0,5.553706981074443e-16,0.9995333102813149,168.67461592875216,0.19839220972926597,0.022274540336670867,0.19839221972459906,0.0,0.0,5.720320024833389e-11,73.74575033618223,2.9999151839096183
noise_paired,C1,0.014,0.01,9,P,completed,False,,,5.729118996039643e-14,3.3359725814382976e-11,0.703892801437315,182,195,1.4917104723778094,0.011935735453874878,0.011836845549118107,9.995333102813143e-09,0.07302315699412579,True,True,0.0,1.1107413962148885e-16,0.9995333102813144,112.55961624828737,0.19984269708454894,0.006245206796931191,0.19984270707988203,0.0,0.0,1.1030308452336687e-12,48.49833229062087,2.9999151839096183
noise_paired,C1,0.02,0.01,9,P,completed,False,,,4.525635901700691e-14,1.8413821673617246e-11,0.6841744928481802,127,136,1.3328564846148774,0.011935735453874878,0.011836845549118107,9.995333102813143e-09,0.0553031924352322,True,True,0.0,3.332224188644666e-16,0.9995333102813146,76.85383319900795,0.19914502921082633,0.07519640371390957,0.19914503920615942,0.0,0.0,1.8296349919704167e-13,33.4533823691826,2.9999151839096183
noise_paired,C1,0.028,0.01,9,P,completed,False,,,2.348271832651521e-14,6.857676990947864e-12,0.5175817374877408,91,98,0.9771199328696548,0.011935735453874878,0.011836845549118107,9.995333102813143e-09,0.037992990405212465,True,True,0.0,3.332224188644666e-16,0.9995333102813146,54.75574843847769,0.23489049733913991,0.13933791734225542,0.234890507334473,0.0,0.0,3.7568828134876973e-13,23.242304339126747,2.9999151839096183
noise_paired,C1,0.04,0.01,9,P,completed,False,,,2.818462802287035e-14,5.716904729753366e-12,0.06282439591057348,63,68,0.09863392625347447,0.011935735453874878,0.011836845549118107,9.995333102813143e-09,0.021718126050257993,True,True,0.0,3.332224188644666e-16,0.9995333102813146,7.928821271625546,0.6207778828997066,0.6204210449354007,0.6207778928950397,0.0,0.0,3.7683177764547175e-16,2.3817704188489914,2.9999151839096183
noise_paired,C1,0.005,0.01,10,R,completed,False,,,1.5179653017126663e-13,2.47701796153941e-10,0.8786272139211883,511,547,1.8109777830619465,0.011920434069706344,0.011698639737751516,1.0009023261486805e-08,0.08330799713181541,True,True,0.0,2.2184442889589944e-16,1.0009023261486802,335.8386876212756,0.17612959893307667,0.00070964958186992,0.17612960894209992,0.0,0.0,6.333920976125101e-11,149.5552999383052,2.9999151839096183
noise_paired,C1,0.007,0.01,10,R,completed,False,,,1.0554091189163648e-13,1.2306315611575914e-10,0.7710664023670784,365,391,2.293628612985068,0.011920434069706344,0.011698639737751516,1.0009023261486805e-08,0.08266943053304344,True,True,0.0,4.436888577917989e-16,1.00090232614868,241.41139884024562,0.16981486494956566,0.006012277831377588,0.1698148749585889,0.0,0.0,1.7798944631077506e-11,104.77130185098903,2.9999151839096183
noise_paired,C1,0.01,0.01,10,R,completed,False,,,8.062159261073224e-14,6.571892263098325e-11,0.7670940660787836,255,273,1.428057503457606,0.011920434069706344,0.011698639737751516,1.0009023261486805e-08,0.08030860335885592,True,True,0.0,4.436888577917989e-16,1.000902326148681,175.6232876438857,0.11548758675197757,0.005743919096729999,0.11548759676100083,0.0,0.0,9.661100884525135e-12,73.36847068759063,2.9999151839096183
noise_paired,C1,0.014,0.01,10,R,completed,False,,,5.736965912926684e-14,3.340541713202203e-11,0.6501167070593431,182,195,1.2958199780612236,0.011920434069706344,0.011698639737751516,1.0009023261486805e-08,0.07426076668619465,True,True,0.0,4.436888577917989e-16,1.000902326148681,123.24187503572925,0.14724342320938932,0.058370582722679254,0.14724343321841257,0.0,0.0,5.971242636501676e-11,50.46953261467711,2.9999151839096183
noise_paired,C1,0.02,0.01,10,R,completed,False,,,4.5318344618643394e-14,1.8439042257854643e-11,0.784152122602668,127,136,1.6474243104780293,0.011920434069706344,0.011698639737751516,1.0009023261486805e-08,0.054557050868071395,True,True,0.0,0.0,1.0009023261486805,75.04865360519713,0.20099692724509954,0.03210615248152815,0.2009969372541228,0.0,0.0,2.0083221800268377e-11,37.19116615057469,2.9999151839096183
noise_paired,C1,0.028,0.01,10,R,completed,False,,,2.3514881550759173e-14,6.8670696430158955e-12,0.5544488609475451,91,98,0.7540569536570723,0.011920434069706344,0.011698639737751516,1.0009023261486805e-08,0.0412958851007,True,True,0.0,0.0,1.0009023261486805,55.810778877688094,0.1850065055278065,0.018251336544361507,0.18500651553682976,0.0,0.0,5.896120386142349e-14,23.75733279370636,2.9999151839096183
noise_paired,C1,0.04,0.01,10,R,completed,False,,,2.8223231241574747e-14,5.7247349173086465e-12,0.05954267846222821,63,68,0.1114221261252084,0.011920434069706344,0.011698639737751516,1.0009023261486805e-08,0.02150463146432024,True,True,0.0,2.2184442889589944e-16,1.0009023261486807,6.84272488367094,0.5535320330184621,0.5531306515842003,0.5535320430274854,0.0,0.0,9.020158553789553e-16,2.634280347168593,2.9999151839096183
noise_paired,C1,0.005,0.01,10,P,completed,False,,,1.5179653017126663e-13,2.47701796153941e-10,0.8786272139211883,511,547,1.8109777830619465,0.011920434069706344,0.011698639737751516,1.0009023261486805e-08,0.08330799713181541,True,True,0.0,2.2184442889589944e-16,1.0009023261486802,335.8386876212756,0.17612959893307667,0.00070964958186992,0.17612960894209992,0.0,0.0,6.333920976125101e-11,149.5552999383052,2.9999151839096183
noise_paired,C1,0.007,0.01,10,P,completed,False,,,1.0554091189163648e-13,1.2306315611575914e-10,0.7710664023670784,365,391,2.293628612985068,0.011920434069706344,0.011698639737751516,1.0009023261486805e-08,0.08266943053304344,True,True,0.0,4.436888577917989e-16,1.00090232614868,241.41139884024562,0.16981486494956566,0.006012277831377588,0.1698148749585889,0.0,0.0,1.7798944631077506e-11,104.77130185098903,2.9999151839096183
noise_paired,C1,0.01,0.01,10,P,completed,False,,,8.062159261073224e-14,6.571892263098325e-11,0.7670940660787836,255,273,1.428057503457606,0.011920434069706344,0.011698639737751516,1.0009023261486805e-08,0.08030860335885592,True,True,0.0,4.436888577917989e-16,1.000902326148681,175.6232876438857,0.11548758675197757,0.005743919096729999,0.11548759676100083,0.0,0.0,9.661100884525135e-12,73.36847068759063,2.9999151839096183
noise_paired,C1,0.014,0.01,10,P,completed,False,,,5.736965912926684e-14,3.340541713202203e-11,0.6501167070593431,182,195,1.2958199780612236,0.011920434069706344,0.011698639737751516,1.0009023261486805e-08,0.07426076668619465,True,True,0.0,4.436888577917989e-16,1.000902326148681,123.24187503572925,0.14724342320938932,0.058370582722679254,0.14724343321841257,0.0,0.0,5.971242636501676e-11,50.46953261467711,2.9999151839096183
noise_paired,C1,0.02,0.01,10,P,completed,False,,,4.5318344618643394e-14,1.8439042257854643e-11,0.784152122602668,127,136,1.6474243104780293,0.011920434069706344,0.011698639737751516,1.0009023261486805e-08,0.054557050868071395,True,True,0.0,0.0,1.0009023261486805,75.04865360519713,0.20099692724509954,0.03210615248152815,0.2009969372541228,0.0,0.0,2.0083221800268377e-11,37.19116615057469,2.9999151839096183
noise_paired,C1,0.028,0.01,10,P,completed,False,,,2.3514881550759173e-14,6.8670696430158955e-12,0.5544488609475451,91,98,0.7540569536570723,0.011920434069706344,0.011698639737751516,1.0009023261486805e-08,0.0412958851007,True,True,0.0,0.0,1.0009023261486805,55.810778877688094,0.1850065055278065,0.018251336544361507,0.18500651553682976,0.0,0.0,5.896120386142349e-14,23.75733279370636,2.9999151839096183
noise_paired,C1,0.04,0.01,10,P,completed,False,,,2.8223231241574747e-14,5.7247349173086465e-12,0.05954267846222821,63,68,0.1114221261252084,0.011920434069706344,0.011698639737751516,1.0009023261486805e-08,0.02150463146432024,True,True,0.0,2.2184442889589944e-16,1.0009023261486807,6.84272488367094,0.5535320330184621,0.5531306515842003,0.5535320430274854,0.0,0.0,9.020158553789553e-16,2.634280347168593,2.9999151839096183
noise_paired,C1,0.005,0.01,11,R,completed,False,,,1.5166019700974286e-13,2.4747932750497597e-10,0.8665944057115259,511,547,1.8498784381130753,0.01193154644904742,0.011905945862756211,1.0000033847937865e-08,0.08364726952779104,True,True,0.0,2.2204385335237614e-16,1.0000033847937868,373.01354621481954,0.10320461767329336,0.000787118187927982,0.1032046276733272,0.0,0.0,2.1343608457102765e-11,150.410447335009,2.9999151839096183
noise_paired,C1,0.007,0.01,11,R,completed,False,,,1.054461223324018e-13,1.2295262928671092e-10,0.8721590906889924,365,391,1.5672142813310426,0.01193154644904742,0.011905945862756211,1.0000033847937865e-08,0.08124363627577141,True,True,0.0,2.2204385335237614e-16,1.0000033847937868,262.2708173359617,0.18545495409983082,0.0029841200326511386,0.18545496409986467,0.0,0.0,2.496581992179194e-10,109.9075987737236,2.9999151839096183
noise_paired,C1,0.01,0.01,11,R,completed,False,,,8.054918386334322e-14,6.56598984327087e-11,0.6591103496848363,255,273,1.1484663347369948,0.01193154644904742,0.011905945862756211,1.0000033847937865e-08,0.0796364900294335,True,True,0.0,0.0,1.0000033847937866,161.7264150504793,0.17450455839249968,0.04508213118024729,0.17450456839253353,0.0,0.0,2.762667790591627e-11,71.07242909808609,2.9999151839096183
noise_paired,C1,0.014,0.01,11,R,completed,False,,,5.731813366293497e-14,3.337541469306976e-11,0.738203995664667,182,195,1.1551901272007497,0.01193154644904742,0.011905945862756211,1.0000033847937865e-08,0.07252753484874665,True,True,0.0,0.0,1.0000033847937866,134.76298549398896,0.12611742481408916,0.047434745855275406,0.12611743481412302,0.0,0.0,4.883599631614633e-10,53.3580180124228,2.9999151839096183
noise_paired,C1,0.02,0.01,11,R,completed,False,,,4.5277642810835855e-14,1.8422481583354064e-11,0.6123460596259791,127,136,1.1674962622218783,0.01193154644904742,0.011905945862756211,1.0000033847937865e-08,0.06445158349237488,True,True,0.0,0.0,1.0000033847937866,80.00832234802553,0.16324395912714684,0.011357913321027313,0.1632439691271807,0.0,0.0,9.268176557265129e-12,33.86582775326515,2.9999151839096183
noise_paired,C1,0.028,0.01,11,R,completed,False,,,2.3493762107903298e-14,6.860902115248429e-12,0.5149427297100955,91,98,0.766414624477449,0.01193154644904742,0.011905945862756211,1.0000033847937865e-08,0.030994965278552097,True,True,0.0,0.0,1.0000033847937866,51.26816027365357,0.1931039115143025,0.1012818536370238,0.19310392151433636,0.0,0.0,3.733852427046083e-14,20.975108844953283,2.9999151839096183
noise_paired,C1,0.04,0.01,11,R,completed,False,,,2.8197883084148233e-14,5.7195933557111476e-12,0.06379281053078147,63,68,0.09202490821766933,0.01193154644904742,0.011905945862756211,1.0000033847937865e-08,0.021636917683439016,True,True,0.0,2.2204385335237614e-16,1.0000033847937868,7.012349153996517,0.550680574097194,0.550188922237425,0.5506805840972278,0.0,0.0,1.1922861001896964e-15,2.786222925756078,2.9999151839096183
noise_paired,C1,0.005,0.01,11,P,completed,False,,,1.5166019700974286e-13,2.4747932750497597e-10,0.8665944057115259,511,547,1.8498784381130753,0.01193154644904742,0.011905945862756211,1.0000033847937865e-08,0.08364726952779104,True,True,0.0,2.2204385335237614e-16,1.0000033847937868,373.01354621481954,0.10320461767329336,0.000787118187927982,0.1032046276733272,0.0,0.0,2.1343608457102765e-11,150.410447335009,2.9999151839096183
noise_paired,C1,0.007,0.01,11,P,completed,False,,,1.054461223324018e-13,1.2295262928671092e-10,0.8721590906889924,365,391,1.5672142813310426,0.01193154644904742,0.011905945862756211,1.0000033847937865e-08,0.08124363627577141,True,True,0.0,2.2204385335237614e-16,1.0000033847937868,262.2708173359617,0.18545495409983082,0.0029841200326511386,0.18545496409986467,0.0,0.0,2.496581992179194e-10,109.9075987737236,2.9999151839096183
noise_paired,C1,0.01,0.01,11,P,completed,False,,,8.054918386334322e-14,6.56598984327087e-11,0.6591103496848363,255,273,1.1484663347369948,0.01193154644904742,0.011905945862756211,1.0000033847937865e-08,0.0796364900294335,True,True,0.0,0.0,1.0000033847937866,161.7264150504793,0.17450455839249968,0.04508213118024729,0.17450456839253353,0.0,0.0,2.762667790591627e-11,71.07242909808609,2.9999151839096183
noise_paired,C1,0.014,0.01,11,P,completed,False,,,5.731813366293497e-14,3.337541469306976e-11,0.738203995664667,182,195,1.1551901272007497,0.01193154644904742,0.011905945862756211,1.0000033847937865e-08,0.07252753484874665,True,True,0.0,0.0,1.0000033847937866,134.76298549398896,0.12611742481408916,0.047434745855275406,0.12611743481412302,0.0,0.0,4.883599631614633e-10,53.3580180124228,2.9999151839096183
noise_paired,C1,0.02,0.01,11,P,completed,False,,,4.5277642810835855e-14,1.8422481583354064e-11,0.6123460596259791,127,136,1.1674962622218783,0.01193154644904742,0.011905945862756211,1.0000033847937865e-08,0.06445158349237488,True,True,0.0,0.0,1.0000033847937866,80.00832234802553,0.16324395912714684,0.011357913321027313,0.1632439691271807,0.0,0.0,9.268176557265129e-12,33.86582775326515,2.9999151839096183
noise_paired,C1,0.028,0.01,11,P,completed,False,,,2.3493762107903298e-14,6.860902115248429e-12,0.5149427297100955,91,98,0.766414624477449,0.01193154644904742,0.011905945862756211,1.0000033847937865e-08,0.030994965278552097,True,True,0.0,0.0,1.0000033847937866,51.26816027365357,0.1931039115143025,0.1012818536370238,0.19310392151433636,0.0,0.0,3.733852427046083e-14,20.975108844953283,2.9999151839096183
noise_paired,C1,0.04,0.01,11,P,completed,False,,,2.8197883084148233e-14,5.7195933557111476e-12,0.06379281053078147,63,68,0.09202490821766933,0.01193154644904742,0.011905945862756211,1.0000033847937865e-08,0.021636917683439016,True,True,0.0,2.2204385335237614e-16,1.0000033847937868,7.012349153996517,0.550680574097194,0.550188922237425,0.5506805840972278,0.0,0.0,1.1922861001896964e-15,2.786222925756078,2.9999151839096183
noise_paired,C1,0.005,0.01,12,R,completed,False,,,1.5158311867059392e-13,2.47353550960346e-10,0.8391475723805301,511,547,2.040281925554805,0.011936174233160774,0.011947097307087698,9.994951525643488e-09,0.08422213242002341,True,True,0.0,6.664702805871861e-16,0.9994951525643495,361.1877747720143,0.12958245420163628,0.0010046479355807492,0.1295824641965878,0.0,0.0,2.8394756330748353e-11,147.76618304428882,2.9999151839096183
noise_paired,C1,0.007,0.01,12,R,completed,False,,,1.0539253139595751e-13,1.2289014100932323e-10,0.7393781229546807,365,391,1.5043883398328812,0.011936174233160774,0.011947097307087698,9.994951525643488e-09,0.08262598948787289,True,True,0.0,4.443135203914574e-16,0.9994951525643493,256.73318017482416,0.14223802321258439,0.0019237261866773547,0.14223803320753592,0.0,0.0,3.771671670243489e-11,104.91856268569236,2.9999151839096183
noise_paired,C1,0.01,0.01,12,R,completed,False,,,8.050824631061414e-14,6.562652806909539e-11,0.769945321457889,255,273,1.398522449857175,0.011936174233160774,0.011947097307087698,9.994951525643488e-09,0.07859939510859634,True,True,0.0,4.443135203914574e-16,0.9994951525643493,186.06874384949532,0.12356222745670198,0.007496241452695451,0.1235622374516535,0.0,0.0,4.3226504648961694e-11,74.0180369750233,2.9999151839096183
noise_paired,C1,0.014,0.01,12,R,completed,False,,,5.728900283867808e-14,3.335845228906613e-11,0.6774137645516847,182,195,1.3780367153501967,0.011936174233160774,0.011947097307087698,9.994951525643488e-09,0.07555981928975151,True,True,0.0,6.664702805871861e-16,0.9994951525643495,105.51009610511164,0.27447151038198436,0.06141970735621505,0.2744715203769359,0.0,0.0,5.3130066801120036e-11,51.03322390487455,2.9999151839096183
noise_paired,C1,0.02,0.01,12,R,completed,False,,,4.525463133137553e-14,1.8413118716158555e-11,0.6745735551742408,127,136,1.1925079396403704,0.011936174233160774,0.011947097307087698,9.994951525643488e-09,0.06394084828776346,True,True,0.0,4.443135203914574e-16,0.9994951525643493,76.1487374097688,0.18441223919872063,0.009900282573147456,0.18441224919367216,0.0,0.0,1.3703947508666428e-12,34.951842881035645,2.9999151839096183
noise_paired,C1,0.028,0.01,12,R,completed,False,,,2.348182186122459e-14,6.8574151954729465e-12,0.6223941430856437,91,98,1.0555911004026235,0.011936174233160774,0.011947097307087698,9.994951525643488e-09,0.04241991997774458,True,True,0.0,5.553919004893217e-16,0.9994951525643494,59.14195710463346,0.2010569561860973,0.04511868882530523,0.20105696618104885,0.0,0.0,4.708636832674708e-14,24.714776556450698,2.9999151839096183
noise_paired,C1,0.04,0.01,12,R,completed,False,,,2.8183552059670512e-14,5.716686483867659e-12,0.05979005053006224,63,68,0.10129194902872582,0.011936174233160774,0.011947097307087698,9.994951525643488e-09,0.021781394591629057,True,True,0.0,4.443135203914574e-16,0.9994951525643493,7.580779712218532,0.6096630454654988,0.6093519285667914,0.6096630554604503,0.0,0.0,1.1970260622261205e-15,2.591602252241052,2.9999151839096183
noise_paired,C1,0.005,0.01,12,P,completed,False,,,1.5158311867059392e-13,2.47353550960346e-10,0.8391475723805301,511,547,2.040281925554805,0.011936174233160774,0.011947097307087698,9.994951525643488e-09,0.08422213242002341,True,True,0.0,6.664702805871861e-16,0.9994951525643495,361.1877747720143,0.12958245420163628,0.0010046479355807492,0.1295824641965878,0.0,0.0,2.8394756330748353e-11,147.76618304428882,2.9999151839096183
noise_paired,C1,0.007,0.01,12,P,completed,False,,,1.0539253139595751e-13,1.2289014100932323e-10,0.7393781229546807,365,391,1.5043883398328812,0.011936174233160774,0.011947097307087698,9.994951525643488e-09,0.08262598948787289,True,True,0.0,4.443135203914574e-16,0.9994951525643493,256.73318017482416,0.14223802321258439,0.0019237261866773547,0.14223803320753592,0.0,0.0,3.771671670243489e-11,104.91856268569236,2.9999151839096183
noise_paired,C1,0.01,0.01,12,P,completed,False,,,8.050824631061414e-14,6.562652806909539e-11,0.769945321457889,255,273,1.398522449857175,0.011936174233160774,0.011947097307087698,9.994951525643488e-09,0.07859939510859634,True,True,0.0,4.443135203914574e-16,0.9994951525643493,186.06874384949532,0.12356222745670198,0.007496241452695451,0.1235622374516535,0.0,0.0,4.3226504648961694e-11,74.0180369750233,2.9999151839096183
noise_paired,C1,0.014,0.01,12,P,completed,False,,,5.728900283867808e-14,3.335845228906613e-11,0.6774137645516847,182,195,1.3780367153501967,0.011936174233160774,0.011947097307087698,9.994951525643488e-09,0.07555981928975151,True,True,0.0,6.664702805871861e-16,0.9994951525643495,105.51009610511164,0.27447151038198436,0.06141970735621505,0.2744715203769359,0.0,0.0,5.3130066801120036e-11,51.03322390487455,2.9999151839096183
noise_paired,C1,0.02,0.01,12,P,completed,False,,,4.525463133137553e-14,1.8413118716158555e-11,0.6745735551742408,127,136,1.1925079396403704,0.011936174233160774,0.011947097307087698,9.994951525643488e-09,0.06394084828776346,True,True,0.0,4.443135203914574e-16,0.9994951525643493,76.1487374097688,0.18441223919872063,0.009900282573147456,0.18441224919367216,0.0,0.0,1.3703947508666428e-12,34.951842881035645,2.9999151839096183
noise_paired,C1,0.028,0.01,12,P,completed,False,,,2.348182186122459e-14,6.8574151954729465e-12,0.6223941430856437,91,98,1.0555911004026235,0.011936174233160774,0.011947097307087698,9.994951525643488e-09,0.04241991997774458,True,True,0.0,5.553919004893217e-16,0.9994951525643494,59.14195710463346,0.2010569561860973,0.04511868882530523,0.20105696618104885,0.0,0.0,4.708636832674708e-14,24.714776556450698,2.9999151839096183
noise_paired,C1,0.04,0.01,12,P,completed,False,,,2.8183552059670512e-14,5.716686483867659e-12,0.05979005053006224,63,68,0.10129194902872582,0.011936174233160774,0.011947097307087698,9.994951525643488e-09,0.021781394591629057,True,True,0.0,4.443135203914574e-16,0.9994951525643493,7.580779712218532,0.6096630454654988,0.6093519285667914,0.6096630554604503,0.0,0.0,1.1970260622261205e-15,2.591602252241052,2.9999151839096183
noise_paired,C1,0.005,0.01,13,R,completed,False,,,1.5171225832514656e-13,2.475642812342943e-10,0.8747473386247664,511,547,1.7297701369426286,0.011926713403247217,0.011879289383858132,1.0003466620191036e-08,0.08380737752024273,True,True,0.0,2.219676571688215e-16,1.0003466620191037,330.533827109292,0.21111438085869427,0.002112657867719303,0.21111439086216088,0.0,0.0,7.307638408803174e-11,151.63014696988677,2.9999151839096183
noise_paired,C1,0.007,0.01,13,R,completed,False,,,1.0548231946217668e-13,1.229948359812769e-10,0.8812933282550565,365,391,1.4941167846436423,0.011926713403247217,0.011879289383858132,1.0003466620191036e-08,0.081028662700444,True,True,0.0,4.43935314337643e-16,1.000346662019103,253.92048866040656,0.1679115122479855,0.0027429435161152593,0.16791152225145212,0.0,0.0,1.4792229004383255e-11,106.19021569254608,2.9999151839096183
noise_paired,C1,0.01,0.01,13,R,completed,False,,,8.057683447008976e-14,6.56824379041658e-11,0.6996242812732684,255,273,1.4323791120225886,0.011926713403247217,0.011879289383858132,1.0003466620191036e-08,0.081866725783852,True,True,0.0,0.0,1.0003466620191035,168.56188916561433,0.19292770666471948,0.01070317446592417,0.1929277166681861,0.0,0.0,3.616233177223507e-11,71.9570860439041,2.9999151839096183
noise_paired,C1,0.014,0.01,13,R,completed,False,,,5.733780960622013e-14,3.338687167403988e-11,0.6690282153596393,182,195,1.1716559554998538,0.011926713403247217,0.011879289383858132,1.0003466620191036e-08,0.07407202453885044,True,True,0.0,0.0,1.0003466620191035,123.40785345049419,0.15385891798137574,0.06833876036413533,0.15385892798484235,0.0,0.0,1.8975212241728335e-11,51.07704222499659,2.9999151839096183
noise_paired,C1,0.02,0.01,13,R,completed,False,,,4.52931855418199e-14,1.8428805580310022e-11,0.6759286277410476,127,136,1.2416463530221866,0.011926713403247217,0.011879289383858132,1.0003466620191036e-08,0.06243831064522446,True,True,0.0,0.0,1.0003466620191035,76.25489963322872,0.21743096357470204,0.032722339670102185,0.21743097357816865,0.0,0.0,1.900488993238697e-12,34.825625824471025,2.9999151839096183
noise_paired,C1,0.028,0.01,13,R,completed,False,,,2.3501826954074115e-14,6.863257298717912e-12,0.4645640681559699,91,98,0.8125660107190148,0.011926713403247217,0.011879289383858132,1.0003466620191036e-08,0.035214773651813205,True,True,0.0,0.0,1.0003466620191035,55.01024137660405,0.1623680448312278,0.14193127293842578,0.1623680548346944,0.0,0.0,1.8265152788922571e-13,21.678952844739076,2.9999151839096183
noise_paired,C1,0.04,0.01,13,R,completed,False,,,2.8207562742449518e-14,5.721556755202534e-12,0.06268036071566832,63,68,0.11524945718875834,0.011926713403247217,0.011879289383858132,1.0003466620191036e-08,0.021713251984513123,True,True,0.0,0.0,1.0003466620191035,6.996961037338663,0.5901679106474949,0.5899275668161755,0.5901679206509615,0.0,0.0,4.2175977386232917e-16,2.6554298597624326,2.9999151839096183
noise_paired,C1,0.005,0.01,13,P,completed,False,,,1.5171225832514656e-13,2.475642812342943e-10,0.8747473386247664,511,547,1.7297701369426286,0.011926713403247217,0.011879289383858132,1.0003466620191036e-08,0.08380737752024273,True,True,0.0,2.219676571688215e-16,1.0003466620191037,330.533827109292,0.21111438085869427,0.002112657867719303,0.21111439086216088,0.0,0.0,7.307638408803174e-11,151.63014696988677,2.9999151839096183
noise_paired,C1,0.007,0.01,13,P,completed,False,,,1.0548231946217668e-13,1.229948359812769e-10,0.8812933282550565,365,391,1.4941167846436423,0.011926713403247217,0.011879289383858132,1.0003466620191036e-08,0.081028662700444,True,True,0.0,4.43935314337643e-16,1.000346662019103,253.92048866040656,0.1679115122479855,0.0027429435161152593,0.16791152225145212,0.0,0.0,1.4792229004383255e-11,106.19021569254608,2.9999151839096183
noise_paired,C1,0.01,0.01,13,P,completed,False,,,8.057683447008976e-14,6.56824379041658e-11,0.6996242812732684,255,273,1.4323791120225886,0.011926713403247217,0.011879289383858132,1.0003466620191036e-08,0.081866725783852,True,True,0.0,0.0,1.0003466620191035,168.56188916561433,0.19292770666471948,0.01070317446592417,0.1929277166681861,0.0,0.0,3.616233177223507e-11,71.9570860439041,2.9999151839096183
noise_paired,C1,0.014,0.01,13,P,completed,False,,,5.733780960622013e-14,3.338687167403988e-11,0.6690282153596393,182,195,1.1716559554998538,0.011926713403247217,0.011879289383858132,1.0003466620191036e-08,0.07407202453885044,True,True,0.0,0.0,1.0003466620191035,123.40785345049419,0.15385891798137574,0.06833876036413533,0.15385892798484235,0.0,0.0,1.8975212241728335e-11,51.07704222499659,2.9999151839096183
noise_paired,C1,0.02,0.01,13,P,completed,False,,,4.52931855418199e-14,1.8428805580310022e-11,0.6759286277410476,127,136,1.2416463530221866,0.011926713403247217,0.011879289383858132,1.0003466620191036e-08,0.06243831064522446,True,True,0.0,0.0,1.0003466620191035,76.25489963322872,0.21743096357470204,0.032722339670102185,0.21743097357816865,0.0,0.0,1.900488993238697e-12,34.825625824471025,2.9999151839096183
noise_paired,C1,0.028,0.01,13,P,completed,False,,,2.3501826954074115e-14,6.863257298717912e-12,0.4645640681559699,91,98,0.8125660107190148,0.011926713403247217,0.011879289383858132,1.0003466620191036e-08,0.035214773651813205,True,True,0.0,0.0,1.0003466620191035,55.01024137660405,0.1623680448312278,0.14193127293842578,0.1623680548346944,0.0,0.0,1.8265152788922571e-13,21.678952844739076,2.9999151839096183
noise_paired,C1,0.04,0.01,13,P,completed,False,,,2.8207562742449518e-14,5.721556755202534e-12,0.06268036071566832,63,68,0.11524945718875834,0.011926713403247217,0.011879289383858132,1.0003466620191036e-08,0.021713251984513123,True,True,0.0,0.0,1.0003466620191035,6.996961037338663,0.5901679106474949,0.5899275668161755,0.5901679206509615,0.0,0.0,4.2175977386232917e-16,2.6554298597624326,2.9999151839096183
noise_paired,C1,0.005,0.01,14,R,completed,False,,,1.514982622912011e-13,2.4721508219846456e-10,0.8417980927421161,511,547,1.5387758827018572,0.011942612757142715,0.01255361166909627,9.989356341917815e-09,0.08466259730837215,True,True,0.0,3.3342179014068775e-16,0.9989356341917818,320.94211592662396,0.1688212996067603,0.0043058449081788686,0.16882130959611663,0.0,0.0,4.8861467737608966e-11,149.10042959512828,2.9999151839096183
noise_paired,C1,0.007,0.01,14,R,completed,False,,,1.0533353255289547e-13,1.228213469871354e-10,0.7378062953671665,365,391,1.373163249575,0.011942612757142715,0.01255361166909627,9.989356341917815e-09,0.08388309829610326,True,True,0.0,6.668435802813755e-16,0.9989356341917821,228.82132980768998,0.18951733538137183,0.011153470083675288,0.18951734537072817,0.0,0.0,2.7815379562315515e-11,103.61698705375463,2.9999151839096183
noise_paired,C1,0.01,0.01,14,R,completed,False,,,8.046317771489518e-14,6.558979027393124e-11,0.6513238901476942,255,273,1.3930633336473082,0.011942612757142715,0.01255361166909627,9.989356341917815e-09,0.08190095372193117,True,True,0.0,3.3342179014068775e-16,0.9989356341917818,144.6987722307434,0.27261288680040896,0.009892462571861604,0.2726128967897653,0.0,0.0,1.0626008309043384e-11,67.9693089615855,2.9999151839096183
noise_paired,C1,0.014,0.01,14,R,completed,False,,,5.725693239836423e-14,3.333977819456126e-11,0.7324131946729656,182,195,1.5902941473519003,0.011942612757142715,0.01255361166909627,9.989356341917815e-09,0.0759980510026261,True,True,0.0,2.2228119342712516e-16,0.9989356341917817,122.55263692199932,0.1640102027353617,0.01548652942606954,0.16401021272471805,0.0,0.0,5.848763995266405e-11,52.04762452105004,2.9999151839096183
noise_paired,C1,0.02,0.01,14,R,completed,False,,,4.5229297744105286e-14,1.840281103413376e-11,0.5825671789654808,127,136,0.8586023641129977,0.011942612757142715,0.01255361166909627,9.989356341917815e-09,0.06129725122913981,True,True,0.0,3.3342179014068775e-16,0.9989356341917818,80.64934627293135,0.18738278691398358,0.08468235328683538,0.18738279690333992,0.0,0.0,2.5940869264892362e-11,33.659577458281674,2.9999151839096183
noise_paired,C1,0.028,0.01,14,R,completed,False,,,2.3468676714178104e-14,6.8535764076805835e-12,0.629774512641883,91,98,1.0391200269799492,0.011942612757142715,0.01255361166909627,9.989356341917815e-09,0.028969373961300105,True,True,0.0,3.3342179014068775e-16,0.9989356341917818,66.27222208469944,0.094898032445762,0.03995605749778164,0.09489804243511835,0.0,0.0,4.255638868714927e-14,24.941461767363876,2.9999151839096183
noise_paired,C1,0.04,0.01,14,R,completed,False,,,2.8167774879419927e-14,5.713486277133564e-12,0.0673738220526269,63,68,0.11437322279848251,0.011942612757142715,0.01255361166909627,9.989356341917815e-09,0.021896520674259963,True,True,0.0,2.2228119342712516e-16,0.9989356341917817,7.780450986294384,0.48653373763733876,0.48583678423158694,0.4865337476266951,0.0,0.0,6.624684459745161e-16,2.9573406622410054,2.9999151839096183
noise_paired,C1,0.005,0.01,14,P,completed,False,,,1.514982622912011e-13,2.4721508219846456e-10,0.8417980927421161,511,547,1.5387758827018572,0.011942612757142715,0.01255361166909627,9.989356341917815e-09,0.08466259730837215,True,True,0.0,3.3342179014068775e-16,0.9989356341917818,320.94211592662396,0.1688212996067603,0.0043058449081788686,0.16882130959611663,0.0,0.0,4.8861467737608966e-11,149.10042959512828,2.9999151839096183
noise_paired,C1,0.007,0.01,14,P,completed,False,,,1.0533353255289547e-13,1.228213469871354e-10,0.7378062953671665,365,391,1.373163249575,0.011942612757142715,0.01255361166909627,9.989356341917815e-09,0.08388309829610326,True,True,0.0,6.668435802813755e-16,0.9989356341917821,228.82132980768998,0.18951733538137183,0.011153470083675288,0.18951734537072817,0.0,0.0,2.7815379562315515e-11,103.61698705375463,2.9999151839096183
noise_paired,C1,0.01,0.01,14,P,completed,False,,,8.046317771489518e-14,6.558979027393124e-11,0.6513238901476942,255,273,1.3930633336473082,0.011942612757142715,0.01255361166909627,9.989356341917815e-09,0.08190095372193117,True,True,0.0,3.3342179014068775e-16,0.9989356341917818,144.6987722307434,0.27261288680040896,0.009892462571861604,0.2726128967897653,0.0,0.0,1.0626008309043384e-11,67.9693089615855,2.9999151839096183
noise_paired,C1,0.014,0.01,14,P,completed,False,,,5.725693239836423e-14,3.333977819456126e-11,0.7324131946729656,182,195,1.5902941473519003,0.011942612757142715,0.01255361166909627,9.989356341917815e-09,0.0759980510026261,True,True,0.0,2.2228119342712516e-16,0.9989356341917817,122.55263692199932,0.1640102027353617,0.01548652942606954,0.16401021272471805,0.0,0.0,5.848763995266405e-11,52.04762452105004,2.9999151839096183
noise_paired,C1,0.02,0.01,14,P,completed,False,,,4.5229297744105286e-14,1.840281103413376e-11,0.5825671789654808,127,136,0.8586023641129977,0.011942612757142715,0.01255361166909627,9.989356341917815e-09,0.06129725122913981,True,True,0.0,3.3342179014068775e-16,0.9989356341917818,80.64934627293135,0.18738278691398358,0.08468235328683538,0.18738279690333992,0.0,0.0,2.5940869264892362e-11,33.659577458281674,2.9999151839096183
noise_paired,C1,0.028,0.01,14,P,completed,False,,,2.3468676714178104e-14,6.8535764076805835e-12,0.629774512641883,91,98,1.0391200269799492,0.011942612757142715,0.01255361166909627,9.989356341917815e-09,0.028969373961300105,True,True,0.0,3.3342179014068775e-16,0.9989356341917818,66.27222208469944,0.094898032445762,0.03995605749778164,0.09489804243511835,0.0,0.0,4.255638868714927e-14,24.941461767363876,2.9999151839096183
noise_paired,C1,0.04,0.01,14,P,completed,False,,,2.8167774879419927e-14,5.713486277133564e-12,0.0673738220526269,63,68,0.11437322279848251,0.011942612757142715,0.01255361166909627,9.989356341917815e-09,0.021896520674259963,True,True,0.0,2.2228119342712516e-16,0.9989356341917817,7.780450986294384,0.48653373763733876,0.48583678423158694,0.4865337476266951,0.0,0.0,6.624684459745161e-16,2.9573406622410054,2.9999151839096183
noise_paired,C1,0.005,0.01,15,R,completed,False,,,1.5174604988832481e-13,2.4761942235566684e-10,0.8435504747401119,511,547,1.881107081494373,0.01192453742095369,0.011679278210204543,1.0005694737932012e-08,0.08330008775074077,True,True,0.0,4.438364566195505e-16,1.0005694737932007,324.9237176969394,0.16324066210275634,0.0035762773467901132,0.16324067210845108,0.0,0.0,7.106798832359586e-11,149.34105398987703,2.9999151839096183
noise_paired,C1,0.007,0.01,15,R,completed,False,,,1.0550581402024104e-13,1.2302223118201115e-10,0.8050448445301434,365,391,1.6787177321291107,0.01192453742095369,0.011679278210204543,1.0005694737932012e-08,0.08197067269119493,True,True,0.0,6.657546849293258e-16,1.0005694737932005,235.8004437297049,0.19419825644548605,0.012961186927101687,0.1941982664511808,0.0,0.0,7.946471061601897e-11,106.31080522869352,2.9999151839096183
noise_paired,C1,0.01,0.01,15,R,completed,False,,,8.059478171590074e-14,6.569706765310398e-11,0.6670883243051328,255,273,1.178639006187235,0.01192453742095369,0.011679278210204543,1.0005694737932012e-08,0.08023763403621825,True,True,0.0,4.438364566195505e-16,1.0005694737932007,165.2051373989252,0.15383373771928188,0.04685472201827834,0.15383374772497663,0.0,0.0,1.1521533930592244e-11,70.70808243289665,2.9999151839096183
noise_paired,C1,0.014,0.01,15,R,completed,False,,,5.735058071804193e-14,3.339430808422817e-11,0.6956930618264613,182,195,1.2876226534750146,0.01192453742095369,0.011679278210204543,1.0005694737932012e-08,0.07714968710685453,True,True,0.0,4.438364566195505e-16,1.0005694737932007,107.54302539787865,0.20751710929828315,0.018554547612554595,0.2075171193039779,0.0,0.0,1.2724503273658604e-10,52.41091117186297,2.9999151839096183
noise_paired,C1,0.02,0.01,15,R,completed,False,,,4.530327389959453e-14,1.843291031222122e-11,0.6278828085629079,127,136,1.1721315403911803,0.01192453742095369,0.011679278210204543,1.0005694737932012e-08,0.0569868960131486,True,True,0.0,4.438364566195505e-16,1.0005694737932007,75.51546644933002,0.20328164503632895,0.12550073203461842,0.2032816550420237,0.0,0.0,6.387016353003686e-12,35.15600336129782,2.9999151839096183
noise_paired,C1,0.028,0.01,15,R,completed,False,,,2.350706162317133e-14,6.8647859833158385e-12,0.5615734650218396,91,98,0.8907949204332964,0.01192453742095369,0.011679278210204543,1.0005694737932012e-08,0.023960499174957933,True,True,0.0,4.438364566195505e-16,1.0005694737932007,55.863809968911845,0.1809216177753793,0.043649761305913026,0.18092162778107404,0.0,0.0,9.662019401979049e-14,22.09147043490598,2.9999151839096183
noise_paired,C1,0.04,0.01,15,R,completed,False,,,2.8213845541539316e-14,5.722831143631696e-12,0.06074074850002839,63,68,0.09259723548847364,0.01192453742095369,0.011679278210204543,1.0005694737932012e-08,0.02149092749894078,True,True,0.0,4.438364566195505e-16,1.0005694737932007,7.785554240608682,0.5962650128755451,0.5958612390899267,0.5962650228812398,0.0,0.0,5.70144474300007e-16,2.7667934470420312,2.9999151839096183
noise_paired,C1,0.005,0.01,15,P,completed,False,,,1.5174604988832481e-13,2.4761942235566684e-10,0.8435504747401119,511,547,1.881107081494373,0.01192453742095369,0.011679278210204543,1.0005694737932012e-08,0.08330008775074077,True,True,0.0,4.438364566195505e-16,1.0005694737932007,324.9237176969394,0.16324066210275634,0.0035762773467901132,0.16324067210845108,0.0,0.0,7.106798832359586e-11,149.34105398987703,2.9999151839096183
noise_paired,C1,0.007,0.01,15,P,completed,False,,,1.0550581402024104e-13,1.2302223118201115e-10,0.8050448445301434,365,391,1.6787177321291107,0.01192453742095369,0.011679278210204543,1.0005694737932012e-08,0.08197067269119493,True,True,0.0,6.657546849293258e-16,1.0005694737932005,235.8004437297049,0.19419825644548605,0.012961186927101687,0.1941982664511808,0.0,0.0,7.946471061601897e-11,106.31080522869352,2.9999151839096183
noise_paired,C1,0.01,0.01,15,P,completed,False,,,8.059478171590074e-14,6.569706765310398e-11,0.6670883243051328,255,273,1.178639006187235,0.01192453742095369,0.011679278210204543,1.0005694737932012e-08,0.08023763403621825,True,True,0.0,4.438364566195505e-16,1.0005694737932007,165.2051373989252,0.15383373771928188,0.04685472201827834,0.15383374772497663,0.0,0.0,1.1521533930592244e-11,70.70808243289665,2.9999151839096183
noise_paired,C1,0.014,0.01,15,P,completed,False,,,5.735058071804193e-14,3.339430808422817e-11,0.6956930618264613,182,195,1.2876226534750146,0.01192453742095369,0.011679278210204543,1.0005694737932012e-08,0.07714968710685453,True,True,0.0,4.438364566195505e-16,1.0005694737932007,107.54302539787865,0.20751710929828315,0.018554547612554595,0.2075171193039779,0.0,0.0,1.2724503273658604e-10,52.41091117186297,2.9999151839096183
noise_paired,C1,0.02,0.01,15,P,completed,False,,,4.530327389959453e-14,1.843291031222122e-11,0.6278828085629079,127,136,1.1721315403911803,0.01192453742095369,0.011679278210204543,1.0005694737932012e-08,0.0569868960131486,True,True,0.0,4.438364566195505e-16,1.0005694737932007,75.51546644933002,0.20328164503632895,0.12550073203461842,0.2032816550420237,0.0,0.0,6.387016353003686e-12,35.15600336129782,2.9999151839096183
noise_paired,C1,0.028,0.01,15,P,completed,False,,,2.350706162317133e-14,6.8647859833158385e-12,0.5615734650218396,91,98,0.8907949204332964,0.01192453742095369,0.011679278210204543,1.0005694737932012e-08,0.023960499174957933,True,True,0.0,4.438364566195505e-16,1.0005694737932007,55.863809968911845,0.1809216177753793,0.043649761305913026,0.18092162778107404,0.0,0.0,9.662019401979049e-14,22.09147043490598,2.9999151839096183
noise_paired,C1,0.04,0.01,15,P,completed,False,,,2.8213845541539316e-14,5.722831143631696e-12,0.06074074850002839,63,68,0.09259723548847364,0.01192453742095369,0.011679278210204543,1.0005694737932012e-08,0.02149092749894078,True,True,0.0,4.438364566195505e-16,1.0005694737932007,7.785554240608682,0.5962650128755451,0.5958612390899267,0.5962650228812398,0.0,0.0,5.70144474300007e-16,2.7667934470420312,2.9999151839096183
noise_paired,C1,0.005,0.01,16,R,completed,False,,,1.5169441463142536e-13,2.475351638692282e-10,0.8658678965407216,511,547,1.8686152176946158,0.011927373457031158,0.011704117935008366,1.0002290058741805e-08,0.08361665336504193,True,True,0.0,6.659813011450373e-16,1.0002290058741812,350.34141538720354,0.11558291256795039,0.0026350477481109635,0.11558292257024046,0.0,0.0,2.1597717822371167e-11,149.54646692313813,2.9999151839096183
noise_paired,C1,0.007,0.01,16,R,completed,False,,,1.0546991311991887e-13,1.229803698978716e-10,0.7438673612590027,365,391,1.5619568610713772,0.011927373457031158,0.011704117935008366,1.0002290058741805e-08,0.0830135973104441,True,True,0.0,8.879750681933831e-16,1.0002290058741814,250.7777480504583,0.14522128265473067,0.013080021974514633,0.14522129265702072,0.0,0.0,6.669661095556325e-11,105.38535274846151,2.9999151839096183
noise_paired,C1,0.01,0.01,16,R,completed,False,,,8.056735739571765e-14,6.567471263978861e-11,0.8110628219863502,255,273,1.4895223156202042,0.011927373457031158,0.011704117935008366,1.0002290058741805e-08,0.07878812589255803,True,True,0.0,6.659813011450373e-16,1.0002290058741812,153.70130845036078,0.2189889728095442,0.010722956841209497,0.21898898281183427,0.0,0.0,4.5379340883274364e-12,74.41749679495541,2.9999151839096183
noise_paired,C1,0.014,0.01,16,R,completed,False,,,5.733106579840555e-14,3.3382944864703327e-11,0.6753622583055585,182,195,1.5247946310773153,0.011927373457031158,0.011704117935008366,1.0002290058741805e-08,0.07894733908842927,True,True,0.0,6.659813011450373e-16,1.0002290058741812,117.52851253526762,0.16885263617356883,0.007299400785741539,0.16885264617585888,0.0,0.0,3.7481948503360066e-12,51.0252600915318,2.9999151839096183
noise_paired,C1,0.02,0.01,16,R,completed,False,,,4.528785836694697e-14,1.8426638069483587e-11,0.5824637566464201,127,136,0.8318950387177005,0.011927373457031158,0.011704117935008366,1.0002290058741805e-08,0.0630279977060355,True,True,0.0,2.2199376704834577e-16,1.0002290058741807,90.10202683235669,0.10469722624865263,0.04437148295633486,0.1046972362509427,0.0,0.0,6.831492894235944e-12,33.605859213918855,2.9999151839096183
noise_paired,C1,0.028,0.01,16,R,completed,False,,,2.3499062777950927e-14,6.8624500741566265e-12,0.5789563509488942,91,98,1.0287703100170542,0.011927373457031158,0.011704117935008366,1.0002290058741805e-08,0.02581735701182585,True,True,0.0,4.4398753409669154e-16,1.000229005874181,51.62919770292769,0.19679616766610564,0.09608374779517781,0.1967961776683957,0.0,0.0,2.3571751680893638e-14,23.099762482499777,2.9999151839096183
noise_paired,C1,0.04,0.01,16,R,completed,False,,,2.820424509946039e-14,5.720883812175548e-12,0.05709453272410508,63,68,0.10615631356280414,0.011927373457031158,0.011704117935008366,1.0002290058741805e-08,0.021547221750750887,True,True,0.0,4.4398753409669154e-16,1.000229005874181,6.917986754480261,0.5569795303401072,0.5566464468605462,0.5569795403423973,0.0,0.0,9.479324893400661e-16,2.6921651103947983,2.9999151839096183
noise_paired,C1,0.005,0.01,16,P,completed,False,,,1.5169441463142536e-13,2.475351638692282e-10,0.8658678965407216,511,547,1.8686152176946158,0.011927373457031158,0.011704117935008366,1.0002290058741805e-08,0.08361665336504193,True,True,0.0,6.659813011450373e-16,1.0002290058741812,350.34141538720354,0.11558291256795039,0.0026350477481109635,0.11558292257024046,0.0,0.0,2.1597717822371167e-11,149.54646692313813,2.9999151839096183
noise_paired,C1,0.007,0.01,16,P,completed,False,,,1.0546991311991887e-13,1.229803698978716e-10,0.7438673612590027,365,391,1.5619568610713772,0.011927373457031158,0.011704117935008366,1.0002290058741805e-08,0.0830135973104441,True,True,0.0,8.879750681933831e-16,1.0002290058741814,250.7777480504583,0.14522128265473067,0.013080021974514633,0.14522129265702072,0.0,0.0,6.669661095556325e-11,105.38535274846151,2.9999151839096183
noise_paired,C1,0.01,0.01,16,P,completed,False,,,8.056735739571765e-14,6.567471263978861e-11,0.8110628219863502,255,273,1.4895223156202042,0.011927373457031158,0.011704117935008366,1.0002290058741805e-08,0.07878812589255803,True,True,0.0,6.659813011450373e-16,1.0002290058741812,153.70130845036078,0.2189889728095442,0.010722956841209497,0.21898898281183427,0.0,0.0,4.5379340883274364e-12,74.41749679495541,2.9999151839096183
noise_paired,C1,0.014,0.01,16,P,completed,False,,,5.733106579840555e-14,3.3382944864703327e-11,0.6753622583055585,182,195,1.5247946310773153,0.011927373457031158,0.011704117935008366,1.0002290058741805e-08,0.07894733908842927,True,True,0.0,6.659813011450373e-16,1.0002290058741812,117.52851253526762,0.16885263617356883,0.007299400785741539,0.16885264617585888,0.0,0.0,3.7481948503360066e-12,51.0252600915318,2.9999151839096183
noise_paired,C1,0.02,0.01,16,P,completed,False,,,4.528785836694697e-14,1.8426638069483587e-11,0.5824637566464201,127,136,0.8318950387177005,0.011927373457031158,0.011704117935008366,1.0002290058741805e-08,0.0630279977060355,True,True,0.0,2.2199376704834577e-16,1.0002290058741807,90.10202683235669,0.10469722624865263,0.04437148295633486,0.1046972362509427,0.0,0.0,6.831492894235944e-12,33.605859213918855,2.9999151839096183
noise_paired,C1,0.028,0.01,16,P,completed,False,,,2.3499062777950927e-14,6.8624500741566265e-12,0.5789563509488942,91,98,1.0287703100170542,0.011927373457031158,0.011704117935008366,1.0002290058741805e-08,0.02581735701182585,True,True,0.0,4.4398753409669154e-16,1.000229005874181,51.62919770292769,0.19679616766610564,0.09608374779517781,0.1967961776683957,0.0,0.0,2.3571751680893638e-14,23.099762482499777,2.9999151839096183
noise_paired,C1,0.04,0.01,16,P,completed,False,,,2.820424509946039e-14,5.720883812175548e-12,0.05709453272410508,63,68,0.10615631356280414,0.011927373457031158,0.011704117935008366,1.0002290058741805e-08,0.021547221750750887,True,True,0.0,4.4398753409669154e-16,1.000229005874181,6.917986754480261,0.5569795303401072,0.5566464468605462,0.5569795403423973,0.0,0.0,9.479324893400661e-16,2.6921651103947983,2.9999151839096183
noise_paired,C1,0.005,0.01,17,R,completed,False,,,1.5170458201623733e-13,2.4755175502238087e-10,0.8940089928127706,511,547,2.506858378145137,0.011928546336341573,0.01201404380330702,1.0002960466629105e-08,0.08282105676717558,True,True,0.0,2.2197888881576081e-16,1.0002960466629107,359.48861655974923,0.1425411263651274,0.0008337849002866271,0.14254113636808785,0.0,0.0,2.67357013167073e-11,151.37048334418978,2.9999151839096183
noise_paired,C1,0.007,0.01,17,R,completed,False,,,1.0547698228720089e-13,1.2298861271121517e-10,0.7945572680162146,365,391,1.5195058090448335,0.011928546336341573,0.01201404380330702,1.0002960466629105e-08,0.08211616716738764,True,True,0.0,2.2197888881576081e-16,1.0002960466629107,233.66091688970033,0.18654134484158558,0.003943398654045804,0.18654135484454604,0.0,0.0,2.1720773648901578e-11,105.87355992126115,2.9999151839096183
noise_paired,C1,0.01,0.01,17,R,completed,False,,,8.057275745825731e-14,6.567911451626801e-11,0.7958810911757785,255,273,1.5350864118869572,0.011928546336341573,0.01201404380330702,1.0002960466629105e-08,0.08048584517711772,True,True,0.0,6.659366664472824e-16,1.0002960466629112,163.20253155846558,0.1960122696322938,0.020986103480205576,0.19601227963525425,0.0,0.0,6.466734371619543e-10,75.7886149151096,2.9999151839096183
noise_paired,C1,0.014,0.01,17,R,completed,False,,,5.73349084382883e-14,3.338518237125504e-11,0.6711210330437876,182,195,1.5549464685795915,0.011928546336341573,0.01201404380330702,1.0002960466629105e-08,0.0743161657078602,True,True,0.0,2.2197888881576081e-16,1.0002960466629107,104.07766287872384,0.22197270834857152,0.04109400413027464,0.22197271835153198,0.0,0.0,1.0269252772525516e-11,48.908562717194116,2.9999151839096183
noise_paired,C1,0.02,0.01,17,R,completed,False,,,4.529089380555851e-14,1.8427873122998896e-11,0.5811438089792159,127,136,1.055353620868727,0.011928546336341573,0.01201404380330702,1.0002960466629105e-08,0.06692915280712332,True,True,0.0,2.2197888881576081e-16,1.0002960466629107,90.8917850079963,0.11402052289141151,0.0454632311335218,0.11402053289437197,0.0,0.0,2.140924452017973e-11,33.92742223564869,2.9999151839096183
noise_paired,C1,0.028,0.01,17,R,completed,False,,,2.3500637812961707e-14,6.862910032888966e-12,0.5735363516243529,91,98,0.8178738549175376,0.011928546336341573,0.01201404380330702,1.0002960466629105e-08,0.03777376816355251,True,True,0.0,2.2197888881576081e-16,1.0002960466629107,54.577044327243236,0.16208012286237905,0.09635415567674976,0.1620801328653395,0.0,0.0,6.668502245665844e-14,24.616623000928488,2.9999151839096183
noise_paired,C1,0.04,0.01,17,R,completed,False,,,2.8206135501384248e-14,5.721267256927447e-12,0.06753087485369048,63,68,0.10626950929755878,0.011928546336341573,0.01201404380330702,1.0002960466629105e-08,0.021706680527242783,True,True,0.0,2.2197888881576081e-16,1.0002960466629107,7.161871283441595,0.5607691048876356,0.5603037958252592,0.5607691148905961,0.0,0.0,8.037857912575788e-16,2.688967940339126,2.9999151839096183
noise_paired,C1,0.005,0.01,17,P,completed,False,,,1.5170458201623733e-13,2.4755175502238087e-10,0.8940089928127706,511,547,2.506858378145137,0.011928546336341573,0.01201404380330702,1.0002960466629105e-08,0.08282105676717558,True,True,0.0,2.2197888881576081e-16,1.0002960466629107,359.48861655974923,0.1425411263651274,0.0008337849002866271,0.14254113636808785,0.0,0.0,2.67357013167073e-11,151.37048334418978,2.9999151839096183
noise_paired,C1,0.007,0.01,17,P,completed,False,,,1.0547698228720089e-13,1.2298861271121517e-10,0.7945572680162146,365,391,1.5195058090448335,0.011928546336341573,0.01201404380330702,1.0002960466629105e-08,0.08211616716738764,True,True,0.0,2.2197888881576081e-16,1.0002960466629107,233.66091688970033,0.18654134484158558,0.003943398654045804,0.18654135484454604,0.0,0.0,2.1720773648901578e-11,105.87355992126115,2.9999151839096183
noise_paired,C1,0.01,0.01,17,P,completed,False,,,8.057275745825731e-14,6.567911451626801e-11,0.7958810911757785,255,273,1.5350864118869572,0.011928546336341573,0.01201404380330702,1.0002960466629105e-08,0.08048584517711772,True,True,0.0,6.659366664472824e-16,1.0002960466629112,163.20253155846558,0.1960122696322938,0.020986103480205576,0.19601227963525425,0.0,0.0,6.466734371619543e-10,75.7886149151096,2.9999151839096183
noise_paired,C1,0.014,0.01,17,P,completed,False,,,5.73349084382883e-14,3.338518237125504e-11,0.6711210330437876,182,195,1.5549464685795915,0.011928546336341573,0.01201404380330702,1.0002960466629105e-08,0.0743161657078602,True,True,0.0,2.2197888881576081e-16,1.0002960466629107,104.07766287872384,0.22197270834857152,0.04109400413027464,0.22197271835153198,0.0,0.0,1.0269252772525516e-11,48.908562717194116,2.9999151839096183
noise_paired,C1,0.02,0.01,17,P,completed,False,,,4.529089380555851e-14,1.8427873122998896e-11,0.5811438089792159,127,136,1.055353620868727,0.011928546336341573,0.01201404380330702,1.0002960466629105e-08,0.06692915280712332,True,True,0.0,2.2197888881576081e-16,1.0002960466629107,90.8917850079963,0.11402052289141151,0.0454632311335218,0.11402053289437197,0.0,0.0,2.140924452017973e-11,33.92742223564869,2.9999151839096183
noise_paired,C1,0.028,0.01,17,P,completed,False,,,2.3500637812961707e-14,6.862910032888966e-12,0.5735363516243529,91,98,0.8178738549175376,0.011928546336341573,0.01201404380330702,1.0002960466629105e-08,0.03777376816355251,True,True,0.0,2.2197888881576081e-16,1.0002960466629107,54.577044327243236,0.16208012286237905,0.09635415567674976,0.1620801328653395,0.0,0.0,6.668502245665844e-14,24.616623000928488,2.9999151839096183
noise_paired,C1,0.04,0.01,17,P,completed,False,,,2.8206135501384248e-14,5.721267256927447e-12,0.06753087485369048,63,68,0.10626950929755878,0.011928546336341573,0.01201404380330702,1.0002960466629105e-08,0.021706680527242783,True,True,0.0,2.2197888881576081e-16,1.0002960466629107,7.161871283441595,0.5607691048876356,0.5603037958252592,0.5607691148905961,0.0,0.0,8.037857912575788e-16,2.688967940339126,2.9999151839096183
noise_paired,C1,0.005,0.01,18,R,completed,False,,,1.5172589214646255e-13,2.475865289235175e-10,0.8325499402055255,511,547,2.1939837208943125,0.011923165812713778,0.011548372166655585,1.0004365594854954e-08,0.08500259971168313,True,True,0.0,4.438954230925436e-16,1.000436559485495,357.7367933936414,0.10436783050598575,0.0002144114286917187,0.10436784051035135,0.0,0.0,1.0390122028913717e-10,149.84673016728357,2.9999151839096183
noise_paired,C1,0.007,0.01,18,R,completed,False,,,1.0549179876932971e-13,1.2300588907372355e-10,0.7435192048529329,365,391,1.4478390725649146,0.011923165812713778,0.011548372166655585,1.0004365594854954e-08,0.08341848750490506,True,True,0.0,4.438954230925436e-16,1.000436559485495,265.52186931520635,0.1430505696996084,0.008766152259079396,0.14305057970397397,0.0,0.0,4.397598496739813e-11,103.31072754133203,2.9999151839096183
noise_paired,C1,0.01,0.01,18,R,completed,False,,,8.058407561312924e-14,6.568834054269923e-11,0.6752549251853847,255,273,1.1207124282072927,0.011923165812713778,0.011548372166655585,1.0004365594854954e-08,0.08038706130161778,True,True,0.0,0.0,1.0004365594854954,178.56785097378364,0.1229314579962607,0.06177842031467917,0.1229314680006263,0.0,0.0,3.219554249403678e-11,72.24467147066385,2.9999151839096183
noise_paired,C1,0.014,0.01,18,R,completed,False,,,5.734296234377378e-14,3.338987202910498e-11,0.6604989164135692,182,195,1.2118252069252184,0.011923165812713778,0.011548372166655585,1.0004365594854954e-08,0.075068122622784,True,True,0.0,4.438954230925436e-16,1.0004365594854958,124.90813230468876,0.127571683450999,0.02592926896970338,0.1275716934553646,0.0,0.0,2.4056649185359326e-12,49.90865813096018,2.9999151839096183
noise_paired,C1,0.02,0.01,18,R,completed,False,,,4.529725587341556e-14,1.8430461709123362e-11,0.6916654814083207,127,136,1.0167791373712052,0.011923165812713778,0.011548372166655585,1.0004365594854954e-08,0.06287510058258074,True,True,0.0,0.0,1.0004365594854954,88.56639596853175,0.16702470176215423,0.05615552843892302,0.1670247117665198,0.0,0.0,5.082829768882008e-11,37.04455823503163,2.9999151839096183
noise_paired,C1,0.028,0.01,18,R,completed,False,,,2.3503938976614867e-14,6.8638740743475765e-12,0.4406939542769862,91,98,0.8001433415823325,0.011923165812713778,0.011548372166655585,1.0004365594854954e-08,0.03243433044528707,True,True,0.0,2.219477115462718e-16,1.0004365594854951,51.51034630053398,0.1041147261649642,0.10344751988577494,0.1041147361693298,0.0,0.0,1.116888530551357e-13,20.600395183878113,2.9999151839096183
noise_paired,C1,0.04,0.01,18,R,completed,False,,,2.8210097652116252e-14,5.722070930413627e-12,0.05811230481627845,63,68,0.10059137623285282,0.011923165812713778,0.011548372166655585,1.0004365594854954e-08,0.02149291637351182,True,True,0.0,2.219477115462718e-16,1.0004365594854951,7.634078287790693,0.47280403450731356,0.4721914306424647,0.4728040445116792,0.0,0.0,9.386863311076847e-16,2.7381162708148903,2.9999151839096183
noise_paired,C1,0.005,0.01,18,P,completed,False,,,1.5172589214646255e-13,2.475865289235175e-10,0.8325499402055255,511,547,2.1939837208943125,0.011923165812713778,0.011548372166655585,1.0004365594854954e-08,0.08500259971168313,True,True,0.0,4.438954230925436e-16,1.000436559485495,357.7367933936414,0.10436783050598575,0.0002144114286917187,0.10436784051035135,0.0,0.0,1.0390122028913717e-10,149.84673016728357,2.9999151839096183
noise_paired,C1,0.007,0.01,18,P,completed,False,,,1.0549179876932971e-13,1.2300588907372355e-10,0.7435192048529329,365,391,1.4478390725649146,0.011923165812713778,0.011548372166655585,1.0004365594854954e-08,0.08341848750490506,True,True,0.0,4.438954230925436e-16,1.000436559485495,265.52186931520635,0.1430505696996084,0.008766152259079396,0.14305057970397397,0.0,0.0,4.397598496739813e-11,103.31072754133203,2.9999151839096183
noise_paired,C1,0.01,0.01,18,P,completed,False,,,8.058407561312924e-14,6.568834054269923e-11,0.6752549251853847,255,273,1.1207124282072927,0.011923165812713778,0.011548372166655585,1.0004365594854954e-08,0.08038706130161778,True,True,0.0,0.0,1.0004365594854954,178.56785097378364,0.1229314579962607,0.06177842031467917,0.1229314680006263,0.0,0.0,3.219554249403678e-11,72.24467147066385,2.9999151839096183
noise_paired,C1,0.014,0.01,18,P,completed,False,,,5.734296234377378e-14,3.338987202910498e-11,0.6604989164135692,182,195,1.2118252069252184,0.011923165812713778,0.011548372166655585,1.0004365594854954e-08,0.075068122622784,True,True,0.0,4.438954230925436e-16,1.0004365594854958,124.90813230468876,0.127571683450999,0.02592926896970338,0.1275716934553646,0.0,0.0,2.4056649185359326e-12,49.90865813096018,2.9999151839096183
noise_paired,C1,0.02,0.01,18,P,completed,False,,,4.529725587341556e-14,1.8430461709123362e-11,0.6916654814083207,127,136,1.0167791373712052,0.011923165812713778,0.011548372166655585,1.0004365594854954e-08,0.06287510058258074,True,True,0.0,0.0,1.0004365594854954,88.56639596853175,0.16702470176215423,0.05615552843892302,0.1670247117665198,0.0,0.0,5.082829768882008e-11,37.04455823503163,2.9999151839096183
noise_paired,C1,0.028,0.01,18,P,completed,False,,,2.3503938976614867e-14,6.8638740743475765e-12,0.4406939542769862,91,98,0.8001433415823325,0.011923165812713778,0.011548372166655585,1.0004365594854954e-08,0.03243433044528707,True,True,0.0,2.219477115462718e-16,1.0004365594854951,51.51034630053398,0.1041147261649642,0.10344751988577494,0.1041147361693298,0.0,0.0,1.116888530551357e-13,20.600395183878113,2.9999151839096183
noise_paired,C1,0.04,0.01,18,P,completed,False,,,2.8210097652116252e-14,5.722070930413627e-12,0.05811230481627845,63,68,0.10059137623285282,0.011923165812713778,0.011548372166655585,1.0004365594854954e-08,0.02149291637351182,True,True,0.0,2.219477115462718e-16,1.0004365594854951,7.634078287790693,0.47280403450731356,0.4721914306424647,0.4728040445116792,0.0,0.0,9.386863311076847e-16,2.7381162708148903,2.9999151839096183
noise_paired,C1,0.005,0.01,19,R,completed,False,,,1.5170787199345255e-13,2.475571236119303e-10,0.8455358502021221,511,547,1.6014034051587018,0.011925953341834139,0.012248325681171337,1.0003177398191637e-08,0.0847217851855463,True,True,0.0,2.219740749226064e-16,1.0003177398191634,364.652418408355,0.11712669082354532,0.007646708833370597,0.11712670082672272,0.0,0.0,5.405294801823792e-10,152.45566486966948,2.9999151839096183
noise_paired,C1,0.007,0.01,19,R,completed,False,,,1.0547926973866637e-13,1.2299127993278604e-10,0.8239557925309275,365,391,1.5889274378934202,0.011925953341834139,0.012248325681171337,1.0003177398191637e-08,0.08340339414283192,True,True,0.0,2.219740749226064e-16,1.0003177398191634,223.50559585227793,0.2100466753243745,0.005653397870017396,0.21004668532755189,0.0,0.0,5.623198649115635e-11,106.85393339362304,2.9999151839096183
noise_paired,C1,0.01,0.01,19,R,completed,False,,,8.057450481837446e-14,6.56805388818831e-11,0.7745680925251027,255,273,1.4999153334757485,0.011925953341834139,0.012248325681171337,1.0003177398191637e-08,0.07906278165979755,True,True,0.0,2.219740749226064e-16,1.0003177398191634,182.99496718145755,0.11546627000366849,0.029995250249061245,0.11546628000684589,0.0,0.0,1.1867288802930582e-11,74.9734884357191,2.9999151839096183
noise_paired,C1,0.014,0.01,19,R,completed,False,,,5.733615184530931e-14,3.3385906386890347e-11,0.6868288971117493,182,195,1.4990102010218036,0.011925953341834139,0.012248325681171337,1.0003177398191637e-08,0.07246404814704356,True,True,0.0,2.219740749226064e-16,1.0003177398191634,115.8081906477265,0.18763800196762903,0.009308414644208507,0.18763801197080643,0.0,0.0,1.0734073004388706e-11,50.03389759499861,2.9999151839096183
noise_paired,C1,0.02,0.01,19,R,completed,False,,,4.52918760172142e-14,1.8428272763417756e-11,0.565997102459971,127,136,0.9437053558421076,0.011925953341834139,0.012248325681171337,1.0003177398191637e-08,0.05886056329205126,True,True,0.0,6.659222247678192e-16,1.000317739819163,82.48243475976521,0.20809678761760564,0.10879062685439422,0.20809679762078304,0.0,0.0,2.927374791890571e-13,30.766057890033007,2.9999151839096183
noise_paired,C1,0.028,0.01,19,R,completed,False,,,2.3501147465089017e-14,6.8630588670068174e-12,0.570137657911876,91,98,0.7816522398293836,0.011925953341834139,0.012248325681171337,1.0003177398191637e-08,0.04414517609112865,True,True,0.0,2.219740749226064e-16,1.0003177398191634,61.22827175206345,0.15060135773232675,0.07022299756921546,0.15060136773550414,0.0,0.0,1.0849764759258454e-13,24.29689322870553,2.9999151839096183
noise_paired,C1,0.04,0.01,19,R,completed,False,,,2.8206747200397525e-14,5.7213913325398475e-12,0.0509734286432431,63,68,0.08874982126165318,0.011925953341834139,0.012248325681171337,1.0003177398191637e-08,0.021926913764262736,True,True,0.0,4.439481498452128e-16,1.0003177398191632,6.010299248428569,0.5985252913941081,0.5982549171586029,0.5985253013972855,0.0,0.0,1.5858175130915787e-15,2.5348743217529197,2.9999151839096183
noise_paired,C1,0.005,0.01,19,P,completed,False,,,1.5170787199345255e-13,2.475571236119303e-10,0.8455358502021221,511,547,1.6014034051587018,0.011925953341834139,0.012248325681171337,1.0003177398191637e-08,0.0847217851855463,True,True,0.0,2.219740749226064e-16,1.0003177398191634,364.652418408355,0.11712669082354532,0.007646708833370597,0.11712670082672272,0.0,0.0,5.405294801823792e-10,152.45566486966948,2.9999151839096183
noise_paired,C1,0.007,0.01,19,P,completed,False,,,1.0547926973866637e-13,1.2299127993278604e-10,0.8239557925309275,365,391,1.5889274378934202,0.011925953341834139,0.012248325681171337,1.0003177398191637e-08,0.08340339414283192,True,True,0.0,2.219740749226064e-16,1.0003177398191634,223.50559585227793,0.2100466753243745,0.005653397870017396,0.21004668532755189,0.0,0.0,5.623198649115635e-11,106.85393339362304,2.9999151839096183
noise_paired,C1,0.01,0.01,19,P,completed,False,,,8.057450481837446e-14,6.56805388818831e-11,0.7745680925251027,255,273,1.4999153334757485,0.011925953341834139,0.012248325681171337,1.0003177398191637e-08,0.07906278165979755,True,True,0.0,2.219740749226064e-16,1.0003177398191634,182.99496718145755,0.11546627000366849,0.029995250249061245,0.11546628000684589,0.0,0.0,1.1867288802930582e-11,74.9734884357191,2.9999151839096183
noise_paired,C1,0.014,0.01,19,P,completed,False,,,5.733615184530931e-14,3.3385906386890347e-11,0.6868288971117493,182,195,1.4990102010218036,0.011925953341834139,0.012248325681171337,1.0003177398191637e-08,0.07246404814704356,True,True,0.0,2.219740749226064e-16,1.0003177398191634,115.8081906477265,0.18763800196762903,0.009308414644208507,0.18763801197080643,0.0,0.0,1.0734073004388706e-11,50.03389759499861,2.9999151839096183
noise_paired,C1,0.02,0.01,19,P,completed,False,,,4.52918760172142e-14,1.8428272763417756e-11,0.565997102459971,127,136,0.9437053558421076,0.011925953341834139,0.012248325681171337,1.0003177398191637e-08,0.05886056329205126,True,True,0.0,6.659222247678192e-16,1.000317739819163,82.48243475976521,0.20809678761760564,0.10879062685439422,0.20809679762078304,0.0,0.0,2.927374791890571e-13,30.766057890033007,2.9999151839096183
noise_paired,C1,0.028,0.01,19,P,completed,False,,,2.3501147465089017e-14,6.8630588670068174e-12,0.570137657911876,91,98,0.7816522398293836,0.011925953341834139,0.012248325681171337,1.0003177398191637e-08,0.04414517609112865,True,True,0.0,2.219740749226064e-16,1.0003177398191634,61.22827175206345,0.15060135773232675,0.07022299756921546,0.15060136773550414,0.0,0.0,1.0849764759258454e-13,24.29689322870553,2.9999151839096183
noise_paired,C1,0.04,0.01,19,P,completed,False,,,2.8206747200397525e-14,5.7213913325398475e-12,0.0509734286432431,63,68,0.08874982126165318,0.011925953341834139,0.012248325681171337,1.0003177398191637e-08,0.021926913764262736,True,True,0.0,4.439481498452128e-16,1.0003177398191632,6.010299248428569,0.5985252913941081,0.5982549171586029,0.5985253013972855,0.0,0.0,1.5858175130915787e-15,2.5348743217529197,2.9999151839096183
noise_paired,C1,0.005,0.01,20,R,completed,False,,,1.5158036291534923e-13,2.4734905411497615e-10,0.8745873905749081,511,547,1.6986568880638477,0.011934225981059645,0.01273134349553275,9.994769819129408e-09,0.08513024353880029,True,True,0.0,3.3324119856174806e-16,0.9994769819129404,361.59512616244774,0.12099134584809523,0.005265158106605994,0.12099135584286505,0.0,0.0,2.4708056447062974e-11,151.79603214339198,2.9999151839096183
noise_paired,C1,0.007,0.01,20,R,completed,False,,,1.053906153777116e-13,1.2288790688751878e-10,0.7892428495809898,365,391,1.5019948683602122,0.011934225981059645,0.01273134349553275,9.994769819129408e-09,0.0843084149900089,True,True,0.0,1.1108039952058268e-16,0.9994769819129409,247.52664589245762,0.17352116171438203,0.0009694241877565846,0.17352117170915185,0.0,0.0,1.383262496563095e-11,105.25579484459992,2.9999151839096183
noise_paired,C1,0.01,0.01,20,R,completed,False,,,8.050678268442703e-14,6.56253349900078e-11,0.8499985062848358,255,273,1.5657454131864397,0.011934225981059645,0.01273134349553275,9.994769819129408e-09,0.07971341143686793,True,True,0.0,1.1108039952058268e-16,0.9994769819129409,195.24851271826583,0.09061904973846258,0.0029516999921984644,0.0906190597332324,0.0,0.0,5.5576459034846006e-11,76.1328790448286,2.9999151839096183
noise_paired,C1,0.014,0.01,20,R,completed,False,,,5.728796133437721e-14,3.3357845838092855e-11,0.6236475569896235,182,195,0.9984204825113439,0.011934225981059645,0.01273134349553275,9.994769819129408e-09,0.0767734892622814,True,True,0.0,1.1108039952058268e-16,0.9994769819129407,121.1136002787953,0.19729435798461725,0.0757065421244173,0.19729436797938707,0.0,0.0,1.6205101287251274e-11,49.78978311595952,2.9999151839096183
noise_paired,C1,0.02,0.01,20,R,completed,False,,,4.5253808609896177e-14,1.8412783968800682e-11,0.6578790015378241,127,136,1.0690735277099932,0.011934225981059645,0.01273134349553275,9.994769819129408e-09,0.05986855402764249,True,True,0.0,1.1108039952058268e-16,0.9994769819129407,103.74500077256336,0.08458842721975401,0.05669728872685964,0.08458843721452383,0.0,0.0,1.0341139316746144e-10,36.04680481745364,2.9999151839096183
noise_paired,C1,0.028,0.01,20,R,completed,False,,,2.3481394965708017e-14,6.857290528834237e-12,0.5464120111834907,91,98,0.786425527373824,0.011934225981059645,0.01273134349553275,9.994769819129408e-09,0.03828301825903463,True,True,0.0,1.1108039952058268e-16,0.9994769819129409,52.4360559129287,0.3065508264655529,0.15567884907383167,0.3065508364603227,0.0,0.0,9.10987242183138e-14,21.785324943683626,2.9999151839096183
noise_paired,C1,0.04,0.01,20,R,completed,False,,,2.8183039687500822e-14,5.716582555482373e-12,0.06172650608087267,63,68,0.09816055131875862,0.011934225981059645,0.01273134349553275,9.994769819129408e-09,0.02226646929730209,True,True,0.0,1.1108039952058268e-16,0.9994769819129409,6.853192746332216,0.5192458200803534,0.5187479055982506,0.5192458300751231,0.0,0.0,1.284354905274745e-15,2.7782373073296025,2.9999151839096183
noise_paired,C1,0.005,0.01,20,P,completed,False,,,1.5158036291534923e-13,2.4734905411497615e-10,0.8745873905749081,511,547,1.6986568880638477,0.011934225981059645,0.01273134349553275,9.994769819129408e-09,0.08513024353880029,True,True,0.0,3.3324119856174806e-16,0.9994769819129404,361.59512616244774,0.12099134584809523,0.005265158106605994,0.12099135584286505,0.0,0.0,2.4708056447062974e-11,151.79603214339198,2.9999151839096183
noise_paired,C1,0.007,0.01,20,P,completed,False,,,1.053906153777116e-13,1.2288790688751878e-10,0.7892428495809898,365,391,1.5019948683602122,0.011934225981059645,0.01273134349553275,9.994769819129408e-09,0.0843084149900089,True,True,0.0,1.1108039952058268e-16,0.9994769819129409,247.52664589245762,0.17352116171438203,0.0009694241877565846,0.17352117170915185,0.0,0.0,1.383262496563095e-11,105.25579484459992,2.9999151839096183
noise_paired,C1,0.01,0.01,20,P,completed,False,,,8.050678268442703e-14,6.56253349900078e-11,0.8499985062848358,255,273,1.5657454131864397,0.011934225981059645,0.01273134349553275,9.994769819129408e-09,0.07971341143686793,True,True,0.0,1.1108039952058268e-16,0.9994769819129409,195.24851271826583,0.09061904973846258,0.0029516999921984644,0.0906190597332324,0.0,0.0,5.5576459034846006e-11,76.1328790448286,2.9999151839096183
noise_paired,C1,0.014,0.01,20,P,completed,False,,,5.728796133437721e-14,3.3357845838092855e-11,0.6236475569896235,182,195,0.9984204825113439,0.011934225981059645,0.01273134349553275,9.994769819129408e-09,0.0767734892622814,True,True,0.0,1.1108039952058268e-16,0.9994769819129407,121.1136002787953,0.19729435798461725,0.0757065421244173,0.19729436797938707,0.0,0.0,1.6205101287251274e-11,49.78978311595952,2.9999151839096183
noise_paired,C1,0.02,0.01,20,P,completed,False,,,4.5253808609896177e-14,1.8412783968800682e-11,0.6578790015378241,127,136,1.0690735277099932,0.011934225981059645,0.01273134349553275,9.994769819129408e-09,0.05986855402764249,True,True,0.0,1.1108039952058268e-16,0.9994769819129407,103.74500077256336,0.08458842721975401,0.05669728872685964,0.08458843721452383,0.0,0.0,1.0341139316746144e-10,36.04680481745364,2.9999151839096183
noise_paired,C1,0.028,0.01,20,P,completed,False,,,2.3481394965708017e-14,6.857290528834237e-12,0.5464120111834907,91,98,0.786425527373824,0.011934225981059645,0.01273134349553275,9.994769819129408e-09,0.03828301825903463,True,True,0.0,1.1108039952058268e-16,0.9994769819129409,52.4360559129287,0.3065508264655529,0.15567884907383167,0.3065508364603227,0.0,0.0,9.10987242183138e-14,21.785324943683626,2.9999151839096183
noise_paired,C1,0.04,0.01,20,P,completed,False,,,2.8183039687500822e-14,5.716582555482373e-12,0.06172650608087267,63,68,0.09816055131875862,0.011934225981059645,0.01273134349553275,9.994769819129408e-09,0.02226646929730209,True,True,0.0,1.1108039952058268e-16,0.9994769819129409,6.853192746332216,0.5192458200803534,0.5187479055982506,0.5192458300751231,0.0,0.0,1.284354905274745e-15,2.7782373073296025,2.9999151839096183
noise_paired,C1,0.005,0.01,21,R,completed,False,,,1.5158025835250017e-13,2.4734888348916875e-10,0.9319824118911431,511,547,1.914829488056944,0.011936609585776952,0.011920872699981324,9.994762924558187e-09,0.08457156565712443,True,True,0.0,2.2216095229176904e-16,0.9994762924558188,379.92680946944154,0.1262984918654131,0.0015924891872262092,0.12629850186017602,0.0,0.0,3.607785991794328e-11,152.91482546064697,2.9999151839096183
noise_paired,C1,0.007,0.01,21,R,completed,False,,,1.0539054267737764e-13,1.2288782211723977e-10,0.7414308423500434,365,391,1.5641444171196017,0.011936609585776952,0.011920872699981324,9.994762924558187e-09,0.0832625000495471,True,True,0.0,5.554023807294226e-16,0.9994762924558191,285.73882490606394,0.07035275784475081,0.0057584948404661995,0.07035276783951373,0.0,0.0,2.4717429001361107e-10,105.48206428458221,2.9999151839096183
noise_paired,C1,0.01,0.01,21,R,completed,False,,,8.050672714940649e-14,6.562528972047642e-11,0.7046677468118335,255,273,2.072757773428545,0.011936609585776952,0.011920872699981324,9.994762924558187e-09,0.08061014769304346,True,True,0.0,5.554023807294226e-16,0.9994762924558191,166.76188700104797,0.18231363827354818,0.021644334511983998,0.18231364826831112,0.0,0.0,1.7564913190441742e-11,70.79030730212571,2.9999151839096183
noise_paired,C1,0.014,0.01,21,R,completed,False,,,5.728792181611548e-14,3.3357822827253377e-11,0.6743547282881265,182,195,1.2733842621033458,0.011936609585776952,0.011920872699981324,9.994762924558187e-09,0.07546984906902446,True,True,0.0,5.554023807294226e-16,0.9994762924558191,123.79184623694094,0.1904917217057025,0.027166499897506413,0.19049173170046543,0.0,0.0,7.401819325552377e-12,49.35520403174125,2.9999151839096183
noise_paired,C1,0.02,0.01,21,R,completed,False,,,4.525377739300852e-14,1.841277126733254e-11,0.6140806156588798,127,136,0.9602006605306804,0.011936609585776952,0.011920872699981324,9.994762924558187e-09,0.06719360350279144,True,True,0.0,3.3324142843765354e-16,0.9994762924558189,91.15484061613547,0.09553772890480627,0.017152275432835484,0.0955377388995692,0.0,0.0,1.2722878611336543e-12,33.928892913836755,2.9999151839096183
noise_paired,C1,0.028,0.01,21,R,completed,False,,,2.3481378767821233e-14,6.85728579855242e-12,0.5224785790776139,91,98,0.6899067876262147,0.011936609585776952,0.011920872699981324,9.994762924558187e-09,0.03948186450694237,True,True,0.0,2.2216095229176904e-16,0.9994762924558188,50.75168552671064,0.20671489552821354,0.1290484031548178,0.20671490552297647,0.0,0.0,7.503650709698534e-14,23.495855575065047,2.9999151839096183
noise_paired,C1,0.04,0.01,21,R,completed,False,,,2.81830202463353e-14,5.716578612081345e-12,0.058680846248992856,63,68,0.0952130749240598,0.011936609585776952,0.011920872699981324,9.994762924558187e-09,0.02167498875650892,True,True,0.0,2.2216095229176904e-16,0.9994762924558188,7.433250407509302,0.5938381172324552,0.5935099194105918,0.5938381272272181,0.0,0.0,7.490537162197791e-16,2.573991260966875,2.9999151839096183
noise_paired,C1,0.005,0.01,21,P,completed,False,,,1.5158025835250017e-13,2.4734888348916875e-10,0.9319824118911431,511,547,1.914829488056944,0.011936609585776952,0.011920872699981324,9.994762924558187e-09,0.08457156565712443,True,True,0.0,2.2216095229176904e-16,0.9994762924558188,379.92680946944154,0.1262984918654131,0.0015924891872262092,0.12629850186017602,0.0,0.0,3.607785991794328e-11,152.91482546064697,2.9999151839096183
noise_paired,C1,0.007,0.01,21,P,completed,False,,,1.0539054267737764e-13,1.2288782211723977e-10,0.7414308423500434,365,391,1.5641444171196017,0.011936609585776952,0.011920872699981324,9.994762924558187e-09,0.0832625000495471,True,True,0.0,5.554023807294226e-16,0.9994762924558191,285.73882490606394,0.07035275784475081,0.0057584948404661995,0.07035276783951373,0.0,0.0,2.4717429001361107e-10,105.48206428458221,2.9999151839096183
noise_paired,C1,0.01,0.01,21,P,completed,False,,,8.050672714940649e-14,6.562528972047642e-11,0.7046677468118335,255,273,2.072757773428545,0.011936609585776952,0.011920872699981324,9.994762924558187e-09,0.08061014769304346,True,True,0.0,5.554023807294226e-16,0.9994762924558191,166.76188700104797,0.18231363827354818,0.021644334511983998,0.18231364826831112,0.0,0.0,1.7564913190441742e-11,70.79030730212571,2.9999151839096183
noise_paired,C1,0.014,0.01,21,P,completed,False,,,5.728792181611548e-14,3.3357822827253377e-11,0.6743547282881265,182,195,1.2733842621033458,0.011936609585776952,0.011920872699981324,9.994762924558187e-09,0.07546984906902446,True,True,0.0,5.554023807294226e-16,0.9994762924558191,123.79184623694094,0.1904917217057025,0.027166499897506413,0.19049173170046543,0.0,0.0,7.401819325552377e-12,49.35520403174125,2.9999151839096183
noise_paired,C1,0.02,0.01,21,P,completed,False,,,4.525377739300852e-14,1.841277126733254e-11,0.6140806156588798,127,136,0.9602006605306804,0.011936609585776952,0.011920872699981324,9.994762924558187e-09,0.06719360350279144,True,True,0.0,3.3324142843765354e-16,0.9994762924558189,91.15484061613547,0.09553772890480627,0.017152275432835484,0.0955377388995692,0.0,0.0,1.2722878611336543e-12,33.928892913836755,2.9999151839096183
noise_paired,C1,0.028,0.01,21,P,completed,False,,,2.3481378767821233e-14,6.85728579855242e-12,0.5224785790776139,91,98,0.6899067876262147,0.011936609585776952,0.011920872699981324,9.994762924558187e-09,0.03948186450694237,True,True,0.0,2.2216095229176904e-16,0.9994762924558188,50.75168552671064,0.20671489552821354,0.1290484031548178,0.20671490552297647,0.0,0.0,7.503650709698534e-14,23.495855575065047,2.9999151839096183
noise_paired,C1,0.04,0.01,21,P,completed,False,,,2.81830202463353e-14,5.716578612081345e-12,0.058680846248992856,63,68,0.0952130749240598,0.011936609585776952,0.011920872699981324,9.994762924558187e-09,0.02167498875650892,True,True,0.0,2.2216095229176904e-16,0.9994762924558188,7.433250407509302,0.5938381172324552,0.5935099194105918,0.5938381272272181,0.0,0.0,7.490537162197791e-16,2.573991260966875,2.9999151839096183
noise_paired,C1,0.005,0.01,22,R,completed,False,,,1.515278608990486e-13,2.4726338124930064e-10,0.8895868247578429,511,547,2.2452179074584397,0.011941206419825668,0.012724390599639906,9.99130798833634e-09,0.0838768689725753,True,True,0.0,3.333566613864399e-16,0.9991307988336336,345.2556181539543,0.15900899991179707,0.00014299717620769314,0.15900900990310504,0.0,0.0,5.158919556558973e-11,148.73855655039023,2.9999151839096183
noise_paired,C1,0.007,0.01,22,R,completed,False,,,1.0535411183793857e-13,1.2284534291177372e-10,0.8047376421799446,365,391,1.5685772856072075,0.011941206419825668,0.012724390599639906,9.99130798833634e-09,0.08234452738911797,True,True,0.0,0.0,0.999130798833634,265.89326201038483,0.12507966963335904,0.009146654364673101,0.125079679624667,0.0,0.0,2.5111310704819065e-10,108.08097296864348,2.9999151839096183
noise_paired,C1,0.01,0.01,22,R,completed,False,,,8.047889801430542e-14,6.560260472111866e-11,0.7763408498052424,255,273,1.4740254419030854,0.011941206419825668,0.012724390599639906,9.99130798833634e-09,0.08031487722391648,True,True,0.0,1.111188871288133e-16,0.9991307988336339,155.95785256526136,0.2263312646385327,0.004955889087562393,0.22633127462984068,0.0,0.0,5.589996709858422e-11,74.36360340628889,2.9999151839096183
noise_paired,C1,0.014,0.01,22,R,completed,False,,,5.726811883352842e-14,3.334629187336905e-11,0.6744843329556237,182,195,1.394310917376092,0.011941206419825668,0.012724390599639906,9.99130798833634e-09,0.07477456877843269,True,True,0.0,0.0,0.999130798833634,121.68727744216382,0.1704537029657781,0.03662212643755536,0.17045371295708608,0.0,0.0,1.146155620998722e-11,50.0536810495144,2.9999151839096183
noise_paired,C1,0.02,0.01,22,R,completed,False,,,4.523813430913844e-14,1.8406406438984306e-11,0.5688755120355315,127,136,1.042177741267871,0.011941206419825668,0.012724390599639906,9.99130798833634e-09,0.06262976433315944,True,True,0.0,0.0,0.999130798833634,73.69740741570324,0.255380128850364,0.06099694903856845,0.255380138841672,0.0,0.0,2.0291767790708315e-12,32.24630279575513,2.9999151839096183
noise_paired,C1,0.028,0.01,22,R,completed,False,,,2.347326185032592e-14,6.854915408652449e-12,0.538583751619327,91,98,0.757046236619208,0.011941206419825668,0.012724390599639906,9.99130798833634e-09,0.034365012038531505,True,True,0.0,1.111188871288133e-16,0.9991307988336341,62.2815748443667,0.11919868804382472,0.053255967947101746,0.11919869803513271,0.0,0.0,6.182471339152603e-14,22.930677730580495,2.9999151839096183
noise_paired,C1,0.04,0.01,22,R,completed,False,,,2.8173278090545806e-14,5.714602535744068e-12,0.05051846877678521,63,68,0.07184216118283608,0.011941206419825668,0.012724390599639906,9.99130798833634e-09,0.022083990178072044,True,True,0.0,0.0,0.999130798833634,5.600860763847556,0.5391635060443151,0.5387416531943583,0.5391635160356231,0.0,0.0,9.968212750703069e-16,2.71112694583896,2.9999151839096183
noise_paired,C1,0.005,0.01,22,P,completed,False,,,1.515278608990486e-13,2.4726338124930064e-10,0.8895868247578429,511,547,2.2452179074584397,0.011941206419825668,0.012724390599639906,9.99130798833634e-09,0.0838768689725753,True,True,0.0,3.333566613864399e-16,0.9991307988336336,345.2556181539543,0.15900899991179707,0.00014299717620769314,0.15900900990310504,0.0,0.0,5.158919556558973e-11,148.73855655039023,2.9999151839096183
noise_paired,C1,0.007,0.01,22,P,completed,False,,,1.0535411183793857e-13,1.2284534291177372e-10,0.8047376421799446,365,391,1.5685772856072075,0.011941206419825668,0.012724390599639906,9.99130798833634e-09,0.08234452738911797,True,True,0.0,0.0,0.999130798833634,265.89326201038483,0.12507966963335904,0.009146654364673101,0.125079679624667,0.0,0.0,2.5111310704819065e-10,108.08097296864348,2.9999151839096183
noise_paired,C1,0.01,0.01,22,P,completed,False,,,8.047889801430542e-14,6.560260472111866e-11,0.7763408498052424,255,273,1.4740254419030854,0.011941206419825668,0.012724390599639906,9.99130798833634e-09,0.08031487722391648,True,True,0.0,1.111188871288133e-16,0.9991307988336339,155.95785256526136,0.2263312646385327,0.004955889087562393,0.22633127462984068,0.0,0.0,5.589996709858422e-11,74.36360340628889,2.9999151839096183
noise_paired,C1,0.014,0.01,22,P,completed,False,,,5.726811883352842e-14,3.334629187336905e-11,0.6744843329556237,182,195,1.394310917376092,0.011941206419825668,0.012724390599639906,9.99130798833634e-09,0.07477456877843269,True,True,0.0,0.0,0.999130798833634,121.68727744216382,0.1704537029657781,0.03662212643755536,0.17045371295708608,0.0,0.0,1.146155620998722e-11,50.0536810495144,2.9999151839096183
noise_paired,C1,0.02,0.01,22,P,completed,False,,,4.523813430913844e-14,1.8406406438984306e-11,0.5688755120355315,127,136,1.042177741267871,0.011941206419825668,0.012724390599639906,9.99130798833634e-09,0.06262976433315944,True,True,0.0,0.0,0.999130798833634,73.69740741570324,0.255380128850364,0.06099694903856845,0.255380138841672,0.0,0.0,2.0291767790708315e-12,32.24630279575513,2.9999151839096183
noise_paired,C1,0.028,0.01,22,P,completed,False,,,2.347326185032592e-14,6.854915408652449e-12,0.538583751619327,91,98,0.757046236619208,0.011941206419825668,0.012724390599639906,9.99130798833634e-09,0.034365012038531505,True,True,0.0,1.111188871288133e-16,0.9991307988336341,62.2815748443667,0.11919868804382472,0.053255967947101746,0.11919869803513271,0.0,0.0,6.182471339152603e-14,22.930677730580495,2.9999151839096183
noise_paired,C1,0.04,0.01,22,P,completed,False,,,2.8173278090545806e-14,5.714602535744068e-12,0.05051846877678521,63,68,0.07184216118283608,0.011941206419825668,0.012724390599639906,9.99130798833634e-09,0.022083990178072044,True,True,0.0,0.0,0.999130798833634,5.600860763847556,0.5391635060443151,0.5387416531943583,0.5391635160356231,0.0,0.0,9.968212750703069e-16,2.71112694583896,2.9999151839096183
noise_paired,C1,0.005,0.01,23,R,completed,False,,,1.5172420473139582e-13,2.4758377539718587e-10,0.8517967493550369,511,547,1.6979040400148069,0.01192696706514096,0.01227272915949451,1.0004254331595935e-08,0.08419980155535103,True,True,0.0,4.439003599173983e-16,1.0004254331595939,348.11822542577465,0.18878288943440547,0.0011254090910408632,0.1887828994386598,0.0,0.0,2.569121719793952e-10,151.22811194070965,2.9999151839096183
noise_paired,C1,0.007,0.01,23,R,completed,False,,,1.0549062554537867e-13,1.2300452106733005e-10,0.8608287677325132,365,391,1.6935068272598601,0.01192696706514096,0.01227272915949451,1.0004254331595935e-08,0.08278613860496682,True,True,0.0,2.2195017995869914e-16,1.0004254331595936,239.82528132291662,0.15232474246151895,0.004256315995402771,0.1523247524657733,0.0,0.0,3.3340463274303607e-10,109.66834242226759,2.9999151839096183
noise_paired,C1,0.01,0.01,23,R,completed,False,,,8.058317939969193e-14,6.568760999174335e-11,0.6561865749392056,255,273,1.590474964237449,0.01192696706514096,0.01227272915949451,1.0004254331595935e-08,0.08007514728763584,True,True,0.0,4.439003599173983e-16,1.0004254331595939,153.0588943178762,0.23575458861506704,0.027373803725869617,0.23575459861932138,0.0,0.0,1.5489917732100308e-11,68.38238338692175,2.9999151839096183
noise_paired,C1,0.014,0.01,23,R,completed,False,,,5.734232460569716e-14,3.338950068462092e-11,0.6492153538081953,182,195,1.2583630956424288,0.01192696706514096,0.01227272915949451,1.0004254331595935e-08,0.07559920702563006,True,True,0.0,8.878007198347966e-16,1.0004254331595943,128.87275695516124,0.10864149367888787,0.026101745687057254,0.1086415036831422,0.0,0.0,4.574840430335401e-11,50.44465066347679,2.9999151839096183
noise_paired,C1,0.02,0.01,23,R,completed,False,,,4.529675210131074e-14,1.8430256735283138e-11,0.6545340079344192,127,136,1.4212205450219972,0.01192696706514096,0.01227272915949451,1.0004254331595935e-08,0.05819441801784476,True,True,0.0,4.439003599173983e-16,1.0004254331595939,71.3260194080131,0.26994681650449603,0.08350989652632623,0.26994682650875035,0.0,0.0,1.5886285531023545e-11,34.81342294727572,2.9999151839096183
noise_paired,C1,0.028,0.01,23,R,completed,False,,,2.350367757824577e-14,6.863797737973045e-12,0.5983470366331755,91,98,0.8090012302420538,0.01192696706514096,0.01227272915949451,1.0004254331595935e-08,0.033607949659817914,True,True,0.0,4.439003599173983e-16,1.0004254331595939,63.63061706555418,0.10037549367601362,0.018680035329780242,0.10037550368026794,0.0,0.0,3.886756369321906e-14,24.287626229379875,2.9999151839096183
noise_paired,C1,0.04,0.01,23,R,completed,False,,,2.820978391434125e-14,5.722007292569327e-12,0.07991253170957334,63,68,0.13326130175208695,0.01192696706514096,0.01227272915949451,1.0004254331595935e-08,0.021808119701802908,True,True,0.0,4.439003599173983e-16,1.0004254331595939,8.66490381756527,0.5067923882314787,0.5062318862702324,0.506792398235733,0.0,0.0,6.59521295290318e-16,3.0783785956758765,2.9999151839096183
noise_paired,C1,0.005,0.01,23,P,completed,False,,,1.5172420473139582e-13,2.4758377539718587e-10,0.8517967493550369,511,547,1.6979040400148069,0.01192696706514096,0.01227272915949451,1.0004254331595935e-08,0.08419980155535103,True,True,0.0,4.439003599173983e-16,1.0004254331595939,348.11822542577465,0.18878288943440547,0.0011254090910408632,0.1887828994386598,0.0,0.0,2.569121719793952e-10,151.22811194070965,2.9999151839096183
noise_paired,C1,0.007,0.01,23,P,completed,False,,,1.0549062554537867e-13,1.2300452106733005e-10,0.8608287677325132,365,391,1.6935068272598601,0.01192696706514096,0.01227272915949451,1.0004254331595935e-08,0.08278613860496682,True,True,0.0,2.2195017995869914e-16,1.0004254331595936,239.82528132291662,0.15232474246151895,0.004256315995402771,0.1523247524657733,0.0,0.0,3.3340463274303607e-10,109.66834242226759,2.9999151839096183
noise_paired,C1,0.01,0.01,23,P,completed,False,,,8.058317939969193e-14,6.568760999174335e-11,0.6561865749392056,255,273,1.590474964237449,0.01192696706514096,0.01227272915949451,1.0004254331595935e-08,0.08007514728763584,True,True,0.0,4.439003599173983e-16,1.0004254331595939,153.0588943178762,0.23575458861506704,0.027373803725869617,0.23575459861932138,0.0,0.0,1.5489917732100308e-11,68.38238338692175,2.9999151839096183
noise_paired,C1,0.014,0.01,23,P,completed,False,,,5.734232460569716e-14,3.338950068462092e-11,0.6492153538081953,182,195,1.2583630956424288,0.01192696706514096,0.01227272915949451,1.0004254331595935e-08,0.07559920702563006,True,True,0.0,8.878007198347966e-16,1.0004254331595943,128.87275695516124,0.10864149367888787,0.026101745687057254,0.1086415036831422,0.0,0.0,4.574840430335401e-11,50.44465066347679,2.9999151839096183
noise_paired,C1,0.02,0.01,23,P,completed,False,,,4.529675210131074e-14,1.8430256735283138e-11,0.6545340079344192,127,136,1.4212205450219972,0.01192696706514096,0.01227272915949451,1.0004254331595935e-08,0.05819441801784476,True,True,0.0,4.439003599173983e-16,1.0004254331595939,71.3260194080131,0.26994681650449603,0.08350989652632623,0.26994682650875035,0.0,0.0,1.5886285531023545e-11,34.81342294727572,2.9999151839096183
noise_paired,C1,0.028,0.01,23,P,completed,False,,,2.350367757824577e-14,6.863797737973045e-12,0.5983470366331755,91,98,0.8090012302420538,0.01192696706514096,0.01227272915949451,1.0004254331595935e-08,0.033607949659817914,True,True,0.0,4.439003599173983e-16,1.0004254331595939,63.63061706555418,0.10037549367601362,0.018680035329780242,0.10037550368026794,0.0,0.0,3.886756369321906e-14,24.287626229379875,2.9999151839096183
noise_paired,C1,0.04,0.01,23,P,completed,False,,,2.820978391434125e-14,5.722007292569327e-12,0.07991253170957334,63,68,0.13326130175208695,0.01192696706514096,0.01227272915949451,1.0004254331595935e-08,0.021808119701802908,True,True,0.0,4.439003599173983e-16,1.0004254331595939,8.66490381756527,0.5067923882314787,0.5062318862702324,0.506792398235733,0.0,0.0,6.59521295290318e-16,3.0783785956758765,2.9999151839096183
noise_paired,C1,0.005,0.01,24,R,completed,False,,,1.5176956079709669e-13,2.476577874903997e-10,0.8628952044344786,511,547,2.143117888398061,0.0119211888267091,0.011818155196922593,1.0007244979116909e-08,0.0840874430458578,True,True,0.0,4.437677010773562e-16,1.0007244979116905,345.104336999541,0.11484503214853359,0.0005999985945699393,0.11484504215577857,0.0,0.0,3.295175860664733e-11,149.60298490090162,2.9999151839096183
noise_paired,C1,0.007,0.01,24,R,completed,False,,,1.055221606570738e-13,1.2304129174046626e-10,0.8557576834269458,365,391,2.5736988038307387,0.0119211888267091,0.011818155196922593,1.0007244979116909e-08,0.08281469717463896,True,True,0.0,4.437677010773562e-16,1.0007244979116905,228.18582054066133,0.22151985856484124,0.0010355056592278311,0.22151986857208622,0.0,0.0,7.449198447376752e-11,106.7594002449542,2.9999151839096183
noise_paired,C1,0.01,0.01,24,R,completed,False,,,8.060726873985824e-14,6.570724648652539e-11,0.8790572928219916,255,273,1.5668111590160403,0.0119211888267091,0.011818155196922593,1.0007244979116909e-08,0.07910456642495069,True,True,0.0,4.437677010773562e-16,1.0007244979116914,145.68475162383484,0.22250363961398445,0.001235789914438179,0.22250364962122943,0.0,0.0,3.517024757777118e-11,75.20476827038613,2.9999151839096183
noise_paired,C1,0.014,0.01,24,R,completed,False,,,5.735946638111038e-14,3.339948206095736e-11,0.7368297829585249,182,195,1.937303876952858,0.0119211888267091,0.011818155196922593,1.0007244979116909e-08,0.0738679434732621,True,True,0.0,2.218838505386781e-16,1.0007244979116912,128.83071740990746,0.15708054366837443,0.0015553131735696057,0.1570805536756194,0.0,0.0,2.333206633301477e-12,49.91117184677836,2.9999151839096183
noise_paired,C1,0.02,0.01,24,R,completed,False,,,4.531029300250037e-14,1.8435766231522378e-11,0.6218364877747284,127,136,1.106112396621885,0.0119211888267091,0.011818155196922593,1.0007244979116909e-08,0.0700549633155791,True,True,0.0,2.218838505386781e-16,1.0007244979116912,80.2857697830351,0.25369610150672517,0.0048750155181434,0.25369611151397015,0.0,0.0,4.685130304861353e-13,32.78505030284511,2.9999151839096183
noise_paired,C1,0.028,0.01,24,R,completed,False,,,2.35107037106044e-14,6.865849585018228e-12,0.5121929819415328,91,98,0.7910878544929315,0.0119211888267091,0.011818155196922593,1.0007244979116909e-08,0.03312631658043451,True,True,0.0,0.0,1.000724497911691,52.19378995863525,0.2098637469832081,0.11600610896887542,0.20986375699045307,0.0,0.0,2.1220958577823562e-14,22.16323742457884,2.9999151839096183
noise_paired,C1,0.04,0.01,24,R,completed,False,,,2.8218216878711643e-14,5.723717815548583e-12,0.06092307726109654,63,68,0.12550967519285205,0.0119211888267091,0.011818155196922593,1.0007244979116909e-08,0.02173697665321511,True,True,0.0,0.0,1.000724497911691,6.93677158044012,0.5826846257926911,0.5823644043913178,0.5826846357999361,0.0,0.0,3.9338607150967017e-16,2.6396764588397064,2.9999151839096183
noise_paired,C1,0.005,0.01,24,P,completed,False,,,1.5176956079709669e-13,2.476577874903997e-10,0.8628952044344786,511,547,2.143117888398061,0.0119211888267091,0.011818155196922593,1.0007244979116909e-08,0.0840874430458578,True,True,0.0,4.437677010773562e-16,1.0007244979116905,345.104336999541,0.11484503214853359,0.0005999985945699393,0.11484504215577857,0.0,0.0,3.295175860664733e-11,149.60298490090162,2.9999151839096183
noise_paired,C1,0.007,0.01,24,P,completed,False,,,1.055221606570738e-13,1.2304129174046626e-10,0.8557576834269458,365,391,2.5736988038307387,0.0119211888267091,0.011818155196922593,1.0007244979116909e-08,0.08281469717463896,True,True,0.0,4.437677010773562e-16,1.0007244979116905,228.18582054066133,0.22151985856484124,0.0010355056592278311,0.22151986857208622,0.0,0.0,7.449198447376752e-11,106.7594002449542,2.9999151839096183
noise_paired,C1,0.01,0.01,24,P,completed,False,,,8.060726873985824e-14,6.570724648652539e-11,0.8790572928219916,255,273,1.5668111590160403,0.0119211888267091,0.011818155196922593,1.0007244979116909e-08,0.07910456642495069,True,True,0.0,4.437677010773562e-16,1.0007244979116914,145.68475162383484,0.22250363961398445,0.001235789914438179,0.22250364962122943,0.0,0.0,3.517024757777118e-11,75.20476827038613,2.9999151839096183
noise_paired,C1,0.014,0.01,24,P,completed,False,,,5.735946638111038e-14,3.339948206095736e-11,0.7368297829585249,182,195,1.937303876952858,0.0119211888267091,0.011818155196922593,1.0007244979116909e-08,0.0738679434732621,True,True,0.0,2.218838505386781e-16,1.0007244979116912,128.83071740990746,0.15708054366837443,0.0015553131735696057,0.1570805536756194,0.0,0.0,2.333206633301477e-12,49.91117184677836,2.9999151839096183
noise_paired,C1,0.02,0.01,24,P,completed,False,,,4.531029300250037e-14,1.8435766231522378e-11,0.6218364877747284,127,136,1.106112396621885,0.0119211888267091,0.011818155196922593,1.0007244979116909e-08,0.0700549633155791,True,True,0.0,2.218838505386781e-16,1.0007244979116912,80.2857697830351,0.25369610150672517,0.0048750155181434,0.25369611151397015,0.0,0.0,4.685130304861353e-13,32.78505030284511,2.9999151839096183
noise_paired,C1,0.028,0.01,24,P,completed,False,,,2.35107037106044e-14,6.865849585018228e-12,0.5121929819415328,91,98,0.7910878544929315,0.0119211888267091,0.011818155196922593,1.0007244979116909e-08,0.03312631658043451,True,True,0.0,0.0,1.000724497911691,52.19378995863525,0.2098637469832081,0.11600610896887542,0.20986375699045307,0.0,0.0,2.1220958577823562e-14,22.16323742457884,2.9999151839096183
noise_paired,C1,0.04,0.01,24,P,completed,False,,,2.8218216878711643e-14,5.723717815548583e-12,0.06092307726109654,63,68,0.12550967519285205,0.0119211888267091,0.011818155196922593,1.0007244979116909e-08,0.02173697665321511,True,True,0.0,0.0,1.000724497911691,6.93677158044012,0.5826846257926911,0.5823644043913178,0.5826846357999361,0.0,0.0,3.9338607150967017e-16,2.6396764588397064,2.9999151839096183
noise_paired,B,0.005,0.0,none,shared,completed,False,,,3.041179429675608e-14,4.9626009652996555e-11,0.5233163003886317,511,547,0.9318962031601918,0.0,0.0,2.0052655762048596e-09,0.07068858492478136,True,True,0.0,1.2457211827942954e-15,0.2005265576204862,313.60361249525516,0.00399992637190541,-1.7208456881689926e-14,0.003999928377170986,0.0,0.0,4.988708803645309e-11,25.998330185156057,1.9997518452938798
noise_paired,B,0.007,0.0,none,shared,completed,False,,,2.1144676355376034e-14,2.465518404853811e-11,0.6845024478834837,365,391,1.2814690943658036,0.0,0.0,2.0052655762048596e-09,0.023941678680776804,True,True,0.0,2.7682692950984346e-16,0.20052655762048602,248.96271709986135,0.002857090077809321,-7.827072323607354e-15,0.0028570920830748975,0.0,0.0,5.850547179507707e-13,20.692646112973126,1.9997518452938798
noise_paired,B,0.01,0.0,none,shared,completed,False,,,1.615219588740353e-14,1.3166508840504502e-11,0.028095975370461816,255,273,0.03748684997845702,0.0,0.0,2.0052655762048596e-09,0.006080701194791101,True,True,0.0,4.1524039426476517e-16,0.20052655762048605,97.09794517132869,0.0019999632182269023,-4.718447854656915e-16,0.0019999652234924787,0.0,0.0,9.773079677767653e-15,2.2283927565810315,1.9997518452938798
noise_paired,B,0.014,0.0,none,shared,completed,False,,,1.1493769128620915e-14,6.6926343643702546e-12,0.01799859282939138,182,195,0.0205402936495419,0.0,0.0,2.0052655762048596e-09,0.012203683255833476,True,True,0.0,2.7682692950984346e-16,0.20052655762048602,53.10978460797082,0.0014285450519324616,-3.3306690738754696e-16,0.0014285470571980378,0.0,0.0,2.4125327836306326e-15,1.9641985695077628,1.9997518452938798
noise_paired,B,0.02,0.0,none,shared,completed,False,,,9.079339118336223e-15,3.694184310684689e-12,0.03513748879685397,127,136,0.0401580849906364,0.0,0.0,2.0052655762048596e-09,0.02430175437219804,True,True,0.0,2.7682692950984346e-16,0.20052655762048602,48.645298787701506,0.0010490489217517551,-2.0261570199409107e-15,0.0010490509270173313,0.0,0.0,3.2926614442206373e-15,1.9194735309916737,1.9997518452938798
noise_paired,B,0.028,0.0,none,shared,completed,False,,,4.711107294925761e-15,1.3757884265817602e-12,0.06477993065923542,91,98,0.07343052107059295,0.0,0.0,2.0052655762048596e-09,0.045434019905870274,True,True,0.0,2.7682692950984346e-16,0.20052655762048602,39.17122798858168,0.0017425713442418278,0.0,0.001742573349507404,0.0,0.0,2.3492691368757797e-15,1.8529110229431487,1.9997518452938798
noise_paired,B,0.04,0.0,none,shared,completed,False,,,5.6544052880532904e-15,1.1469264845001215e-12,0.11823111298359723,63,68,0.13210055708373666,0.0,0.0,2.0052655762048596e-09,0.08495697211826406,True,True,0.0,4.1524039426476517e-16,0.20052655762048605,35.60283829150619,0.0025286761560261994,1.7208456881689926e-15,0.002528678161291776,0.0,0.0,1.693400797001873e-15,1.7355188952527685,1.9997518452938798
noise_paired,B,0.005,0.001,0,R,completed,False,,,3.0413490386134983e-14,4.962877733408333e-11,0.5574039236234409,511,547,0.8208803175673225,0.0024123357860787124,0.0025290130017573157,2.005377411422884e-09,0.09594190408378185,True,True,0.0005007751557897891,9.688402203131813e-16,0.2005377411422886,292.09535049851934,0.004000149187864455,-1.201816424156732e-14,0.004000151193241866,0.15,0.00010037405372988271,2.258771006904651e-11,27.184872221245374,1.9997518452938798
noise_paired,B,0.007,0.001,0,R,completed,False,,,2.1145855610392585e-14,2.4656559087294182e-11,0.6548933075662328,365,391,1.0084696227667005,0.0024123357860787124,0.0025290130017573157,2.005377411422884e-09,0.07462505429629784,True,True,0.0005007751557897891,2.7681149151805176e-16,0.20053774114228845,253.2840359021834,0.0028572494199196052,-4.413136522884997e-15,0.0028572514252970167,0.15,0.00010037405372988271,1.0223517856380199e-11,20.321765372984324,1.9997518452938798
noise_paired,B,0.01,0.001,0,R,completed,False,,,1.6153096707908344e-14,1.3167243146924694e-11,0.49879471674691256,255,273,0.7128851464284077,0.0024123357860787124,0.0025290130017573157,2.005377411422884e-09,0.03192486933786928,True,True,0.0005007751557897891,1.3840574575902588e-16,0.20053774114228837,163.7663100518446,0.0020000745939417475,-3.1363800445660672e-15,0.002000076599319159,0.15,0.00010037405372988271,5.77667484795119e-13,12.439461250016148,1.9997518452938798
noise_paired,B,0.014,0.001,0,R,completed,False,,,1.14944101450487e-14,6.693007617784754e-12,0.03599538255958149,182,195,0.06212966466490359,0.0024123357860787124,0.0025290130017573157,2.005377411422884e-09,0.01247257737918527,True,True,0.0005007751557897891,1.3840574575902588e-16,0.20053774114228837,74.26146814465051,0.0014286247099599414,1.3511622376505272e-10,0.0014286267153373528,0.15,0.00010037405372988271,3.470854263145286e-15,2.0254019373164738,1.9997518452938798
noise_paired,B,0.02,0.001,0,R,completed,False,,,9.07984548012783e-15,3.69439033821177e-12,0.03511308863994538,127,136,0.04058012033984418,0.0024123357860787124,0.0025290130017573157,2.005377411422884e-09,0.024429783628908068,True,True,0.0005007751557897891,0.0,0.2005377411422884,45.69613374230512,0.0010000372969944105,4.7336638248074436e-08,0.001000039302371822,0.15,0.00010037405372988271,4.2042502576484715e-15,1.9224736938362796,1.9997518452938798
noise_paired,B,0.028,0.001,0,R,completed,False,,,4.711370037037188e-15,1.3758651553704393e-12,0.06475119733330846,91,98,0.07344572937267534,0.0024123357860787124,0.0025290130017573157,2.005377411422884e-09,0.045507019828968195,True,True,0.0005007751557897891,2.7681149151805176e-16,0.20053774114228834,41.02619885650291,0.0007143150048246616,1.8345812678455253e-06,0.000714317010202073,0.15,0.00010037405372988271,3.1204380011977936e-15,1.8542682984905818,1.9997518452938798
noise_paired,B,0.04,0.001,0,R,completed,False,,,5.654720638626148e-15,1.1469904494806081e-12,0.11820917736624136,63,68,0.1321305719895725,0.0024123357860787124,0.0025290130017573157,2.005377411422884e-09,0.08500929417702048,True,True,0.0005007751557897891,0.0,0.2005377411422884,35.67983605819192,0.0005011463672963956,3.175520827475298e-05,0.000501148372673807,0.15,0.00010037405372988271,3.0231270109160928e-15,1.7361778811319473,1.9997518452938798
noise_paired,B,0.005,0.001,0,P,completed,False,,,3.0413490386134983e-14,4.962877733408333e-11,0.5574039236234409,511,547,0.8208803175673225,0.0024123368076961593,0.002316016661021844,2.005377411422884e-09,0.09593030118926853,True,True,0.0005007751557897891,9.688402203131813e-16,0.2005377411422886,292.09535049851934,0.004000149187864455,-1.201816424156732e-14,0.004000151193241866,0.15,0.00010037405372988271,2.258771006904651e-11,27.184872221245374,1.9997518452938798
noise_paired,B,0.007,0.001,0,P,completed,False,,,2.1145855610392585e-14,2.4656559087294182e-11,0.6548933075662328,365,391,1.0084696227667005,0.0024123368076961593,0.002316016661021844,2.005377411422884e-09,0.07461110856807612,True,True,0.0005007751557897891,2.7681149151805176e-16,0.20053774114228845,253.2840359021834,0.0028572494199196052,-4.413136522884997e-15,0.0028572514252970167,0.15,0.00010037405372988271,1.0223517856380199e-11,20.321765372984324,1.9997518452938798
noise_paired,B,0.01,0.001,0,P,completed,False,,,1.6153096707908344e-14,1.3167243146924694e-11,0.49879471674691256,255,273,0.7128851464284077,0.0024123368076961593,0.002316016661021844,2.005377411422884e-09,0.0318955763244889,True,True,0.0005007751557897891,1.3840574575902588e-16,0.20053774114228837,163.7663100518446,0.0020000745939417475,-3.1363800445660672e-15,0.002000076599319159,0.15,0.00010037405372988271,5.77667484795119e-13,12.439461250016148,1.9997518452938798
noise_paired,B,0.014,0.001,0,P,completed,False,,,1.14944101450487e-14,6.693007617784754e-12,0.03599538255958149,182,195,0.06212966466490359,0.0024123368076961593,0.002316016661021844,2.005377411422884e-09,0.0124062382039438,True,True,0.0005007751557897891,1.3840574575902588e-16,0.20053774114228837,74.26146814465051,0.0014286247099599414,1.3511622376505272e-10,0.0014286267153373528,0.15,0.00010037405372988271,3.470854263145286e-15,2.0254019373164738,1.9997518452938798
noise_paired,B,0.02,0.001,0,P,completed,False,,,9.07984548012783e-15,3.69439033821177e-12,0.03511308863994538,127,136,0.04058012033984418,0.0024123368076961593,0.002316016661021844,2.005377411422884e-09,0.024397460882470662,True,True,0.0005007751557897891,0.0,0.2005377411422884,45.69613374230512,0.0010000372969944105,4.7336638248074436e-08,0.001000039302371822,0.15,0.00010037405372988271,4.2042502576484715e-15,1.9224736938362796,1.9997518452938798
noise_paired,B,0.028,0.001,0,P,completed,False,,,4.711370037037188e-15,1.3758651553704393e-12,0.06475119733330846,91,98,0.07344572937267534,0.0024123368076961593,0.002316016661021844,2.005377411422884e-09,0.04548907168236932,True,True,0.0005007751557897891,2.7681149151805176e-16,0.20053774114228834,41.02619885650291,0.0007143150048246616,1.8345812678455253e-06,0.000714317010202073,0.15,0.00010037405372988271,3.1204380011977936e-15,1.8542682984905818,1.9997518452938798
noise_paired,B,0.04,0.001,0,P,completed,False,,,5.654720638626148e-15,1.1469904494806081e-12,0.11820917736624136,63,68,0.1321305719895725,0.0024123368076961593,0.002316016661021844,2.005377411422884e-09,0.08499778321797045,True,True,0.0005007751557897891,0.0,0.2005377411422884,35.67983605819192,0.0005011463672963956,3.175520827475298e-05,0.000501148372673807,0.15,0.00010037405372988271,3.0231270109160928e-15,1.7361778811319473,1.9997518452938798
noise_paired,B,0.005,0.001,1,R,completed,False,,,3.042167891872634e-14,4.964213939333761e-11,0.5986245803490974,511,547,0.8823332504943153,0.0024122444737727585,0.0023489041671055336,2.005917339529883e-09,0.09426052012183876,True,True,0.0004158127847711074,9.685794398434036e-16,0.20059173395298846,366.5329784269094,0.004001226188618423,-1.5737411374061594e-14,0.004001228194535762,0.145,8.337393954708136e-05,4.504025081508489e-11,27.850745605795495,1.9997518452938798
noise_paired,B,0.007,0.001,1,R,completed,False,,,2.1151548923644022e-14,2.4663197622862235e-11,0.6958012925747933,365,391,1.6398334101049516,0.0024122444737727585,0.0023489041671055336,2.005917339529883e-09,0.07358723903084827,True,True,0.0004158127847711074,1.383684914062005e-16,0.20059173395298824,218.20721052046875,0.0028580187061708895,-4.6629367034256575e-15,0.002858020712088229,0.145,8.337393954708136e-05,5.206321364964385e-12,20.024572735162263,1.9997518452938798
noise_paired,B,0.01,0.001,1,R,completed,False,,,1.615744577002403e-14,1.3170788297391739e-11,0.4328871845626715,255,273,0.6577138811823672,0.0024122444737727585,0.0023489041671055336,2.005917339529883e-09,0.02964468686272802,True,True,0.0004158127847711074,1.383684914062005e-16,0.20059173395298824,145.70527884954632,0.002000613094318565,-1.4710455076283324e-15,0.0020006151002359045,0.145,8.337393954708136e-05,7.000328288865147e-13,10.960339366962017,1.9997518452938798
noise_paired,B,0.014,0.001,1,R,completed,False,,,1.1497504901714118e-14,6.6948096441328184e-12,0.03545702169763858,182,195,0.05850613954017469,0.0024122444737727585,0.0023489041671055336,2.005917339529883e-09,0.012357198496253895,True,True,0.0004158127847711074,1.383684914062005e-16,0.2005917339529883,73.96485321244592,0.0014290093530854309,1.5487611193520934e-13,0.0014290113590027704,0.145,8.337393954708136e-05,4.562121993567963e-15,2.059846188847276,1.9997518452938798
noise_paired,B,0.02,0.001,1,R,completed,False,,,9.082290139050387e-15,3.695385016405741e-12,0.03523936173166192,127,136,0.038530364983404446,0.0024122444737727585,0.0023489041671055336,2.005917339529883e-09,0.02440968824746977,True,True,0.0004158127847711074,2.76736982812401e-16,0.2005917339529882,48.45377241171889,0.0010003065472190542,1.1897016233275437e-08,0.0010003085531363938,0.145,8.337393954708136e-05,2.6427443490272967e-15,1.927294470952031,1.9997518452938798
noise_paired,B,0.028,0.001,1,R,completed,False,,,4.712638526993731e-15,1.3762355935057215e-12,0.06486932548906016,91,98,0.07315571812912079,0.0024122444737727585,0.0023489041671055336,2.005917339529883e-09,0.045489169743384336,True,True,0.0004158127847711074,1.383684914062005e-16,0.20059173395298824,41.09202376474923,0.0007145047053259412,9.80608007516981e-07,0.0007145067112432808,0.145,8.337393954708136e-05,2.982055612538052e-15,1.8549171148200614,1.9997518452938798
noise_paired,B,0.04,0.001,1,R,completed,False,,,5.6562431164363745e-15,1.147299265356665e-12,0.11833242011619215,63,68,0.1321234567319956,0.0024122444737727585,0.0023489041671055336,2.005917339529883e-09,0.0849810688790428,True,True,0.0004158127847711074,2.76736982812401e-16,0.2005917339529882,36.045306881628896,0.0005001816089215128,5.369257471599109e-05,0.0005001836148388523,0.145,8.337393954708136e-05,3.0729635597762162e-15,1.7362755440026243,1.9997518452938798
noise_paired,B,0.005,0.001,1,P,completed,False,,,3.042167891872634e-14,4.964213939333761e-11,0.5986245803490974,511,547,0.8823332504943153,0.00241224530019683,0.0021729610445278802,2.005917339529883e-09,0.09425154890901624,True,True,0.0004158127847711074,9.685794398434036e-16,0.20059173395298846,366.5329784269094,0.004001226188618423,-1.5737411374061594e-14,0.004001228194535762,0.145,8.337393954708136e-05,4.504025081508489e-11,27.850745605795495,1.9997518452938798
noise_paired,B,0.007,0.001,1,P,completed,False,,,2.1151548923644022e-14,2.4663197622862235e-11,0.6958012925747933,365,391,1.6398334101049516,0.00241224530019683,0.0021729610445278802,2.005917339529883e-09,0.07357651039275478,True,True,0.0004158127847711074,1.383684914062005e-16,0.20059173395298824,218.20721052046875,0.0028580187061708895,-4.6629367034256575e-15,0.002858020712088229,0.145,8.337393954708136e-05,5.206321364964385e-12,20.024572735162263,1.9997518452938798
noise_paired,B,0.01,0.001,1,P,completed,False,,,1.615744577002403e-14,1.3170788297391739e-11,0.4328871845626715,255,273,0.6577138811823672,0.00241224530019683,0.0021729610445278802,2.005917339529883e-09,0.029619743302571312,True,True,0.0004158127847711074,1.383684914062005e-16,0.20059173395298824,145.70527884954632,0.002000613094318565,-1.4710455076283324e-15,0.0020006151002359045,0.145,8.337393954708136e-05,7.000328288865147e-13,10.960339366962017,1.9997518452938798
noise_paired,B,0.014,0.001,1,P,completed,False,,,1.1497504901714118e-14,6.6948096441328184e-12,0.03545702169763858,182,195,0.05850613954017469,0.00241224530019683,0.0021729610445278802,2.005917339529883e-09,0.012304032386260554,True,True,0.0004158127847711074,1.383684914062005e-16,0.2005917339529883,73.96485321244592,0.0014290093530854309,1.5487611193520934e-13,0.0014290113590027704,0.145,8.337393954708136e-05,4.562121993567963e-15,2.059846188847276,1.9997518452938798
noise_paired,B,0.02,0.001,1,P,completed,False,,,9.082290139050387e-15,3.695385016405741e-12,0.03523936173166192,127,136,0.038530364983404446,0.00241224530019683,0.0021729610445278802,2.005917339529883e-09,0.024384105168757237,True,True,0.0004158127847711074,2.76736982812401e-16,0.2005917339529882,48.45377241171889,0.0010003065472190542,1.1897016233275437e-08,0.0010003085531363938,0.145,8.337393954708136e-05,2.6427443490272967e-15,1.927294470952031,1.9997518452938798
noise_paired,B,0.028,0.001,1,P,completed,False,,,4.712638526993731e-15,1.3762355935057215e-12,0.06486932548906016,91,98,0.07315571812912079,0.00241224530019683,0.0021729610445278802,2.005917339529883e-09,0.04547516078464523,True,True,0.0004158127847711074,1.383684914062005e-16,0.20059173395298824,41.09202376474923,0.0007145047053259412,9.80608007516981e-07,0.0007145067112432808,0.145,8.337393954708136e-05,2.982055612538052e-15,1.8549171148200614,1.9997518452938798
noise_paired,B,0.04,0.001,1,P,completed,False,,,5.6562431164363745e-15,1.147299265356665e-12,0.11833242011619215,63,68,0.1321234567319956,0.00241224530019683,0.0021729610445278802,2.005917339529883e-09,0.08497236593690423,True,True,0.0004158127847711074,2.76736982812401e-16,0.2005917339529882,36.045306881628896,0.0005001816089215128,5.369257471599109e-05,0.0005001836148388523,0.145,8.337393954708136e-05,3.0729635597762162e-15,1.7362755440026243,1.9997518452938798
noise_paired,B,0.005,0.001,2,R,completed,False,,,3.0432185922563956e-14,4.9659284737304544e-11,0.6308931113486306,511,547,1.1317872280264538,0.0024119577426689543,0.0024089660375406752,2.006610140911446e-09,0.09297704029925423,True,True,0.00038513088233804537,2.7664143671696713e-16,0.20066101409114454,322.6361469679446,0.004002608127431473,-2.939315457695102e-14,0.004002610134041614,0.1275,7.72510016613566e-05,1.9233813732306013e-11,27.278114121401615,1.9997518452938798
noise_paired,B,0.007,0.001,2,R,completed,False,,,2.1158854220840335e-14,2.4671715769173734e-11,0.5519736537887493,365,391,0.8779709700256373,0.0024119577426689543,0.0024089660375406752,2.006610140911446e-09,0.07467744136982017,True,True,0.00038513088233804537,5.532828734339343e-16,0.20066101409114448,258.9143783605795,0.002859005805323639,-6.300515664747763e-15,0.00285900781193378,0.1275,7.72510016613566e-05,2.7151665352887908e-12,18.855043256636353,1.9997518452938798
noise_paired,B,0.01,0.001,2,R,completed,False,,,1.6163026209721823e-14,1.3175337208829361e-11,0.36378289653778495,255,273,0.5586459402994038,0.0024119577426689543,0.0024089660375406752,2.006610140911446e-09,0.029621638915651123,True,True,0.00038513088233804537,2.7664143671696713e-16,0.20066101409114454,160.66855251836247,0.0020013040637264223,1.8096635301390052e-14,0.0020013060703365634,0.1275,7.72510016613566e-05,2.5075868052330545e-13,10.172082675302633,1.9997518452938798
noise_paired,B,0.014,0.001,2,R,completed,False,,,1.1501475896492153e-14,6.697121889647305e-12,0.02255755652769111,182,195,0.029823140633021956,0.0024119577426689543,0.0024089660375406752,2.006610140911446e-09,0.012370329899037606,True,True,0.00038513088233804537,1.3832071835848357e-16,0.20066101409114456,71.62915328883538,0.0014295029026625272,4.460146640905549e-09,0.001429504909272668,0.1275,7.72510016613566e-05,3.996536657830331e-15,1.998425580091884,1.9997518452938798
noise_paired,B,0.02,0.001,2,R,completed,False,,,9.085426969782188e-15,3.69666132415498e-12,0.03552183803671048,127,136,0.03914642475408645,0.0024119577426689543,0.0024089660375406752,2.006610140911446e-09,0.024382246939376292,True,True,0.00038513088233804537,0.0,0.2006610140911446,46.45099380509743,0.0010006520318963097,2.497149251767805e-06,0.0010006540385064505,0.1275,7.72510016613566e-05,2.4694251275380638e-15,1.9266186330669013,1.9997518452938798
noise_paired,B,0.028,0.001,2,R,completed,False,,,4.714266172569134e-15,1.3767109161432738e-12,0.0650704014303541,91,98,0.07346451992460026,0.0024119577426689543,0.0024089660375406752,2.006610140911446e-09,0.045455593820743885,True,True,0.00038513088233804537,0.0,0.2006610140911446,41.206960878435474,0.0007147546518086467,3.1182300490040227e-06,0.0007147566584187877,0.1275,7.72510016613566e-05,3.325949030997177e-15,1.8546906424868657,1.9997518452938798
noise_paired,B,0.04,0.001,2,R,completed,False,,,5.658196663059808e-15,1.1476955182333125e-12,0.11844544018204375,63,68,0.13225474604425067,0.0024119577426689543,0.0024089660375406752,2.006610140911446e-09,0.08493008645282608,True,True,0.00038513088233804537,2.7664143671696713e-16,0.20066101409114454,35.99575582194542,0.0005015661492722701,6.859160908728734e-05,0.000501568155882411,0.1275,7.72510016613566e-05,3.200911904785001e-15,1.7358496068524287,1.9997518452938798
noise_paired,B,0.005,0.001,2,P,completed,False,,,3.0432185922563956e-14,4.9659284737304544e-11,0.6308931113486306,511,547,1.1317872280264538,0.002411958511256663,0.0022405809467141093,2.006610140911446e-09,0.09296777113001589,True,True,0.00038513088233804537,2.7664143671696713e-16,0.20066101409114454,322.6361469679446,0.004002608127431473,-2.939315457695102e-14,0.004002610134041614,0.1275,7.72510016613566e-05,1.9233813732306013e-11,27.278114121401615,1.9997518452938798
noise_paired,B,0.007,0.001,2,P,completed,False,,,2.1158854220840335e-14,2.4671715769173734e-11,0.5519736537887493,365,391,0.8779709700256373,0.002411958511256663,0.0022405809467141093,2.006610140911446e-09,0.07466649172002089,True,True,0.00038513088233804537,5.532828734339343e-16,0.20066101409114448,258.9143783605795,0.002859005805323639,-6.300515664747763e-15,0.00285900781193378,0.1275,7.72510016613566e-05,2.7151665352887908e-12,18.855043256636353,1.9997518452938798
noise_paired,B,0.01,0.001,2,P,completed,False,,,1.6163026209721823e-14,1.3175337208829361e-11,0.36378289653778495,255,273,0.5586459402994038,0.002411958511256663,0.0022405809467141093,2.006610140911446e-09,0.029596993219398716,True,True,0.00038513088233804537,2.7664143671696713e-16,0.20066101409114454,160.66855251836247,0.0020013040637264223,1.8096635301390052e-14,0.0020013060703365634,0.1275,7.72510016613566e-05,2.5075868052330545e-13,10.172082675302633,1.9997518452938798
noise_paired,B,0.014,0.001,2,P,completed,False,,,1.1501475896492153e-14,6.697121889647305e-12,0.02255755652769111,182,195,0.029823140633021956,0.002411958511256663,0.0022405809467141093,2.006610140911446e-09,0.012317701164119526,True,True,0.00038513088233804537,1.3832071835848357e-16,0.20066101409114456,71.62915328883538,0.0014295029026625272,4.460146640905549e-09,0.001429504909272668,0.1275,7.72510016613566e-05,3.996536657830331e-15,1.998425580091884,1.9997518452938798
noise_paired,B,0.02,0.001,2,P,completed,False,,,9.085426969782188e-15,3.69666132415498e-12,0.03552183803671048,127,136,0.03914642475408645,0.002411958511256663,0.0022405809467141093,2.006610140911446e-09,0.024356009269154457,True,True,0.00038513088233804537,0.0,0.2006610140911446,46.45099380509743,0.0010006520318963097,2.497149251767805e-06,0.0010006540385064505,0.1275,7.72510016613566e-05,2.4694251275380638e-15,1.9266186330669013,1.9997518452938798
noise_paired,B,0.028,0.001,2,P,completed,False,,,4.714266172569134e-15,1.3767109161432738e-12,0.0650704014303541,91,98,0.07346451992460026,0.002411958511256663,0.0022405809467141093,2.006610140911446e-09,0.04544110497278465,True,True,0.00038513088233804537,0.0,0.2006610140911446,41.206960878435474,0.0007147546518086467,3.1182300490040227e-06,0.0007147566584187877,0.1275,7.72510016613566e-05,3.325949030997177e-15,1.8546906424868657,1.9997518452938798
noise_paired,B,0.04,0.001,2,P,completed,False,,,5.658196663059808e-15,1.1476955182333125e-12,0.11844544018204375,63,68,0.13225474604425067,0.002411958511256663,0.0022405809467141093,2.006610140911446e-09,0.08492111240244044,True,True,0.00038513088233804537,2.7664143671696713e-16,0.20066101409114454,35.99575582194542,0.0005015661492722701,6.859160908728734e-05,0.000501568155882411,0.1275,7.72510016613566e-05,3.200911904785001e-15,1.7358496068524287,1.9997518452938798
noise_paired,B,0.005,0.001,3,R,completed,False,,,3.0423319074708965e-14,4.9644815802227924e-11,0.7022391461458626,511,547,1.4275888119901696,0.0024122791827291866,0.0023459662347157253,2.0060254866618625e-09,0.09125824473259413,True,True,0.0002816038600602856,4.1508309540696404e-16,0.20060254866618618,337.00126425780184,0.004001441910925108,-5.10702591327572e-15,0.004001443916950594,0.1125,5.647454859140412e-05,1.6862053516118777e-11,28.270601543381552,1.9997518452938798
noise_paired,B,0.007,0.001,3,R,completed,False,,,2.1152689289354987e-14,2.4664527315784175e-11,0.5464243113182504,365,391,0.8188250957291067,0.0024122791827291866,0.0023459662347157253,2.0060254866618625e-09,0.07480496469140002,True,True,0.0002816038600602856,1.3836103180232134e-16,0.20060254866618624,223.95973772336063,0.0028581727935394763,-4.718447854656915e-15,0.002858174799564963,0.1125,5.647454859140412e-05,4.275857631755521e-12,19.287043432577516,1.9997518452938798
noise_paired,B,0.01,0.001,3,R,completed,False,,,1.6158316883397303e-14,1.317149838795839e-11,0.4661416190366059,255,273,0.7188395085451941,0.0024122791827291866,0.0023459662347157253,2.0060254866618625e-09,0.02616101167206604,True,True,0.0002816038600602856,8.301661908139281e-16,0.2006025486661861,144.56756900794298,0.002000720955477986,-1.4155343563970746e-15,0.0020007229615034727,0.1125,5.647454859140412e-05,2.416335952182308e-13,11.372247568707309,1.9997518452938798
noise_paired,B,0.014,0.001,3,R,completed,False,,,1.1498124778792573e-14,6.695170588448867e-12,0.02962844053280912,182,195,0.04514607494228251,0.0024122791827291866,0.0023459662347157253,2.0060254866618625e-09,0.012389340627771412,True,True,0.0002816038600602856,4.1508309540696404e-16,0.20060254866618618,74.15190238471904,0.001429086396769974,1.3413117838645405e-10,0.0014290884027954606,0.1125,5.647454859140412e-05,2.8750032790832338e-15,2.029916952331953,1.9997518452938798
noise_paired,B,0.02,0.001,3,R,completed,False,,,9.082779802114258e-15,3.695584249586097e-12,0.035307418737606816,127,136,0.0403628890893597,0.0024122791827291866,0.0023459662347157253,2.0060254866618625e-09,0.02440893292424529,True,True,0.0002816038600602856,4.1508309540696404e-16,0.20060254866618618,47.4590240214431,0.0010003604779561248,8.759369465871636e-08,0.0010003624839816114,0.1125,5.647454859140412e-05,2.2990671484846745e-15,1.9230735925519515,1.9997518452938798
noise_paired,B,0.028,0.001,3,R,completed,False,,,4.71289260443287e-15,1.376309791943231e-12,0.06487903053084061,91,98,0.07369594488213027,0.0024122791827291866,0.0023459662347157253,2.0060254866618625e-09,0.04549551158546382,True,True,0.0002816038600602856,2.767220636046427e-16,0.2006025486661862,40.70556411336644,0.0007145515978269346,3.2559061457215766e-06,0.0007145536038524212,0.1125,5.647454859140412e-05,3.847578969550232e-15,1.8538303432900471,1.9997518452938798
noise_paired,B,0.04,0.001,3,R,completed,False,,,5.6565480674225235e-15,1.147361120909048e-12,0.11832277863230362,63,68,0.1322213755535387,0.0024122791827291866,0.0023459662347157253,2.0060254866618625e-09,0.08499605749615158,True,True,0.0002816038600602856,2.767220636046427e-16,0.2006025486661862,35.130064992198356,0.000502177000382048,3.287256883538481e-05,0.0005021790064075347,0.1125,5.647454859140412e-05,3.169297220430188e-15,1.735970240960941,1.9997518452938798
noise_paired,B,0.005,0.001,3,P,completed,False,,,3.0423319074708965e-14,4.9644815802227924e-11,0.7022391461458626,511,547,1.4275888119901696,0.0024122796226700776,0.002246683707166847,2.0060254866618625e-09,0.09125215046204346,True,True,0.0002816038600602856,4.1508309540696404e-16,0.20060254866618618,337.00126425780184,0.004001441910925108,-5.10702591327572e-15,0.004001443916950594,0.1125,5.647454859140412e-05,1.6862053516118777e-11,28.270601543381552,1.9997518452938798
noise_paired,B,0.007,0.001,3,P,completed,False,,,2.1152689289354987e-14,2.4664527315784175e-11,0.5464243113182504,365,391,0.8188250957291067,0.0024122796226700776,0.002246683707166847,2.0060254866618625e-09,0.07479805326735914,True,True,0.0002816038600602856,1.3836103180232134e-16,0.20060254866618624,223.95973772336063,0.0028581727935394763,-4.718447854656915e-15,0.002858174799564963,0.1125,5.647454859140412e-05,4.275857631755521e-12,19.287043432577516,1.9997518452938798
noise_paired,B,0.01,0.001,3,P,completed,False,,,1.6158316883397303e-14,1.317149838795839e-11,0.4661416190366059,255,273,0.7188395085451941,0.0024122796226700776,0.002246683707166847,2.0060254866618625e-09,0.026143464290954415,True,True,0.0002816038600602856,8.301661908139281e-16,0.2006025486661861,144.56756900794298,0.002000720955477986,-1.4155343563970746e-15,0.0020007229615034727,0.1125,5.647454859140412e-05,2.416335952182308e-13,11.372247568707309,1.9997518452938798
noise_paired,B,0.014,0.001,3,P,completed,False,,,1.1498124778792573e-14,6.695170588448867e-12,0.02962844053280912,182,195,0.04514607494228251,0.0024122796226700776,0.002246683707166847,2.0060254866618625e-09,0.012357719263065732,True,True,0.0002816038600602856,4.1508309540696404e-16,0.20060254866618618,74.15190238471904,0.001429086396769974,1.3413117838645405e-10,0.0014290884027954606,0.1125,5.647454859140412e-05,2.8750032790832338e-15,2.029916952331953,1.9997518452938798
noise_paired,B,0.02,0.001,3,P,completed,False,,,9.082779802114258e-15,3.695584249586097e-12,0.035307418737606816,127,136,0.0403628890893597,0.0024122796226700776,0.002246683707166847,2.0060254866618625e-09,0.024393468233424125,True,True,0.0002816038600602856,4.1508309540696404e-16,0.20060254866618618,47.4590240214431,0.0010003604779561248,8.759369465871636e-08,0.0010003624839816114,0.1125,5.647454859140412e-05,2.2990671484846745e-15,1.9230735925519515,1.9997518452938798
noise_paired,B,0.028,0.001,3,P,completed,False,,,4.71289260443287e-15,1.376309791943231e-12,0.06487903053084061,91,98,0.07369594488213027,0.0024122796226700776,0.002246683707166847,2.0060254866618625e-09,0.045486978383029876,True,True,0.0002816038600602856,2.767220636046427e-16,0.2006025486661862,40.70556411336644,0.0007145515978269346,3.2559061457215766e-06,0.0007145536038524212,0.1125,5.647454859140412e-05,3.847578969550232e-15,1.8538303432900471,1.9997518452938798
noise_paired,B,0.04,0.001,3,P,completed,False,,,5.6565480674225235e-15,1.147361120909048e-12,0.11832277863230362,63,68,0.1322213755535387,0.0024122796226700776,0.002246683707166847,2.0060254866618625e-09,0.08499047906273721,True,True,0.0002816038600602856,2.767220636046427e-16,0.2006025486661862,35.130064992198356,0.000502177000382048,3.287256883538481e-05,0.0005021790064075347,0.1125,5.647454859140412e-05,3.169297220430188e-15,1.735970240960941,1.9997518452938798
noise_paired,B,0.005,0.001,4,R,completed,False,,,3.0412487442427066e-14,4.962714072909892e-11,0.59604591727068,511,547,1.2169995135368255,0.0024123951375804387,0.0023139415077045177,2.005311280221524e-09,0.09426691475642442,True,True,0.0003761455229335857,1.3841031010688174e-16,0.2005311280221524,377.0143296131018,0.004000017275202716,-2.7949864644938316e-14,0.004000019280513996,0.125,7.540052444465446e-05,6.917469983585446e-11,27.481780652636512,1.9997518452938798
noise_paired,B,0.007,0.001,4,R,completed,False,,,2.1145158284878026e-14,2.4655745989537838e-11,0.6162775698992582,365,391,1.3258074619033597,0.0024123951375804387,0.0023139415077045177,2.005311280221524e-09,0.07156320190260414,True,True,0.0003761455229335857,2.7682062021376347e-16,0.2005311280221523,221.53276976297562,0.0028571551965901054,-3.469446951953614e-15,0.0028571572019013857,0.125,7.540052444465446e-05,3.2023856928082825e-12,19.416690832346255,1.9997518452938798
noise_paired,B,0.01,0.001,4,R,completed,False,,,1.615256402828161e-14,1.3166808931597968e-11,0.5756680870064339,255,273,0.8351027191433814,0.0024123951375804387,0.0023139415077045177,2.005311280221524e-09,0.031923051809586975,True,True,0.0003761455229335857,5.536412404275269e-16,0.20053112802215226,160.81508806859722,0.0020000086376117943,2.6645352591003757e-15,0.0020000106429230746,0.125,7.540052444465446e-05,1.654989771063288e-12,13.897087129154535,1.9997518452938798
noise_paired,B,0.014,0.001,4,R,completed,False,,,1.1494031094627823e-14,6.692786902904874e-12,0.025184872797674545,182,195,0.03632034153329877,0.0024123951375804387,0.0023139415077045177,2.005311280221524e-09,0.012424918214208644,True,True,0.0003761455229335857,0.0,0.20053112802215237,85.16508373109507,0.0014285775982950388,9.857979432759123e-10,0.0014285796036063191,0.125,7.540052444465446e-05,2.616623770886856e-15,1.982074353737363,1.9997518452938798
noise_paired,B,0.02,0.001,4,R,completed,False,,,9.07954605464994e-15,3.694268508540224e-12,0.035113086872278,127,136,0.039359940763816104,0.0024123951375804387,0.0023139415077045177,2.005311280221524e-09,0.02440238934664552,True,True,0.0003761455229335857,1.3841031010688174e-16,0.2005311280221524,51.448208225407654,0.0010000043188068963,1.3257019408075e-06,0.0010000063241181766,0.125,7.540052444465446e-05,3.732431824307773e-15,1.9266148095638633,1.9997518452938798
noise_paired,B,0.028,0.001,4,R,completed,False,,,4.7112146704918045e-15,1.3758197835540839e-12,0.06471962056767092,91,98,0.07331657107713412,0.0024123951375804387,0.0023139415077045177,2.005311280221524e-09,0.04549513342704221,True,True,0.0003761455229335857,0.0,0.20053112802215237,42.285813075880085,0.0007142890287645254,9.270019310725353e-06,0.0007142910340758056,0.125,7.540052444465446e-05,2.7270879589758947e-15,1.8547077012742292,1.9997518452938798
noise_paired,B,0.04,0.001,4,R,completed,False,,,5.654534163268912e-15,1.1469526252506448e-12,0.11818506416571627,63,68,0.13212510497493948,0.0024123951375804387,0.0023139415077045177,2.005311280221524e-09,0.08501105591959948,True,True,0.0003761455229335857,0.0,0.20053112802215237,35.850681510893324,0.0005003318448479899,5.098595797811689e-05,0.0005003338501592701,0.125,7.540052444465446e-05,3.208619993429981e-15,1.7361848174841947,1.9997518452938798
noise_paired,B,0.005,0.001,4,P,completed,False,,,3.0412487442427066e-14,4.962714072909892e-11,0.59604591727068,511,547,1.2169995135368255,0.0024123959588000844,0.002137365108886015,2.005311280221524e-09,0.09425871153356348,True,True,0.0003761455229335857,1.3841031010688174e-16,0.2005311280221524,377.0143296131018,0.004000017275202716,-2.7949864644938316e-14,0.004000019280513996,0.125,7.540052444465446e-05,6.917469983585446e-11,27.481780652636512,1.9997518452938798
noise_paired,B,0.007,0.001,4,P,completed,False,,,2.1145158284878026e-14,2.4655745989537838e-11,0.6162775698992582,365,391,1.3258074619033597,0.0024123959588000844,0.002137365108886015,2.005311280221524e-09,0.0715526508195606,True,True,0.0003761455229335857,2.7682062021376347e-16,0.2005311280221523,221.53276976297562,0.0028571551965901054,-3.469446951953614e-15,0.0028571572019013857,0.125,7.540052444465446e-05,3.2023856928082825e-12,19.416690832346255,1.9997518452938798
noise_paired,B,0.01,0.001,4,P,completed,False,,,1.615256402828161e-14,1.3166808931597968e-11,0.5756680870064339,255,273,0.8351027191433814,0.0024123959588000844,0.002137365108886015,2.005311280221524e-09,0.03190137495663235,True,True,0.0003761455229335857,5.536412404275269e-16,0.20053112802215226,160.81508806859722,0.0020000086376117943,2.6645352591003757e-15,0.0020000106429230746,0.125,7.540052444465446e-05,1.654989771063288e-12,13.897087129154535,1.9997518452938798
noise_paired,B,0.014,0.001,4,P,completed,False,,,1.1494031094627823e-14,6.692786902904874e-12,0.025184872797674545,182,195,0.03632034153329877,0.0024123959588000844,0.002137365108886015,2.005311280221524e-09,0.012375050670254172,True,True,0.0003761455229335857,0.0,0.20053112802215237,85.16508373109507,0.0014285775982950388,9.857979432759123e-10,0.0014285796036063191,0.125,7.540052444465446e-05,2.616623770886856e-15,1.982074353737363,1.9997518452938798
noise_paired,B,0.02,0.001,4,P,completed,False,,,9.07954605464994e-15,3.694268508540224e-12,0.035113086872278,127,136,0.039359940763816104,0.0024123959588000844,0.002137365108886015,2.005311280221524e-09,0.024377209055759325,True,True,0.0003761455229335857,1.3841031010688174e-16,0.2005311280221524,51.448208225407654,0.0010000043188068963,1.3257019408075e-06,0.0010000063241181766,0.125,7.540052444465446e-05,3.732431824307773e-15,1.9266148095638633,1.9997518452938798
noise_paired,B,0.028,0.001,4,P,completed,False,,,4.7112146704918045e-15,1.3758197835540839e-12,0.06471962056767092,91,98,0.07331657107713412,0.0024123959588000844,0.002137365108886015,2.005311280221524e-09,0.04548135531978411,True,True,0.0003761455229335857,0.0,0.20053112802215237,42.285813075880085,0.0007142890287645254,9.270019310725353e-06,0.0007142910340758056,0.125,7.540052444465446e-05,2.7270879589758947e-15,1.8547077012742292,1.9997518452938798
noise_paired,B,0.04,0.001,4,P,completed,False,,,5.654534163268912e-15,1.1469526252506448e-12,0.11818506416571627,63,68,0.13212510497493948,0.0024123959588000844,0.002137365108886015,2.005311280221524e-09,0.08500277317677428,True,True,0.0003761455229335857,0.0,0.20053112802215237,35.850681510893324,0.0005003318448479899,5.098595797811689e-05,0.0005003338501592701,0.125,7.540052444465446e-05,3.208619993429981e-15,1.7361848174841947,1.9997518452938798
noise_paired,B,0.005,0.001,5,R,completed,False,,,3.0427387907049346e-14,4.965145532869025e-11,0.6380848710748972,511,547,0.9874461290031029,0.002411828604506852,0.0024564354401150875,2.0062937736740626e-09,0.09631902216535512,True,True,0.0004145085637079317,6.917126489607004e-16,0.20062937736740638,363.24052551713544,0.0040019770660890686,-1.8512968935624485e-14,0.004001979072382842,0.1225,8.312813772518944e-05,4.200649563842041e-11,28.400568497101492,1.9997518452938798
noise_paired,B,0.007,0.001,5,R,completed,False,,,2.1155518262290357e-14,2.4667825963974274e-11,0.5584105313043476,365,391,0.9621059997490083,0.002411828604506852,0.0024564354401150875,2.0062937736740626e-09,0.07273627384688484,True,True,0.0004145085637079317,6.917126489607004e-16,0.20062937736740638,246.01165461686392,0.0028585550472262355,-3.1086244689504383e-15,0.002858557053520009,0.1225,8.312813772518944e-05,7.898597864085241e-12,18.188537144710033,1.9997518452938798
noise_paired,B,0.01,0.001,5,R,completed,False,,,1.616047790607007e-14,1.3173259951793044e-11,0.6100265370204009,255,273,1.015370924463101,0.002411828604506852,0.0024564354401150875,2.0062937736740626e-09,0.02675162812894154,True,True,0.0004145085637079317,6.917126489607004e-16,0.20062937736740638,157.01514435302704,0.0020009885330595223,-6.106226635438361e-16,0.0020009905393532958,0.1225,8.312813772518944e-05,2.3945941515177493e-13,13.964321022126402,1.9997518452938798
noise_paired,B,0.014,0.001,5,R,completed,False,,,1.1499662544670083e-14,6.696066004446962e-12,0.030234813775391525,182,195,0.04496807794695619,0.002411828604506852,0.0024564354401150875,2.0062937736740626e-09,0.012348327885687302,True,True,0.0004145085637079317,2.766850595842802e-16,0.2006293773674063,73.8410397681642,0.0014292775236141309,2.55351295663786e-15,0.0014292795299079045,0.1225,8.312813772518944e-05,5.065677947664386e-15,2.0491630730625983,1.9997518452938798
noise_paired,B,0.02,0.001,5,R,completed,False,,,9.083994538353543e-15,3.696078499167295e-12,0.035126721528104136,127,136,0.03834898877516528,0.002411828604506852,0.0024564354401150875,2.0062937736740626e-09,0.024419490746737587,True,True,0.0004145085637079317,4.1502758937642025e-16,0.20062937736740633,46.57202328685855,0.0010004942940261274,4.16771783751102e-10,0.0010004963003199011,0.1225,8.312813772518944e-05,2.8889126692623714e-15,1.9271734302776051,1.9997518452938798
noise_paired,B,0.028,0.001,5,R,completed,False,,,4.7135229094235434e-15,1.3764938604131468e-12,0.06474952143372875,91,98,0.07301289487975136,0.002411828604506852,0.0024564354401150875,2.0062937736740626e-09,0.045501842799912234,True,True,0.0004145085637079317,2.766850595842802e-16,0.2006293773674063,41.537929292742824,0.0007146409665717557,5.484659763854705e-07,0.0007146429728655294,0.1225,8.312813772518944e-05,3.017259646248614e-15,1.8550841628883799,1.9997518452938798
noise_paired,B,0.04,0.001,5,R,completed,False,,,5.657304577442194e-15,1.1475145696508959e-12,0.11820981029175542,63,68,0.1319806657483171,0.002411828604506852,0.0024564354401150875,2.0062937736740626e-09,0.08499814924366164,True,True,0.0004145085637079317,4.1502758937642025e-16,0.20062937736740633,36.15985919750835,0.0005004748615628773,2.01816313188663e-05,0.000500476867856651,0.1225,8.312813772518944e-05,2.8900162602577073e-15,1.7364603037159532,1.9997518452938798
noise_paired,B,0.005,0.001,5,P,completed,False,,,3.0427387907049346e-14,4.965145532869025e-11,0.6380848710748972,511,547,0.9874461290031029,0.0024118295167822375,0.0022723966021621815,2.0062937736740626e-09,0.09630975282332227,True,True,0.0004145085637079317,6.917126489607004e-16,0.20062937736740638,363.24052551713544,0.0040019770660890686,-1.8512968935624485e-14,0.004001979072382842,0.1225,8.312813772518944e-05,4.200649563842041e-11,28.400568497101492,1.9997518452938798
noise_paired,B,0.007,0.001,5,P,completed,False,,,2.1155518262290357e-14,2.4667825963974274e-11,0.5584105313043476,365,391,0.9621059997490083,0.0024118295167822375,0.0022723966021621815,2.0062937736740626e-09,0.0727246148551974,True,True,0.0004145085637079317,6.917126489607004e-16,0.20062937736740638,246.01165461686392,0.0028585550472262355,-3.1086244689504383e-15,0.002858557053520009,0.1225,8.312813772518944e-05,7.898597864085241e-12,18.188537144710033,1.9997518452938798
noise_paired,B,0.01,0.001,5,P,completed,False,,,1.616047790607007e-14,1.3173259951793044e-11,0.6100265370204009,255,273,1.015370924463101,0.0024118295167822375,0.0022723966021621815,2.0062937736740626e-09,0.02672212823609618,True,True,0.0004145085637079317,6.917126489607004e-16,0.20062937736740638,157.01514435302704,0.0020009885330595223,-6.106226635438361e-16,0.0020009905393532958,0.1225,8.312813772518944e-05,2.3945941515177493e-13,13.964321022126402,1.9997518452938798
noise_paired,B,0.014,0.001,5,P,completed,False,,,1.1499662544670083e-14,6.696066004446962e-12,0.030234813775391525,182,195,0.04496807794695619,0.0024118295167822375,0.0022723966021621815,2.0062937736740626e-09,0.012291284333685603,True,True,0.0004145085637079317,2.766850595842802e-16,0.2006293773674063,73.8410397681642,0.0014292775236141309,2.55351295663786e-15,0.0014292795299079045,0.1225,8.312813772518944e-05,5.065677947664386e-15,2.0491630730625983,1.9997518452938798
noise_paired,B,0.02,0.001,5,P,completed,False,,,9.083994538353543e-15,3.696078499167295e-12,0.035126721528104136,127,136,0.03834898877516528,0.0024118295167822375,0.0022723966021621815,2.0062937736740626e-09,0.024392383105158386,True,True,0.0004145085637079317,4.1502758937642025e-16,0.20062937736740633,46.57202328685855,0.0010004942940261274,4.16771783751102e-10,0.0010004963003199011,0.1225,8.312813772518944e-05,2.8889126692623714e-15,1.9271734302776051,1.9997518452938798
noise_paired,B,0.028,0.001,5,P,completed,False,,,4.7135229094235434e-15,1.3764938604131468e-12,0.06474952143372875,91,98,0.07301289487975136,0.0024118295167822375,0.0022723966021621815,2.0062937736740626e-09,0.04548706779507703,True,True,0.0004145085637079317,2.766850595842802e-16,0.2006293773674063,41.537929292742824,0.0007146409665717557,5.484659763854705e-07,0.0007146429728655294,0.1225,8.312813772518944e-05,3.017259646248614e-15,1.8550841628883799,1.9997518452938798
noise_paired,B,0.04,0.001,5,P,completed,False,,,5.657304577442194e-15,1.1475145696508959e-12,0.11820981029175542,63,68,0.1319806657483171,0.0024118295167822375,0.0022723966021621815,2.0062937736740626e-09,0.08498898921541985,True,True,0.0004145085637079317,4.1502758937642025e-16,0.20062937736740633,36.15985919750835,0.0005004748615628773,2.01816313188663e-05,0.000500476867856651,0.1225,8.312813772518944e-05,2.8900162602577073e-15,1.7364603037159532,1.9997518452938798
noise_paired,B,0.005,0.001,6,R,completed,False,,,3.041969708576354e-14,4.9638905435459854e-11,0.540784692896457,511,547,0.7394126158728195,0.00241214487754583,0.002555739516362457,2.0057866632080806e-09,0.09488222906138839,True,True,0.0004006880638055626,6.918875303327698e-16,0.2005786663208079,298.32889247584797,0.004000965527068134,1.3600232051658168e-15,0.004000967532854798,0.12,8.03372872567322e-05,4.739771302309508e-11,26.95163631320942,1.9997518452938798
noise_paired,B,0.007,0.001,6,R,completed,False,,,2.1150170997166548e-14,2.466159092856545e-11,0.6228322088873712,365,391,1.2370741123622713,0.00241214487754583,0.002555739516362457,2.0057866632080806e-09,0.07174486829217176,True,True,0.0004006880638055626,1.3837750606655394e-16,0.200578666320808,207.50083020695328,0.0028578325193490683,-3.941291737419306e-15,0.0028578345251357314,0.12,8.03372872567322e-05,3.354457536059276e-12,19.026963174547955,1.9997518452938798
noise_paired,B,0.01,0.001,6,R,completed,False,,,1.6156393186479666e-14,1.3169930280894238e-11,0.39100196661173997,255,273,0.5793442836255353,0.00241214487754583,0.002555739516362457,2.0057866632080806e-09,0.027177709705035837,True,True,0.0004006880638055626,1.3837750606655394e-16,0.20057866632080806,137.6957474599297,0.002000482763545419,-4.440892098500626e-16,0.0020004847693320823,0.12,8.03372872567322e-05,2.304731269085988e-13,10.030417857050292,1.9997518452938798
noise_paired,B,0.014,0.001,6,R,completed,False,,,1.1496755891961399e-14,6.694373507965977e-12,0.02683120299632322,182,195,0.043314071690163526,0.00241214487754583,0.002555739516362457,2.0057866632080806e-09,0.012445416733952098,True,True,0.0004006880638055626,0.0,0.20057866632080804,75.87257465510805,0.001428916259674562,5.1172399651022715e-12,0.0014289182654612252,0.12,8.03372872567322e-05,3.591312010650262e-15,1.9957596258348005,1.9997518452938798
noise_paired,B,0.02,0.001,6,R,completed,False,,,9.081698469470827e-15,3.69514427900741e-12,0.03540733395955525,127,136,0.040791411615132146,0.00241214487754583,0.002555739516362457,2.0057866632080806e-09,0.02440668694010095,True,True,0.0004006880638055626,0.0,0.20057866632080804,46.99744228538481,0.001000241381771988,9.338459702745716e-08,0.0010002433875586512,0.12,8.03372872567322e-05,3.0794840801065346e-15,1.9220317186481841,1.9997518452938798
noise_paired,B,0.028,0.001,6,R,completed,False,,,4.7123315201911295e-15,1.37614593806392e-12,0.06496097849430844,91,98,0.07375270428809776,0.00241214487754583,0.002555739516362457,2.0057866632080806e-09,0.04546430574246603,True,True,0.0004006880638055626,1.3837750606655394e-16,0.200578666320808,40.841287836591654,0.0007144581309582454,3.206165379104897e-06,0.0007144601367449086,0.12,8.03372872567322e-05,2.491171629966838e-15,1.8535838777350973,1.9997518452938798
noise_paired,B,0.04,0.001,6,R,completed,False,,,5.655874638119193e-15,1.1472245240674559e-12,0.1183239663159576,63,68,0.13227846465404383,0.00241214487754583,0.002555739516362457,2.0057866632080806e-09,0.08494707137577942,True,True,0.0004006880638055626,1.3837750606655394e-16,0.200578666320808,34.36021095303607,0.0005001471826205917,5.203227559466561e-05,0.0005001491884072548,0.12,8.03372872567322e-05,2.9168680284861293e-15,1.7358750325470906,1.9997518452938798
noise_paired,B,0.005,0.001,6,P,completed,False,,,3.041969708576354e-14,4.9638905435459854e-11,0.540784692896457,511,547,0.7394126158728195,0.0024121457261236092,0.0024003519719015686,2.0057866632080806e-09,0.09487469019240094,True,True,0.0004006880638055626,6.918875303327698e-16,0.2005786663208079,298.32889247584797,0.004000965527068134,1.3600232051658168e-15,0.004000967532854798,0.12,8.03372872567322e-05,4.739771302309508e-11,26.95163631320942,1.9997518452938798
noise_paired,B,0.007,0.001,6,P,completed,False,,,2.1150170997166548e-14,2.466159092856545e-11,0.6228322088873712,365,391,1.2370741123622713,0.0024121457261236092,0.0024003519719015686,2.0057866632080806e-09,0.07173523056162227,True,True,0.0004006880638055626,1.3837750606655394e-16,0.200578666320808,207.50083020695328,0.0028578325193490683,-3.941291737419306e-15,0.0028578345251357314,0.12,8.03372872567322e-05,3.354457536059276e-12,19.026963174547955,1.9997518452938798
noise_paired,B,0.01,0.001,6,P,completed,False,,,1.6156393186479666e-14,1.3169930280894238e-11,0.39100196661173997,255,273,0.5793442836255353,0.0024121457261236092,0.0024003519719015686,2.0057866632080806e-09,0.0271540167874231,True,True,0.0004006880638055626,1.3837750606655394e-16,0.20057866632080806,137.6957474599297,0.002000482763545419,-4.440892098500626e-16,0.0020004847693320823,0.12,8.03372872567322e-05,2.304731269085988e-13,10.030417857050292,1.9997518452938798
noise_paired,B,0.014,0.001,6,P,completed,False,,,1.1496755891961399e-14,6.694373507965977e-12,0.02683120299632322,182,195,0.043314071690163526,0.0024121457261236092,0.0024003519719015686,2.0057866632080806e-09,0.012396673240408027,True,True,0.0004006880638055626,0.0,0.20057866632080804,75.87257465510805,0.001428916259674562,5.1172399651022715e-12,0.0014289182654612252,0.12,8.03372872567322e-05,3.591312010650262e-15,1.9957596258348005,1.9997518452938798
noise_paired,B,0.02,0.001,6,P,completed,False,,,9.081698469470827e-15,3.69514427900741e-12,0.03540733395955525,127,136,0.040791411615132146,0.0024121457261236092,0.0024003519719015686,2.0057866632080806e-09,0.024382716539945566,True,True,0.0004006880638055626,0.0,0.20057866632080804,46.99744228538481,0.001000241381771988,9.338459702745716e-08,0.0010002433875586512,0.12,8.03372872567322e-05,3.0794840801065346e-15,1.9220317186481841,1.9997518452938798
noise_paired,B,0.028,0.001,6,P,completed,False,,,4.7123315201911295e-15,1.37614593806392e-12,0.06496097849430844,91,98,0.07375270428809776,0.0024121457261236092,0.0024003519719015686,2.0057866632080806e-09,0.04545125479377506,True,True,0.0004006880638055626,1.3837750606655394e-16,0.200578666320808,40.841287836591654,0.0007144581309582454,3.206165379104897e-06,0.0007144601367449086,0.12,8.03372872567322e-05,2.491171629966838e-15,1.8535838777350973,1.9997518452938798
noise_paired,B,0.04,0.001,6,P,completed,False,,,5.655874638119193e-15,1.1472245240674559e-12,0.1183239663159576,63,68,0.13227846465404383,0.0024121457261236092,0.0024003519719015686,2.0057866632080806e-09,0.08493942092238453,True,True,0.0004006880638055626,1.3837750606655394e-16,0.200578666320808,34.36021095303607,0.0005001471826205917,5.203227559466561e-05,0.0005001491884072548,0.12,8.03372872567322e-05,2.9168680284861293e-15,1.7358750325470906,1.9997518452938798
noise_paired,B,0.005,0.001,7,R,completed,False,,,3.0422807754436957e-14,4.964398142907299e-11,0.7476818756432109,511,547,1.5037362489727728,0.0024121386232150033,0.0023838101763473426,2.005991771685039e-09,0.09437831120085907,True,True,0.0004755867514496738,6.91816786275104e-16,0.20059917716850376,325.56637060597103,0.0040013746592874044,-2.0733414984874798e-14,0.004001376665279176,0.13,9.535696050599177e-05,6.843235366518601e-13,29.567283810387217,1.9997518452938798
noise_paired,B,0.007,0.001,7,R,completed,False,,,2.1152333779201256e-14,2.4664112782682604e-11,0.588736200077774,365,391,1.1992995021797763,0.0024121386232150033,0.0023838101763473426,2.005991771685039e-09,0.07491328067726562,True,True,0.0004755867514496738,0.0,0.2005991771685039,214.60081595777186,0.002858124756647762,-4.440892098500626e-15,0.0028581267626395335,0.13,9.535696050599177e-05,1.0608284724330672e-10,19.602363146649736,1.9997518452938798
noise_paired,B,0.01,0.001,7,R,completed,False,,,1.6158045312929802e-14,1.3171277016512296e-11,0.4327298117475121,255,273,0.6271740586861115,0.0024121386232150033,0.0023838101763473426,2.005991771685039e-09,0.025361993211648632,True,True,0.0004755867514496738,0.0,0.2005991771685039,163.5513311313914,0.002000687329654638,-8.049116928532385e-16,0.0020006893356464095,0.13,9.535696050599177e-05,2.8913384164028756e-13,11.887334890911163,1.9997518452938798
noise_paired,B,0.014,0.001,7,R,completed,False,,,1.1497931531491873e-14,6.695058063696454e-12,0.025294606148914645,182,195,0.028669151993748164,0.0024121386232150033,0.0023838101763473426,2.005991771685039e-09,0.012398848261043881,True,True,0.0004755867514496738,0.0,0.2005991771685039,73.19727707288997,0.0014290623783241307,2.609024107869118e-14,0.0014290643843159025,0.13,9.535696050599177e-05,3.4250741422738595e-15,1.9650487754510721,1.9997518452938798
noise_paired,B,0.02,0.001,7,R,completed,False,,,9.082627149163157e-15,3.695522138442369e-12,0.03544742831478063,127,136,0.03993346799605607,0.0024121386232150033,0.0023838101763473426,2.005991771685039e-09,0.024379287376947414,True,True,0.0004755867514496738,0.0,0.2005991771685039,49.44332457218399,0.0010003436652353814,7.348048669530982e-09,0.0010003456712271532,0.13,9.535696050599177e-05,3.570381356698013e-15,1.9253028041146778,1.9997518452938798
noise_paired,B,0.028,0.001,7,R,completed,False,,,4.7128133955364786e-15,1.3762866605059457e-12,0.06501466740971486,91,98,0.07349474031943046,0.0024121386232150033,0.0023838101763473426,2.005991771685039e-09,0.045444944466777736,True,True,0.0004755867514496738,1.3836335725502078e-16,0.20059917716850387,42.55711037303754,0.0007145314630720156,2.3813934516558888e-06,0.0007145334690637873,0.13,9.535696050599177e-05,3.4406694127450684e-15,1.854088430929048,1.9997518452938798
noise_paired,B,0.04,0.001,7,R,completed,False,,,5.6564529986468465e-15,1.147341837378576e-12,0.11839523326099918,63,68,0.13225101925611035,0.0024121386232150033,0.0023838101763473426,2.005991771685039e-09,0.08492640084666907,True,True,0.0004755867514496738,1.3836335725502078e-16,0.20059917716850392,34.24650274530135,0.0005002121282392524,4.282254196905089e-05,0.0005002141342310241,0.13,9.535696050599177e-05,2.5212284308102217e-15,1.7358903341822618,1.9997518452938798
noise_paired,B,0.005,0.001,7,P,completed,False,,,3.0422807754436957e-14,4.964398142907299e-11,0.7476818756432109,511,547,1.5037362489727728,0.0024121397537141677,0.002157345587034326,2.005991771685039e-09,0.09436824674553444,True,True,0.0004755867514496738,6.91816786275104e-16,0.20059917716850376,325.56637060597103,0.0040013746592874044,-2.0733414984874798e-14,0.004001376665279176,0.13,9.535696050599177e-05,6.843235366518601e-13,29.567283810387217,1.9997518452938798
noise_paired,B,0.007,0.001,7,P,completed,False,,,2.1152333779201256e-14,2.4664112782682604e-11,0.588736200077774,365,391,1.1992995021797763,0.0024121397537141677,0.002157345587034326,2.005991771685039e-09,0.07490097368034664,True,True,0.0004755867514496738,0.0,0.2005991771685039,214.60081595777186,0.002858124756647762,-4.440892098500626e-15,0.0028581267626395335,0.13,9.535696050599177e-05,1.0608284724330672e-10,19.602363146649736,1.9997518452938798
noise_paired,B,0.01,0.001,7,P,completed,False,,,1.6158045312929802e-14,1.3171277016512296e-11,0.4327298117475121,255,273,0.6271740586861115,0.0024121397537141677,0.002157345587034326,2.005991771685039e-09,0.02532825035123413,True,True,0.0004755867514496738,0.0,0.2005991771685039,163.5513311313914,0.002000687329654638,-8.049116928532385e-16,0.0020006893356464095,0.13,9.535696050599177e-05,2.8913384164028756e-13,11.887334890911163,1.9997518452938798
noise_paired,B,0.014,0.001,7,P,completed,False,,,1.1497931531491873e-14,6.695058063696454e-12,0.025294606148914645,182,195,0.028669151993748164,0.0024121397537141677,0.002157345587034326,2.005991771685039e-09,0.012334950067781032,True,True,0.0004755867514496738,0.0,0.2005991771685039,73.19727707288997,0.0014290623783241307,2.609024107869118e-14,0.0014290643843159025,0.13,9.535696050599177e-05,3.4250741422738595e-15,1.9650487754510721,1.9997518452938798
noise_paired,B,0.02,0.001,7,P,completed,False,,,9.082627149163157e-15,3.695522138442369e-12,0.03544742831478063,127,136,0.03993346799605607,0.0024121397537141677,0.002157345587034326,2.005991771685039e-09,0.024347308795950175,True,True,0.0004755867514496738,0.0,0.2005991771685039,49.44332457218399,0.0010003436652353814,7.348048669530982e-09,0.0010003456712271532,0.13,9.535696050599177e-05,3.570381356698013e-15,1.9253028041146778,1.9997518452938798
noise_paired,B,0.028,0.001,7,P,completed,False,,,4.7128133955364786e-15,1.3762866605059457e-12,0.06501466740971486,91,98,0.07349474031943046,0.0024121397537141677,0.002157345587034326,2.005991771685039e-09,0.04542774687300375,True,True,0.0004755867514496738,1.3836335725502078e-16,0.20059917716850387,42.55711037303754,0.0007145314630720156,2.3813934516558888e-06,0.0007145334690637873,0.13,9.535696050599177e-05,3.4406694127450684e-15,1.854088430929048,1.9997518452938798
noise_paired,B,0.04,0.001,7,P,completed,False,,,5.6564529986468465e-15,1.147341837378576e-12,0.11839523326099918,63,68,0.13225101925611035,0.0024121397537141677,0.002157345587034326,2.005991771685039e-09,0.08491630412076613,True,True,0.0004755867514496738,1.3836335725502078e-16,0.20059917716850392,34.24650274530135,0.0005002121282392524,4.282254196905089e-05,0.0005002141342310241,0.13,9.535696050599177e-05,2.5212284308102217e-15,1.7358903341822618,1.9997518452938798
noise_paired,B,0.005,0.001,8,R,completed,False,,,3.042839572135156e-14,4.965309988151744e-11,0.5983995189949622,511,547,0.8428267799129411,0.0024117240744759055,0.002396901056844834,2.006360226028295e-09,0.09487158685299694,True,True,0.00034671392951497385,6.916897388504523e-16,0.20063602260282934,337.24396974674147,0.004002109619365535,-2.6645352591003757e-14,0.004002111625725761,0.1275,6.953919359183618e-05,6.359806340857493e-11,28.034060491252546,1.9997518452938798
noise_paired,B,0.007,0.001,8,R,completed,False,,,2.115621897422596e-14,2.466864301037626e-11,0.6517343091351988,365,391,1.183527336869362,0.0024117240744759055,0.002396901056844834,2.006360226028295e-09,0.06655343207646702,True,True,0.00034671392951497385,9.683656343906331e-16,0.20063602260282967,188.81845849492998,0.002858649728133794,-8.1601392309949e-15,0.00285865173449402,0.1275,6.953919359183618e-05,2.569602772012633e-13,18.684216765950488,1.9997518452938798
noise_paired,B,0.01,0.001,8,R,completed,False,,,1.6161013172548222e-14,1.317369627579913e-11,0.5114392359759226,255,273,0.7476105729440778,0.0024117240744759055,0.002396901056844834,2.006360226028295e-09,0.025318113453478935,True,True,0.00034671392951497385,4.150138433102714e-16,0.2006360226028294,148.28261583550182,0.002001054809694397,2.7755575615628914e-16,0.002001056816054623,0.1275,6.953919359183618e-05,3.4656300440318257e-13,11.57279492708763,1.9997518452938798
noise_paired,B,0.014,0.001,8,R,completed,False,,,1.1500043435873054e-14,6.696287791184243e-12,0.027998887281832342,182,195,0.04867417890544246,0.0024117240744759055,0.002396901056844834,2.006360226028295e-09,0.012391223844465364,True,True,0.00034671392951497385,4.150138433102714e-16,0.20063602260282956,85.61761923195782,0.0014293248640675216,2.950528710243816e-12,0.0014293268704277475,0.1275,6.953919359183618e-05,2.7437273770538248e-15,1.985227640133767,1.9997518452938798
noise_paired,B,0.02,0.001,8,R,completed,False,,,9.084295417931014e-15,3.696200920480126e-12,0.03486226961778965,127,136,0.04102175438233978,0.0024117240744759055,0.002396901056844834,2.006360226028295e-09,0.02443487757297092,True,True,0.00034671392951497385,2.7667589554018093e-16,0.20063602260282953,44.257688743327826,0.0010005274058084712,7.613532246319998e-08,0.0010005294121686972,0.1275,6.953919359183618e-05,4.415870406546387e-15,1.9215871086190541,1.9997518452938798
noise_paired,B,0.028,0.001,8,R,completed,False,,,4.713679030475291e-15,1.3765394525685984e-12,0.06451641039166071,91,98,0.07326989520762865,0.0024117240744759055,0.002396901056844834,2.006360226028295e-09,0.04553033437989597,True,True,0.00034671392951497385,2.7667589554018093e-16,0.20063602260282953,40.989128599199425,0.000714664603214149,5.2086112003746354e-06,0.0007146666095743751,0.1275,6.953919359183618e-05,3.5292653438435527e-15,1.8549488723671523,1.9997518452938798
noise_paired,B,0.04,0.001,8,R,completed,False,,,5.6574919583794785e-15,1.1475525775666208e-12,0.1180399058015845,63,68,0.13183745603832261,0.0024117240744759055,0.002396901056844834,2.006360226028295e-09,0.0850535233405791,True,True,0.00034671392951497385,2.7667589554018093e-16,0.20063602260282953,34.57386623163668,0.0005003526561544736,7.698381845491764e-05,0.0005003546625146996,0.1275,6.953919359183618e-05,3.8540172479084575e-15,1.7367384364017635,1.9997518452938798
noise_paired,B,0.005,0.001,8,P,completed,False,,,3.042839572135156e-14,4.965309988151744e-11,0.5983995189949622,511,547,0.8428267799129411,0.0024117247155880438,0.00225629484553387,2.006360226028295e-09,0.09486351757511025,True,True,0.00034671392951497385,6.916897388504523e-16,0.20063602260282934,337.24396974674147,0.004002109619365535,-2.6645352591003757e-14,0.004002111625725761,0.1275,6.953919359183618e-05,6.359806340857493e-11,28.034060491252546,1.9997518452938798
noise_paired,B,0.007,0.001,8,P,completed,False,,,2.115621897422596e-14,2.466864301037626e-11,0.6517343091351988,365,391,1.183527336869362,0.0024117247155880438,0.00225629484553387,2.006360226028295e-09,0.06654251614855257,True,True,0.00034671392951497385,9.683656343906331e-16,0.20063602260282967,188.81845849492998,0.002858649728133794,-8.1601392309949e-15,0.00285865173449402,0.1275,6.953919359183618e-05,2.569602772012633e-13,18.684216765950488,1.9997518452938798
noise_paired,B,0.01,0.001,8,P,completed,False,,,1.6161013172548222e-14,1.317369627579913e-11,0.5114392359759226,255,273,0.7476105729440778,0.0024117247155880438,0.00225629484553387,2.006360226028295e-09,0.025292627557416507,True,True,0.00034671392951497385,4.150138433102714e-16,0.2006360226028294,148.28261583550182,0.002001054809694397,2.7755575615628914e-16,0.002001056816054623,0.1275,6.953919359183618e-05,3.4656300440318257e-13,11.57279492708763,1.9997518452938798
noise_paired,B,0.014,0.001,8,P,completed,False,,,1.1500043435873054e-14,6.696287791184243e-12,0.027998887281832342,182,195,0.04867417890544246,0.0024117247155880438,0.00225629484553387,2.006360226028295e-09,0.012345726129271447,True,True,0.00034671392951497385,4.150138433102714e-16,0.20063602260282956,85.61761923195782,0.0014293248640675216,2.950528710243816e-12,0.0014293268704277475,0.1275,6.953919359183618e-05,2.7437273770538248e-15,1.985227640133767,1.9997518452938798
noise_paired,B,0.02,0.001,8,P,completed,False,,,9.084295417931014e-15,3.696200920480126e-12,0.03486226961778965,127,136,0.04102175438233978,0.0024117247155880438,0.00225629484553387,2.006360226028295e-09,0.02441280053183024,True,True,0.00034671392951497385,2.7667589554018093e-16,0.20063602260282953,44.257688743327826,0.0010005274058084712,7.613532246319998e-08,0.0010005294121686972,0.1275,6.953919359183618e-05,4.415870406546387e-15,1.9215871086190541,1.9997518452938798
noise_paired,B,0.028,0.001,8,P,completed,False,,,4.713679030475291e-15,1.3765394525685984e-12,0.06451641039166071,91,98,0.07326989520762865,0.0024117247155880438,0.00225629484553387,2.006360226028295e-09,0.04551794266436448,True,True,0.00034671392951497385,2.7667589554018093e-16,0.20063602260282953,40.989128599199425,0.000714664603214149,5.2086112003746354e-06,0.0007146666095743751,0.1275,6.953919359183618e-05,3.5292653438435527e-15,1.8549488723671523,1.9997518452938798
noise_paired,B,0.04,0.001,8,P,completed,False,,,5.6574919583794785e-15,1.1475525775666208e-12,0.1180399058015845,63,68,0.13183745603832261,0.0024117247155880438,0.00225629484553387,2.006360226028295e-09,0.08504574938776314,True,True,0.00034671392951497385,2.7667589554018093e-16,0.20063602260282953,34.57386623163668,0.0005003526561544736,7.698381845491764e-05,0.0005003546625146996,0.1275,6.953919359183618e-05,3.8540172479084575e-15,1.7367384364017635,1.9997518452938798
noise_paired,B,0.005,0.001,9,R,completed,False,,,3.041909048324368e-14,4.9637915580595914e-11,0.7422450953316789,511,547,1.4962771136014887,0.0024120269218287074,0.0023920428066066383,2.005746665595982e-09,0.09059716623917355,True,True,0.00039923900910217644,0.0,0.20057466655959819,314.34557538905625,0.0040008857433673495,-1.0519363158323358e-14,0.0040008877491140155,0.125,8.004527393238671e-05,1.6576124777703222e-11,28.805968701797557,1.9997518452938798
noise_paired,B,0.007,0.001,9,R,completed,False,,,2.1149749239284277e-14,2.4661099149072755e-11,0.6316397875043419,365,391,1.1282804315898705,0.0024120269218287074,0.0023920428066066383,2.005746665595982e-09,0.07181602016116916,True,True,0.00039923900910217644,2.7676053104524744e-16,0.20057466655959824,224.6005470873317,0.002857775530996115,-3.58046925441613e-15,0.0028577775367427806,0.125,8.004527393238671e-05,1.7539750729190384e-10,20.5875581708971,1.9997518452938798
noise_paired,B,0.01,0.001,9,R,completed,False,,,1.615607101006906e-14,1.316966765786837e-11,0.5533734498037267,255,273,0.8076567161120621,0.0024120269218287074,0.0023920428066066383,2.005746665595982e-09,0.03165432057937148,True,True,0.00039923900910217644,1.3838026552262372e-16,0.20057466655959816,150.156120618446,0.002000442871698954,1.1934897514720433e-15,0.0020004448774456197,0.125,8.004527393238671e-05,2.0272685118649121e-13,13.517551929903558,1.9997518452938798
noise_paired,B,0.014,0.001,9,R,completed,False,,,1.1496526633889744e-14,6.694240014728773e-12,0.024087852961615048,182,195,0.03540584700363995,0.0024120269218287074,0.0023920428066066383,2.005746665595982e-09,0.012512751850470447,True,True,0.00039923900910217644,4.1514079656787114e-16,0.2005746665595981,75.94071170994214,0.0014288877654990984,1.3861148340232887e-10,0.001428889771245764,0.125,8.004527393238671e-05,3.2270369713134134e-15,1.9655153576335733,1.9997518452938798
noise_paired,B,0.02,0.001,9,R,completed,False,,,9.08151737032442e-15,3.695070593729593e-12,0.03478062758838898,127,136,0.03992672475505889,0.0024120269218287074,0.0023920428066066383,2.005746665595982e-09,0.024450716253364264,True,True,0.00039923900910217644,1.3838026552262372e-16,0.20057466655959816,50.10796077861492,0.0010002214358503514,5.052861220267157e-07,0.001000223441597017,0.125,8.004527393238671e-05,3.821274474424972e-15,1.924606359197332,1.9997518452938798
noise_paired,B,0.028,0.001,9,R,completed,False,,,4.712237551070843e-15,1.37611849618666e-12,0.06442646431434193,91,98,0.07313080328520496,0.0024120269218287074,0.0023920428066066383,2.005746665595982e-09,0.04555462583296647,True,True,0.00039923900910217644,0.0,0.20057466655959819,41.86874512794532,0.0007144439284595128,1.1813329606730205e-05,0.0007144459342061783,0.125,8.004527393238671e-05,4.589732767255569e-15,1.8548871232876265,1.9997518452938798
noise_paired,B,0.04,0.001,9,R,completed,False,,,5.6557618537019845e-15,1.1472016471372494e-12,0.11794102472316739,63,68,0.13188628110192163,0.0024120269218287074,0.0023920428066066383,2.005746665595982e-09,0.08509646936139806,True,True,0.00039923900910217644,1.3838026552262372e-16,0.20057466655959816,34.957268916412204,0.0005002426139381899,6.84907224385023e-05,0.0005002446196848555,0.125,8.004527393238671e-05,3.306976041004441e-15,1.7366454893328889,1.9997518452938798
noise_paired,B,0.005,0.001,9,P,completed,False,,,3.041909048324368e-14,4.9637915580595914e-11,0.7422450953316789,511,547,1.4962771136014887,0.0024120277785545296,0.0022207207307690375,2.005746665595982e-09,0.09058853959186887,True,True,0.00039923900910217644,0.0,0.20057466655959819,314.34557538905625,0.0040008857433673495,-1.0519363158323358e-14,0.0040008877491140155,0.125,8.004527393238671e-05,1.6576124777703222e-11,28.805968701797557,1.9997518452938798
noise_paired,B,0.007,0.001,9,P,completed,False,,,2.1149749239284277e-14,2.4661099149072755e-11,0.6316397875043419,365,391,1.1282804315898705,0.0024120277785545296,0.0022207207307690375,2.005746665595982e-09,0.07180552033863029,True,True,0.00039923900910217644,2.7676053104524744e-16,0.20057466655959824,224.6005470873317,0.002857775530996115,-3.58046925441613e-15,0.0028577775367427806,0.125,8.004527393238671e-05,1.7539750729190384e-10,20.5875581708971,1.9997518452938798
noise_paired,B,0.01,0.001,9,P,completed,False,,,1.615607101006906e-14,1.316966765786837e-11,0.5533734498037267,255,273,0.8076567161120621,0.0024120277785545296,0.0022207207307690375,2.005746665595982e-09,0.03163179396035451,True,True,0.00039923900910217644,1.3838026552262372e-16,0.20057466655959816,150.156120618446,0.002000442871698954,1.1934897514720433e-15,0.0020004448774456197,0.125,8.004527393238671e-05,2.0272685118649121e-13,13.517551929903558,1.9997518452938798
noise_paired,B,0.014,0.001,9,P,completed,False,,,1.1496526633889744e-14,6.694240014728773e-12,0.024087852961615048,182,195,0.03540584700363995,0.0024120277785545296,0.0022207207307690375,2.005746665595982e-09,0.01246232843418764,True,True,0.00039923900910217644,4.1514079656787114e-16,0.2005746665595981,75.94071170994214,0.0014288877654990984,1.3861148340232887e-10,0.001428889771245764,0.125,8.004527393238671e-05,3.2270369713134134e-15,1.9655153576335733,1.9997518452938798
noise_paired,B,0.02,0.001,9,P,completed,False,,,9.08151737032442e-15,3.695070593729593e-12,0.03478062758838898,127,136,0.03992672475505889,0.0024120277785545296,0.0022207207307690375,2.005746665595982e-09,0.024425002064510454,True,True,0.00039923900910217644,1.3838026552262372e-16,0.20057466655959816,50.10796077861492,0.0010002214358503514,5.052861220267157e-07,0.001000223441597017,0.125,8.004527393238671e-05,3.821274474424972e-15,1.924606359197332,1.9997518452938798
noise_paired,B,0.028,0.001,9,P,completed,False,,,4.712237551070843e-15,1.37611849618666e-12,0.06442646431434193,91,98,0.07313080328520496,0.0024120277785545296,0.0022207207307690375,2.005746665595982e-09,0.04554076264975964,True,True,0.00039923900910217644,0.0,0.20057466655959819,41.86874512794532,0.0007144439284595128,1.1813329606730205e-05,0.0007144459342061783,0.125,8.004527393238671e-05,4.589732767255569e-15,1.8548871232876265,1.9997518452938798
noise_paired,B,0.04,0.001,9,P,completed,False,,,5.6557618537019845e-15,1.1472016471372494e-12,0.11794102472316739,63,68,0.13188628110192163,0.0024120277785545296,0.0022207207307690375,2.005746665595982e-09,0.08508827378952662,True,True,0.00039923900910217644,1.3838026552262372e-16,0.20057466655959816,34.957268916412204,0.0005002426139381899,6.84907224385023e-05,0.0005002446196848555,0.125,8.004527393238671e-05,3.306976041004441e-15,1.7366454893328889,1.9997518452938798
noise_paired,B,0.005,0.001,10,R,completed,False,,,3.0433016533394715e-14,4.9660640129252264e-11,0.6139606841880132,511,547,1.1074160058664855,0.0024115677326221937,0.002366697549951578,2.006664908982343e-09,0.09548610584475754,True,True,0.00038978162234163907,6.915847157985344e-16,0.20066649089823416,333.17256781825165,0.004002717373929071,-4.243827511629661e-14,0.00400271938059398,0.135,7.818563504824484e-05,6.312057083928958e-11,28.057202240407833,1.9997518452938798
noise_paired,B,0.007,0.001,10,R,completed,False,,,2.115943172695597e-14,2.467238915472624e-11,0.5398695116479401,365,391,0.8535655310000888,0.0024115677326221937,0.002366697549951578,2.006664908982343e-09,0.07396993085285383,True,True,0.00038978162234163907,0.0,0.2006664908982343,201.13655659601955,0.002859083838535864,-5.162537064506978e-15,0.002859085845200773,0.135,7.818563504824484e-05,1.6154549615612006e-11,18.818810789275258,1.9997518452938798
noise_paired,B,0.01,0.001,10,R,completed,False,,,1.6163467360569868e-14,1.3175696814209417e-11,0.4550966422196256,255,273,0.6640445649056419,0.0024115677326221937,0.002366697549951578,2.006664908982343e-09,0.02357196693675596,True,True,0.00038978162234163907,1.383169431597069e-16,0.20066649089823427,155.09715240025926,0.0020013586869756794,-4.440892098500626e-15,0.0020013606936405883,0.135,7.818563504824484e-05,3.919453465208767e-13,11.12843720962939,1.9997518452938798
noise_paired,B,0.014,0.001,10,R,completed,False,,,1.1501789815790414e-14,6.697304679736412e-12,0.033324874200737355,182,195,0.05073249187523393,0.0024115677326221937,0.002366697549951578,2.006664908982343e-09,0.012455937397333245,True,True,0.00038978162234163907,1.383169431597069e-16,0.20066649089823427,70.92445003238902,0.0014295419192675296,3.574891493940413e-10,0.0014295439259324385,0.135,7.818563504824484e-05,3.2153722813784204e-15,2.0346354826789566,1.9997518452938798
noise_paired,B,0.02,0.001,10,R,completed,False,,,9.085674945857991e-15,3.696762220191214e-12,0.0351789905430279,127,136,0.03902260886805189,0.0024115677326221937,0.002366697549951578,2.006664908982343e-09,0.024402746885003424,True,True,0.00038978162234163907,1.383169431597069e-16,0.20066649089823432,47.6007504211387,0.0010006793451863005,5.527206007049923e-07,0.0010006813518512094,0.135,7.818563504824484e-05,4.389842926638719e-15,1.9274032149384883,1.9997518452938798
noise_paired,B,0.028,0.001,10,R,completed,False,,,4.714394842936487e-15,1.3767484918534345e-12,0.06477050912984032,91,98,0.07334078529402482,0.0024115677326221937,0.002366697549951578,2.006664908982343e-09,0.04548381102366335,True,True,0.00038978162234163907,0.0,0.2006664908982343,40.68879184119126,0.0007147949619482341,7.699034921926362e-06,0.0007147969686131431,0.135,7.818563504824484e-05,2.0439417566666244e-15,1.8545016872408697,1.9997518452938798
noise_paired,B,0.04,0.001,10,R,completed,False,,,5.65835109690307e-15,1.1477268432367247e-12,0.11820485621971434,63,68,0.13200077993576032,0.0024115677326221937,0.002366697549951578,2.006664908982343e-09,0.08497875781813238,True,True,0.00038978162234163907,0.0,0.2006664908982343,35.60570231253794,0.0005037123099837504,4.090604476805759e-05,0.0005037143166486594,0.135,7.818563504824484e-05,1.89144198331327e-15,1.7363519583329774,1.9997518452938798
noise_paired,B,0.005,0.001,10,P,completed,False,,,3.0433016533394715e-14,4.9660640129252264e-11,0.6139606841880132,511,547,1.1074160058664855,0.0024115684600272552,0.0022140081502690333,2.006664908982343e-09,0.09547803193134329,True,True,0.00038978162234163907,6.915847157985344e-16,0.20066649089823416,333.17256781825165,0.004002717373929071,-4.243827511629661e-14,0.00400271938059398,0.135,7.818563504824484e-05,6.312057083928958e-11,28.057202240407833,1.9997518452938798
noise_paired,B,0.007,0.001,10,P,completed,False,,,2.115943172695597e-14,2.467238915472624e-11,0.5398695116479401,365,391,0.8535655310000888,0.0024115684600272552,0.0022140081502690333,2.006664908982343e-09,0.07395987144229778,True,True,0.00038978162234163907,0.0,0.2006664908982343,201.13655659601955,0.002859083838535864,-5.162537064506978e-15,0.002859085845200773,0.135,7.818563504824484e-05,1.6154549615612006e-11,18.818810789275258,1.9997518452938798
noise_paired,B,0.01,0.001,10,P,completed,False,,,1.6163467360569868e-14,1.3175696814209417e-11,0.4550966422196256,255,273,0.6640445649056419,0.0024115684600272552,0.0022140081502690333,2.006664908982343e-09,0.02354339130573984,True,True,0.00038978162234163907,1.383169431597069e-16,0.20066649089823427,155.09715240025926,0.0020013586869756794,-4.440892098500626e-15,0.0020013606936405883,0.135,7.818563504824484e-05,3.919453465208767e-13,11.12843720962939,1.9997518452938798
noise_paired,B,0.014,0.001,10,P,completed,False,,,1.1501789815790414e-14,6.697304679736412e-12,0.033324874200737355,182,195,0.05073249187523393,0.0024115684600272552,0.0022140081502690333,2.006664908982343e-09,0.012407982505188757,True,True,0.00038978162234163907,1.383169431597069e-16,0.20066649089823427,70.92445003238902,0.0014295419192675296,3.574891493940413e-10,0.0014295439259324385,0.135,7.818563504824484e-05,3.2153722813784204e-15,2.0346354826789566,1.9997518452938798
noise_paired,B,0.02,0.001,10,P,completed,False,,,9.085674945857991e-15,3.696762220191214e-12,0.0351789905430279,127,136,0.03902260886805189,0.0024115684600272552,0.0022140081502690333,2.006664908982343e-09,0.024378889177448303,True,True,0.00038978162234163907,1.383169431597069e-16,0.20066649089823432,47.6007504211387,0.0010006793451863005,5.527206007049923e-07,0.0010006813518512094,0.135,7.818563504824484e-05,4.389842926638719e-15,1.9274032149384883,1.9997518452938798
noise_paired,B,0.028,0.001,10,P,completed,False,,,4.714394842936487e-15,1.3767484918534345e-12,0.06477050912984032,91,98,0.07334078529402482,0.0024115684600272552,0.0022140081502690333,2.006664908982343e-09,0.045470870096950486,True,True,0.00038978162234163907,0.0,0.2006664908982343,40.68879184119126,0.0007147949619482341,7.699034921926362e-06,0.0007147969686131431,0.135,7.818563504824484e-05,2.0439417566666244e-15,1.8545016872408697,1.9997518452938798
noise_paired,B,0.04,0.001,10,P,completed,False,,,5.65835109690307e-15,1.1477268432367247e-12,0.11820485621971434,63,68,0.13200077993576032,0.0024115684600272552,0.0022140081502690333,2.006664908982343e-09,0.08497083552949793,True,True,0.00038978162234163907,0.0,0.2006664908982343,35.60570231253794,0.0005037123099837504,4.090604476805759e-05,0.0005037143166486594,0.135,7.818563504824484e-05,1.89144198331327e-15,1.7363519583329774,1.9997518452938798
noise_paired,B,0.005,0.001,11,R,completed,False,,,3.0423020339182e-14,4.964432832516557e-11,0.7109283582104816,511,547,1.353088382341153,0.0024120842329567738,0.002406908812418358,2.0060057889070126e-09,0.09173435499035387,True,True,0.00036797897956880105,1.3836239042336837e-16,0.2006005788907013,313.76186722420744,0.004001402619595362,-2.2176704916887502e-14,0.004001404625601151,0.115,7.378964328347286e-05,3.104118216211084e-11,28.501371694434734,1.9997518452938798
noise_paired,B,0.007,0.001,11,R,completed,False,,,2.1152481584871265e-14,2.4664285127528946e-11,0.6362873441164828,365,391,1.3775526543863927,0.0024120842329567738,0.002406908812418358,2.0060057889070126e-09,0.0728299150628114,True,True,0.00036797897956880105,5.534495616934735e-16,0.20060057889070138,241.79890979472367,0.002858144728299372,-2.4702462297909733e-15,0.002858146734305161,0.115,7.378964328347286e-05,2.551707526956393e-11,19.692522703336447,1.9997518452938798
noise_paired,B,0.01,0.001,11,R,completed,False,,,1.6158158220126635e-14,1.317136905313788e-11,0.4729718086188038,255,273,0.5823218588394885,0.0024120842329567738,0.002406908812418358,2.0060057889070126e-09,0.03224881865677263,True,True,0.00036797897956880105,0.0,0.20060057889070126,175.82221359968352,0.0020007013098096715,-1.8318679906315083e-15,0.0020007033158154605,0.115,7.378964328347286e-05,1.8380731686491147e-12,12.844911357756843,1.9997518452938798
noise_paired,B,0.014,0.001,11,R,completed,False,,,1.1498011875320193e-14,6.695104846597725e-12,0.030585291381170377,182,195,0.042889903078430144,0.0024120842329567738,0.002406908812418358,2.0060057889070126e-09,0.012463351202216607,True,True,0.00036797897956880105,4.150871712701051e-16,0.20060057889070135,96.96729140868693,0.0014290723641507408,3.3480551664410996e-11,0.0014290743701565298,0.115,7.378964328347286e-05,2.2892195448833754e-15,1.9592002663577905,1.9997518452938798
noise_paired,B,0.02,0.001,11,R,completed,False,,,9.082690615625308e-15,3.69554796155633e-12,0.03510020214074364,127,136,0.04053884973327015,0.0024120842329567738,0.002406908812418358,2.0060057889070126e-09,0.024402681623192035,True,True,0.00036797897956880105,1.3836239042336837e-16,0.2006005788907013,47.48245579448814,0.0010003506646711902,2.4337211310121454e-07,0.0010003526706769792,0.115,7.378964328347286e-05,4.342605281319509e-15,1.9239417198855278,1.9997518452938798
noise_paired,B,0.028,0.001,11,R,completed,False,,,4.712846327152858e-15,1.376296277552183e-12,0.06476752481782923,91,98,0.07334286237159583,0.0024120842329567738,0.002406908812418358,2.0060057889070126e-09,0.04548097745150198,True,True,0.00036797897956880105,4.150871712701051e-16,0.20060057889070135,42.499074950986724,0.0007151977217074446,9.422833737088299e-06,0.0007151997277132334,0.115,7.378964328347286e-05,3.4033215178240305e-15,1.8548389058488752,1.9997518452938798
noise_paired,B,0.04,0.001,11,R,completed,False,,,5.656492524111698e-15,1.1473498546324058e-12,0.11825496040069951,63,68,0.13203251839555083,0.0024120842329567738,0.002406908812418358,2.0060057889070126e-09,0.08497972240001954,True,True,0.00036797897956880105,1.3836239042336837e-16,0.2006005788907013,35.0153559042856,0.0005430222748854796,2.662706277489768e-05,0.0005430242808912685,0.115,7.378964328347286e-05,4.594347261936669e-15,1.7361948890889027,1.9997518452938798
noise_paired,B,0.005,0.001,11,P,completed,False,,,3.0423020339182e-14,4.964432832516557e-11,0.7109283582104816,511,547,1.353088382341153,0.002412085038319623,0.002239064898901122,2.0060057889070126e-09,0.0917251629317664,True,True,0.00036797897956880105,1.3836239042336837e-16,0.2006005788907013,313.76186722420744,0.004001402619595362,-2.2176704916887502e-14,0.004001404625601151,0.115,7.378964328347286e-05,3.104118216211084e-11,28.501371694434734,1.9997518452938798
noise_paired,B,0.007,0.001,11,P,completed,False,,,2.1152481584871265e-14,2.4664285127528946e-11,0.6362873441164828,365,391,1.3775526543863927,0.002412085038319623,0.002239064898901122,2.0060057889070126e-09,0.07281913671135681,True,True,0.00036797897956880105,5.534495616934735e-16,0.20060057889070138,241.79890979472367,0.002858144728299372,-2.4702462297909733e-15,0.002858146734305161,0.115,7.378964328347286e-05,2.551707526956393e-11,19.692522703336447,1.9997518452938798
noise_paired,B,0.01,0.001,11,P,completed,False,,,1.6158158220126635e-14,1.317136905313788e-11,0.4729718086188038,255,273,0.5823218588394885,0.002412085038319623,0.002239064898901122,2.0060057889070126e-09,0.03222663135464535,True,True,0.00036797897956880105,0.0,0.20060057889070126,175.82221359968352,0.0020007013098096715,-1.8318679906315083e-15,0.0020007033158154605,0.115,7.378964328347286e-05,1.8380731686491147e-12,12.844911357756843,1.9997518452938798
noise_paired,B,0.014,0.001,11,P,completed,False,,,1.1498011875320193e-14,6.695104846597725e-12,0.030585291381170377,182,195,0.042889903078430144,0.002412085038319623,0.002239064898901122,2.0060057889070126e-09,0.012412545269564564,True,True,0.00036797897956880105,4.150871712701051e-16,0.20060057889070135,96.96729140868693,0.0014290723641507408,3.3480551664410996e-11,0.0014290743701565298,0.115,7.378964328347286e-05,2.2892195448833754e-15,1.9592002663577905,1.9997518452938798
noise_paired,B,0.02,0.001,11,P,completed,False,,,9.082690615625308e-15,3.69554796155633e-12,0.03510020214074364,127,136,0.04053884973327015,0.002412085038319623,0.002239064898901122,2.0060057889070126e-09,0.024376790977548444,True,True,0.00036797897956880105,1.3836239042336837e-16,0.2006005788907013,47.48245579448814,0.0010003506646711902,2.4337211310121454e-07,0.0010003526706769792,0.115,7.378964328347286e-05,4.342605281319509e-15,1.9239417198855278,1.9997518452938798
noise_paired,B,0.028,0.001,11,P,completed,False,,,4.712846327152858e-15,1.376296277552183e-12,0.06476752481782923,91,98,0.07334286237159583,0.002412085038319623,0.002239064898901122,2.0060057889070126e-09,0.045466684588931355,True,True,0.00036797897956880105,4.150871712701051e-16,0.20060057889070135,42.499074950986724,0.0007151977217074446,9.422833737088299e-06,0.0007151997277132334,0.115,7.378964328347286e-05,3.4033215178240305e-15,1.8548389058488752,1.9997518452938798
noise_paired,B,0.04,0.001,11,P,completed,False,,,5.656492524111698e-15,1.1473498546324058e-12,0.11825496040069951,63,68,0.13203251839555083,0.002412085038319623,0.002239064898901122,2.0060057889070126e-09,0.08497107774072953,True,True,0.00036797897956880105,1.3836239042336837e-16,0.2006005788907013,35.0153559042856,0.0005430222748854796,2.662706277489768e-05,0.0005430242808912685,0.115,7.378964328347286e-05,4.594347261936669e-15,1.7361948890889027,1.9997518452938798
noise_paired,B,0.005,0.001,12,R,completed,False,,,3.041903579548406e-14,4.963782634103115e-11,0.5505181033501181,511,547,0.805658409755225,0.002412289280196847,0.0024144968228839788,2.005743059643609e-09,0.09606083519549044,True,True,0.00041046959005593353,6.919025715228119e-16,0.20057430596436077,397.17589889505246,0.004000878550534492,-7.16093850883226e-15,0.004000880556277552,0.1325,8.229587319160589e-05,8.998098330070468e-11,27.489359844890423,1.9997518452938798
noise_paired,B,0.007,0.001,12,R,completed,False,,,2.1149711216043476e-14,2.4661054813090292e-11,0.6037655554118387,365,391,1.07075625720908,0.002412289280196847,0.0024144968228839788,2.005743059643609e-09,0.0732095748107714,True,True,0.00041046959005593353,1.3838051430456236e-16,0.20057430596436088,234.30823926415667,0.0028577703932584075,-6.689093723366568e-15,0.002857772399001467,0.1325,8.229587319160589e-05,2.4288917712955406e-11,19.680160929791302,1.9997518452938798
noise_paired,B,0.01,0.001,12,R,completed,False,,,1.6156041964515307e-14,1.3169643981301855e-11,0.4776452605599138,255,273,0.7025071754622613,0.002412289280196847,0.0024144968228839788,2.005743059643609e-09,0.03971779690655595,True,True,0.00041046959005593353,2.767610286091247e-16,0.20057430596436096,164.60048285070448,0.002000439275280763,4.163336342344337e-16,0.0020004412810238226,0.1325,8.229587319160589e-05,2.3454089941598153e-12,12.990710658089585,1.9997518452938798
noise_paired,B,0.014,0.001,12,R,completed,False,,,1.1496505965313694e-14,6.6942279797539284e-12,0.027232009539968557,182,195,0.047512552457166936,0.002412289280196847,0.0024144968228839788,2.005743059643609e-09,0.012441454304047873,True,True,0.00041046959005593353,1.3838051430456236e-16,0.20057430596436093,77.76135513869067,0.0014288851966294536,7.041589533685055e-14,0.0014288872023725133,0.1325,8.229587319160589e-05,3.187405579610368e-15,2.0063033750699066,1.9997518452938798
noise_paired,B,0.02,0.001,12,R,completed,False,,,9.08150104347733e-15,3.6950639506929605e-12,0.03527158932493674,127,136,0.0408493462847283,0.002412289280196847,0.0024144968228839788,2.005743059643609e-09,0.02442020531975002,True,True,0.00041046959005593353,1.3838051430456236e-16,0.20057430596436088,45.26153081091824,0.0010002196376600603,1.4906339218523357e-09,0.00100022164340312,0.1325,8.229587319160589e-05,3.715909118023841e-15,1.9222185962157528,1.9997518452938798
noise_paired,B,0.028,0.001,12,R,completed,False,,,4.712229079360796e-15,1.3761160221864079e-12,0.0648639719974521,91,98,0.07374094274134421,0.002412289280196847,0.0024144968228839788,2.005743059643609e-09,0.04548921480961552,True,True,0.00041046959005593353,2.767610286091247e-16,0.20057430596436085,39.59440126775766,0.000714442679389804,8.956773286383779e-07,0.0007144446851328636,0.1325,8.229587319160589e-05,3.709360778208759e-15,1.8536846099289812,1.9997518452938798
noise_paired,B,0.04,0.001,12,R,completed,False,,,5.65575168571406e-15,1.1471995846861072e-12,0.11829294506813505,63,68,0.1322341765863628,0.002412289280196847,0.0024144968228839788,2.005743059643609e-09,0.08498432594174117,True,True,0.00041046959005593353,2.767610286091247e-16,0.20057430596436085,35.56487201501334,0.0005001712222959531,5.483273026890556e-05,0.0005001732280390127,0.1325,8.229587319160589e-05,3.759296822718761e-15,1.7359926058487547,1.9997518452938798
noise_paired,B,0.005,0.001,12,P,completed,False,,,3.041903579548406e-14,4.963782634103115e-11,0.5505181033501181,511,547,0.805658409755225,0.0024122900824336386,0.002245388295447916,2.005743059643609e-09,0.09605204545124171,True,True,0.00041046959005593353,6.919025715228119e-16,0.20057430596436077,397.17589889505246,0.004000878550534492,-7.16093850883226e-15,0.004000880556277552,0.1325,8.229587319160589e-05,8.998098330070468e-11,27.489359844890423,1.9997518452938798
noise_paired,B,0.007,0.001,12,P,completed,False,,,2.1149711216043476e-14,2.4661054813090292e-11,0.6037655554118387,365,391,1.07075625720908,0.0024122900824336386,0.002245388295447916,2.005743059643609e-09,0.07319855148678847,True,True,0.00041046959005593353,1.3838051430456236e-16,0.20057430596436088,234.30823926415667,0.0028577703932584075,-6.689093723366568e-15,0.002857772399001467,0.1325,8.229587319160589e-05,2.4288917712955406e-11,19.680160929791302,1.9997518452938798
noise_paired,B,0.01,0.001,12,P,completed,False,,,1.6156041964515307e-14,1.3169643981301855e-11,0.4776452605599138,255,273,0.7025071754622613,0.0024122900824336386,0.002245388295447916,2.005743059643609e-09,0.03969933008807947,True,True,0.00041046959005593353,2.767610286091247e-16,0.20057430596436096,164.60048285070448,0.002000439275280763,4.163336342344337e-16,0.0020004412810238226,0.1325,8.229587319160589e-05,2.3454089941598153e-12,12.990710658089585,1.9997518452938798
noise_paired,B,0.014,0.001,12,P,completed,False,,,1.1496505965313694e-14,6.6942279797539284e-12,0.027232009539968557,182,195,0.047512552457166936,0.0024122900824336386,0.002245388295447916,2.005743059643609e-09,0.012389990610906617,True,True,0.00041046959005593353,1.3838051430456236e-16,0.20057430596436093,77.76135513869067,0.0014288851966294536,7.041589533685055e-14,0.0014288872023725133,0.1325,8.229587319160589e-05,3.187405579610368e-15,2.0063033750699066,1.9997518452938798
noise_paired,B,0.02,0.001,12,P,completed,False,,,9.08150104347733e-15,3.6950639506929605e-12,0.03527158932493674,127,136,0.0408493462847283,0.0024122900824336386,0.002245388295447916,2.005743059643609e-09,0.024394604201128562,True,True,0.00041046959005593353,1.3838051430456236e-16,0.20057430596436088,45.26153081091824,0.0010002196376600603,1.4906339218523357e-09,0.00100022164340312,0.1325,8.229587319160589e-05,3.715909118023841e-15,1.9222185962157528,1.9997518452938798
noise_paired,B,0.028,0.001,12,P,completed,False,,,4.712229079360796e-15,1.3761160221864079e-12,0.0648639719974521,91,98,0.07374094274134421,0.0024122900824336386,0.002245388295447916,2.005743059643609e-09,0.045474987012225784,True,True,0.00041046959005593353,2.767610286091247e-16,0.20057430596436085,39.59440126775766,0.000714442679389804,8.956773286383779e-07,0.0007144446851328636,0.1325,8.229587319160589e-05,3.709360778208759e-15,1.8536846099289812,1.9997518452938798
noise_paired,B,0.04,0.001,12,P,completed,False,,,5.65575168571406e-15,1.1471995846861072e-12,0.11829294506813505,63,68,0.1322341765863628,0.0024122900824336386,0.002245388295447916,2.005743059643609e-09,0.08497556068180039,True,True,0.00041046959005593353,2.767610286091247e-16,0.20057430596436085,35.56487201501334,0.0005001712222959531,5.483273026890556e-05,0.0005001732280390127,0.1325,8.229587319160589e-05,3.759296822718761e-15,1.7359926058487547,1.9997518452938798
noise_paired,B,0.005,0.001,13,R,completed,False,,,3.042665044888995e-14,4.9650251943405596e-11,0.7274361214887659,511,547,1.407776333905751,0.0024119504664903433,0.0024023598624554362,2.0062451478203397e-09,0.09247231893188143,True,True,0.0003701541423925484,5.533835313353129e-16,0.20062451478203408,299.13381911562766,0.00400188007154112,-1.2045919817182948e-14,0.004001882077786267,0.115,7.423451699806764e-05,2.0568989519284073e-11,28.404108477743996,1.9997518452938798
noise_paired,B,0.007,0.001,13,R,completed,False,,,2.1155005523253857e-14,2.4667228098341273e-11,0.6010547816189292,365,391,0.9983073302868474,0.0024119504664903433,0.0024023598624554362,2.0062451478203397e-09,0.06919808082137144,True,True,0.0003701541423925484,1.3834588283382823e-16,0.20062451478203394,235.6793938606206,0.002858485765410118,-6.439293542825908e-15,0.002858487771655266,0.115,7.423451699806764e-05,1.7510338808766258e-11,19.926321564279412,1.9997518452938798
noise_paired,B,0.01,0.001,13,R,completed,False,,,1.616008623011261e-14,1.3172940676012064e-11,0.4833293286625849,255,273,0.643356876385431,0.0024119504664903433,0.0024023598624554362,2.0062451478203397e-09,0.025051956306713457,True,True,0.0003701541423925484,1.3834588283382823e-16,0.20062451478203394,152.7219146336005,0.0020009400357865192,-8.604228440844963e-16,0.002000942042031667,0.115,7.423451699806764e-05,2.0822302098388884e-13,12.576403455812358,1.9997518452938798
noise_paired,B,0.014,0.001,13,R,completed,False,,,1.1499383831295154e-14,6.695903714193e-12,0.024244714866615332,182,195,0.03220211873306782,0.0024119504664903433,0.0024023598624554362,2.0062451478203397e-09,0.012425200755734748,True,True,0.0003701541423925484,1.3834588283382823e-16,0.20062451478203394,61.67277092633503,0.001429242882704962,5.900112065582164e-10,0.0014292448889501098,0.115,7.423451699806764e-05,4.2794954173155776e-15,2.0017536535758302,1.9997518452938798
noise_paired,B,0.02,0.001,13,R,completed,False,,,9.083774372695135e-15,3.6959889185810385e-12,0.035190722435060134,127,136,0.03955968161264433,0.0024119504664903433,0.0024023598624554362,2.0062451478203397e-09,0.024423807414150532,True,True,0.0003701541423925484,4.150376485014847e-16,0.20062451478203389,40.50219042456908,0.0010004700190051896,5.7233086936392397e-08,0.0010004720252503375,0.115,7.423451699806764e-05,4.436920435855475e-15,1.924240332834793,1.9997518452938798
noise_paired,B,0.028,0.001,13,R,completed,False,,,4.7134086693862564e-15,1.3764604988038028e-12,0.06479292263848778,91,98,0.07342912485850736,0.0024119504664903433,0.0024023598624554362,2.0062451478203397e-09,0.0454965498629602,True,True,0.0003701541423925484,1.3834588283382823e-16,0.20062451478203394,37.50035200061535,0.0007146407713548575,3.062746346843559e-06,0.0007146427776000053,0.115,7.423451699806764e-05,3.3230112462144515e-15,1.854236501696056,1.9997518452938798
noise_paired,B,0.04,0.001,13,R,completed,False,,,5.657167463292483e-15,1.1474867577340466e-12,0.11821578563884513,63,68,0.13210686796200924,0.0024119504664903433,0.0024023598624554362,2.0062451478203397e-09,0.08499883840368852,True,True,0.0003701541423925484,1.3834588283382823e-16,0.20062451478203394,35.18771717951146,0.0005032954841107662,4.912384853711371e-05,0.000503297490355914,0.115,7.423451699806764e-05,2.589211132538597e-15,1.7361351273243917,1.9997518452938798
noise_paired,B,0.005,0.001,13,P,completed,False,,,3.042665044888995e-14,4.9650251943405596e-11,0.7274361214887659,511,547,1.407776333905751,0.0024119512149771527,0.002229421215501231,2.0062451478203397e-09,0.09246157699125035,True,True,0.0003701541423925484,5.533835313353129e-16,0.20062451478203408,299.13381911562766,0.00400188007154112,-1.2045919817182948e-14,0.004001882077786267,0.115,7.423451699806764e-05,2.0568989519284073e-11,28.404108477743996,1.9997518452938798
noise_paired,B,0.007,0.001,13,P,completed,False,,,2.1155005523253857e-14,2.4667228098341273e-11,0.6010547816189292,365,391,0.9983073302868474,0.0024119512149771527,0.002229421215501231,2.0062451478203397e-09,0.06918527456535879,True,True,0.0003701541423925484,1.3834588283382823e-16,0.20062451478203394,235.6793938606206,0.002858485765410118,-6.439293542825908e-15,0.002858487771655266,0.115,7.423451699806764e-05,1.7510338808766258e-11,19.926321564279412,1.9997518452938798
noise_paired,B,0.01,0.001,13,P,completed,False,,,1.616008623011261e-14,1.3172940676012064e-11,0.4833293286625849,255,273,0.643356876385431,0.0024119512149771527,0.002229421215501231,2.0062451478203397e-09,0.025020155730255362,True,True,0.0003701541423925484,1.3834588283382823e-16,0.20062451478203394,152.7219146336005,0.0020009400357865192,-8.604228440844963e-16,0.002000942042031667,0.115,7.423451699806764e-05,2.0822302098388884e-13,12.576403455812358,1.9997518452938798
noise_paired,B,0.014,0.001,13,P,completed,False,,,1.1499383831295154e-14,6.695903714193e-12,0.024244714866615332,182,195,0.03220211873306782,0.0024119512149771527,0.002229421215501231,2.0062451478203397e-09,0.01237118294400157,True,True,0.0003701541423925484,1.3834588283382823e-16,0.20062451478203394,61.67277092633503,0.001429242882704962,5.900112065582164e-10,0.0014292448889501098,0.115,7.423451699806764e-05,4.2794954173155776e-15,2.0017536535758302,1.9997518452938798
noise_paired,B,0.02,0.001,13,P,completed,False,,,9.083774372695135e-15,3.6959889185810385e-12,0.035190722435060134,127,136,0.03955968161264433,0.0024119512149771527,0.002229421215501231,2.0062451478203397e-09,0.024398056977611535,True,True,0.0003701541423925484,4.150376485014847e-16,0.20062451478203389,40.50219042456908,0.0010004700190051896,5.7233086936392397e-08,0.0010004720252503375,0.115,7.423451699806764e-05,4.436920435855475e-15,1.924240332834793,1.9997518452938798
noise_paired,B,0.028,0.001,13,P,completed,False,,,4.7134086693862564e-15,1.3764604988038028e-12,0.06479292263848778,91,98,0.07342912485850736,0.0024119512149771527,0.002229421215501231,2.0062451478203397e-09,0.045481758784199654,True,True,0.0003701541423925484,1.3834588283382823e-16,0.20062451478203394,37.50035200061535,0.0007146407713548575,3.062746346843559e-06,0.0007146427776000053,0.115,7.423451699806764e-05,3.3230112462144515e-15,1.854236501696056,1.9997518452938798
noise_paired,B,0.04,0.001,13,P,completed,False,,,5.657167463292483e-15,1.1474867577340466e-12,0.11821578563884513,63,68,0.13210686796200924,0.0024119512149771527,0.002229421215501231,2.0062451478203397e-09,0.08498898633506934,True,True,0.0003701541423925484,1.3834588283382823e-16,0.20062451478203394,35.18771717951146,0.0005032954841107662,4.912384853711371e-05,0.000503297490355914,0.115,7.423451699806764e-05,2.589211132538597e-15,1.7361351273243917,1.9997518452938798
noise_paired,B,0.005,0.001,14,R,completed,False,,,3.0416417969796e-14,4.963355456931002e-11,0.588549740199027,511,547,1.2078867194188418,0.002411987071596138,0.00253538732800233,2.005570447804743e-09,0.09194151517788908,True,True,0.000515447849342512,1.2455318177134413e-15,0.20055704478047406,326.41213519976014,0.0040005342397451404,-4.107825191113079e-15,0.004000536245315588,0.1425,0.00010332343955784191,3.4095952660015347e-12,26.719884176370655,1.9997518452938798
noise_paired,B,0.007,0.001,14,R,completed,False,,,2.1147891097296496e-14,2.4658932512330384e-11,0.525863346609348,365,391,0.7151623859559711,0.002411987071596138,0.00253538732800233,2.005570447804743e-09,0.07604807877218109,True,True,0.000515447849342512,0.0,0.20055704478047431,209.7490935477985,0.002857524456970628,-5.6066262743570405e-15,0.002857526462541076,0.1425,0.00010332343955784191,1.3074081073434496e-10,19.404468588243706,1.9997518452938798
noise_paired,B,0.01,0.001,14,R,completed,False,,,1.615465159494684e-14,1.3168510617557236e-11,0.5109522186033011,255,273,0.7452743545930216,0.002411987071596138,0.00253538732800233,2.005570447804743e-09,0.026037101260991048,True,True,0.000515447849342512,6.919621209519119e-16,0.20055704478047418,149.5534799060773,0.002000267119880328,-3.6637359812630166e-15,0.002000269125450776,0.1425,0.00010332343955784191,5.260529359780393e-13,12.721358834030093,1.9997518452938798
noise_paired,B,0.014,0.001,14,R,completed,False,,,1.1495516589817334e-14,6.693651882533591e-12,0.02548384661803582,182,195,0.03863044606016236,0.002411987071596138,0.00253538732800233,2.005570447804743e-09,0.012497544633861409,True,True,0.000515447849342512,5.535696967615295e-16,0.2005570447804742,53.612796561057664,0.0014287622284863133,-1.942890293094024e-16,0.001428764234056761,0.1425,0.00010332343955784191,3.580255797817777e-15,2.0066755723438705,1.9997518452938798
noise_paired,B,0.02,0.001,14,R,completed,False,,,9.080719500404183e-15,3.6947459579270425e-12,0.03486678143678189,127,136,0.03827595728027549,0.002411987071596138,0.00253538732800233,2.005570447804743e-09,0.02443307325259254,True,True,0.000515447849342512,2.7678484838076473e-16,0.20055704478047426,49.97899340547435,0.0010001335653850862,2.3619994848900205e-14,0.001000135570955534,0.1425,0.00010332343955784191,3.0116414890274393e-15,1.9270863917863097,1.9997518452938798
noise_paired,B,0.028,0.001,14,R,completed,False,,,4.711823550585495e-15,1.3759975952942192e-12,0.06455839978385844,91,98,0.07271228303467032,0.002411987071596138,0.00253538732800233,2.005570447804743e-09,0.04552477334001959,True,True,0.000515447849342512,6.919621209519119e-16,0.20055704478047418,40.66660569523738,0.0007143811897085406,3.6894038102364135e-09,0.0007143831952789884,0.1425,0.00010332343955784191,2.1558352244664133e-15,1.855710829222587,1.9997518452938798
noise_paired,B,0.04,0.001,14,R,completed,False,,,5.655264958516403e-15,1.147100858067607e-12,0.11807467303758189,63,68,0.13183504577331429,0.002411987071596138,0.00253538732800233,2.005570447804743e-09,0.08502971999871933,True,True,0.000515447849342512,5.535696967615295e-16,0.2005570447804742,36.66896237476399,0.0005003849757417023,1.6350111032015224e-06,0.00050038698131215,0.1425,0.00010332343955784191,2.4753820732289225e-15,1.736617728761515,1.9997518452938798
noise_paired,B,0.005,0.001,14,P,completed,False,,,3.0416417969796e-14,4.963355456931002e-11,0.588549740199027,511,547,1.2078867194188418,0.002411988272539668,0.0023105726129224774,2.005570447804743e-09,0.09193118129117953,True,True,0.000515447849342512,1.2455318177134413e-15,0.20055704478047406,326.41213519976014,0.0040005342397451404,-4.107825191113079e-15,0.004000536245315588,0.1425,0.00010332343955784191,3.4095952660015347e-12,26.719884176370655,1.9997518452938798
noise_paired,B,0.007,0.001,14,P,completed,False,,,2.1147891097296496e-14,2.4658932512330384e-11,0.525863346609348,365,391,0.7151623859559711,0.002411988272539668,0.0023105726129224774,2.005570447804743e-09,0.07603608046253066,True,True,0.000515447849342512,0.0,0.20055704478047431,209.7490935477985,0.002857524456970628,-5.6066262743570405e-15,0.002857526462541076,0.1425,0.00010332343955784191,1.3074081073434496e-10,19.404468588243706,1.9997518452938798
noise_paired,B,0.01,0.001,14,P,completed,False,,,1.615465159494684e-14,1.3168510617557236e-11,0.5109522186033011,255,273,0.7452743545930216,0.002411988272539668,0.0023105726129224774,2.005570447804743e-09,0.026004053331912847,True,True,0.000515447849342512,6.919621209519119e-16,0.20055704478047418,149.5534799060773,0.002000267119880328,-3.6637359812630166e-15,0.002000269125450776,0.1425,0.00010332343955784191,5.260529359780393e-13,12.721358834030093,1.9997518452938798
noise_paired,B,0.014,0.001,14,P,completed,False,,,1.1495516589817334e-14,6.693651882533591e-12,0.02548384661803582,182,195,0.03863044606016236,0.002411988272539668,0.0023105726129224774,2.005570447804743e-09,0.012435497670604072,True,True,0.000515447849342512,5.535696967615295e-16,0.2005570447804742,53.612796561057664,0.0014287622284863133,-1.942890293094024e-16,0.001428764234056761,0.1425,0.00010332343955784191,3.580255797817777e-15,2.0066755723438705,1.9997518452938798
noise_paired,B,0.02,0.001,14,P,completed,False,,,9.080719500404183e-15,3.6947459579270425e-12,0.03486678143678189,127,136,0.03827595728027549,0.002411988272539668,0.0023105726129224774,2.005570447804743e-09,0.024401928859306893,True,True,0.000515447849342512,2.7678484838076473e-16,0.20055704478047426,49.97899340547435,0.0010001335653850862,2.3619994848900205e-14,0.001000135570955534,0.1425,0.00010332343955784191,3.0116414890274393e-15,1.9270863917863097,1.9997518452938798
noise_paired,B,0.028,0.001,14,P,completed,False,,,4.711823550585495e-15,1.3759975952942192e-12,0.06455839978385844,91,98,0.07271228303467032,0.002411988272539668,0.0023105726129224774,2.005570447804743e-09,0.0455079127319796,True,True,0.000515447849342512,6.919621209519119e-16,0.20055704478047418,40.66660569523738,0.0007143811897085406,3.6894038102364135e-09,0.0007143831952789884,0.1425,0.00010332343955784191,2.1558352244664133e-15,1.855710829222587,1.9997518452938798
noise_paired,B,0.04,0.001,14,P,completed,False,,,5.655264958516403e-15,1.147100858067607e-12,0.11807467303758189,63,68,0.13183504577331429,0.002411988272539668,0.0023105726129224774,2.005570447804743e-09,0.0850195575098839,True,True,0.000515447849342512,5.535696967615295e-16,0.2005570447804742,36.66896237476399,0.0005003849757417023,1.6350111032015224e-06,0.00050038698131215,0.1425,0.00010332343955784191,2.4753820732289225e-15,1.736617728761515,1.9997518452938798
noise_paired,B,0.005,0.001,15,R,completed,False,,,3.0425622557599656e-14,4.964857462892041e-11,0.7054699426028578,511,547,1.4512857058145503,0.002412037017513143,0.002362427185757865,2.0061773716477006e-09,0.0930354121144665,True,True,0.0002603115752561513,4.1505167002506187e-16,0.20061773716477,344.0253007116178,0.004001744877646568,-4.241051954068098e-14,0.00400174688382394,0.1175,5.2209528441070356e-05,3.262418996192957e-11,28.93447652732885,1.9997518452938798
noise_paired,B,0.007,0.001,15,R,completed,False,,,2.1154290852213742e-14,2.4666394775299007e-11,0.5295675704728066,365,391,0.7048688491068268,0.002412037017513143,0.002362427185757865,2.0061773716477006e-09,0.07544565557490901,True,True,0.0002603115752561513,1.3835055667502062e-16,0.2006177371647701,217.60940578566272,0.002858389198332756,-3.3584246494910985e-15,0.0028583912045101276,0.1175,5.2209528441070356e-05,3.1295362302369414e-10,19.377180814507117,1.9997518452938798
noise_paired,B,0.01,0.001,15,R,completed,False,,,1.6159540300421326e-14,1.317249565985719e-11,0.553384822212651,255,273,0.8507805942814012,0.002412037017513143,0.002362427185757865,2.0061773716477006e-09,0.028527130210457108,True,True,0.0002603115752561513,1.3835055667502062e-16,0.2006177371647701,179.45444410363524,0.0020008724388342614,7.188694084447889e-15,0.002000874445011633,0.1175,5.2209528441070356e-05,5.084535730341098e-13,13.760596106069947,1.9997518452938798
noise_paired,B,0.014,0.001,15,R,completed,False,,,1.1498995352237827e-14,6.695677509171844e-12,0.03272991719234206,182,195,0.03892191887345997,0.002412037017513143,0.002362427185757865,2.0061773716477006e-09,0.012364721210213937,True,True,0.0002603115752561513,0.0,0.20061773716477008,90.35296418495076,0.0014291945991675714,2.4989517954931983e-09,0.001429196605344943,0.1175,5.2209528441070356e-05,4.5852747581609826e-15,2.0230766158739644,1.9997518452938798
noise_paired,B,0.02,0.001,15,R,completed,False,,,9.083467499200256e-15,3.6958640584744414e-12,0.035282948182880136,127,136,0.0406779517203983,0.002412037017513143,0.002362427185757865,2.0061773716477006e-09,0.02439815443671415,True,True,0.0002603115752561513,4.1505167002506187e-16,0.20061773716477,46.60367937442649,0.0010004362335641614,2.095070555097056e-06,0.001000438239741533,0.1175,5.2209528441070356e-05,2.0032877164757456e-15,1.9236966302453296,1.9997518452938798
noise_paired,B,0.028,0.001,15,R,completed,False,,,4.7132494381975656e-15,1.3764139983925749e-12,0.06486334837047879,91,98,0.07374838065566668,0.002412037017513143,0.002362427185757865,2.0061773716477006e-09,0.04547092557419905,True,True,0.0002603115752561513,2.7670111335004125e-16,0.20061773716477002,42.198208425256,0.0007146478977075876,3.678332456016897e-05,0.0007146499038849593,0.1175,5.2209528441070356e-05,3.7480808061278145e-15,1.8544680044962472,1.9997518452938798
noise_paired,B,0.04,0.001,15,R,completed,False,,,5.656976349480167e-15,1.1474479926505883e-12,0.1182732433367602,63,68,0.13218460438826166,0.002412037017513143,0.002362427185757865,2.0061773716477006e-09,0.08496034705241207,True,True,0.0002603115752561513,1.3835055667502062e-16,0.2006177371647701,35.64247919661785,0.0005020474667922492,0.00015891045095403622,0.0005020494729696209,0.1175,5.2209528441070356e-05,3.1250690632972626e-15,1.7356321236790495,1.9997518452938798
noise_paired,B,0.005,0.001,15,P,completed,False,,,3.0425622557599656e-14,4.964857462892041e-11,0.7054699426028578,511,547,1.4512857058145503,0.0024120374074716963,0.002275182704900963,2.0061773716477006e-09,0.09302982057351343,True,True,0.0002603115752561513,4.1505167002506187e-16,0.20061773716477,344.0253007116178,0.004001744877646568,-4.241051954068098e-14,0.00400174688382394,0.1175,5.2209528441070356e-05,3.262418996192957e-11,28.93447652732885,1.9997518452938798
noise_paired,B,0.007,0.001,15,P,completed,False,,,2.1154290852213742e-14,2.4666394775299007e-11,0.5295675704728066,365,391,0.7048688491068268,0.0024120374074716963,0.002275182704900963,2.0061773716477006e-09,0.07543900566688642,True,True,0.0002603115752561513,1.3835055667502062e-16,0.2006177371647701,217.60940578566272,0.002858389198332756,-3.3584246494910985e-15,0.0028583912045101276,0.1175,5.2209528441070356e-05,3.1295362302369414e-10,19.377180814507117,1.9997518452938798
noise_paired,B,0.01,0.001,15,P,completed,False,,,1.6159540300421326e-14,1.317249565985719e-11,0.553384822212651,255,273,0.8507805942814012,0.0024120374074716963,0.002275182704900963,2.0061773716477006e-09,0.02851178106531097,True,True,0.0002603115752561513,1.3835055667502062e-16,0.2006177371647701,179.45444410363524,0.0020008724388342614,7.188694084447889e-15,0.002000874445011633,0.1175,5.2209528441070356e-05,5.084535730341098e-13,13.760596106069947,1.9997518452938798
noise_paired,B,0.014,0.001,15,P,completed,False,,,1.1498995352237827e-14,6.695677509171844e-12,0.03272991719234206,182,195,0.03892191887345997,0.0024120374074716963,0.002275182704900963,2.0061773716477006e-09,0.01233262939642823,True,True,0.0002603115752561513,0.0,0.20061773716477008,90.35296418495076,0.0014291945991675714,2.4989517954931983e-09,0.001429196605344943,0.1175,5.2209528441070356e-05,4.5852747581609826e-15,2.0230766158739644,1.9997518452938798
noise_paired,B,0.02,0.001,15,P,completed,False,,,9.083467499200256e-15,3.6958640584744414e-12,0.035282948182880136,127,136,0.0406779517203983,0.0024120374074716963,0.002275182704900963,2.0061773716477006e-09,0.02438261575977775,True,True,0.0002603115752561513,4.1505167002506187e-16,0.20061773716477,46.60367937442649,0.0010004362335641614,2.095070555097056e-06,0.001000438239741533,0.1175,5.2209528441070356e-05,2.0032877164757456e-15,1.9236966302453296,1.9997518452938798
noise_paired,B,0.028,0.001,15,P,completed,False,,,4.7132494381975656e-15,1.3764139983925749e-12,0.06486334837047879,91,98,0.07374838065566668,0.0024120374074716963,0.002275182704900963,2.0061773716477006e-09,0.045462194244412904,True,True,0.0002603115752561513,2.7670111335004125e-16,0.20061773716477002,42.198208425256,0.0007146478977075876,3.678332456016897e-05,0.0007146499038849593,0.1175,5.2209528441070356e-05,3.7480808061278145e-15,1.8544680044962472,1.9997518452938798
noise_paired,B,0.04,0.001,15,P,completed,False,,,5.656976349480167e-15,1.1474479926505883e-12,0.1182732433367602,63,68,0.13218460438826166,0.0024120374074716963,0.002275182704900963,2.0061773716477006e-09,0.08495489522075353,True,True,0.0002603115752561513,1.3835055667502062e-16,0.2006177371647701,35.64247919661785,0.0005020474667922492,0.00015891045095403622,0.0005020494729696209,0.1175,5.2209528441070356e-05,3.1250690632972626e-15,1.7356321236790495,1.9997518452938798
noise_paired,B,0.005,0.001,16,R,completed,False,,,3.042457350103491e-14,4.964686277690995e-11,0.7043022580317398,511,547,1.3641678494137635,0.0024123828798302254,0.0023672281103333526,2.0061081998982064e-09,0.09305711260182728,True,True,0.0003420283404114519,4.150659812422473e-16,0.20061081998982072,313.6969108875964,0.004001606899973226,-1.4904744105592727e-14,0.004001608906081425,0.115,6.85911257208094e-05,6.210514455543864e-12,29.124953663347554,1.9997518452938798
noise_paired,B,0.007,0.001,16,R,completed,False,,,2.1153561465406653e-14,2.4665544293330443e-11,0.6764287110655807,365,391,1.347843874610591,0.0024123828798302254,0.0023672281103333526,2.0061081998982064e-09,0.07331484709576595,True,True,0.0003420283404114519,4.150659812422473e-16,0.20061081998982072,239.15088125119945,0.0028582906428480104,-4.191091917959966e-15,0.00285829264895621,0.115,6.85911257208094e-05,4.468765499536806e-12,20.765900477213385,1.9997518452938798
noise_paired,B,0.01,0.001,16,R,completed,False,,,1.6158983129510416e-14,1.317204148038987e-11,0.38615336442062875,255,273,0.5947033257138767,0.0024123828798302254,0.0023672281103333526,2.0061081998982064e-09,0.02788159503267429,True,True,0.0003420283404114519,1.383553270807491e-16,0.2006108199898206,145.30513604902723,0.002000803449994537,4.246603069191224e-15,0.0020008054561027368,0.115,6.85911257208094e-05,3.6128914182103923e-13,11.113411390146133,1.9997518452938798
noise_paired,B,0.014,0.001,16,R,completed,False,,,1.1498598874021502e-14,6.695446646370825e-12,0.0267672524460186,182,195,0.03365041137307392,0.0024123828798302254,0.0023672281103333526,2.0061081998982064e-09,0.012428215642695658,True,True,0.0003420283404114519,1.383553270807491e-16,0.20061081998982067,62.42906938153705,0.0014291453214259342,1.9629477487903557e-09,0.0014291473275341341,0.115,6.85911257208094e-05,2.750247164810704e-15,1.9995757522768702,1.9997518452938798
noise_paired,B,0.02,0.001,16,R,completed,False,,,9.083154306883726e-15,3.695736627377654e-12,0.03509056317189723,127,136,0.03961909594018763,0.0024123828798302254,0.0023672281103333526,2.0061081998982064e-09,0.024440022161120314,True,True,0.0003420283404114519,1.383553270807491e-16,0.20061081998982067,41.542214096868044,0.0010004017734460968,1.1672934221995668e-07,0.0010004037795542967,0.115,6.85911257208094e-05,4.199058828271714e-15,1.9248904670050566,1.9997518452938798
noise_paired,B,0.028,0.001,16,R,completed,False,,,4.713086928284907e-15,1.3763665404929678e-12,0.06472752373464345,91,98,0.07340260954266531,0.0024123828798302254,0.0023672281103333526,2.0061081998982064e-09,0.045530558894711685,True,True,0.0003420283404114519,1.383553270807491e-16,0.20061081998982067,39.40354580613927,0.0007146566824793588,4.1436131472949445e-06,0.0007146586885875587,0.115,6.85911257208094e-05,2.9335378638891465e-15,1.8551252847751594,1.9997518452938798
noise_paired,B,0.04,0.001,16,R,completed,False,,,5.656781300449871e-15,1.1474084293566207e-12,0.11821679725510723,63,68,0.13212303846685572,0.0024123828798302254,0.0023672281103333526,2.0061081998982064e-09,0.08504433897008445,True,True,0.0003420283404114519,2.767106541614982e-16,0.2006108199898207,34.89476596450399,0.0005025020883361597,9.284775430759562e-05,0.0005025040944443596,0.115,6.85911257208094e-05,2.887540036683341e-15,1.7357957046035464,1.9997518452938798
noise_paired,B,0.005,0.001,16,P,completed,False,,,3.042457350103491e-14,4.964686277690995e-11,0.7043022580317398,511,547,1.3641678494137635,0.0024123835679934085,0.002225832134380154,2.0061081998982064e-09,0.09304945968859012,True,True,0.0003420283404114519,4.150659812422473e-16,0.20061081998982072,313.6969108875964,0.004001606899973226,-1.4904744105592727e-14,0.004001608906081425,0.115,6.85911257208094e-05,6.210514455543864e-12,29.124953663347554,1.9997518452938798
noise_paired,B,0.007,0.001,16,P,completed,False,,,2.1153561465406653e-14,2.4665544293330443e-11,0.6764287110655807,365,391,1.347843874610591,0.0024123835679934085,0.002225832134380154,2.0061081998982064e-09,0.07330554761541277,True,True,0.0003420283404114519,4.150659812422473e-16,0.20061081998982072,239.15088125119945,0.0028582906428480104,-4.191091917959966e-15,0.00285829264895621,0.115,6.85911257208094e-05,4.468765499536806e-12,20.765900477213385,1.9997518452938798
noise_paired,B,0.01,0.001,16,P,completed,False,,,1.6158983129510416e-14,1.317204148038987e-11,0.38615336442062875,255,273,0.5947033257138767,0.0024123835679934085,0.002225832134380154,2.0061081998982064e-09,0.02785900968412973,True,True,0.0003420283404114519,1.383553270807491e-16,0.2006108199898206,145.30513604902723,0.002000803449994537,4.246603069191224e-15,0.0020008054561027368,0.115,6.85911257208094e-05,3.6128914182103923e-13,11.113411390146133,1.9997518452938798
noise_paired,B,0.014,0.001,16,P,completed,False,,,1.1498598874021502e-14,6.695446646370825e-12,0.0267672524460186,182,195,0.03365041137307392,0.0024123835679934085,0.002225832134380154,2.0061081998982064e-09,0.012382106968787988,True,True,0.0003420283404114519,1.383553270807491e-16,0.20061081998982067,62.42906938153705,0.0014291453214259342,1.9629477487903557e-09,0.0014291473275341341,0.115,6.85911257208094e-05,2.750247164810704e-15,1.9995757522768702,1.9997518452938798
noise_paired,B,0.02,0.001,16,P,completed,False,,,9.083154306883726e-15,3.695736627377654e-12,0.03509056317189723,127,136,0.03961909594018763,0.0024123835679934085,0.002225832134380154,2.0061081998982064e-09,0.024417257161052412,True,True,0.0003420283404114519,1.383553270807491e-16,0.20061081998982067,41.542214096868044,0.0010004017734460968,1.1672934221995668e-07,0.0010004037795542967,0.115,6.85911257208094e-05,4.199058828271714e-15,1.9248904670050566,1.9997518452938798
noise_paired,B,0.028,0.001,16,P,completed,False,,,4.713086928284907e-15,1.3763665404929678e-12,0.06472752373464345,91,98,0.07340260954266531,0.0024123835679934085,0.002225832134380154,2.0061081998982064e-09,0.045517914089564356,True,True,0.0003420283404114519,1.383553270807491e-16,0.20061081998982067,39.40354580613927,0.0007146566824793588,4.1436131472949445e-06,0.0007146586885875587,0.115,6.85911257208094e-05,2.9335378638891465e-15,1.8551252847751594,1.9997518452938798
noise_paired,B,0.04,0.001,16,P,completed,False,,,5.656781300449871e-15,1.1474084293566207e-12,0.11821679725510723,63,68,0.13212303846685572,0.0024123835679934085,0.002225832134380154,2.0061081998982064e-09,0.08503680507114775,True,True,0.0003420283404114519,2.767106541614982e-16,0.2006108199898207,34.89476596450399,0.0005025020883361597,9.284775430759562e-05,0.0005025040944443596,0.115,6.85911257208094e-05,2.887540036683341e-15,1.7357957046035464,1.9997518452938798
noise_paired,B,0.005,0.001,17,R,completed,False,,,3.042724052517646e-14,4.965121483073821e-11,0.5669272181708847,511,547,0.8861175740187908,0.0024118446528764597,0.002429131470793813,2.006284055740508e-09,0.09464752198629374,True,True,0.0004068326856260903,1.521775198772785e-15,0.2006284055740511,356.5702510388142,0.00400195768162534,-2.2148949341271873e-14,0.0040019596879093955,0.135,8.158899998060421e-05,2.3410817050268376e-11,26.934770156301052,1.9997518452938798
noise_paired,B,0.007,0.001,17,R,completed,False,,,2.1155415790796164e-14,2.466770647983053e-11,0.5588342641001185,365,391,0.8468465873767154,0.0024118446528764597,0.002429131470793813,2.006284055740508e-09,0.07408545271645221,True,True,0.0004068326856260903,6.917159994421749e-16,0.20062840557405093,237.71858751049052,0.002858541201175152,-5.218048215738236e-15,0.0028585432074592076,0.135,8.158899998060421e-05,1.357914915376261e-11,19.148070196689073,1.9997518452938798
noise_paired,B,0.01,0.001,17,R,completed,False,,,1.6160399629173356e-14,1.3173196144156004e-11,0.42256539773322677,255,273,0.7083453984239582,0.0024118446528764597,0.002429131470793813,2.006284055740508e-09,0.02320784107688818,True,True,0.0004068326856260903,5.5337279955374e-16,0.2006284055740509,149.28572115441372,0.0020009788408229534,3.0531133177191805e-16,0.002000980847107009,0.135,8.158899998060421e-05,1.683874635547723e-13,10.929898806469579,1.9997518452938798
noise_paired,B,0.014,0.001,17,R,completed,False,,,1.1499606843477179e-14,6.6960335705505096e-12,0.025390618000944883,182,195,0.03336406446266162,0.0024118446528764597,0.002429131470793813,2.006284055740508e-09,0.012466991205645105,True,True,0.0004068326856260903,2.7668639977687e-16,0.20062840557405084,69.45305256495642,0.0014292706005881728,9.753942653567549e-10,0.0014292726068722286,0.135,8.158899998060421e-05,2.637279312868419e-15,1.961617452120017,1.9997518452938798
noise_paired,B,0.02,0.001,17,R,completed,False,,,9.083950537990042e-15,3.696060596382699e-12,0.034892745542992126,127,136,0.03986561277087007,0.0024118446528764597,0.002429131470793813,2.006284055740508e-09,0.02442707271194307,True,True,0.0004068326856260903,5.5337279955374e-16,0.2006284055740509,49.444976672829874,0.0010004894205412618,1.3191281068580807e-06,0.0010004914268253175,0.135,8.158899998060421e-05,2.425941611915358e-15,1.9247593656100803,1.9997518452938798
noise_paired,B,0.028,0.001,17,R,completed,False,,,4.71350007841891e-15,1.3764871930566265e-12,0.0645944533440433,91,98,0.07303314836036713,0.0024118446528764597,0.002429131470793813,2.006284055740508e-09,0.0455182765370752,True,True,0.0004068326856260903,5.5337279955374e-16,0.2006284055740509,40.62388616152744,0.00071463762513016,7.692536738046485e-06,0.0007146396314142158,0.135,8.158899998060421e-05,2.569867032891463e-15,1.8557801583523512,1.9997518452938798
noise_paired,B,0.04,0.001,17,R,completed,False,,,5.657277175019527e-15,1.1475090114068904e-12,0.11812432572117569,63,68,0.13185457271126133,0.0024118446528764597,0.002429131470793813,2.006284055740508e-09,0.08502820788035906,True,True,0.0004068326856260903,2.7668639977687e-16,0.20062840557405084,35.2826050583494,0.0005006196768135573,0.00010324408198392199,0.0005006216830976131,0.135,8.158899998060421e-05,3.709968321014828e-15,1.7366346370209946,1.9997518452938798
noise_paired,B,0.005,0.001,17,P,completed,False,,,3.042724052517646e-14,4.965121483073821e-11,0.5669272181708847,511,547,0.8861175740187908,0.0024118454044437373,0.002259656187935176,2.006284055740508e-09,0.09463739935833039,True,True,0.0004068326856260903,1.521775198772785e-15,0.2006284055740511,356.5702510388142,0.00400195768162534,-2.2148949341271873e-14,0.0040019596879093955,0.135,8.158899998060421e-05,2.3410817050268376e-11,26.934770156301052,1.9997518452938798
noise_paired,B,0.007,0.001,17,P,completed,False,,,2.1155415790796164e-14,2.466770647983053e-11,0.5588342641001185,365,391,0.8468465873767154,0.0024118454044437373,0.002259656187935176,2.006284055740508e-09,0.07407327685515003,True,True,0.0004068326856260903,6.917159994421749e-16,0.20062840557405093,237.71858751049052,0.002858541201175152,-5.218048215738236e-15,0.0028585432074592076,0.135,8.158899998060421e-05,1.357914915376261e-11,19.148070196689073,1.9997518452938798
noise_paired,B,0.01,0.001,17,P,completed,False,,,1.6160399629173356e-14,1.3173196144156004e-11,0.42256539773322677,255,273,0.7083453984239582,0.0024118454044437373,0.002259656187935176,2.006284055740508e-09,0.02317362261425909,True,True,0.0004068326856260903,5.5337279955374e-16,0.2006284055740509,149.28572115441372,0.0020009788408229534,3.0531133177191805e-16,0.002000980847107009,0.135,8.158899998060421e-05,1.683874635547723e-13,10.929898806469579,1.9997518452938798
noise_paired,B,0.014,0.001,17,P,completed,False,,,1.1499606843477179e-14,6.6960335705505096e-12,0.025390618000944883,182,195,0.03336406446266162,0.0024118454044437373,0.002259656187935176,2.006284055740508e-09,0.012412915743703014,True,True,0.0004068326856260903,2.7668639977687e-16,0.20062840557405084,69.45305256495642,0.0014292706005881728,9.753942653567549e-10,0.0014292726068722286,0.135,8.158899998060421e-05,2.637279312868419e-15,1.961617452120017,1.9997518452938798
noise_paired,B,0.02,0.001,17,P,completed,False,,,9.083950537990042e-15,3.696060596382699e-12,0.034892745542992126,127,136,0.03986561277087007,0.0024118454044437373,0.002259656187935176,2.006284055740508e-09,0.024399953625006535,True,True,0.0004068326856260903,5.5337279955374e-16,0.2006284055740509,49.444976672829874,0.0010004894205412618,1.3191281068580807e-06,0.0010004914268253175,0.135,8.158899998060421e-05,2.425941611915358e-15,1.9247593656100803,1.9997518452938798
noise_paired,B,0.028,0.001,17,P,completed,False,,,4.71350007841891e-15,1.3764871930566265e-12,0.0645944533440433,91,98,0.07303314836036713,0.0024118454044437373,0.002259656187935176,2.006284055740508e-09,0.04550299188560067,True,True,0.0004068326856260903,5.5337279955374e-16,0.2006284055740509,40.62388616152744,0.00071463762513016,7.692536738046485e-06,0.0007146396314142158,0.135,8.158899998060421e-05,2.569867032891463e-15,1.8557801583523512,1.9997518452938798
noise_paired,B,0.04,0.001,17,P,completed,False,,,5.657277175019527e-15,1.1475090114068904e-12,0.11812432572117569,63,68,0.13185457271126133,0.0024118454044437373,0.002259656187935176,2.006284055740508e-09,0.0850184248997399,True,True,0.0004068326856260903,2.7668639977687e-16,0.20062840557405084,35.2826050583494,0.0005006196768135573,0.00010324408198392199,0.0005006216830976131,0.135,8.158899998060421e-05,3.709968321014828e-15,1.7366346370209946,1.9997518452938798
noise_paired,B,0.005,0.001,18,R,completed,False,,,3.042740739983265e-14,4.9651487137042066e-11,0.7445755350206974,511,547,1.441778670866679,0.0024122169643374727,0.002336391163929378,2.0062950589716994e-09,0.09162697026948183,True,True,0.00036435531812631903,4.150273234962958e-16,0.20062950589717002,281.71183816905733,0.004001979629882163,-4.682365606356598e-14,0.004001981636177222,0.1225,7.307380261809747e-05,7.325253359198338e-12,28.229396675336776,1.9997518452938798
noise_paired,B,0.007,0.001,18,R,completed,False,,,2.115553181520967e-14,2.4667841766993172e-11,0.6189676059259674,365,391,1.11999433594906,0.0024122169643374727,0.002336391163929378,2.0062950589716994e-09,0.07675211984582452,True,True,0.00036435531812631903,4.150273234962958e-16,0.20062950589717002,225.89683835727047,0.002858556878509444,-5.440092820663267e-15,0.002858558884804503,0.1225,7.307380261809747e-05,9.443703241278562e-11,20.261890805783867,1.9997518452938798
noise_paired,B,0.01,0.001,18,R,completed,False,,,1.6160488259002597e-14,1.3173268391015708e-11,0.6131979616109168,255,273,0.9307702472889975,0.0024122169643374727,0.002336391163929378,2.0062950589716994e-09,0.026222706633287712,True,True,0.00036435531812631903,8.300546469925916e-16,0.2006295058971701,155.41288167717028,0.002000989814958748,-9.71445146547012e-16,0.002000991821253807,0.1225,7.307380261809747e-05,2.1315856215715148e-13,13.826923138370327,1.9997518452938798
noise_paired,B,0.014,0.001,18,R,completed,False,,,1.149966991173132e-14,6.696070294166605e-12,0.02984354258956109,182,195,0.04614580783560547,0.0024122169643374727,0.002336391163929378,2.0062950589716994e-09,0.012451191663002016,True,True,0.00036435531812631903,2.766848823308639e-16,0.20062950589717,74.86178067163853,0.0014292784392562208,5.570544026056723e-14,0.0014292804455512797,0.1225,7.307380261809747e-05,3.51580396023739e-15,2.0202871979509203,1.9997518452938798
noise_paired,B,0.02,0.001,18,R,completed,False,,,9.084000357858576e-15,3.696080866996485e-12,0.03506385811347194,127,136,0.041065603448057646,0.0024122169643374727,0.002336391163929378,2.0062950589716994e-09,0.024436093290530276,True,True,0.00036435531812631903,2.766848823308639e-16,0.20062950589717,50.25099481542439,0.0010004949094732651,1.0780066478366379e-08,0.001000496915768324,0.1225,7.307380261809747e-05,3.2214866172531288e-15,1.9225348268915659,1.9997518452938798
noise_paired,B,0.028,0.001,18,R,completed,False,,,4.713525929061015e-15,1.3764947422402894e-12,0.0646903488966339,91,98,0.07352655987741535,0.0024122169643374727,0.002336391163929378,2.0062950589716994e-09,0.04553173622523575,True,True,0.00036435531812631903,0.0,0.20062950589716994,40.60641667137192,0.0007146401916920397,2.8962294805756628e-06,0.0007146421979870988,0.1225,7.307380261809747e-05,2.679356265960568e-15,1.8540295672212492,1.9997518452938798
noise_paired,B,0.04,0.001,18,R,completed,False,,,5.657308201697176e-15,1.1475153047863898e-12,0.11818798141511437,63,68,0.13207691513449182,0.0024122169643374727,0.002336391163929378,2.0062950589716994e-09,0.08505672541346761,True,True,0.00036435531812631903,2.766848823308639e-16,0.20062950589717,33.1998917706626,0.0005003428877522753,4.681516125623619e-05,0.0005003448940473343,0.1225,7.307380261809747e-05,4.2251975841064625e-15,1.736178328816379,1.9997518452938798
noise_paired,B,0.005,0.001,18,P,completed,False,,,3.042740739983265e-14,4.9651487137042066e-11,0.7445755350206974,511,547,1.441778670866679,0.002412217680458167,0.002190024047427543,2.0062950589716994e-09,0.09161951393746767,True,True,0.00036435531812631903,4.150273234962958e-16,0.20062950589717002,281.71183816905733,0.004001979629882163,-4.682365606356598e-14,0.004001981636177222,0.1225,7.307380261809747e-05,7.325253359198338e-12,28.229396675336776,1.9997518452938798
noise_paired,B,0.007,0.001,18,P,completed,False,,,2.115553181520967e-14,2.4667841766993172e-11,0.6189676059259674,365,391,1.11999433594906,0.002412217680458167,0.002190024047427543,2.0062950589716994e-09,0.07674363277169445,True,True,0.00036435531812631903,4.150273234962958e-16,0.20062950589717002,225.89683835727047,0.002858556878509444,-5.440092820663267e-15,0.002858558884804503,0.1225,7.307380261809747e-05,9.443703241278562e-11,20.261890805783867,1.9997518452938798
noise_paired,B,0.01,0.001,18,P,completed,False,,,1.6160488259002597e-14,1.3173268391015708e-11,0.6131979616109168,255,273,0.9307702472889975,0.002412217680458167,0.002190024047427543,2.0062950589716994e-09,0.02619951847927582,True,True,0.00036435531812631903,8.300546469925916e-16,0.2006295058971701,155.41288167717028,0.002000989814958748,-9.71445146547012e-16,0.002000991821253807,0.1225,7.307380261809747e-05,2.1315856215715148e-13,13.826923138370327,1.9997518452938798
noise_paired,B,0.014,0.001,18,P,completed,False,,,1.149966991173132e-14,6.696070294166605e-12,0.02984354258956109,182,195,0.04614580783560547,0.002412217680458167,0.002190024047427543,2.0062950589716994e-09,0.012407389732923891,True,True,0.00036435531812631903,2.766848823308639e-16,0.20062950589717,74.86178067163853,0.0014292784392562208,5.570544026056723e-14,0.0014292804455512797,0.1225,7.307380261809747e-05,3.51580396023739e-15,2.0202871979509203,1.9997518452938798
noise_paired,B,0.02,0.001,18,P,completed,False,,,9.084000357858576e-15,3.696080866996485e-12,0.03506385811347194,127,136,0.041065603448057646,0.002412217680458167,0.002190024047427543,2.0062950589716994e-09,0.024414043915842197,True,True,0.00036435531812631903,2.766848823308639e-16,0.20062950589717,50.25099481542439,0.0010004949094732651,1.0780066478366379e-08,0.001000496915768324,0.1225,7.307380261809747e-05,3.2214866172531288e-15,1.9225348268915659,1.9997518452938798
noise_paired,B,0.028,0.001,18,P,completed,False,,,4.713525929061015e-15,1.3764947422402894e-12,0.0646903488966339,91,98,0.07352655987741535,0.002412217680458167,0.002190024047427543,2.0062950589716994e-09,0.045519732165288214,True,True,0.00036435531812631903,0.0,0.20062950589716994,40.60641667137192,0.0007146401916920397,2.8962294805756628e-06,0.0007146421979870988,0.1225,7.307380261809747e-05,2.679356265960568e-15,1.8540295672212492,1.9997518452938798
noise_paired,B,0.04,0.001,18,P,completed,False,,,5.657308201697176e-15,1.1475153047863898e-12,0.11818798141511437,63,68,0.13207691513449182,0.002412217680458167,0.002190024047427543,2.0062950589716994e-09,0.08504955092669864,True,True,0.00036435531812631903,2.766848823308639e-16,0.20062950589717,33.1998917706626,0.0005003428877522753,4.681516125623619e-05,0.0005003448940473343,0.1225,7.307380261809747e-05,4.2251975841064625e-15,1.736178328816379,1.9997518452938798
noise_paired,B,0.005,0.001,19,R,completed,False,,,3.04277751638367e-14,4.965208725487258e-11,0.5754909679103352,511,547,0.9865359298923971,0.0024119234627328367,0.0024771205490115487,2.0063193082642696e-09,0.09413261289916647,True,True,0.0004170055493987055,2.7668153819085895e-16,0.2006319308264269,326.2978255446412,0.004002028000233138,-1.5681900222830336e-14,0.004002030006552446,0.13,8.362975446950626e-05,2.9022795017586766e-11,27.28474914687818,1.9997518452938798
noise_paired,B,0.007,0.001,19,R,completed,False,,,2.1155787513731266e-14,2.4668139917411983e-11,0.5954954484583013,365,391,0.9665705178164444,0.0024119234627328367,0.0024771205490115487,2.0063193082642696e-09,0.0710378854015493,True,True,0.0004170055493987055,1.3834076909542948e-16,0.20063193082642694,220.9796156895766,0.0028585914287523884,-4.08006961549745e-15,0.0028585934350716965,0.13,8.362975446950626e-05,4.509452481700599e-12,19.432118502193976,1.9997518452938798
noise_paired,B,0.01,0.001,19,R,completed,False,,,1.6160683584414037e-14,1.3173427611085506e-11,0.575827652202534,255,273,0.9007595198951158,0.0024119234627328367,0.0024771205490115487,2.0063193082642696e-09,0.02945297679896864,True,True,0.0004170055493987055,5.533630763817179e-16,0.20063193082642708,150.27979054048132,0.0020010140001285315,2.498001805406602e-16,0.0020010160064478397,0.13,8.362975446950626e-05,7.370652048343797e-13,13.692114694968346,1.9997518452938798
noise_paired,B,0.014,0.001,19,R,completed,False,,,1.149980890368014e-14,6.69615122691222e-12,0.02559614569860721,182,195,0.03037962178554873,0.0024119234627328367,0.0024771205490115487,2.0063193082642696e-09,0.01246494605181206,True,True,0.0004170055493987055,1.3834076909542948e-16,0.200631930826427,58.71010378239447,0.0014292957143774987,3.833275641351719e-10,0.0014292977206968069,0.13,8.362975446950626e-05,4.686558193698092e-15,2.004702768436931,1.9997518452938798
noise_paired,B,0.02,0.001,19,R,completed,False,,,9.084110152567685e-15,3.696125540059855e-12,0.035235223400821886,127,136,0.039935503595983045,0.0024119234627328367,0.0024771205490115487,2.0063193082642696e-09,0.024423057377331248,True,True,0.0004170055493987055,1.3834076909542948e-16,0.200631930826427,45.09463583968656,0.0010005070015137174,6.326426087721604e-07,0.0010005090078330256,0.13,8.362975446950626e-05,3.420583958070444e-15,1.9238230268000147,1.9997518452938798
noise_paired,B,0.028,0.001,19,R,completed,False,,,4.713582899579274e-15,1.3765113793862453e-12,0.06482308732843886,91,98,0.07360735280942465,0.0024119234627328367,0.0024771205490115487,2.0063193082642696e-09,0.04549035231360909,True,True,0.0004170055493987055,1.3834076909542948e-16,0.200631930826427,41.89932146114353,0.0007146699955165592,1.0054919852675592e-05,0.0007146720018358675,0.13,8.362975446950626e-05,3.28451621033632e-15,1.854035438962585,1.9997518452938798
noise_paired,B,0.04,0.001,19,R,completed,False,,,5.657376579337408e-15,1.147529174348711e-12,0.11825407366690241,63,68,0.13212371001893314,0.0024119234627328367,0.0024771205490115487,2.0063193082642696e-09,0.08498635501694934,True,True,0.0004170055493987055,1.3834076909542948e-16,0.200631930826427,34.19015755046706,0.0005034976037234518,4.106298479319981e-05,0.00050349961004276,0.13,8.362975446950626e-05,2.0592984305382043e-15,1.7360564663568947,1.9997518452938798
noise_paired,B,0.005,0.001,19,P,completed,False,,,3.04277751638367e-14,4.965208725487258e-11,0.5754909679103352,511,547,0.9865359298923971,0.0024119243820843214,0.002288590772330497,2.0063193082642696e-09,0.09412271710581617,True,True,0.0004170055493987055,2.7668153819085895e-16,0.2006319308264269,326.2978255446412,0.004002028000233138,-1.5681900222830336e-14,0.004002030006552446,0.13,8.362975446950626e-05,2.9022795017586766e-11,27.28474914687818,1.9997518452938798
noise_paired,B,0.007,0.001,19,P,completed,False,,,2.1155787513731266e-14,2.4668139917411983e-11,0.5954954484583013,365,391,0.9665705178164444,0.0024119243820843214,0.002288590772330497,2.0063193082642696e-09,0.07102520604595773,True,True,0.0004170055493987055,1.3834076909542948e-16,0.20063193082642694,220.9796156895766,0.0028585914287523884,-4.08006961549745e-15,0.0028585934350716965,0.13,8.362975446950626e-05,4.509452481700599e-12,19.432118502193976,1.9997518452938798
noise_paired,B,0.01,0.001,19,P,completed,False,,,1.6160683584414037e-14,1.3173427611085506e-11,0.575827652202534,255,273,0.9007595198951158,0.0024119243820843214,0.002288590772330497,2.0063193082642696e-09,0.02942558801713032,True,True,0.0004170055493987055,5.533630763817179e-16,0.20063193082642708,150.27979054048132,0.0020010140001285315,2.498001805406602e-16,0.0020010160064478397,0.13,8.362975446950626e-05,7.370652048343797e-13,13.692114694968346,1.9997518452938798
noise_paired,B,0.014,0.001,19,P,completed,False,,,1.149980890368014e-14,6.69615122691222e-12,0.02559614569860721,182,195,0.03037962178554873,0.0024119243820843214,0.002288590772330497,2.0063193082642696e-09,0.012408463358224578,True,True,0.0004170055493987055,1.3834076909542948e-16,0.200631930826427,58.71010378239447,0.0014292957143774987,3.833275641351719e-10,0.0014292977206968069,0.13,8.362975446950626e-05,4.686558193698092e-15,2.004702768436931,1.9997518452938798
noise_paired,B,0.02,0.001,19,P,completed,False,,,9.084110152567685e-15,3.696125540059855e-12,0.035235223400821886,127,136,0.039935503595983045,0.0024119243820843214,0.002288590772330497,2.0063193082642696e-09,0.024394550383660188,True,True,0.0004170055493987055,1.3834076909542948e-16,0.200631930826427,45.09463583968656,0.0010005070015137174,6.326426087721604e-07,0.0010005090078330256,0.13,8.362975446950626e-05,3.420583958070444e-15,1.9238230268000147,1.9997518452938798
noise_paired,B,0.028,0.001,19,P,completed,False,,,4.713582899579274e-15,1.3765113793862453e-12,0.06482308732843886,91,98,0.07360735280942465,0.0024119243820843214,0.002288590772330497,2.0063193082642696e-09,0.045474530494132574,True,True,0.0004170055493987055,1.3834076909542948e-16,0.200631930826427,41.89932146114353,0.0007146699955165592,1.0054919852675592e-05,0.0007146720018358675,0.13,8.362975446950626e-05,3.28451621033632e-15,1.854035438962585,1.9997518452938798
noise_paired,B,0.04,0.001,19,P,completed,False,,,5.657376579337408e-15,1.147529174348711e-12,0.11825407366690241,63,68,0.13212371001893314,0.0024119243820843214,0.002288590772330497,2.0063193082642696e-09,0.08497666115651117,True,True,0.0004170055493987055,1.3834076909542948e-16,0.200631930826427,34.19015755046706,0.0005034976037234518,4.106298479319981e-05,0.00050349961004276,0.13,8.362975446950626e-05,2.0592984305382043e-15,1.7360564663568947,1.9997518452938798
noise_paired,B,0.005,0.001,20,R,completed,False,,,3.04202994533884e-14,4.963988837981607e-11,0.6906110151826755,511,547,1.2994844590501138,0.002412415158458999,0.002573546544611729,2.005826381583477e-09,0.09333026637001579,True,True,0.00045823314400181877,9.686233618884957e-16,0.2005826381583475,351.09232091443096,0.00400104475375776,-1.3378187446733136e-14,0.0040010467595841415,0.1475,9.187151434258167e-05,1.1544844801635849e-10,29.292582814397086,1.9997518452938798
noise_paired,B,0.007,0.001,20,R,completed,False,,,2.1150589810616043e-14,2.4662079274781105e-11,0.5821828668769928,365,391,0.8726455151650706,0.002412415158458999,0.002573546544611729,2.005826381583477e-09,0.0724081899032988,True,True,0.00045823314400181877,2.767495319681416e-16,0.20058263815834776,245.9659663785901,0.0028578891098443304,-6.966649479522857e-15,0.002857891115670712,0.1475,9.187151434258167e-05,4.5251376787584686e-13,18.70998079559257,1.9997518452938798
noise_paired,B,0.01,0.001,20,R,completed,False,,,1.6156713113669034e-14,1.3170191070460967e-11,0.6224578517067235,255,273,1.033505211078735,0.002412415158458999,0.002573546544611729,2.005826381583477e-09,0.03653508452413755,True,True,0.00045823314400181877,2.767495319681416e-16,0.20058263815834776,168.34897940834256,0.00200052237689341,-2.9976021664879227e-15,0.0020005243827197917,0.1475,9.187151434258167e-05,4.495500543867572e-13,13.56082184147985,1.9997518452938798
noise_paired,B,0.014,0.001,20,R,completed,False,,,1.149698354950581e-14,6.6945060692422664e-12,0.034818530485835934,182,195,0.06820256552407583,0.002412415158458999,0.002573546544611729,2.005826381583477e-09,0.012515074003743364,True,True,0.00045823314400181877,1.383747659840708e-16,0.20058263815834768,73.49897580752116,0.0014289445549242052,5.717648576819556e-15,0.0014289465607505868,0.1475,9.187151434258167e-05,2.6640974445018593e-15,2.059783807732072,1.9997518452938798
noise_paired,B,0.02,0.001,20,R,completed,False,,,9.081878304303546e-15,3.695217449863668e-12,0.035351269796870415,127,136,0.04055055055267706,0.002412415158458999,0.002573546544611729,2.005826381583477e-09,0.024428567837562882,True,True,0.00045823314400181877,0.0,0.2005826381583477,51.057738391677354,0.0010002611884464274,3.574829904318122e-09,0.001000263194272809,0.1475,9.187151434258167e-05,3.1350736770148407e-15,1.922909198981454,1.9997518452938798
noise_paired,B,0.028,0.001,20,R,completed,False,,,4.7124248332815715e-15,1.376173188360261e-12,0.06492571252898989,91,98,0.07364970130300189,0.002412415158458999,0.002573546544611729,2.005826381583477e-09,0.04550608867119266,True,True,0.00045823314400181877,0.0,0.2005826381583477,40.0480537472272,0.000714472277469097,1.6479832828097951e-06,0.0007144742832954786,0.1475,9.187151434258167e-05,3.5462075691819746e-15,1.8539026367916223,1.9997518452938798
noise_paired,B,0.04,0.001,20,R,completed,False,,,5.655986635150678e-15,1.1472472412861648e-12,0.11834818478317898,63,68,0.1322819985601542,0.002412415158458999,0.002573546544611729,2.005826381583477e-09,0.0849957183394634,True,True,0.00045823314400181877,0.0,0.2005826381583477,35.9610851360132,0.0005001346165662002,3.611939640460471e-05,0.0005001366223925818,0.1475,9.187151434258167e-05,2.522427866876584e-15,1.7359044691340335,1.9997518452938798
noise_paired,B,0.005,0.001,20,P,completed,False,,,3.04202994533884e-14,4.963988837981607e-11,0.6906110151826755,511,547,1.2994844590501138,0.002412416209706655,0.0023846236236866286,2.005826381583477e-09,0.09332153203438073,True,True,0.00045823314400181877,9.686233618884957e-16,0.2005826381583475,351.09232091443096,0.00400104475375776,-1.3378187446733136e-14,0.0040010467595841415,0.1475,9.187151434258167e-05,1.1544844801635849e-10,29.292582814397086,1.9997518452938798
noise_paired,B,0.007,0.001,20,P,completed,False,,,2.1150589810616043e-14,2.4662079274781105e-11,0.5821828668769928,365,391,0.8726455151650706,0.002412416209706655,0.0023846236236866286,2.005826381583477e-09,0.07239719209524595,True,True,0.00045823314400181877,2.767495319681416e-16,0.20058263815834776,245.9659663785901,0.0028578891098443304,-6.966649479522857e-15,0.002857891115670712,0.1475,9.187151434258167e-05,4.5251376787584686e-13,18.70998079559257,1.9997518452938798
noise_paired,B,0.01,0.001,20,P,completed,False,,,1.6156713113669034e-14,1.3170191070460967e-11,0.6224578517067235,255,273,1.033505211078735,0.002412416209706655,0.0023846236236866286,2.005826381583477e-09,0.036514326724721095,True,True,0.00045823314400181877,2.767495319681416e-16,0.20058263815834776,168.34897940834256,0.00200052237689341,-2.9976021664879227e-15,0.0020005243827197917,0.1475,9.187151434258167e-05,4.495500543867572e-13,13.56082184147985,1.9997518452938798
noise_paired,B,0.014,0.001,20,P,completed,False,,,1.149698354950581e-14,6.6945060692422664e-12,0.034818530485835934,182,195,0.06820256552407583,0.002412416209706655,0.0023846236236866286,2.005826381583477e-09,0.01245827370725199,True,True,0.00045823314400181877,1.383747659840708e-16,0.20058263815834768,73.49897580752116,0.0014289445549242052,5.717648576819556e-15,0.0014289465607505868,0.1475,9.187151434258167e-05,2.6640974445018593e-15,2.059783807732072,1.9997518452938798
noise_paired,B,0.02,0.001,20,P,completed,False,,,9.081878304303546e-15,3.695217449863668e-12,0.035351269796870415,127,136,0.04055055055267706,0.002412416209706655,0.0023846236236866286,2.005826381583477e-09,0.02440032584813629,True,True,0.00045823314400181877,0.0,0.2005826381583477,51.057738391677354,0.0010002611884464274,3.574829904318122e-09,0.001000263194272809,0.1475,9.187151434258167e-05,3.1350736770148407e-15,1.922909198981454,1.9997518452938798
noise_paired,B,0.028,0.001,20,P,completed,False,,,4.7124248332815715e-15,1.376173188360261e-12,0.06492571252898989,91,98,0.07364970130300189,0.002412416209706655,0.0023846236236866286,2.005826381583477e-09,0.045490755708169704,True,True,0.00045823314400181877,0.0,0.2005826381583477,40.0480537472272,0.000714472277469097,1.6479832828097951e-06,0.0007144742832954786,0.1475,9.187151434258167e-05,3.5462075691819746e-15,1.8539026367916223,1.9997518452938798
noise_paired,B,0.04,0.001,20,P,completed,False,,,5.655986635150678e-15,1.1472472412861648e-12,0.11834818478317898,63,68,0.1322819985601542,0.002412416209706655,0.0023846236236866286,2.005826381583477e-09,0.08498684962992119,True,True,0.00045823314400181877,0.0,0.2005826381583477,35.9610851360132,0.0005001346165662002,3.611939640460471e-05,0.0005001366223925818,0.1475,9.187151434258167e-05,2.522427866876584e-15,1.7359044691340335,1.9997518452938798
noise_paired,B,0.005,0.001,21,R,completed,False,,,3.041937155458249e-14,4.9638374233210644e-11,0.5751673418442496,511,547,1.0258937591375723,0.00241219917090157,0.0024090189962802933,2.0057651986254594e-09,0.09367845830877652,True,True,0.0004279519742373747,1.3837898690559427e-16,0.2005765198625459,295.95221181691045,0.004000922711431015,-1.534883331544279e-14,0.004000924717196214,0.135,8.58003992105794e-05,1.1186787635443218e-11,27.141912140634275,1.9997518452938798
noise_paired,B,0.007,0.001,21,R,completed,False,,,2.114994466223216e-14,2.466132701677176e-11,0.543423851397161,365,391,0.7098959604463144,0.00241219917090157,0.0024090189962802933,2.0057651986254594e-09,0.07588041789477583,True,True,0.0004279519742373747,2.7675797381118854e-16,0.200576519862546,242.50463103649838,0.00285780193674387,-2.3037127760972e-15,0.0028578039425090685,0.135,8.58003992105794e-05,1.485282943458109e-10,19.863398377947817,1.9997518452938798
noise_paired,B,0.01,0.001,21,R,completed,False,,,1.6156220291603667e-14,1.31697893451398e-11,0.4645533515684237,255,273,0.5787946185972616,0.00241219917090157,0.0024090189962802933,2.0057651986254594e-09,0.02796831083681146,True,True,0.0004279519742373747,1.3837898690559427e-16,0.2005765198625459,145.92401572613727,0.0020004613557212114,-4.3021142204224816e-15,0.00200046336148641,0.135,8.58003992105794e-05,7.005252250998135e-13,12.614127334784222,1.9997518452938798
noise_paired,B,0.014,0.001,21,R,completed,False,,,1.1496632861396264e-14,6.6943018692738415e-12,0.02607963563954614,182,195,0.03323538998006917,0.00241219917090157,0.0024090189962802933,2.0057651986254594e-09,0.012435003343650077,True,True,0.0004279519742373747,2.7675797381118854e-16,0.20057651986254588,83.7125433392857,0.0014289009683721432,2.220446049250313e-16,0.0014289029741373419,0.135,8.58003992105794e-05,4.043416778942572e-15,1.973789163874124,1.9997518452938798
noise_paired,B,0.02,0.001,21,R,completed,False,,,9.081601283229282e-15,3.695104736053452e-12,0.035156267132687505,127,136,0.041277346337663876,0.00241219917090157,0.0024090189962802933,2.0057651986254594e-09,0.02443416814871463,True,True,0.0004279519742373747,2.7675797381118854e-16,0.20057651986254588,46.78818428437703,0.0010002306778597037,5.930036184320642e-10,0.0010002326836249023,0.135,8.58003992105794e-05,4.906902217983305e-15,1.9193492314305263,1.9997518452938798
noise_paired,B,0.028,0.001,21,R,completed,False,,,4.712281091982034e-15,1.3761312114737358e-12,0.06473369191973086,91,98,0.07379855832454742,0.00241219917090157,0.0024090189962802933,2.0057651986254594e-09,0.04552229265267621,True,True,0.0004279519742373747,2.7675797381118854e-16,0.20057651986254588,40.27713101030826,0.0007144504849941613,6.578709751958733e-07,0.0007144524907593599,0.135,8.58003992105794e-05,2.7879233929580374e-15,1.853617965766396,1.9997518452938798
noise_paired,B,0.04,0.001,21,R,completed,False,,,5.655814112744939e-15,1.1472122472405964e-12,0.11819693332969489,63,68,0.13215225737805347,0.00241219917090157,0.0024090189962802933,2.0057651986254594e-09,0.08502984805955043,True,True,0.0004279519742373747,2.7675797381118854e-16,0.20057651986254588,35.58847400077221,0.0005001363357435007,2.2840832422432733e-05,0.0005001383415086993,0.135,8.58003992105794e-05,2.184331970898129e-15,1.7362193917223234,1.9997518452938798
noise_paired,B,0.005,0.001,21,P,completed,False,,,3.041937155458249e-14,4.9638374233210644e-11,0.5751673418442496,511,547,1.0258937591375723,0.002412200162946681,0.0021948942653304475,2.0057651986254594e-09,0.09366813033733805,True,True,0.0004279519742373747,1.3837898690559427e-16,0.2005765198625459,295.95221181691045,0.004000922711431015,-1.534883331544279e-14,0.004000924717196214,0.135,8.58003992105794e-05,1.1186787635443218e-11,27.141912140634275,1.9997518452938798
noise_paired,B,0.007,0.001,21,P,completed,False,,,2.114994466223216e-14,2.466132701677176e-11,0.543423851397161,365,391,0.7098959604463144,0.002412200162946681,0.0021948942653304475,2.0057651986254594e-09,0.07586819109854352,True,True,0.0004279519742373747,2.7675797381118854e-16,0.200576519862546,242.50463103649838,0.00285780193674387,-2.3037127760972e-15,0.0028578039425090685,0.135,8.58003992105794e-05,1.485282943458109e-10,19.863398377947817,1.9997518452938798
noise_paired,B,0.01,0.001,21,P,completed,False,,,1.6156220291603667e-14,1.31697893451398e-11,0.4645533515684237,255,273,0.5787946185972616,0.002412200162946681,0.0021948942653304475,2.0057651986254594e-09,0.02793847879244099,True,True,0.0004279519742373747,1.3837898690559427e-16,0.2005765198625459,145.92401572613727,0.0020004613557212114,-4.3021142204224816e-15,0.00200046336148641,0.135,8.58003992105794e-05,7.005252250998135e-13,12.614127334784222,1.9997518452938798
noise_paired,B,0.014,0.001,21,P,completed,False,,,1.1496632861396264e-14,6.6943018692738415e-12,0.02607963563954614,182,195,0.03323538998006917,0.002412200162946681,0.0021948942653304475,2.0057651986254594e-09,0.012377168963276244,True,True,0.0004279519742373747,2.7675797381118854e-16,0.20057651986254588,83.7125433392857,0.0014289009683721432,2.220446049250313e-16,0.0014289029741373419,0.135,8.58003992105794e-05,4.043416778942572e-15,1.973789163874124,1.9997518452938798
noise_paired,B,0.02,0.001,21,P,completed,False,,,9.081601283229282e-15,3.695104736053452e-12,0.035156267132687505,127,136,0.041277346337663876,0.002412200162946681,0.0021948942653304475,2.0057651986254594e-09,0.0244056327097458,True,True,0.0004279519742373747,2.7675797381118854e-16,0.20057651986254588,46.78818428437703,0.0010002306778597037,5.930036184320642e-10,0.0010002326836249023,0.135,8.58003992105794e-05,4.906902217983305e-15,1.9193492314305263,1.9997518452938798
noise_paired,B,0.028,0.001,21,P,completed,False,,,4.712281091982034e-15,1.3761312114737358e-12,0.06473369191973086,91,98,0.07379855832454742,0.002412200162946681,0.0021948942653304475,2.0057651986254594e-09,0.04550616197878753,True,True,0.0004279519742373747,2.7675797381118854e-16,0.20057651986254588,40.27713101030826,0.0007144504849941613,6.578709751958733e-07,0.0007144524907593599,0.135,8.58003992105794e-05,2.7879233929580374e-15,1.853617965766396,1.9997518452938798
noise_paired,B,0.04,0.001,21,P,completed,False,,,5.655814112744939e-15,1.1472122472405964e-12,0.11819693332969489,63,68,0.13215225737805347,0.002412200162946681,0.0021948942653304475,2.0057651986254594e-09,0.0850196610111585,True,True,0.0004279519742373747,2.7675797381118854e-16,0.20057651986254588,35.58847400077221,0.0005001363357435007,2.2840832422432733e-05,0.0005001383415086993,0.135,8.58003992105794e-05,2.184331970898129e-15,1.7362193917223234,1.9997518452938798
noise_paired,B,0.005,0.001,22,R,completed,False,,,3.0416118407512016e-14,4.963306574314437e-11,0.6050709235295568,511,547,1.0357422478297118,0.002412151131912132,0.0025703561356124334,2.0055506955359314e-09,0.09461024588720526,True,True,0.00043893880694235527,1.107150297518137e-15,0.20055506955359334,328.05354207015523,0.004000494839658697,-1.0436096431476471e-14,0.004000496845209392,0.115,8.79927795104292e-05,2.4013071778504966e-10,28.45417627984251,1.9997518452938798
noise_paired,B,0.007,0.001,22,R,completed,False,,,2.1147682817986127e-14,2.465868965381393e-11,0.6535546403325329,365,391,1.0663746056634935,0.002412151131912132,0.0025703561356124334,2.0055506955359314e-09,0.07661755378087254,True,True,0.00043893880694235527,4.1518136156930144e-16,0.2005550695535932,273.34148572398135,0.002857496314060487,-2.914335439641036e-15,0.0028574983196111826,0.115,8.79927795104292e-05,1.4772100054717516e-12,20.806656016901407,1.9997518452938798
noise_paired,B,0.01,0.001,22,R,completed,False,,,1.6154492492572144e-14,1.3168380924799819e-11,0.563753885006746,255,273,1.02858399744034,0.002412151131912132,0.0025703561356124334,2.0055506955359314e-09,0.02731919247146062,True,True,0.00043893880694235527,2.7678757437953427e-16,0.20055506955359317,160.19219984783453,0.002000247419842477,-3.524958103184872e-15,0.0020002494253931725,0.115,8.79927795104292e-05,2.2302787184823847e-13,12.470140813648845,1.9997518452938798
noise_paired,B,0.014,0.001,22,R,completed,False,,,1.1495403373882156e-14,6.693585958740456e-12,0.03128610818058842,182,195,0.04175606531228259,0.002412151131912132,0.0025703561356124334,2.0055506955359314e-09,0.012467513105347909,True,True,0.00043893880694235527,2.7678757437953427e-16,0.20055506955359317,74.83860285431524,0.0014287481570300076,3.4585667663122877e-12,0.0014287501625807031,0.115,8.79927795104292e-05,3.2624732295986238e-15,2.0145555950274088,1.9997518452938798
noise_paired,B,0.02,0.001,22,R,completed,False,,,9.080630067089699e-15,3.694709569469368e-12,0.03512736762186717,127,136,0.0402848688091864,0.002412151131912132,0.0025703561356124334,2.0055506955359314e-09,0.02442617665273812,True,True,0.00043893880694235527,2.7678757437953427e-16,0.20055506955359317,47.93010759879471,0.0010001237099430682,8.22903095110128e-08,0.0010001257154937638,0.115,8.79927795104292e-05,2.77254845606458e-15,1.9236869311041425,1.9997518452938798
noise_paired,B,0.028,0.001,22,R,completed,False,,,4.711777145232111e-15,1.3759840435018019e-12,0.06473264681902671,91,98,0.07346444083964007,0.002412151131912132,0.0025703561356124334,2.0055506955359314e-09,0.04550458180938846,True,True,0.00043893880694235527,4.1518136156930144e-16,0.2005550695535932,42.33741946579932,0.0007143741412865556,3.126207057002617e-06,0.0007143761468372512,0.115,8.79927795104292e-05,3.869605934653598e-15,1.8542858131927051,1.9997518452938798
noise_paired,B,0.04,0.001,22,R,completed,False,,,5.655209261488265e-15,1.1470895606113008e-12,0.11816702589890715,63,68,0.13211442438620385,0.002412151131912132,0.0025703561356124334,2.0055506955359314e-09,0.08500889473798898,True,True,0.00043893880694235527,2.7678757437953427e-16,0.20055506955359317,35.87350943964399,0.0005000961612040278,7.592510335854841e-05,0.0005000981667547233,0.115,8.79927795104292e-05,3.336125975219027e-15,1.7362698437540445,1.9997518452938798
noise_paired,B,0.005,0.001,22,P,completed,False,,,3.0416118407512016e-14,4.963306574314437e-11,0.6050709235295568,511,547,1.0357422478297118,0.0024121523029718827,0.0023474441495513793,2.0055506955359314e-09,0.09459994956331491,True,True,0.00043893880694235527,1.107150297518137e-15,0.20055506955359334,328.05354207015523,0.004000494839658697,-1.0436096431476471e-14,0.004000496845209392,0.115,8.79927795104292e-05,2.4013071778504966e-10,28.45417627984251,1.9997518452938798
noise_paired,B,0.007,0.001,22,P,completed,False,,,2.1147682817986127e-14,2.465868965381393e-11,0.6535546403325329,365,391,1.0663746056634935,0.0024121523029718827,0.0023474441495513793,2.0055506955359314e-09,0.07660541640938921,True,True,0.00043893880694235527,4.1518136156930144e-16,0.2005550695535932,273.34148572398135,0.002857496314060487,-2.914335439641036e-15,0.0028574983196111826,0.115,8.79927795104292e-05,1.4772100054717516e-12,20.806656016901407,1.9997518452938798
noise_paired,B,0.01,0.001,22,P,completed,False,,,1.6154492492572144e-14,1.3168380924799819e-11,0.563753885006746,255,273,1.02858399744034,0.0024121523029718827,0.0023474441495513793,2.0055506955359314e-09,0.027287090840752388,True,True,0.00043893880694235527,2.7678757437953427e-16,0.20055506955359317,160.19219984783453,0.002000247419842477,-3.524958103184872e-15,0.0020002494253931725,0.115,8.79927795104292e-05,2.2302787184823847e-13,12.470140813648845,1.9997518452938798
noise_paired,B,0.014,0.001,22,P,completed,False,,,1.1495403373882156e-14,6.693585958740456e-12,0.03128610818058842,182,195,0.04175606531228259,0.0024121523029718827,0.0023474441495513793,2.0055506955359314e-09,0.012402769407254675,True,True,0.00043893880694235527,2.7678757437953427e-16,0.20055506955359317,74.83860285431524,0.0014287481570300076,3.4585667663122877e-12,0.0014287501625807031,0.115,8.79927795104292e-05,3.2624732295986238e-15,2.0145555950274088,1.9997518452938798
noise_paired,B,0.02,0.001,22,P,completed,False,,,9.080630067089699e-15,3.694709569469368e-12,0.03512736762186717,127,136,0.0402848688091864,0.0024121523029718827,0.0023474441495513793,2.0055506955359314e-09,0.024393461057677347,True,True,0.00043893880694235527,2.7678757437953427e-16,0.20055506955359317,47.93010759879471,0.0010001237099430682,8.22903095110128e-08,0.0010001257154937638,0.115,8.79927795104292e-05,2.77254845606458e-15,1.9236869311041425,1.9997518452938798
noise_paired,B,0.028,0.001,22,P,completed,False,,,4.711777145232111e-15,1.3759840435018019e-12,0.06473264681902671,91,98,0.07346444083964007,0.0024121523029718827,0.0023474441495513793,2.0055506955359314e-09,0.04548676327455889,True,True,0.00043893880694235527,4.1518136156930144e-16,0.2005550695535932,42.33741946579932,0.0007143741412865556,3.126207057002617e-06,0.0007143761468372512,0.115,8.79927795104292e-05,3.869605934653598e-15,1.8542858131927051,1.9997518452938798
noise_paired,B,0.04,0.001,22,P,completed,False,,,5.655209261488265e-15,1.1470895606113008e-12,0.11816702589890715,63,68,0.13211442438620385,0.0024121523029718827,0.0023474441495513793,2.0055506955359314e-09,0.08499845574985959,True,True,0.00043893880694235527,2.7678757437953427e-16,0.20055506955359317,35.87350943964399,0.0005000961612040278,7.592510335854841e-05,0.0005000981667547233,0.115,8.79927795104292e-05,3.336125975219027e-15,1.7362698437540445,1.9997518452938798
noise_paired,B,0.005,0.001,23,R,completed,False,,,3.0427872673945133e-14,4.9652246372007693e-11,0.6065313476926206,511,547,1.1992467584383846,0.0024117413540005795,0.002481657598175978,2.0063257377982153e-09,0.09237865144216736,True,True,0.0003834500293032029,1.3834032576429226e-16,0.20063257377982155,353.1272088993195,0.004002040825294734,-2.0733414984874798e-14,0.004002042831620471,0.115,7.690307780761641e-05,3.52561387201716e-11,27.610035000032095,1.9997518452938798
noise_paired,B,0.007,0.001,23,R,completed,False,,,2.1155855310444086e-14,2.4668218969954774e-11,0.6479949695232569,365,391,0.9443040826175073,0.0024117413540005795,0.002481657598175978,2.0063257377982153e-09,0.07496951022639801,True,True,0.0003834500293032029,1.3834032576429226e-16,0.20063257377982155,266.614967348564,0.002858600589513982,-4.773959005888173e-15,0.00285860259583972,0.115,7.690307780761641e-05,3.543845651114769e-12,19.99496717981877,1.9997518452938798
noise_paired,B,0.01,0.001,23,R,completed,False,,,1.6160735373609937e-14,1.3173469827197196e-11,0.48868487099501207,255,273,0.7499175642229161,0.0024117413540005795,0.002481657598175978,2.0063257377982153e-09,0.03350036967491955,True,True,0.0003834500293032029,0.0,0.20063257377982152,149.37871034206574,0.0020010204126605646,-4.440892098500626e-16,0.0020010224189863026,0.115,7.690307780761641e-05,1.122753818108306e-12,12.769658884725029,1.9997518452938798
noise_paired,B,0.014,0.001,23,R,completed,False,,,1.149984575644401e-14,6.696172685675758e-12,0.0237169019835334,182,195,0.0412330602028997,0.0024117413540005795,0.002481657598175978,2.0063257377982153e-09,0.012433678549158823,True,True,0.0003834500293032029,0.0,0.20063257377982152,71.7169260116901,0.0014293002947575184,1.0953133677826798e-09,0.0014293023010832561,0.115,7.690307780761641e-05,6.25828855713283e-15,1.9843957927750284,1.9997518452938798
noise_paired,B,0.02,0.001,23,R,completed,False,,,9.084139263883291e-15,3.696137384816833e-12,0.03521996339411411,127,136,0.04161697588333327,0.0024117413540005795,0.002481657598175978,2.0063257377982153e-09,0.024420670584038084,True,True,0.0003834500293032029,0.0,0.20063257377982152,44.389787355805,0.00100051025897957,1.3590672215402222e-07,0.0010005122653053077,0.115,7.690307780761641e-05,3.0974506465728145e-15,1.9206696433925963,1.9997518452938798
noise_paired,B,0.028,0.001,23,R,completed,False,,,4.713598004922244e-15,1.3765157906116189e-12,0.06476895357861238,91,98,0.07375852146105998,0.0024117413540005795,0.002481657598175978,2.0063257377982153e-09,0.045492751872929275,True,True,0.0003834500293032029,0.0,0.20063257377982152,40.6645069073967,0.0007148157789006737,3.6335775879525745e-06,0.0007148177852264115,0.115,7.690307780761641e-05,2.9470737797286237e-15,1.854172275490828,1.9997518452938798
noise_paired,B,0.04,0.001,23,R,completed,False,,,5.657394709200691e-15,1.147532851768227e-12,0.11816275630128405,63,68,0.13211537860232103,0.0024117413540005795,0.002481657598175978,2.0063257377982153e-09,0.08499522989108535,True,True,0.0003834500293032029,0.0,0.20063257377982152,35.37758397891968,0.0005088883210841444,5.880243361788828e-05,0.0005088903274098822,0.115,7.690307780761641e-05,3.9806027824750696e-15,1.7360102264895667,1.9997518452938798
noise_paired,B,0.005,0.001,23,P,completed,False,,,3.0427872673945133e-14,4.9652246372007693e-11,0.6065313476926206,511,547,1.1992467584383846,0.00241174216547537,0.0023070966932340355,2.0063257377982153e-09,0.09236843119477404,True,True,0.0003834500293032029,1.3834032576429226e-16,0.20063257377982155,353.1272088993195,0.004002040825294734,-2.0733414984874798e-14,0.004002042831620471,0.115,7.690307780761641e-05,3.52561387201716e-11,27.610035000032095,1.9997518452938798
noise_paired,B,0.007,0.001,23,P,completed,False,,,2.1155855310444086e-14,2.4668218969954774e-11,0.6479949695232569,365,391,0.9443040826175073,0.00241174216547537,0.0023070966932340355,2.0063257377982153e-09,0.07495782055462073,True,True,0.0003834500293032029,1.3834032576429226e-16,0.20063257377982155,266.614967348564,0.002858600589513982,-4.773959005888173e-15,0.00285860259583972,0.115,7.690307780761641e-05,3.543845651114769e-12,19.99496717981877,1.9997518452938798
noise_paired,B,0.01,0.001,23,P,completed,False,,,1.6160735373609937e-14,1.3173469827197196e-11,0.48868487099501207,255,273,0.7499175642229161,0.00241174216547537,0.0023070966932340355,2.0063257377982153e-09,0.03347616546460752,True,True,0.0003834500293032029,0.0,0.20063257377982152,149.37871034206574,0.0020010204126605646,-4.440892098500626e-16,0.0020010224189863026,0.115,7.690307780761641e-05,1.122753818108306e-12,12.769658884725029,1.9997518452938798
noise_paired,B,0.014,0.001,23,P,completed,False,,,1.149984575644401e-14,6.696172685675758e-12,0.0237169019835334,182,195,0.0412330602028997,0.00241174216547537,0.0023070966932340355,2.0063257377982153e-09,0.012379386501266925,True,True,0.0003834500293032029,0.0,0.20063257377982152,71.7169260116901,0.0014293002947575184,1.0953133677826798e-09,0.0014293023010832561,0.115,7.690307780761641e-05,6.25828855713283e-15,1.9843957927750284,1.9997518452938798
noise_paired,B,0.02,0.001,23,P,completed,False,,,9.084139263883291e-15,3.696137384816833e-12,0.03521996339411411,127,136,0.04161697588333327,0.00241174216547537,0.0023070966932340355,2.0063257377982153e-09,0.024393813560818548,True,True,0.0003834500293032029,0.0,0.20063257377982152,44.389787355805,0.00100051025897957,1.3590672215402222e-07,0.0010005122653053077,0.115,7.690307780761641e-05,3.0974506465728145e-15,1.9206696433925963,1.9997518452938798
noise_paired,B,0.028,0.001,23,P,completed,False,,,4.713598004922244e-15,1.3765157906116189e-12,0.06476895357861238,91,98,0.07375852146105998,0.00241174216547537,0.0023070966932340355,2.0063257377982153e-09,0.04547749722413917,True,True,0.0003834500293032029,0.0,0.20063257377982152,40.6645069073967,0.0007148157789006737,3.6335775879525745e-06,0.0007148177852264115,0.115,7.690307780761641e-05,2.9470737797286237e-15,1.854172275490828,1.9997518452938798
noise_paired,B,0.04,0.001,23,P,completed,False,,,5.657394709200691e-15,1.147532851768227e-12,0.11816275630128405,63,68,0.13211537860232103,0.00241174216547537,0.0023070966932340355,2.0063257377982153e-09,0.08498559753612714,True,True,0.0003834500293032029,0.0,0.20063257377982152,35.37758397891968,0.0005088883210841444,5.880243361788828e-05,0.0005088903274098822,0.115,7.690307780761641e-05,3.9806027824750696e-15,1.7360102264895667,1.9997518452938798
noise_paired,B,0.005,0.001,24,R,completed,False,,,3.0432327545682553e-14,4.9659515838113075e-11,0.6783123460094034,511,547,1.2938861928246832,0.0024118399925779905,0.002390994703361299,2.0066194791294334e-09,0.09288487396942681,True,True,0.00042782619226245825,8.299204479267968e-16,0.20066194791294348,296.5515860610841,0.004002626754487981,-2.425837308805967e-14,0.00400262876110746,0.1425,8.581172460417525e-05,9.266233512353523e-11,28.85172106446035,1.9997518452938798
noise_paired,B,0.007,0.001,24,R,completed,False,,,2.115895268839467e-14,2.4671830584630545e-11,0.5775999539840415,365,391,0.9192253024355077,0.0024118399925779905,0.002390994703361299,2.0066194791294334e-09,0.07450736040946375,True,True,0.00042782619226245825,2.766401493089323e-16,0.20066194791294326,206.1394166685313,0.002859019110359934,-2.4980018054066022e-15,0.002859021116979413,0.1425,8.581172460417525e-05,6.389051552782385e-13,19.356106978898428,1.9997518452938798
noise_paired,B,0.01,0.001,24,R,completed,False,,,1.6163101428050983e-14,1.3175398523266283e-11,0.5341276058999368,255,273,0.9320344824108386,0.0024118399925779905,0.002390994703361299,2.0066194791294334e-09,0.02977292249315051,True,True,0.00042782619226245825,8.299204479267968e-16,0.20066194791294348,152.74972669009875,0.0020013133772519287,-2.220446049250313e-16,0.002001315383871408,0.1425,8.581172460417525e-05,3.7789180881444807e-13,12.5248813538764,1.9997518452938798
noise_paired,B,0.014,0.001,24,R,completed,False,,,1.1501529421233659e-14,6.697153056231595e-12,0.02969579117948292,182,195,0.044292426122555545,0.0024118399925779905,0.002390994703361299,2.0066194791294334e-09,0.012486240998450908,True,True,0.00042782619226245825,6.916003732723307e-16,0.20066194791294345,83.13865475967708,0.0014295095551804526,4.2493786267527867e-14,0.0014295115617999317,0.1425,8.581172460417525e-05,2.918335075769348e-15,2.033679437339787,1.9997518452938798
noise_paired,B,0.02,0.001,24,R,completed,False,,,9.085469250888925e-15,3.69667852741164e-12,0.035131156584080614,127,136,0.03915708758324786,0.0024118399925779905,0.002390994703361299,2.0066194791294334e-09,0.024422690013869514,True,True,0.00042782619226245825,6.916003732723307e-16,0.20066194791294345,41.30826250452903,0.0010006566912730275,8.135178530821463e-09,0.0010006586978925066,0.1425,8.581172460417525e-05,3.4591161946801796e-15,1.9252983385939895,1.9997518452938798
noise_paired,B,0.028,0.001,24,R,completed,False,,,4.714288111482065e-15,1.376717322981542e-12,0.06477287821896978,91,98,0.07316225084789771,0.0024118399925779905,0.002390994703361299,2.0066194791294334e-09,0.04550744405474284,True,True,0.00042782619226245825,6.916003732723307e-16,0.20066194791294345,39.713989185303554,0.0007147561235016919,2.08915057325898e-06,0.000714758130121171,0.1425,8.581172460417525e-05,4.067941826727461e-15,1.8548615061348053,1.9997518452938798
noise_paired,B,0.04,0.001,24,R,completed,False,,,5.6582229947685815e-15,1.1477008592961895e-12,0.11824308832908276,63,68,0.1320066339381166,0.0024118399925779905,0.002390994703361299,2.0066194791294334e-09,0.0850114830162088,True,True,0.00042782619226245825,6.916003732723307e-16,0.20066194791294345,34.7221769749729,0.0005004048388104754,4.547657837167263e-05,0.0005004068454299545,0.1425,8.581172460417525e-05,1.77636847739714e-15,1.7364361301017408,1.9997518452938798
noise_paired,B,0.005,0.001,24,P,completed,False,,,3.0432327545682553e-14,4.9659515838113075e-11,0.6783123460094034,511,547,1.2938861928246832,0.0024118409845791428,0.002188482387201895,2.0066194791294334e-09,0.09287482232212418,True,True,0.00042782619226245825,8.299204479267968e-16,0.20066194791294348,296.5515860610841,0.004002626754487981,-2.425837308805967e-14,0.00400262876110746,0.1425,8.581172460417525e-05,9.266233512353523e-11,28.85172106446035,1.9997518452938798
noise_paired,B,0.007,0.001,24,P,completed,False,,,2.115895268839467e-14,2.4671830584630545e-11,0.5775999539840415,365,391,0.9192253024355077,0.0024118409845791428,0.002188482387201895,2.0066194791294334e-09,0.07449534344391566,True,True,0.00042782619226245825,2.766401493089323e-16,0.20066194791294326,206.1394166685313,0.002859019110359934,-2.4980018054066022e-15,0.002859021116979413,0.1425,8.581172460417525e-05,6.389051552782385e-13,19.356106978898428,1.9997518452938798
noise_paired,B,0.01,0.001,24,P,completed,False,,,1.6163101428050983e-14,1.3175398523266283e-11,0.5341276058999368,255,273,0.9320344824108386,0.0024118409845791428,0.002188482387201895,2.0066194791294334e-09,0.029745510162796297,True,True,0.00042782619226245825,8.299204479267968e-16,0.20066194791294348,152.74972669009875,0.0020013133772519287,-2.220446049250313e-16,0.002001315383871408,0.1425,8.581172460417525e-05,3.7789180881444807e-13,12.5248813538764,1.9997518452938798
noise_paired,B,0.014,0.001,24,P,completed,False,,,1.1501529421233659e-14,6.697153056231595e-12,0.02969579117948292,182,195,0.044292426122555545,0.0024118409845791428,0.002188482387201895,2.0066194791294334e-09,0.012428578727556082,True,True,0.00042782619226245825,6.916003732723307e-16,0.20066194791294345,83.13865475967708,0.0014295095551804526,4.2493786267527867e-14,0.0014295115617999317,0.1425,8.581172460417525e-05,2.918335075769348e-15,2.033679437339787,1.9997518452938798
noise_paired,B,0.02,0.001,24,P,completed,False,,,9.085469250888925e-15,3.69667852741164e-12,0.035131156584080614,127,136,0.03915708758324786,0.0024118409845791428,0.002188482387201895,2.0066194791294334e-09,0.02439357579103229,True,True,0.00042782619226245825,6.916003732723307e-16,0.20066194791294345,41.30826250452903,0.0010006566912730275,8.135178530821463e-09,0.0010006586978925066,0.1425,8.581172460417525e-05,3.4591161946801796e-15,1.9252983385939895,1.9997518452938798
noise_paired,B,0.028,0.001,24,P,completed,False,,,4.714288111482065e-15,1.376717322981542e-12,0.06477287821896978,91,98,0.07316225084789771,0.0024118409845791428,0.002188482387201895,2.0066194791294334e-09,0.04549142474579728,True,True,0.00042782619226245825,6.916003732723307e-16,0.20066194791294345,39.713989185303554,0.0007147561235016919,2.08915057325898e-06,0.000714758130121171,0.1425,8.581172460417525e-05,4.067941826727461e-15,1.8548615061348053,1.9997518452938798
noise_paired,B,0.04,0.001,24,P,completed,False,,,5.6582229947685815e-15,1.1477008592961895e-12,0.11824308832908276,63,68,0.1320066339381166,0.0024118409845791428,0.002188482387201895,2.0066194791294334e-09,0.08500178493512119,True,True,0.00042782619226245825,6.916003732723307e-16,0.20066194791294345,34.7221769749729,0.0005004048388104754,4.547657837167263e-05,0.0005004068454299545,0.1425,8.581172460417525e-05,1.77636847739714e-15,1.7364361301017408,1.9997518452938798
noise_paired,B,0.005,0.005,0,R,completed,False,,,3.044396917154497e-14,4.9678512659931204e-11,0.5650554415484896,511,547,0.8439144432347592,0.012065718655584241,0.012649300122981587,2.007387094198941e-09,0.10129528525585997,True,True,0.003289196667382366,8.296030903806801e-16,0.20073870941989427,313.01670613970214,0.004004157925011187,7.256775735875465e-11,0.004004159932398281,0.19,0.0006581044590450897,3.197159224365726e-11,27.28415827672897,1.9997518452938798
noise_paired,B,0.007,0.005,0,R,completed,False,,,2.1167046864249907e-14,2.4681268581792483e-11,0.7363799827456977,365,391,1.0892697118554178,0.012065718655584241,0.012649300122981587,2.007387094198941e-09,0.08348229856681867,True,True,0.003289196667382366,1.3826718173011334e-16,0.20073870941989413,274.75199837351386,0.0028601129501358014,4.925662721033675e-07,0.0028601149575228956,0.19,0.0006581044590450897,4.989435492365679e-11,21.352563167818612,1.9997518452938798
noise_paired,B,0.01,0.005,0,R,completed,False,,,1.616928448385962e-14,1.3180438658956395e-11,0.5663111657292068,255,273,0.7579350457035926,0.012065718655584241,0.012649300122981587,2.007387094198941e-09,0.052187678942664205,True,True,0.003289196667382366,4.1480154519034003e-16,0.20073870941989402,165.42653713134763,0.0020020789765152758,1.5046147066960502e-05,0.00200208098390237,0.19,0.0006581044590450897,3.730632561030538e-13,12.784961447372913,1.9997518452938798
noise_paired,B,0.014,0.005,0,R,completed,False,,,1.1505929232656778e-14,6.6997149946869095e-12,0.1495873717303788,182,195,0.21942828112001644,0.012065718655584241,0.012649300122981587,2.007387094198941e-09,0.01879937195318141,True,True,0.003289196667382366,2.7653436346022667e-16,0.20073870941989405,95.34051007755735,0.0014302964988672506,4.095923942265545e-06,0.0014302985062543449,0.19,0.0006581044590450897,8.274820413792956e-15,3.337914630743853,1.9997518452938798
noise_paired,B,0.02,0.005,0,R,completed,False,,,9.088944819218183e-15,3.698092660073204e-12,0.035369760876474664,127,136,0.042338372038954464,0.012065718655584241,0.012649300122981587,2.007387094198941e-09,0.02753121459660806,True,True,0.003289196667382366,1.3826718173011334e-16,0.20073870941989413,54.50971388554692,0.0012604735186086402,4.499460315124382e-05,0.0012604755259957344,0.19,0.0006581044590450897,3.600122185482923e-15,1.9303465467101724,1.9997518452938798
noise_paired,B,0.028,0.005,0,R,completed,False,,,4.7160915219612386e-15,1.3772439743843441e-12,0.06468159653401204,91,98,0.07350614357898055,0.012065718655584241,0.012649300122981587,2.007387094198941e-09,0.04729313772022871,True,True,0.003289196667382366,1.3826718173011334e-16,0.20073870941989413,38.19409588572948,0.0009770435720438397,0.0002448462215648983,0.000977045579430934,0.19,0.0006581044590450897,3.322249463102968e-15,1.8582983953719046,1.9997518452938798
noise_paired,B,0.04,0.005,0,R,completed,False,,,5.660387499440541e-15,1.1481399024152492e-12,0.11814887306753971,63,68,0.13225106578964538,0.012065718655584241,0.012649300122981587,2.007387094198941e-09,0.08606623090398997,True,True,0.003289196667382366,1.3826718173011334e-16,0.20073870941989408,33.76788638888035,0.0010672184676532581,0.0006050502956453097,0.0010672204750403523,0.19,0.0006581044590450897,3.72940842876692e-15,1.7358456080091802,1.9997518452938798
noise_paired,B,0.005,0.005,0,P,completed,False,,,3.044396917154497e-14,4.9678512659931204e-11,0.5650554415484896,511,547,0.8439144432347592,0.012065889388728851,0.011315520782444117,2.007387094198941e-09,0.1010159594068586,True,True,0.003289196667382366,8.296030903806801e-16,0.20073870941989427,313.01670613970214,0.004004157925011187,7.256775735875465e-11,0.004004159932398281,0.19,0.0006581044590450897,3.197159224365726e-11,27.28415827672897,1.9997518452938798
noise_paired,B,0.007,0.005,0,P,completed,False,,,2.1167046864249907e-14,2.4681268581792483e-11,0.7363799827456977,365,391,1.0892697118554178,0.012065889388728851,0.011315520782444117,2.007387094198941e-09,0.08314873635336004,True,True,0.003289196667382366,1.3826718173011334e-16,0.20073870941989413,274.75199837351386,0.0028601129501358014,4.925662721033675e-07,0.0028601149575228956,0.19,0.0006581044590450897,4.989435492365679e-11,21.352563167818612,1.9997518452938798
noise_paired,B,0.01,0.005,0,P,completed,False,,,1.616928448385962e-14,1.3180438658956395e-11,0.5663111657292068,255,273,0.7579350457035926,0.012065889388728851,0.011315520782444117,2.007387094198941e-09,0.05167842403414863,True,True,0.003289196667382366,4.1480154519034003e-16,0.20073870941989402,165.42653713134763,0.0020020789765152758,1.5046147066960502e-05,0.00200208098390237,0.19,0.0006581044590450897,3.730632561030538e-13,12.784961447372913,1.9997518452938798
noise_paired,B,0.014,0.005,0,P,completed,False,,,1.1505929232656778e-14,6.6997149946869095e-12,0.1495873717303788,182,195,0.21942828112001644,0.012065889388728851,0.011315520782444117,2.007387094198941e-09,0.017472824693271334,True,True,0.003289196667382366,2.7653436346022667e-16,0.20073870941989405,95.34051007755735,0.0014302964988672506,4.095923942265545e-06,0.0014302985062543449,0.19,0.0006581044590450897,8.274820413792956e-15,3.337914630743853,1.9997518452938798
noise_paired,B,0.02,0.005,0,P,completed,False,,,9.088944819218183e-15,3.698092660073204e-12,0.035369760876474664,127,136,0.042338372038954464,0.012065889388728851,0.011315520782444117,2.007387094198941e-09,0.02666101285030424,True,True,0.003289196667382366,1.3826718173011334e-16,0.20073870941989413,54.50971388554692,0.0012604735186086402,4.499460315124382e-05,0.0012604755259957344,0.19,0.0006581044590450897,3.600122185482923e-15,1.9303465467101724,1.9997518452938798
noise_paired,B,0.028,0.005,0,P,completed,False,,,4.7160915219612386e-15,1.3772439743843441e-12,0.06468159653401204,91,98,0.07350614357898055,0.012065889388728851,0.011315520782444117,2.007387094198941e-09,0.046779450743674476,True,True,0.003289196667382366,1.3826718173011334e-16,0.20073870941989413,38.19409588572948,0.0009770435720438397,0.0002448462215648983,0.000977045579430934,0.19,0.0006581044590450897,3.322249463102968e-15,1.8582983953719046,1.9997518452938798
noise_paired,B,0.04,0.005,0,P,completed,False,,,5.660387499440541e-15,1.1481399024152492e-12,0.11814887306753971,63,68,0.13225106578964538,0.012065889388728851,0.011315520782444117,2.007387094198941e-09,0.08575972729241814,True,True,0.003289196667382366,1.3826718173011334e-16,0.20073870941989408,33.76788638888035,0.0010672184676532581,0.0006050502956453097,0.0010672204750403523,0.19,0.0006581044590450897,3.72940842876692e-15,1.7358456080091802,1.9997518452938798
noise_paired,B,0.005,0.005,1,R,completed,False,,,3.0482474897666454e-14,4.97413463591715e-11,0.609552464219189,511,547,0.8912527630242774,0.012063540038610591,0.011746777648294952,2.009926050181766e-09,0.09905601256487569,True,True,0.0027791246537078743,1.5190177357236976e-15,0.20099260501817687,339.256710603782,0.004009222409452562,3.498514558608612e-08,0.004009224419378612,0.1825,0.0005570354329144371,2.0007846436786788e-11,27.703822899461322,1.9997518452938798
noise_paired,B,0.007,0.005,1,R,completed,False,,,2.1193819079947625e-14,2.4712485607502436e-11,0.7032713392298516,365,391,1.633104121608081,0.012063540038610591,0.011746777648294952,2.009926050181766e-09,0.08286823760810189,True,True,0.0027791246537078743,2.761850428588541e-16,0.20099260501817662,240.87995053844116,0.0028637302925358377,4.986164974768448e-06,0.002863732302461888,0.1825,0.0005570354329144371,1.5032032808825448e-12,20.00773364015745,1.9997518452938798
noise_paired,B,0.01,0.005,1,R,completed,False,,,1.6189735497865306e-14,1.319710936172524e-11,0.514584643503431,255,273,0.6969419934237733,0.012063540038610591,0.011746777648294952,2.009926050181766e-09,0.048248119569409276,True,True,0.0027791246537078743,4.1427756428828116e-16,0.20099260501817665,143.13451425430614,0.002004615566880863,1.783087767054381e-05,0.002004617576806913,0.1825,0.0005570354329144371,1.1946891601522318e-12,12.233212485353993,1.9997518452938798
noise_paired,B,0.014,0.005,1,R,completed,False,,,1.1520482005237428e-14,6.7081888368861226e-12,0.14063006459166136,182,195,0.23993061951553504,0.012063540038610591,0.011746777648294952,2.009926050181766e-09,0.01785356859895182,True,True,0.0027791246537078743,4.1427756428828116e-16,0.20099260501817665,95.11597625475298,0.0014329716580793461,7.892796599601182e-06,0.0014329736680053964,0.1825,0.0005570354329144371,2.1169240091571073e-14,3.141735728610578,1.9997518452938798
noise_paired,B,0.02,0.005,1,R,completed,False,,,9.1004405745177e-15,3.70277003122472e-12,0.03650122461477901,127,136,0.04014865345618132,0.012063540038610591,0.011746777648294952,2.009926050181766e-09,0.027079676594912613,True,True,0.0027791246537078743,2.761850428588541e-16,0.20099260501817662,50.58972620675818,0.001006498617810353,2.4565960106942564e-05,0.0010065006277364032,0.1825,0.0005570354329144371,5.389531032764435e-15,1.9511203785064521,1.9997518452938798
noise_paired,B,0.028,0.005,1,R,completed,False,,,4.722056464557429e-15,1.3789859213355213e-12,0.06528160293014124,91,98,0.07206786707646826,0.012063540038610591,0.011746777648294952,2.009926050181766e-09,0.04701122442720419,True,True,0.0027791246537078743,2.761850428588541e-16,0.20099260501817662,39.539566236092014,0.000793994698862488,0.0002161627840150948,0.0007939967087885381,0.1825,0.0005570354329144371,3.673456738631447e-15,1.8601046582680798,1.9997518452938798
noise_paired,B,0.04,0.005,1,R,completed,False,,,5.667546793603756e-15,1.149592077076918e-12,0.11876276119634452,63,68,0.13221588221717737,0.012063540038610591,0.011746777648294952,2.009926050181766e-09,0.08582049573593951,True,True,0.0027791246537078743,4.1427756428828116e-16,0.20099260501817665,32.67951938052575,0.0010121514324166192,0.0003523228766240394,0.0010121534423426694,0.1825,0.0005570354329144371,3.414447028124072e-15,1.736923147126824,1.9997518452938798
noise_paired,B,0.005,0.005,1,P,completed,False,,,3.0482474897666454e-14,4.97413463591715e-11,0.609552464219189,511,547,0.8912527630242774,0.012063678336319019,0.010532752097249245,2.009926050181766e-09,0.09880365893477884,True,True,0.0027791246537078743,1.5190177357236976e-15,0.20099260501817687,339.256710603782,0.004009222409452562,3.498514558608612e-08,0.004009224419378612,0.1825,0.0005570354329144371,2.0007846436786788e-11,27.703822899461322,1.9997518452938798
noise_paired,B,0.007,0.005,1,P,completed,False,,,2.1193819079947625e-14,2.4712485607502436e-11,0.7032713392298516,365,391,1.633104121608081,0.012063678336319019,0.010532752097249245,2.009926050181766e-09,0.08257897225838111,True,True,0.0027791246537078743,2.761850428588541e-16,0.20099260501817662,240.87995053844116,0.0028637302925358377,4.986164974768448e-06,0.002863732302461888,0.1825,0.0005570354329144371,1.5032032808825448e-12,20.00773364015745,1.9997518452938798
noise_paired,B,0.01,0.005,1,P,completed,False,,,1.6189735497865306e-14,1.319710936172524e-11,0.514584643503431,255,273,0.6969419934237733,0.012063678336319019,0.010532752097249245,2.009926050181766e-09,0.047765494930805466,True,True,0.0027791246537078743,4.1427756428828116e-16,0.20099260501817665,143.13451425430614,0.002004615566880863,1.783087767054381e-05,0.002004617576806913,0.1825,0.0005570354329144371,1.1946891601522318e-12,12.233212485353993,1.9997518452938798
noise_paired,B,0.014,0.005,1,P,completed,False,,,1.1520482005237428e-14,6.7081888368861226e-12,0.14063006459166136,182,195,0.23993061951553504,0.012063678336319019,0.010532752097249245,2.009926050181766e-09,0.016610610291174922,True,True,0.0027791246537078743,4.1427756428828116e-16,0.20099260501817665,95.11597625475298,0.0014329716580793461,7.892796599601182e-06,0.0014329736680053964,0.1825,0.0005570354329144371,2.1169240091571073e-14,3.141735728610578,1.9997518452938798
noise_paired,B,0.02,0.005,1,P,completed,False,,,9.1004405745177e-15,3.70277003122472e-12,0.03650122461477901,127,136,0.04014865345618132,0.012063678336319019,0.010532752097249245,2.009926050181766e-09,0.026324050013165273,True,True,0.0027791246537078743,2.761850428588541e-16,0.20099260501817662,50.58972620675818,0.001006498617810353,2.4565960106942564e-05,0.0010065006277364032,0.1825,0.0005570354329144371,5.389531032764435e-15,1.9511203785064521,1.9997518452938798
noise_paired,B,0.028,0.005,1,P,completed,False,,,4.722056464557429e-15,1.3789859213355213e-12,0.06528160293014124,91,98,0.07206786707646826,0.012063678336319019,0.010532752097249245,2.009926050181766e-09,0.04656691055469107,True,True,0.0027791246537078743,2.761850428588541e-16,0.20099260501817662,39.539566236092014,0.000793994698862488,0.0002161627840150948,0.0007939967087885381,0.1825,0.0005570354329144371,3.673456738631447e-15,1.8601046582680798,1.9997518452938798
noise_paired,B,0.04,0.005,1,P,completed,False,,,5.667546793603756e-15,1.149592077076918e-12,0.11876276119634452,63,68,0.13221588221717737,0.012063678336319019,0.010532752097249245,2.009926050181766e-09,0.08555268333031336,True,True,0.0027791246537078743,4.1427756428828116e-16,0.20099260501817665,32.67951938052575,0.0010121514324166192,0.0003523228766240394,0.0010121534423426694,0.1825,0.0005570354329144371,3.414447028124072e-15,1.736923147126824,1.9997518452938798
noise_paired,B,0.005,0.005,2,R,completed,False,,,3.053464995027367e-14,4.9826485685022054e-11,0.6833771348249341,511,547,1.1585259376523565,0.01205633814990821,0.012041383904220866,2.0133663219365007e-09,0.09819191877909768,True,True,0.0026096333965704203,0.0,0.20133663219365006,345.20802199253075,0.004016084759188104,4.104175332919624e-11,0.004016086772554426,0.1725,0.0005240472281775215,7.104963917807675e-12,28.355958169738344,1.9997518452938798
noise_paired,B,0.007,0.005,2,R,completed,False,,,2.1230095288790788e-14,2.475478451009992e-11,0.6028242125483794,365,391,0.8580297165866484,0.01205633814990821,0.012041383904220866,2.0133663219365007e-09,0.08413205300001797,True,True,0.0026096333965704203,2.7571312098766986e-16,0.2013366321936501,262.1798660893058,0.0028686578649004257,8.752463781513953e-09,0.0028686598782667475,0.1725,0.0005240472281775215,5.994431326451855e-11,20.101553038474517,1.9997518452938798
noise_paired,B,0.01,0.005,2,R,completed,False,,,1.6217446512280436e-14,1.3219698074666787e-11,0.37307904703842704,255,273,0.5997073053767135,0.01205633814990821,0.012041383904220866,2.0133663219365007e-09,0.0480716076141048,True,True,0.0026096333965704203,1.3785656049383493e-16,0.20133663219365008,165.37002587426775,0.0020080424778874395,8.318620264846643e-08,0.0020080444912537613,0.1725,0.0005240472281775215,5.635707966624272e-13,10.840638064422421,1.9997518452938798
noise_paired,B,0.014,0.005,2,R,completed,False,,,1.1540200934120392e-14,6.7196708476689964e-12,0.06085881526402971,182,195,0.07543489116281407,0.01205633814990821,0.012041383904220866,2.0133663219365007e-09,0.01729786523183093,True,True,0.0026096333965704203,5.514262419753397e-16,0.20133663219365017,86.34840946801387,0.0016604733924954207,2.910263596500595e-07,0.0016604754058617427,0.1725,0.0005240472281775215,5.97079044925752e-15,2.2364140348385364,1.9997518452938798
noise_paired,B,0.02,0.005,2,R,completed,False,,,9.116017261362136e-15,3.709107844076865e-12,0.03779012054265056,127,136,0.03789624209346648,0.01205633814990821,0.012041383904220866,2.0133663219365007e-09,0.027073760421818648,True,True,0.0026096333965704203,5.514262419753397e-16,0.20133663219365017,54.48473579790695,0.0015592594428631423,2.213666761691213e-05,0.0015592614562294643,0.1725,0.0005240472281775215,3.1282502355491113e-15,1.9482706535129222,1.9997518452938798
noise_paired,B,0.028,0.005,2,R,completed,False,,,4.73013892981918e-15,1.381346250122204e-12,0.06630086948156254,91,98,0.07359968482023707,0.01205633814990821,0.012041383904220866,2.0133663219365007e-09,0.04689256696031676,True,True,0.0026096333965704203,2.7571312098766986e-16,0.2013366321936501,41.17862261711518,0.0013975721302517674,0.00038538577831701004,0.0013975741436180894,0.1725,0.0005240472281775215,2.4241400423036872e-15,1.8598308985494367,1.9997518452938798
noise_paired,B,0.04,0.005,2,R,completed,False,,,5.677247598840301e-15,1.1515597659637191e-12,0.1193289393756611,63,68,0.1328715915445757,0.01205633814990821,0.012041383904220866,2.0133663219365007e-09,0.08559388540270772,True,True,0.0026096333965704203,5.514262419753397e-16,0.20133663219365017,32.39645506664607,0.0013765770404565447,0.0010453115109650968,0.0013765790538228667,0.1725,0.0005240472281775215,3.4790433516383537e-15,1.7334830438053508,1.9997518452938798
noise_paired,B,0.005,0.005,2,P,completed,False,,,3.053464995027367e-14,4.9826485685022054e-11,0.6833771348249341,511,547,1.1585259376523565,0.012056468993711017,0.010916010861498977,2.0133663219365007e-09,0.09794082989879432,True,True,0.0026096333965704203,0.0,0.20133663219365006,345.20802199253075,0.004016084759188104,4.104175332919624e-11,0.004016086772554426,0.1725,0.0005240472281775215,7.104963917807675e-12,28.355958169738344,1.9997518452938798
noise_paired,B,0.007,0.005,2,P,completed,False,,,2.1230095288790788e-14,2.475478451009992e-11,0.6028242125483794,365,391,0.8580297165866484,0.012056468993711017,0.010916010861498977,2.0133663219365007e-09,0.08384704082845121,True,True,0.0026096333965704203,2.7571312098766986e-16,0.2013366321936501,262.1798660893058,0.0028686578649004257,8.752463781513953e-09,0.0028686598782667475,0.1725,0.0005240472281775215,5.994431326451855e-11,20.101553038474517,1.9997518452938798
noise_paired,B,0.01,0.005,2,P,completed,False,,,1.6217446512280436e-14,1.3219698074666787e-11,0.37307904703842704,255,273,0.5997073053767135,0.012056468993711017,0.010916010861498977,2.0133663219365007e-09,0.04759529547090519,True,True,0.0026096333965704203,1.3785656049383493e-16,0.20133663219365008,165.37002587426775,0.0020080424778874395,8.318620264846643e-08,0.0020080444912537613,0.1725,0.0005240472281775215,5.635707966624272e-13,10.840638064422421,1.9997518452938798
noise_paired,B,0.014,0.005,2,P,completed,False,,,1.1540200934120392e-14,6.7196708476689964e-12,0.06085881526402971,182,195,0.07543489116281407,0.012056468993711017,0.010916010861498977,2.0133663219365007e-09,0.016064349260664426,True,True,0.0026096333965704203,5.514262419753397e-16,0.20133663219365017,86.34840946801387,0.0016604733924954207,2.910263596500595e-07,0.0016604754058617427,0.1725,0.0005240472281775215,5.97079044925752e-15,2.2364140348385364,1.9997518452938798
noise_paired,B,0.02,0.005,2,P,completed,False,,,9.116017261362136e-15,3.709107844076865e-12,0.03779012054265056,127,136,0.03789624209346648,0.012056468993711017,0.010916010861498977,2.0133663219365007e-09,0.02632618888642323,True,True,0.0026096333965704203,5.514262419753397e-16,0.20133663219365017,54.48473579790695,0.0015592594428631423,2.213666761691213e-05,0.0015592614562294643,0.1725,0.0005240472281775215,3.1282502355491113e-15,1.9482706535129222,1.9997518452938798
noise_paired,B,0.028,0.005,2,P,completed,False,,,4.73013892981918e-15,1.381346250122204e-12,0.06630086948156254,91,98,0.07359968482023707,0.012056468993711017,0.010916010861498977,2.0133663219365007e-09,0.04645083140002313,True,True,0.0026096333965704203,2.7571312098766986e-16,0.2013366321936501,41.17862261711518,0.0013975721302517674,0.00038538577831701004,0.0013975741436180894,0.1725,0.0005240472281775215,2.4241400423036872e-15,1.8598308985494367,1.9997518452938798
noise_paired,B,0.04,0.005,2,P,completed,False,,,5.677247598840301e-15,1.1515597659637191e-12,0.1193289393756611,63,68,0.1328715915445757,0.012056468993711017,0.010916010861498977,2.0133663219365007e-09,0.08532757920469153,True,True,0.0026096333965704203,5.514262419753397e-16,0.20133663219365017,32.39645506664607,0.0013765770404565447,0.0010453115109650968,0.0013765790538228667,0.1725,0.0005240472281775215,3.4790433516383537e-15,1.7334830438053508,1.9997518452938798
noise_paired,B,0.005,0.005,3,R,completed,False,,,3.048958522552693e-14,4.975294900239592e-11,0.6992191070700728,511,547,1.3296282737102416,0.012064410021904773,0.011732762424759504,2.010394884593672e-09,0.09750242962758096,True,True,0.002070281039545147,1.380603175442256e-16,0.20103948845936717,441.7236731882375,0.004010157598812819,1.3000711618360583e-13,0.0040101596092077035,0.155,0.00041534835333659073,1.4552674477817336e-11,28.405237434994532,1.9997518452938798
noise_paired,B,0.007,0.005,3,R,completed,False,,,2.1198762740289508e-14,2.4718250030355452e-11,0.5559301426117433,365,391,0.8303592024778834,0.012064410021904773,0.011732762424759504,2.010394884593672e-09,0.08383109966935516,True,True,0.002070281039545147,2.761206350884512e-16,0.20103948845936725,216.4400855198568,0.0028644001307823463,1.5682354248536257e-08,0.0028644021411772308,0.155,0.00041534835333659073,1.2109496063172123e-11,19.293939889481937,1.9997518452938798
noise_paired,B,0.01,0.005,3,R,completed,False,,,1.6193511908007548e-14,1.3200187713292408e-11,0.5329845648131986,255,273,0.8296189039411845,0.012064410021904773,0.011732762424759504,2.010394884593672e-09,0.04669972792293037,True,True,0.002070281039545147,8.283619052653536e-16,0.20103948845936703,161.84051156214164,0.002007120173150717,1.6769717461895262e-07,0.0020071221835456015,0.155,0.00041534835333659073,2.3131766688420475e-13,12.995150698615742,1.9997518452938798
noise_paired,B,0.014,0.005,3,R,completed,False,,,1.1523169267490343e-14,6.709753585881745e-12,0.10628461702934187,182,195,0.16974854058184202,0.012064410021904773,0.011732762424759504,2.010394884593672e-09,0.017413700352741868,True,True,0.002070281039545147,2.761206350884512e-16,0.20103948845936714,110.76799842815973,0.001553232037327018,4.286470665221254e-06,0.0015532340477219027,0.155,0.00041534835333659073,4.204975082603182e-15,2.83195576180826,1.9997518452938798
noise_paired,B,0.02,0.005,3,R,completed,False,,,9.102563339036553e-15,3.7036337376331504e-12,0.03723243114583393,127,136,0.04436832925023944,0.012064410021904773,0.011732762424759504,2.010394884593672e-09,0.02701251162006711,True,True,0.002070281039545147,2.761206350884512e-16,0.20103948845936714,46.76800902510831,0.0014653270582448141,0.00013003187180168907,0.0014653290686396988,0.155,0.00041534835333659073,4.8219179698927256e-15,1.9354363806413557,1.9997518452938798
noise_paired,B,0.028,0.005,3,R,completed,False,,,4.723157929243331e-15,1.3793075829475979e-12,0.06533222949098763,91,98,0.07483079470722565,0.012064410021904773,0.011732762424759504,2.010394884593672e-09,0.046998581170736596,True,True,0.002070281039545147,1.380603175442256e-16,0.20103948845936717,32.61946260843268,0.0013656143199912152,0.0002669334885093966,0.0013656163303860998,0.155,0.00041534835333659073,4.212441846071552e-15,1.8558521640577923,1.9997518452938798
noise_paired,B,0.04,0.005,3,R,completed,False,,,5.668868802922303e-15,1.1498602303880011e-12,0.11870974512902141,63,68,0.13270521799181662,0.012064410021904773,0.011732762424759504,2.010394884593672e-09,0.08586532236062228,True,True,0.002070281039545147,1.380603175442256e-16,0.20103948845936717,29.686733221954167,0.0012636847235220627,0.0005983572979970098,0.0012636867339169474,0.155,0.00041534835333659073,2.2208719624480667e-15,1.7339799374189304,1.9997518452938798
noise_paired,B,0.005,0.005,3,P,completed,False,,,3.048958522552693e-14,4.975294900239592e-11,0.6992191070700728,511,547,1.3296282737102416,0.012064494142685607,0.01094609874196391,2.010394884593672e-09,0.09731166373954035,True,True,0.002070281039545147,1.380603175442256e-16,0.20103948845936717,441.7236731882375,0.004010157598812819,1.3000711618360583e-13,0.0040101596092077035,0.155,0.00041534835333659073,1.4552674477817336e-11,28.405237434994532,1.9997518452938798
noise_paired,B,0.007,0.005,3,P,completed,False,,,2.1198762740289508e-14,2.4718250030355452e-11,0.5559301426117433,365,391,0.8303592024778834,0.012064494142685607,0.01094609874196391,2.010394884593672e-09,0.08361551585523713,True,True,0.002070281039545147,2.761206350884512e-16,0.20103948845936725,216.4400855198568,0.0028644001307823463,1.5682354248536257e-08,0.0028644021411772308,0.155,0.00041534835333659073,1.2109496063172123e-11,19.293939889481937,1.9997518452938798
noise_paired,B,0.01,0.005,3,P,completed,False,,,1.6193511908007548e-14,1.3200187713292408e-11,0.5329845648131986,255,273,0.8296189039411845,0.012064494142685607,0.01094609874196391,2.010394884593672e-09,0.04634458137611803,True,True,0.002070281039545147,8.283619052653536e-16,0.20103948845936703,161.84051156214164,0.002007120173150717,1.6769717461895262e-07,0.0020071221835456015,0.155,0.00041534835333659073,2.3131766688420475e-13,12.995150698615742,1.9997518452938798
noise_paired,B,0.014,0.005,3,P,completed,False,,,1.1523169267490343e-14,6.709753585881745e-12,0.10628461702934187,182,195,0.16974854058184202,0.012064494142685607,0.01094609874196391,2.010394884593672e-09,0.01653153247011885,True,True,0.002070281039545147,2.761206350884512e-16,0.20103948845936714,110.76799842815973,0.001553232037327018,4.286470665221254e-06,0.0015532340477219027,0.155,0.00041534835333659073,4.204975082603182e-15,2.83195576180826,1.9997518452938798
noise_paired,B,0.02,0.005,3,P,completed,False,,,9.102563339036553e-15,3.7036337376331504e-12,0.03723243114583393,127,136,0.04436832925023944,0.012064494142685607,0.01094609874196391,2.010394884593672e-09,0.026478400449907367,True,True,0.002070281039545147,2.761206350884512e-16,0.20103948845936714,46.76800902510831,0.0014653270582448141,0.00013003187180168907,0.0014653290686396988,0.155,0.00041534835333659073,4.8219179698927256e-15,1.9354363806413557,1.9997518452938798
noise_paired,B,0.028,0.005,3,P,completed,False,,,4.723157929243331e-15,1.3793075829475979e-12,0.06533222949098763,91,98,0.07483079470722565,0.012064494142685607,0.01094609874196391,2.010394884593672e-09,0.046683212692062374,True,True,0.002070281039545147,1.380603175442256e-16,0.20103948845936717,32.61946260843268,0.0013656143199912152,0.0002669334885093966,0.0013656163303860998,0.155,0.00041534835333659073,4.212441846071552e-15,1.8558521640577923,1.9997518452938798
noise_paired,B,0.04,0.005,3,P,completed,False,,,5.668868802922303e-15,1.1498602303880011e-12,0.11870974512902141,63,68,0.13270521799181662,0.012064494142685607,0.01094609874196391,2.010394884593672e-09,0.08567025166250256,True,True,0.002070281039545147,1.380603175442256e-16,0.20103948845936717,29.686733221954167,0.0012636847235220627,0.0005983572979970098,0.0012636867339169474,0.155,0.00041534835333659073,2.2208719624480667e-15,1.7339799374189304,1.9997518452938798
noise_paired,B,0.005,0.005,4,R,completed,False,,,3.043812272027285e-14,4.966897241234059e-11,0.5996948825753594,511,547,1.1716157873714432,0.012067329992695263,0.011574843325737768,2.007001596146293e-09,0.09958866043776202,True,True,0.0026364902931759852,2.765874792419027e-16,0.20070015961462934,344.571703610014,0.004003388967757121,6.428782665657273e-07,0.004003390974758717,0.185,0.0005277526080345686,2.3998577405161743e-11,27.536409801623734,1.9997518452938798
noise_paired,B,0.007,0.005,4,R,completed,False,,,2.1162981950526955e-14,2.4676528797919872e-11,0.6361050311006778,365,391,1.3322462944786662,0.012067329992695263,0.011574843325737768,2.007001596146293e-09,0.08048575378383449,True,True,0.0026364902931759852,1.3829373962095134e-16,0.20070015961462925,244.50546301616228,0.002859565494710392,1.8547640542876387e-07,0.0028595675017119883,0.185,0.0005277526080345686,1.1229631929472326e-11,19.05500399358968,1.9997518452938798
noise_paired,B,0.01,0.005,4,R,completed,False,,,1.6166179339017725e-14,1.3177907491225587e-11,0.592194443721838,255,273,0.8258810291125881,0.012067329992695263,0.011574843325737768,2.007001596146293e-09,0.05157256516854772,True,True,0.0026364902931759852,0.0,0.20070015961462928,161.43281451358297,0.002002258378345806,1.4866096470861345e-05,0.002002260385347402,0.185,0.0005277526080345686,1.1080602160994788e-11,14.129556487046361,1.9997518452938798
noise_paired,B,0.014,0.005,4,R,completed,False,,,1.1503719637244953e-14,6.698428383304773e-12,0.0835120964920529,182,195,0.11668498783432173,0.012067329992695263,0.011574843325737768,2.007001596146293e-09,0.01733187925331168,True,True,0.0026364902931759852,0.0,0.20070015961462928,76.98467606223994,0.0014314712066059443,6.49502912591915e-07,0.0014314732136075405,0.185,0.0005277526080345686,1.8226344722347537e-14,2.546955819197464,1.9997518452938798
noise_paired,B,0.02,0.005,4,R,completed,False,,,9.087199380812924e-15,3.6973824793994865e-12,0.0358458028730116,127,136,0.0393564509379255,0.012067329992695263,0.011574843325737768,2.007001596146293e-09,0.02700996354789617,True,True,0.0026364902931759852,2.765874792419027e-16,0.20070015961462934,64.92684531170305,0.0010710043798735358,1.0165262619737936e-05,0.001071006386875132,0.185,0.0005277526080345686,4.031277496460814e-15,1.9445069627562637,1.9997518452938798
noise_paired,B,0.028,0.005,4,R,completed,False,,,4.7151858450725704e-15,1.3769794888390895e-12,0.06453123461591011,91,98,0.0728609088154797,0.012067329992695263,0.011574843325737768,2.007001596146293e-09,0.047019658201456004,True,True,0.0026364902931759852,2.765874792419027e-16,0.20070015961462934,44.256856545721526,0.0011945648369878215,0.0002497681561110243,0.0011945668439894176,0.185,0.0005277526080345686,2.4808563970582924e-15,1.859595618115496,1.9997518452938798
noise_paired,B,0.04,0.005,4,R,completed,False,,,5.659300480218103e-15,1.1479194139515007e-12,0.1180266024548209,63,68,0.1322238902112518,0.012067329992695263,0.011574843325737768,2.007001596146293e-09,0.08594950175894993,True,True,0.0026364902931759852,4.1488121886285397e-16,0.20070015961462936,35.30175669676306,0.0011605844743989846,0.0011542567878121412,0.0011605864814005808,0.185,0.0005277526080345686,3.987967299427682e-15,1.7338954452850344,1.9997518452938798
noise_paired,B,0.005,0.005,4,P,completed,False,,,3.043812272027285e-14,4.966897241234059e-11,0.5996948825753594,511,547,1.1716157873714432,0.012067465615785549,0.010352752131085986,2.007001596146293e-09,0.09934483274101139,True,True,0.0026364902931759852,2.765874792419027e-16,0.20070015961462934,344.571703610014,0.004003388967757121,6.428782665657273e-07,0.004003390974758717,0.185,0.0005277526080345686,2.3998577405161743e-11,27.536409801623734,1.9997518452938798
noise_paired,B,0.007,0.005,4,P,completed,False,,,2.1162981950526955e-14,2.4676528797919872e-11,0.6361050311006778,365,391,1.3322462944786662,0.012067465615785549,0.010352752131085986,2.007001596146293e-09,0.0801906313813773,True,True,0.0026364902931759852,1.3829373962095134e-16,0.20070015961462925,244.50546301616228,0.002859565494710392,1.8547640542876387e-07,0.0028595675017119883,0.185,0.0005277526080345686,1.1229631929472326e-11,19.05500399358968,1.9997518452938798
noise_paired,B,0.01,0.005,4,P,completed,False,,,1.6166179339017725e-14,1.3177907491225587e-11,0.592194443721838,255,273,0.8258810291125881,0.012067465615785549,0.010352752131085986,2.007001596146293e-09,0.05113398297234897,True,True,0.0026364902931759852,0.0,0.20070015961462928,161.43281451358297,0.002002258378345806,1.4866096470861345e-05,0.002002260385347402,0.185,0.0005277526080345686,1.1080602160994788e-11,14.129556487046361,1.9997518452938798
noise_paired,B,0.014,0.005,4,P,completed,False,,,1.1503719637244953e-14,6.698428383304773e-12,0.0835120964920529,182,195,0.11668498783432173,0.012067465615785549,0.010352752131085986,2.007001596146293e-09,0.016093261024329883,True,True,0.0026364902931759852,0.0,0.20070015961462928,76.98467606223994,0.0014314712066059443,6.49502912591915e-07,0.0014314732136075405,0.185,0.0005277526080345686,1.8226344722347537e-14,2.546955819197464,1.9997518452938798
noise_paired,B,0.02,0.005,4,P,completed,False,,,9.087199380812924e-15,3.6973824793994865e-12,0.0358458028730116,127,136,0.0393564509379255,0.012067465615785549,0.010352752131085986,2.007001596146293e-09,0.026262731621762403,True,True,0.0026364902931759852,2.765874792419027e-16,0.20070015961462934,64.92684531170305,0.0010710043798735358,1.0165262619737936e-05,0.001071006386875132,0.185,0.0005277526080345686,4.031277496460814e-15,1.9445069627562637,1.9997518452938798
noise_paired,B,0.028,0.005,4,P,completed,False,,,4.7151858450725704e-15,1.3769794888390895e-12,0.06453123461591011,91,98,0.0728609088154797,0.012067465615785549,0.010352752131085986,2.007001596146293e-09,0.04657984936521036,True,True,0.0026364902931759852,2.765874792419027e-16,0.20070015961462934,44.256856545721526,0.0011945648369878215,0.0002497681561110243,0.0011945668439894176,0.185,0.0005277526080345686,2.4808563970582924e-15,1.859595618115496,1.9997518452938798
noise_paired,B,0.04,0.005,4,P,completed,False,,,5.659300480218103e-15,1.1479194139515007e-12,0.1180266024548209,63,68,0.1322238902112518,0.012067465615785549,0.010352752131085986,2.007001596146293e-09,0.08568516260039535,True,True,0.0026364902931759852,4.1488121886285397e-16,0.20070015961462936,35.30175669676306,0.0011605844743989846,0.0011542567878121412,0.0011605864814005808,0.185,0.0005277526080345686,3.987967299427682e-15,1.7338954452850344,1.9997518452938798
noise_paired,B,0.005,0.005,5,R,completed,False,,,3.050601541773602e-14,4.977975981366252e-11,0.643371022557257,511,547,0.9858528726460897,0.012053085616868742,0.012276007763027466,2.0114782438498154e-09,0.10134200970424719,True,True,0.0026058999511268848,4.139578794922514e-16,0.20114782438498163,362.2726403934998,0.004012318590863095,9.103828801926284e-15,0.004012320602341339,0.16,0.0005228087185200628,6.820631893022251e-11,28.56695926456232,1.9997518452938798
noise_paired,B,0.007,0.005,5,R,completed,False,,,2.1210186304888423e-14,2.4731570172170012e-11,0.6180641619392475,365,391,1.0192704727284212,0.012053085616868742,0.012276007763027466,2.0114782438498154e-09,0.08343449846557004,True,True,0.0026058999511268848,2.7597191966150094e-16,0.2011478243849816,224.7061230218903,0.0028659505179998435,5.728827134898751e-10,0.0028659525294780874,0.16,0.0005228087185200628,1.6744884619724723e-11,19.76644218679758,1.9997518452938798
noise_paired,B,0.01,0.005,5,R,completed,False,,,1.6202238248861998e-14,1.32073010150878e-11,0.6415667382902623,255,273,1.0460919229116694,0.012053085616868742,0.012276007763027466,2.0114782438498154e-09,0.045204529379646696,True,True,0.0026058999511268848,4.139578794922514e-16,0.20114782438498163,165.89328406009102,0.0020166457630120538,2.879570248914831e-09,0.0020166477744902977,0.16,0.0005228087185200628,2.505917241741642e-12,14.474050613159994,1.9997518452938798
noise_paired,B,0.014,0.005,5,R,completed,False,,,1.1529378859537017e-14,6.713369330086733e-12,0.1111932200321027,182,195,0.151139908699215,0.012053085616868742,0.012276007763027466,2.0114782438498154e-09,0.01784165866506166,True,True,0.0026058999511268848,1.3798595983075047e-16,0.20114782438498158,88.14619873951504,0.0015335171992509056,2.6992981703721775e-06,0.0015335192107291495,0.16,0.0005228087185200628,1.3240784482321464e-14,2.804276903416764,1.9997518452938798
noise_paired,B,0.02,0.005,5,R,completed,False,,,9.107468517777081e-15,3.705629547472192e-12,0.03587203765123148,127,136,0.03641134382865408,0.012053085616868742,0.012276007763027466,2.0114782438498154e-09,0.02727428936327516,True,True,0.0026058999511268848,2.7597191966150094e-16,0.2011478243849816,46.200363968798314,0.001241678712876032,7.641751779000061e-05,0.001241680724354276,0.16,0.0005228087185200628,7.023774557426431e-15,1.9563389095424255,1.9997518452938798
noise_paired,B,0.028,0.005,5,R,completed,False,,,4.7257031390924444e-15,1.3800508626129544e-12,0.06467409124811234,91,98,0.07134407382137116,0.012053085616868742,0.012276007763027466,2.0114782438498154e-09,0.04714099831432172,True,True,0.0026058999511268848,2.7597191966150094e-16,0.2011478243849816,43.544936725980875,0.0007649593607453042,0.00020889432896781246,0.0007649613722235481,0.16,0.0005228087185200628,3.183358780210004e-15,1.8581374196967972,1.9997518452938798
noise_paired,B,0.04,0.005,5,R,completed,False,,,5.671923636346608e-15,1.150479865730992e-12,0.11814407300455544,63,68,0.13150164658414598,0.012053085616868742,0.012276007763027466,2.0114782438498154e-09,0.08593179152623899,True,True,0.0026058999511268848,1.3798595983075047e-16,0.20114782438498158,33.302174250613675,0.0010990075223029916,0.0003711984832189541,0.0010990095337812355,0.16,0.0005228087185200628,6.951396745922778e-15,1.736519062082269,1.9997518452938798
noise_paired,B,0.005,0.005,5,P,completed,False,,,3.050601541773602e-14,4.977975981366252e-11,0.643371022557257,511,547,0.9858528726460897,0.012053224694055172,0.011174618058085381,2.0114782438498154e-09,0.10111873752647117,True,True,0.0026058999511268848,4.139578794922514e-16,0.20114782438498163,362.2726403934998,0.004012318590863095,9.103828801926284e-15,0.004012320602341339,0.16,0.0005228087185200628,6.820631893022251e-11,28.56695926456232,1.9997518452938798
noise_paired,B,0.007,0.005,5,P,completed,False,,,2.1210186304888423e-14,2.4731570172170012e-11,0.6180641619392475,365,391,1.0192704727284212,0.012053224694055172,0.011174618058085381,2.0114782438498154e-09,0.08316933326194446,True,True,0.0026058999511268848,2.7597191966150094e-16,0.2011478243849816,224.7061230218903,0.0028659505179998435,5.728827134898751e-10,0.0028659525294780874,0.16,0.0005228087185200628,1.6744884619724723e-11,19.76644218679758,1.9997518452938798
noise_paired,B,0.01,0.005,5,P,completed,False,,,1.6202238248861998e-14,1.32073010150878e-11,0.6415667382902623,255,273,1.0460919229116694,0.012053224694055172,0.011174618058085381,2.0114782438498154e-09,0.044726853039332284,True,True,0.0026058999511268848,4.139578794922514e-16,0.20114782438498163,165.89328406009102,0.0020166457630120538,2.879570248914831e-09,0.0020166477744902977,0.16,0.0005228087185200628,2.505917241741642e-12,14.474050613159994,1.9997518452938798
noise_paired,B,0.014,0.005,5,P,completed,False,,,1.1529378859537017e-14,6.713369330086733e-12,0.1111932200321027,182,195,0.151139908699215,0.012053224694055172,0.011174618058085381,2.0114782438498154e-09,0.016685094841419133,True,True,0.0026058999511268848,1.3798595983075047e-16,0.20114782438498158,88.14619873951504,0.0015335171992509056,2.6992981703721775e-06,0.0015335192107291495,0.16,0.0005228087185200628,1.3240784482321464e-14,2.804276903416764,1.9997518452938798
noise_paired,B,0.02,0.005,5,P,completed,False,,,9.107468517777081e-15,3.705629547472192e-12,0.03587203765123148,127,136,0.03641134382865408,0.012053224694055172,0.011174618058085381,2.0114782438498154e-09,0.02656303200215107,True,True,0.0026058999511268848,2.7597191966150094e-16,0.2011478243849816,46.200363968798314,0.001241678712876032,7.641751779000061e-05,0.001241680724354276,0.16,0.0005228087185200628,7.023774557426431e-15,1.9563389095424255,1.9997518452938798
noise_paired,B,0.028,0.005,5,P,completed,False,,,4.7257031390924444e-15,1.3800508626129544e-12,0.06467409124811234,91,98,0.07134407382137116,0.012053224694055172,0.011174618058085381,2.0114782438498154e-09,0.046728114117168165,True,True,0.0026058999511268848,2.7597191966150094e-16,0.2011478243849816,43.544936725980875,0.0007649593607453042,0.00020889432896781246,0.0007649613722235481,0.16,0.0005228087185200628,3.183358780210004e-15,1.8581374196967972,1.9997518452938798
noise_paired,B,0.04,0.005,5,P,completed,False,,,5.671923636346608e-15,1.150479865730992e-12,0.11814407300455544,63,68,0.13150164658414598,0.012053224694055172,0.011174618058085381,2.0114782438498154e-09,0.08568839661323908,True,True,0.0026058999511268848,1.3798595983075047e-16,0.20114782438498158,33.302174250613675,0.0010990075223029916,0.0003711984832189541,0.0010990095337812355,0.16,0.0005228087185200628,6.951396745922778e-15,1.736519062082269,1.9997518452938798
noise_paired,B,0.005,0.005,6,R,completed,False,,,3.047376819383519e-14,4.9727138747343015e-11,0.6211741572060823,511,547,1.2620544772226356,0.012060926901139087,0.012778912150816502,2.009351955364976e-09,0.0981927813223338,True,True,0.002743617101807442,4.143959281228175e-16,0.20093519553649752,299.1955869223235,0.004008077255991449,6.198652702238405e-12,0.004008079265343405,0.17,0.0005497808506847773,4.626674423544095e-11,27.98487933309204,1.9997518452938798
noise_paired,B,0.007,0.005,6,R,completed,False,,,2.118776549320961e-14,2.4705426984676002e-11,0.741925282652926,365,391,1.3039476298019927,0.012060926901139087,0.012778912150816502,2.009351955364976e-09,0.08174704987941021,True,True,0.002743617101807442,2.7626395208187833e-16,0.20093519553649766,236.05584672781026,0.0028629123257726263,1.4918692792242894e-07,0.0028629143351245816,0.17,0.0005497808506847773,1.195301294627622e-11,21.397084463831856,1.9997518452938798
noise_paired,B,0.01,0.005,6,R,completed,False,,,1.618511122662225e-14,1.3193339873748065e-11,0.5111946299177951,255,273,0.7133677115569828,0.012060926901139087,0.012778912150816502,2.009351955364976e-09,0.04682397305706364,True,True,0.002743617101807442,5.525279041637567e-16,0.20093519553649772,161.04398992451408,0.002004060015145692,3.118947016100826e-06,0.0020040620244976474,0.17,0.0005497808506847773,1.0902542430929159e-13,11.727342506018196,1.9997518452938798
noise_paired,B,0.014,0.005,6,R,completed,False,,,1.1517191412031014e-14,6.706272778113236e-12,0.09424930528979897,182,195,0.13504980917551113,0.012060926901139087,0.012778912150816502,2.009351955364976e-09,0.018101353480127494,True,True,0.002743617101807442,2.7626395208187833e-16,0.20093519553649766,97.32571657326369,0.0014461579164251892,5.8247035695679905e-05,0.0014461599257771446,0.17,0.0005497808506847773,1.3801085733023327e-14,2.530590538170289,1.9997518452938798
noise_paired,B,0.02,0.005,6,R,completed,False,,,9.097841217310572e-15,3.70171240968561e-12,0.03697541782196423,127,136,0.044228408460948596,0.012060926901139087,0.012778912150816502,2.009351955364976e-09,0.027411636646534687,True,True,0.002743617101807442,1.3813197604093917e-16,0.20093519553649763,50.482739968112114,0.0011927304987589815,5.8669907007286026e-05,0.001192732508110937,0.17,0.0005497808506847773,5.447536994360613e-15,1.9307128206166462,1.9997518452938798
noise_paired,B,0.028,0.005,6,R,completed,False,,,4.7207077044174015e-15,1.3785920418344355e-12,0.06574156585412855,91,98,0.0750413456019284,0.012060926901139087,0.012778912150816502,2.009351955364976e-09,0.0471092723836639,True,True,0.002743617101807442,1.3813197604093917e-16,0.20093519553649763,34.69177681283163,0.0011050404265587899,0.0003029954187591666,0.0011050424359107453,0.17,0.0005497808506847773,3.3162772138292993e-15,1.853024913137653,1.9997518452938798
noise_paired,B,0.04,0.005,6,R,completed,False,,,5.665927973230824e-15,1.1492637192983755e-12,0.11872590375785859,63,68,0.13299034216518757,0.012060926901139087,0.012778912150816502,2.009351955364976e-09,0.08579720321024861,True,True,0.002743617101807442,2.7626395208187833e-16,0.20093519553649766,31.573588202718717,0.0009931219616120535,0.0007809486171417579,0.000993123970964009,0.17,0.0005497808506847773,3.138577875070174e-15,1.7323936411914311,1.9997518452938798
noise_paired,B,0.005,0.005,6,P,completed,False,,,3.047376819383519e-14,4.9727138747343015e-11,0.6211741572060823,511,547,1.2620544772226356,0.01206106835498007,0.011549829677288225,2.009351955364976e-09,0.09791462841716904,True,True,0.002743617101807442,4.143959281228175e-16,0.20093519553649752,299.1955869223235,0.004008077255991449,6.198652702238405e-12,0.004008079265343405,0.17,0.0005497808506847773,4.626674423544095e-11,27.98487933309204,1.9997518452938798
noise_paired,B,0.007,0.005,6,P,completed,False,,,2.118776549320961e-14,2.4705426984676002e-11,0.741925282652926,365,391,1.3039476298019927,0.01206106835498007,0.011549829677288225,2.009351955364976e-09,0.08142344991938817,True,True,0.002743617101807442,2.7626395208187833e-16,0.20093519553649766,236.05584672781026,0.0028629123257726263,1.4918692792242894e-07,0.0028629143351245816,0.17,0.0005497808506847773,1.195301294627622e-11,21.397084463831856,1.9997518452938798
noise_paired,B,0.01,0.005,6,P,completed,False,,,1.618511122662225e-14,1.3193339873748065e-11,0.5111946299177951,255,273,0.7133677115569828,0.01206106835498007,0.011549829677288225,2.009351955364976e-09,0.04630031967974626,True,True,0.002743617101807442,5.525279041637567e-16,0.20093519553649772,161.04398992451408,0.002004060015145692,3.118947016100826e-06,0.0020040620244976474,0.17,0.0005497808506847773,1.0902542430929159e-13,11.727342506018196,1.9997518452938798
noise_paired,B,0.014,0.005,6,P,completed,False,,,1.1517191412031014e-14,6.706272778113236e-12,0.09424930528979897,182,195,0.13504980917551113,0.01206106835498007,0.011549829677288225,2.009351955364976e-09,0.016823748862651824,True,True,0.002743617101807442,2.7626395208187833e-16,0.20093519553649766,97.32571657326369,0.0014461579164251892,5.8247035695679905e-05,0.0014461599257771446,0.17,0.0005497808506847773,1.3801085733023327e-14,2.530590538170289,1.9997518452938798
noise_paired,B,0.02,0.005,6,P,completed,False,,,9.097841217310572e-15,3.70171240968561e-12,0.03697541782196423,127,136,0.044228408460948596,0.01206106835498007,0.011549829677288225,2.009351955364976e-09,0.026606158210762197,True,True,0.002743617101807442,1.3813197604093917e-16,0.20093519553649763,50.482739968112114,0.0011927304987589815,5.8669907007286026e-05,0.001192732508110937,0.17,0.0005497808506847773,5.447536994360613e-15,1.9307128206166462,1.9997518452938798
noise_paired,B,0.028,0.005,6,P,completed,False,,,4.7207077044174015e-15,1.3785920418344355e-12,0.06574156585412855,91,98,0.0750413456019284,0.01206106835498007,0.011549829677288225,2.009351955364976e-09,0.0466271227690799,True,True,0.002743617101807442,1.3813197604093917e-16,0.20093519553649763,34.69177681283163,0.0011050404265587899,0.0003029954187591666,0.0011050424359107453,0.17,0.0005497808506847773,3.3162772138292993e-15,1.853024913137653,1.9997518452938798
noise_paired,B,0.04,0.005,6,P,completed,False,,,5.665927973230824e-15,1.1492637192983755e-12,0.11872590375785859,63,68,0.13299034216518757,0.01206106835498007,0.011549829677288225,2.009351955364976e-09,0.08550301755621466,True,True,0.002743617101807442,2.7626395208187833e-16,0.20093519553649766,31.573588202718717,0.0009931219616120535,0.0007809486171417579,0.000993123970964009,0.17,0.0005497808506847773,3.138577875070174e-15,1.7323936411914311,1.9997518452938798
noise_paired,B,0.005,0.005,7,R,completed,False,,,3.0485214568286865e-14,4.97458169576284e-11,0.7715445428831856,511,547,1.5496892028885403,0.012060872962477296,0.011919228616001148,2.010106696122339e-09,0.09721845392304064,True,True,0.0029828376417321716,9.665607785109214e-16,0.20101066961223368,374.5252284098659,0.004009582769618131,6.5503158452884236e-15,0.004009584779724827,0.1775,0.0005977990541881537,5.326867083329123e-10,29.87626282924679,1.9997518452938798
noise_paired,B,0.007,0.005,7,R,completed,False,,,2.1195723914895004e-14,2.4714706689320876e-11,0.5964528110697118,365,391,1.192809672582308,0.012060872962477296,0.011919228616001148,2.010106696122339e-09,0.08423113108415718,True,True,0.0029828376417321716,0.0,0.20101066961223388,225.37877523566797,0.002864026230936567,-3.219646771412954e-15,0.0028640282410432633,0.1775,0.0005977990541881537,1.2520746979842676e-10,19.706637018654277,1.9997518452938798
noise_paired,B,0.01,0.005,7,R,completed,False,,,1.6191190581248286e-14,1.3198295477121516e-11,0.47344361639744875,255,273,0.679647969317056,0.012060872962477296,0.011919228616001148,2.010106696122339e-09,0.045118159567167214,True,True,0.0029828376417321716,4.1424033364753776e-16,0.20101066961223396,153.19011683756608,0.002005494674293118,3.301827145030245e-10,0.002005496684399814,0.1775,0.0005977990541881537,4.127312156289936e-12,12.507027736864266,1.9997518452938798
noise_paired,B,0.014,0.005,7,R,completed,False,,,1.152151743054947e-14,6.7087917481633165e-12,0.07779665396765108,182,195,0.10221822362411072,0.012060872962477296,0.011919228616001148,2.010106696122339e-09,0.017373892387492634,True,True,0.0029828376417321716,4.1424033364753776e-16,0.20101066961223396,94.76060433570369,0.0015191058045898875,3.470266551897083e-08,0.0015191078146965836,0.1775,0.0005977990541881537,1.259868179656194e-14,2.3041699285833523,1.9997518452938798
noise_paired,B,0.02,0.005,7,R,completed,False,,,9.10125849398646e-15,3.703102824749614e-12,0.03736792028935459,127,136,0.040127935003357464,0.012060872962477296,0.011919228616001148,2.010106696122339e-09,0.027020751222135167,True,True,0.0029828376417321716,0.0,0.20101066961223388,58.58498429899464,0.0015793872497021633,6.790435786718785e-06,0.0015793892598088594,0.1775,0.0005977990541881537,3.932716172275143e-15,1.937266490250581,1.9997518452938798
noise_paired,B,0.028,0.005,7,R,completed,False,,,4.722480868396269e-15,1.3791098603275922e-12,0.06600736239348981,91,98,0.07375084887910661,0.012060872962477296,0.011919228616001148,2.010106696122339e-09,0.046833673185609284,True,True,0.0029828376417321716,2.7616022243169184e-16,0.20101066961223393,46.83406336210902,0.0013713932744255364,9.748718996965833e-05,0.0013713952845322325,0.1775,0.0005977990541881537,2.530810364254402e-15,1.8561694133226427,1.9997518452938798
noise_paired,B,0.04,0.005,7,R,completed,False,,,5.668056175190795e-15,1.149695398859339e-12,0.11907262534386422,63,68,0.13285315949360268,0.012060872962477296,0.011919228616001148,2.010106696122339e-09,0.08555389625457226,True,True,0.0029828376417321716,0.0,0.20101066961223388,33.82353092774593,0.0012383620152009722,0.00044139643526763805,0.0012383640253076683,0.1775,0.0005977990541881537,3.6957356027471635e-15,1.7329487621525979,1.9997518452938798
noise_paired,B,0.005,0.005,7,P,completed,False,,,3.0485214568286865e-14,4.97458169576284e-11,0.7715445428831856,511,547,1.5496892028885403,0.0120610399426999,0.010535273671182179,2.010106696122339e-09,0.09694501377045599,True,True,0.0029828376417321716,9.665607785109214e-16,0.20101066961223368,374.5252284098659,0.004009582769618131,6.5503158452884236e-15,0.004009584779724827,0.1775,0.0005977990541881537,5.326867083329123e-10,29.87626282924679,1.9997518452938798
noise_paired,B,0.007,0.005,7,P,completed,False,,,2.1195723914895004e-14,2.4714706689320876e-11,0.5964528110697118,365,391,1.192809672582308,0.0120610399426999,0.010535273671182179,2.010106696122339e-09,0.08392214492205816,True,True,0.0029828376417321716,0.0,0.20101066961223388,225.37877523566797,0.002864026230936567,-3.219646771412954e-15,0.0028640282410432633,0.1775,0.0005977990541881537,1.2520746979842676e-10,19.706637018654277,1.9997518452938798
noise_paired,B,0.01,0.005,7,P,completed,False,,,1.6191190581248286e-14,1.3198295477121516e-11,0.47344361639744875,255,273,0.679647969317056,0.0120610399426999,0.010535273671182179,2.010106696122339e-09,0.044562888097476196,True,True,0.0029828376417321716,4.1424033364753776e-16,0.20101066961223396,153.19011683756608,0.002005494674293118,3.301827145030245e-10,0.002005496684399814,0.1775,0.0005977990541881537,4.127312156289936e-12,12.507027736864266,1.9997518452938798
noise_paired,B,0.014,0.005,7,P,completed,False,,,1.152151743054947e-14,6.7087917481633165e-12,0.07779665396765108,182,195,0.10221822362411072,0.0120610399426999,0.010535273671182179,2.010106696122339e-09,0.015966920153683277,True,True,0.0029828376417321716,4.1424033364753776e-16,0.20101066961223396,94.76060433570369,0.0015191058045898875,3.470266551897083e-08,0.0015191078146965836,0.1775,0.0005977990541881537,1.259868179656194e-14,2.3041699285833523,1.9997518452938798
noise_paired,B,0.02,0.005,7,P,completed,False,,,9.10125849398646e-15,3.703102824749614e-12,0.03736792028935459,127,136,0.040127935003357464,0.0120610399426999,0.010535273671182179,2.010106696122339e-09,0.026159004702428167,True,True,0.0029828376417321716,0.0,0.20101066961223388,58.58498429899464,0.0015793872497021633,6.790435786718785e-06,0.0015793892598088594,0.1775,0.0005977990541881537,3.932716172275143e-15,1.937266490250581,1.9997518452938798
noise_paired,B,0.028,0.005,7,P,completed,False,,,4.722480868396269e-15,1.3791098603275922e-12,0.06600736239348981,91,98,0.07375084887910661,0.0120610399426999,0.010535273671182179,2.010106696122339e-09,0.046330613533391934,True,True,0.0029828376417321716,2.7616022243169184e-16,0.20101066961223393,46.83406336210902,0.0013713932744255364,9.748718996965833e-05,0.0013713952845322325,0.1775,0.0005977990541881537,2.530810364254402e-15,1.8561694133226427,1.9997518452938798
noise_paired,B,0.04,0.005,7,P,completed,False,,,5.668056175190795e-15,1.149695398859339e-12,0.11907262534386422,63,68,0.13285315949360268,0.0120610399426999,0.010535273671182179,2.010106696122339e-09,0.08526127780899388,True,True,0.0029828376417321716,0.0,0.20101066961223388,33.82353092774593,0.0012383620152009722,0.00044139643526763805,0.0012383640253076683,0.1775,0.0005977990541881537,3.6957356027471635e-15,1.7329487621525979,1.9997518452938798
noise_paired,B,0.005,0.005,8,R,completed,False,,,3.051333541561765e-14,4.979170459672888e-11,0.6075684277857328,511,547,0.8464751237404763,0.012050511688458623,0.011976446438162413,2.011960903295249e-09,0.10017186432769548,True,True,0.002341018744607467,4.1385857304935716e-16,0.20119609032952482,395.07403802772245,0.004013281354542209,3.146623089866907e-07,0.004013283366503112,0.1625,0.00046990376528046593,3.000753589056839e-11,28.41374569353756,1.9997518452938798
noise_paired,B,0.007,0.005,8,R,completed,False,,,2.1215275744354527e-14,2.473750457686989e-11,0.7082379146395883,365,391,1.1925707641159409,0.012050511688458623,0.011976446438162413,2.011960903295249e-09,0.07448266728869933,True,True,0.002341018744607467,1.1036228614649524e-15,0.20119609032952512,219.08501881919995,0.00286662954238609,2.0881601428546226e-07,0.0028666315543469933,0.1625,0.00046990376528046593,5.464568129180061e-13,19.886969910066934,1.9997518452938798
noise_paired,B,0.01,0.005,8,R,completed,False,,,1.620612601814406e-14,1.3210470141377437e-11,0.6462562880218605,255,273,1.0852303017222051,0.012050511688458623,0.011976446438162413,2.011960903295249e-09,0.04621800245527723,True,True,0.002341018744607467,6.897642884155953e-16,0.20119609032952476,168.12838635427397,0.002006778532906317,5.370743448862569e-06,0.0020067805448672205,0.1625,0.00046990376528046593,7.932656383884818e-14,13.552394737127743,1.9997518452938798
noise_paired,B,0.014,0.005,8,R,completed,False,,,1.1532145364033671e-14,6.714980220548889e-12,0.09990259399658058,182,195,0.15858298499901968,0.012050511688458623,0.011976446438162413,2.011960903295249e-09,0.017540550819612182,True,True,0.002341018744607467,1.3795285768311905e-16,0.20119609032952493,78.51243917307761,0.0014589607940215799,3.0051105285033852e-05,0.001458962805982483,0.1625,0.00046990376528046593,8.66404563764303e-15,2.7476506540304277,1.9997518452938798
noise_paired,B,0.02,0.005,8,R,completed,False,,,9.109653878577047e-15,3.70651872293697e-12,0.034832660784358885,127,136,0.04449570088497552,0.012050511688458623,0.011976446438162413,2.011960903295249e-09,0.0271634358413837,True,True,0.002341018744607467,0.0,0.2011960903295249,57.80056601508264,0.0013230233694064009,0.00035243907814916375,0.001323025381367304,0.1625,0.00046990376528046593,3.4028417689080887e-15,1.9269646086575942,1.9997518452938798
noise_paired,B,0.028,0.005,8,R,completed,False,,,4.7268370838732895e-15,1.3803820094131029e-12,0.06354564317035387,91,98,0.07262769241132985,0.012050511688458623,0.011976446438162413,2.011960903295249e-09,0.047209905720014274,True,True,0.002341018744607467,0.0,0.2011960903295249,33.47633968595713,0.0012357294766925375,0.0006728320727091008,0.0012357314886534407,0.1625,0.00046990376528046593,2.722359927696894e-15,1.8552231363084581,1.9997518452938798
noise_paired,B,0.04,0.005,8,R,completed,False,,,5.673284629201108e-15,1.150755926372301e-12,0.11729585326440266,63,68,0.1307851210970981,0.012050511688458623,0.011976446438162413,2.011960903295249e-09,0.08617252543828491,True,True,0.002341018744607467,0.0,0.2011960903295249,29.83579765367396,0.001275575218323055,0.0012316210250787052,0.0012755772302839583,0.1625,0.00046990376528046593,3.3567160427633992e-15,1.7363022098988317,1.9997518452938798
noise_paired,B,0.005,0.005,8,P,completed,False,,,3.051333541561765e-14,4.979170459672888e-11,0.6075684277857328,511,547,0.8464751237404763,0.012050620732901546,0.011060102002311573,2.011960903295249e-09,0.09996420127590583,True,True,0.002341018744607467,4.1385857304935716e-16,0.20119609032952482,395.07403802772245,0.004013281354542209,3.146623089866907e-07,0.004013283366503112,0.1625,0.00046990376528046593,3.000753589056839e-11,28.41374569353756,1.9997518452938798
noise_paired,B,0.007,0.005,8,P,completed,False,,,2.1215275744354527e-14,2.473750457686989e-11,0.7082379146395883,365,391,1.1925707641159409,0.012050620732901546,0.011060102002311573,2.011960903295249e-09,0.074213057485244,True,True,0.002341018744607467,1.1036228614649524e-15,0.20119609032952512,219.08501881919995,0.00286662954238609,2.0881601428546226e-07,0.0028666315543469933,0.1625,0.00046990376528046593,5.464568129180061e-13,19.886969910066934,1.9997518452938798
noise_paired,B,0.01,0.005,8,P,completed,False,,,1.620612601814406e-14,1.3210470141377437e-11,0.6462562880218605,255,273,1.0852303017222051,0.012050620732901546,0.011060102002311573,2.011960903295249e-09,0.045796345024011954,True,True,0.002341018744607467,6.897642884155953e-16,0.20119609032952476,168.12838635427397,0.002006778532906317,5.370743448862569e-06,0.0020067805448672205,0.1625,0.00046990376528046593,7.932656383884818e-14,13.552394737127743,1.9997518452938798
noise_paired,B,0.014,0.005,8,P,completed,False,,,1.1532145364033671e-14,6.714980220548889e-12,0.09990259399658058,182,195,0.15858298499901968,0.012050620732901546,0.011060102002311573,2.011960903295249e-09,0.016483124925922833,True,True,0.002341018744607467,1.3795285768311905e-16,0.20119609032952493,78.51243917307761,0.0014589607940215799,3.0051105285033852e-05,0.001458962805982483,0.1625,0.00046990376528046593,8.66404563764303e-15,2.7476506540304277,1.9997518452938798
noise_paired,B,0.02,0.005,8,P,completed,False,,,9.109653878577047e-15,3.70651872293697e-12,0.034832660784358885,127,136,0.04449570088497552,0.012050620732901546,0.011060102002311573,2.011960903295249e-09,0.0265217035155867,True,True,0.002341018744607467,0.0,0.2011960903295249,57.80056601508264,0.0013230233694064009,0.00035243907814916375,0.001323025381367304,0.1625,0.00046990376528046593,3.4028417689080887e-15,1.9269646086575942,1.9997518452938798
noise_paired,B,0.028,0.005,8,P,completed,False,,,4.7268370838732895e-15,1.3803820094131029e-12,0.06354564317035387,91,98,0.07262769241132985,0.012050620732901546,0.011060102002311573,2.011960903295249e-09,0.046838463096309464,True,True,0.002341018744607467,0.0,0.2011960903295249,33.47633968595713,0.0012357294766925375,0.0006728320727091008,0.0012357314886534407,0.1625,0.00046990376528046593,2.722359927696894e-15,1.8552231363084581,1.9997518452938798
noise_paired,B,0.04,0.005,8,P,completed,False,,,5.673284629201108e-15,1.150755926372301e-12,0.11729585326440266,63,68,0.1307851210970981,0.012050620732901546,0.011060102002311573,2.011960903295249e-09,0.08595151175065793,True,True,0.002341018744607467,0.0,0.2011960903295249,29.83579765367396,0.001275575218323055,0.0012316210250787052,0.0012755772302839583,0.1625,0.00046990376528046593,3.3567160427633992e-15,1.7363022098988317,1.9997518452938798
noise_paired,B,0.005,0.005,9,R,completed,False,,,3.04641604863794e-14,4.971146087650476e-11,0.7379897050547719,511,547,1.454636534471008,0.01205807627580905,0.0119581727533933,2.008718450980481e-09,0.09621168659691003,True,True,0.0025202227128502393,0.0,0.20087184509804812,349.2743703366223,0.00400681359756988,1.3361098311071018e-08,0.0040068156062883315,0.1625,0.0005049691516629204,1.0700397687727769e-11,28.31034077698009,1.9997518452938798
noise_paired,B,0.007,0.005,9,R,completed,False,,,2.11810854577376e-14,2.4697637908066594e-11,0.6376225758548872,365,391,1.116247268168712,0.01205807627580905,0.0119581727533933,2.008718450980481e-09,0.0815794296847967,True,True,0.0025202227128502393,1.3817553974316838e-16,0.20087184509804815,249.89192291593136,0.0028620115162931725,3.1972663712687144e-06,0.0028620135250116236,0.1625,0.0005049691516629204,3.499161950342804e-11,20.697043343650876,1.9997518452938798
noise_paired,B,0.01,0.005,9,R,completed,False,,,1.6180008417779715e-14,1.318918030447309e-11,0.5977131293703496,255,273,0.8241975645975964,0.01205807627580905,0.0119581727533933,2.008718450980481e-09,0.05063110225133256,True,True,0.0025202227128502393,0.0,0.20087184509804812,155.32118281257522,0.0020036143930405315,3.456616182626049e-05,0.0020036164017589826,0.1625,0.0005049691516629204,1.932165166226343e-12,14.261187030622494,1.9997518452938798
noise_paired,B,0.014,0.005,9,R,completed,False,,,1.1513560295422941e-14,6.704158438115603e-12,0.07830359342908691,182,195,0.1089339843867981,0.01205807627580905,0.0119581727533933,2.008718450980481e-09,0.01764869801015255,True,True,0.0025202227128502393,5.527021589726735e-16,0.200871845098048,95.36335575794439,0.0014336801892382567,1.784846767383108e-06,0.0014336821979567076,0.1625,0.0005049691516629204,6.207712512721154e-15,2.3599927217264685,1.9997518452938798
noise_paired,B,0.02,0.005,9,R,completed,False,,,9.094972868495315e-15,3.700545341350263e-12,0.033862519413851704,127,136,0.03899182199457949,0.01205807627580905,0.0119581727533933,2.008718450980481e-09,0.02725514855593554,True,True,0.0025202227128502393,4.145266192295052e-16,0.20087184509804804,51.55845836445088,0.001218586126339044,0.00011594993709829193,0.001218588135057495,0.1625,0.0005049691516629204,3.801193414821665e-15,1.941212990928265,1.9997518452938798
noise_paired,B,0.028,0.005,9,R,completed,False,,,4.719219369324746e-15,1.3781574021484415e-12,0.06307304059141569,91,98,0.07193202228244379,0.01205807627580905,0.0119581727533933,2.008718450980481e-09,0.04729489249862498,True,True,0.0025202227128502393,5.527021589726735e-16,0.200871845098048,40.43752175002094,0.0011522961722642278,0.000847762845794714,0.0011522981809826787,0.1625,0.0005049691516629204,2.7516081806270546e-15,1.8583686243097348,1.9997518452938798
noise_paired,B,0.04,0.005,9,R,completed,False,,,5.664141631020495e-15,1.1489013817779764e-12,0.11680028682590213,63,68,0.13102916337625975,0.01205807627580905,0.0119581727533933,2.008718450980481e-09,0.08635994567184102,True,True,0.0025202227128502393,5.527021589726735e-16,0.200871845098048,30.84251559880391,0.001213787487185758,0.0012124310045590614,0.0012137894959042088,0.1625,0.0005049691516629204,2.4641569361568144e-15,1.7355609404009424,1.9997518452938798
noise_paired,B,0.005,0.005,9,P,completed,False,,,3.04641604863794e-14,4.971146087650476e-11,0.7379897050547719,511,547,1.454636534471008,0.012058207841687416,0.010858685353736712,2.008718450980481e-09,0.09597666696381657,True,True,0.0025202227128502393,0.0,0.20087184509804812,349.2743703366223,0.00400681359756988,1.3361098311071018e-08,0.0040068156062883315,0.1625,0.0005049691516629204,1.0700397687727769e-11,28.31034077698009,1.9997518452938798
noise_paired,B,0.007,0.005,9,P,completed,False,,,2.11810854577376e-14,2.4697637908066594e-11,0.6376225758548872,365,391,1.116247268168712,0.012058207841687416,0.010858685353736712,2.008718450980481e-09,0.08130716315380572,True,True,0.0025202227128502393,1.3817553974316838e-16,0.20087184509804815,249.89192291593136,0.0028620115162931725,3.1972663712687144e-06,0.0028620135250116236,0.1625,0.0005049691516629204,3.499161950342804e-11,20.697043343650876,1.9997518452938798
noise_paired,B,0.01,0.005,9,P,completed,False,,,1.6180008417779715e-14,1.318918030447309e-11,0.5977131293703496,255,273,0.8241975645975964,0.012058207841687416,0.010858685353736712,2.008718450980481e-09,0.05020568046884482,True,True,0.0025202227128502393,0.0,0.20087184509804812,155.32118281257522,0.0020036143930405315,3.456616182626049e-05,0.0020036164017589826,0.1625,0.0005049691516629204,1.932165166226343e-12,14.261187030622494,1.9997518452938798
noise_paired,B,0.014,0.005,9,P,completed,False,,,1.1513560295422941e-14,6.704158438115603e-12,0.07830359342908691,182,195,0.1089339843867981,0.012058207841687416,0.010858685353736712,2.008718450980481e-09,0.016494618726727923,True,True,0.0025202227128502393,5.527021589726735e-16,0.200871845098048,95.36335575794439,0.0014336801892382567,1.784846767383108e-06,0.0014336821979567076,0.1625,0.0005049691516629204,6.207712512721154e-15,2.3599927217264685,1.9997518452938798
noise_paired,B,0.02,0.005,9,P,completed,False,,,9.094972868495315e-15,3.700545341350263e-12,0.033862519413851704,127,136,0.03899182199457949,0.012058207841687416,0.010858685353736712,2.008718450980481e-09,0.02653419229082667,True,True,0.0025202227128502393,4.145266192295052e-16,0.20087184509804804,51.55845836445088,0.001218586126339044,0.00011594993709829193,0.001218588135057495,0.1625,0.0005049691516629204,3.801193414821665e-15,1.941212990928265,1.9997518452938798
noise_paired,B,0.028,0.005,9,P,completed,False,,,4.719219369324746e-15,1.3781574021484415e-12,0.06307304059141569,91,98,0.07193202228244379,0.012058207841687416,0.010858685353736712,2.008718450980481e-09,0.04687451418447409,True,True,0.0025202227128502393,5.527021589726735e-16,0.200871845098048,40.43752175002094,0.0011522961722642278,0.000847762845794714,0.0011522981809826787,0.1625,0.0005049691516629204,2.7516081806270546e-15,1.8583686243097348,1.9997518452938798
noise_paired,B,0.04,0.005,9,P,completed,False,,,5.664141631020495e-15,1.1489013817779764e-12,0.11680028682590213,63,68,0.13102916337625975,0.012058207841687416,0.010858685353736712,2.008718450980481e-09,0.08611452293762505,True,True,0.0025202227128502393,5.527021589726735e-16,0.200871845098048,30.84251559880391,0.001213787487185758,0.0012124310045590614,0.0012137894959042088,0.1625,0.0005049691516629204,2.4641569361568144e-15,1.7355609404009424,1.9997518452938798
noise_paired,B,0.005,0.005,10,R,completed,False,,,3.054047656693172e-14,4.983599356646091e-11,0.6225956684850708,511,547,1.0844540779641338,0.01204662974610404,0.01182248738843315,2.0137505121521817e-09,0.10057380569240512,True,True,0.002687552399542535,1.1026420779787795e-15,0.20137505121521793,317.6842257355575,0.004016851138444827,3.110611587753276e-08,0.004016853152195339,0.175,0.0005397553812314728,3.634996665021223e-11,28.159819826245865,1.9997518452938798
noise_paired,B,0.007,0.005,10,R,completed,False,,,2.1234146411926734e-14,2.475950821382758e-11,0.623322526490288,365,391,0.9461041436487911,0.01204662974610404,0.01182248738843315,2.0137505121521817e-09,0.08506916184086634,True,True,0.002687552399542535,4.1349077924204237e-16,0.20137505121521806,218.86018209311737,0.0028691834307958686,3.1304811703991575e-07,0.002869185444546381,0.175,0.0005397553812314728,9.074490642506202e-12,20.114848599001313,1.9997518452938798
noise_paired,B,0.01,0.005,10,R,completed,False,,,1.6220541122637957e-14,1.3222220655182417e-11,0.5534593702961796,255,273,0.7371094529947447,0.01204662974610404,0.01182248738843315,2.0137505121521817e-09,0.03788282513582119,True,True,0.002687552399542535,6.891512987367373e-16,0.201375051215218,157.25201791455626,0.0020152861263666444,4.297027971084111e-06,0.0020152881401171567,0.175,0.0005397553812314728,2.4346684632545427e-13,12.555791926739214,1.9997518452938798
noise_paired,B,0.014,0.005,10,R,completed,False,,,1.154240303328018e-14,6.720953094105794e-12,0.1357094565135171,182,195,0.19238050626833733,0.01204662974610404,0.01182248738843315,2.0137505121521817e-09,0.017989638766767502,True,True,0.002687552399542535,1.3783025974734744e-16,0.20137505121521812,76.66222651973497,0.0016578314376282655,1.3524158576860845e-05,0.0016578334513787775,0.175,0.0005397553812314728,5.493522279013312e-15,3.069030501737042,1.9997518452938798
noise_paired,B,0.02,0.005,10,R,completed,False,,,9.117756778209932e-15,3.709815615398493e-12,0.03603141354153675,127,136,0.04337526936687366,0.01204662974610404,0.01182248738843315,2.0137505121521817e-09,0.027057458546035515,True,True,0.002687552399542535,1.3783025974734744e-16,0.20137505121521812,50.03263640488782,0.001503414501673156,0.0001420220747271328,0.001503416515423668,0.175,0.0005397553812314728,4.200143199997842e-15,1.949327234935097,1.9997518452938798
noise_paired,B,0.028,0.005,10,R,completed,False,,,4.73104153411719e-15,1.3816098383763544e-12,0.0648162349497628,91,98,0.07306430639937939,0.01204662974610404,0.01182248738843315,2.0137505121521817e-09,0.04695989894875682,True,True,0.002687552399542535,1.3783025974734744e-16,0.20137505121521812,39.01316865372049,0.0015026267056482134,0.0005607744755874722,0.0015026287193987255,0.175,0.0005397553812314728,3.0034798998888535e-15,1.858413907467982,1.9997518452938798
noise_paired,B,0.04,0.005,10,R,completed,False,,,5.678330930251833e-15,1.1517795064004369e-12,0.11813419795285117,63,68,0.13160236138731224,0.01204662974610404,0.01182248738843315,2.0137505121521817e-09,0.08579264663108062,True,True,0.002687552399542535,2.756605194946949e-16,0.2013750512152181,31.616411850377375,0.001378186094983913,0.0010432208340044324,0.0013781881087344251,0.175,0.0005397553812314728,2.9109123830254537e-15,1.7352283566784008,1.9997518452938798
noise_paired,B,0.005,0.005,10,P,completed,False,,,3.054047656693172e-14,4.983599356646091e-11,0.6225956684850708,511,547,1.0844540779641338,0.012046754945209107,0.010715939436162353,2.0137505121521817e-09,0.100327802999808,True,True,0.002687552399542535,1.1026420779787795e-15,0.20137505121521793,317.6842257355575,0.004016851138444827,3.110611587753276e-08,0.004016853152195339,0.175,0.0005397553812314728,3.634996665021223e-11,28.159819826245865,1.9997518452938798
noise_paired,B,0.007,0.005,10,P,completed,False,,,2.1234146411926734e-14,2.475950821382758e-11,0.623322526490288,365,391,0.9461041436487911,0.012046754945209107,0.010715939436162353,2.0137505121521817e-09,0.08478590866993178,True,True,0.002687552399542535,4.1349077924204237e-16,0.20137505121521806,218.86018209311737,0.0028691834307958686,3.1304811703991575e-07,0.002869185444546381,0.175,0.0005397553812314728,9.074490642506202e-12,20.114848599001313,1.9997518452938798
noise_paired,B,0.01,0.005,10,P,completed,False,,,1.6220541122637957e-14,1.3222220655182417e-11,0.5534593702961796,255,273,0.7371094529947447,0.012046754945209107,0.010715939436162353,2.0137505121521817e-09,0.037272899559400885,True,True,0.002687552399542535,6.891512987367373e-16,0.201375051215218,157.25201791455626,0.0020152861263666444,4.297027971084111e-06,0.0020152881401171567,0.175,0.0005397553812314728,2.4346684632545427e-13,12.555791926739214,1.9997518452938798
noise_paired,B,0.014,0.005,10,P,completed,False,,,1.154240303328018e-14,6.720953094105794e-12,0.1357094565135171,182,195,0.19238050626833733,0.012046754945209107,0.010715939436162353,2.0137505121521817e-09,0.01679072608508644,True,True,0.002687552399542535,1.3783025974734744e-16,0.20137505121521812,76.66222651973497,0.0016578314376282655,1.3524158576860845e-05,0.0016578334513787775,0.175,0.0005397553812314728,5.493522279013312e-15,3.069030501737042,1.9997518452938798
noise_paired,B,0.02,0.005,10,P,completed,False,,,9.117756778209932e-15,3.709815615398493e-12,0.03603141354153675,127,136,0.04337526936687366,0.012046754945209107,0.010715939436162353,2.0137505121521817e-09,0.026303884129309677,True,True,0.002687552399542535,1.3783025974734744e-16,0.20137505121521812,50.03263640488782,0.001503414501673156,0.0001420220747271328,0.001503416515423668,0.175,0.0005397553812314728,4.200143199997842e-15,1.949327234935097,1.9997518452938798
noise_paired,B,0.028,0.005,10,P,completed,False,,,4.73104153411719e-15,1.3816098383763544e-12,0.0648162349497628,91,98,0.07306430639937939,0.012046754945209107,0.010715939436162353,2.0137505121521817e-09,0.046516937530103115,True,True,0.002687552399542535,1.3783025974734744e-16,0.20137505121521812,39.01316865372049,0.0015026267056482134,0.0005607744755874722,0.0015026287193987255,0.175,0.0005397553812314728,3.0034798998888535e-15,1.858413907467982,1.9997518452938798
noise_paired,B,0.04,0.005,10,P,completed,False,,,5.678330930251833e-15,1.1517795064004369e-12,0.11813419795285117,63,68,0.13160236138731224,0.012046754945209107,0.010715939436162353,2.0137505121521817e-09,0.08552792031040114,True,True,0.002687552399542535,2.756605194946949e-16,0.2013750512152181,31.616411850377375,0.001378186094983913,0.0010432208340044324,0.0013781881087344251,0.175,0.0005397553812314728,2.9109123830254537e-15,1.7352283566784008,1.9997518452938798
noise_paired,B,0.005,0.005,11,R,completed,False,,,3.048744183618063e-14,4.974945141657933e-11,0.7151223493774763,511,547,1.2761072391951191,0.012059499955326741,0.012033624829201764,2.0102535557121665e-09,0.0969423583183538,True,True,0.0024816510485714764,1.3807002373785644e-16,0.20102535557121662,339.2803904574442,0.004009875688480352,8.374921775522459e-08,0.004009877698733908,0.1675,0.000497639816071444,1.1622525433578155e-11,29.056611373815574,1.9997518452938798
noise_paired,B,0.007,0.005,11,R,completed,False,,,2.1197272487080875e-14,2.471651236047958e-11,0.6512201226083775,365,391,1.3789505396973845,0.012059499955326741,0.012033624829201764,2.0102535557121665e-09,0.08261061405299965,True,True,0.0024816510485714764,2.7614004747571287e-16,0.2010253555712167,244.409080071943,0.0028641969204716844,1.1775662789315078e-07,0.00286419893072524,0.1675,0.000497639816071444,1.9280471103046138e-12,19.61499759448802,1.9997518452938798
noise_paired,B,0.01,0.005,11,R,completed,False,,,1.6192373519254596e-14,1.319925975243284e-11,0.48356591891500916,255,273,0.6442661847101068,0.012059499955326741,0.012033624829201764,2.0102535557121665e-09,0.05303949207826037,True,True,0.0024816510485714764,1.3807002373785644e-16,0.20102535557121662,181.72491475619572,0.002004962286846851,4.6643917464561646e-07,0.0020049642971004065,0.1675,0.000497639816071444,2.6994031716648342e-12,13.122318570037004,1.9997518452938798
noise_paired,B,0.014,0.005,11,R,completed,False,,,1.1522359199460199e-14,6.709281896475481e-12,0.09809381056549904,182,195,0.13643205819288687,0.012059499955326741,0.012033624829201764,2.0102535557121665e-09,0.018139512126254205,True,True,0.0024816510485714764,1.3807002373785644e-16,0.20102535557121662,110.96531348615633,0.0014415155801072443,2.3956542231806655e-05,0.0014415175903608,0.1675,0.000497639816071444,1.113200848003569e-14,2.6560861640620392,1.9997518452938798
noise_paired,B,0.02,0.005,11,R,completed,False,,,9.10192343734092e-15,3.70337337564275e-12,0.03541972768351761,127,136,0.04206384464842749,0.012059499955326741,0.012033624829201764,2.0102535557121665e-09,0.027146004723522393,True,True,0.0024816510485714764,1.3807002373785644e-16,0.20102535557121667,46.84510201377436,0.0012202674304064853,8.358074143693939e-05,0.001220269440660041,0.1675,0.000497639816071444,4.6212918387776705e-15,1.9328319645263532,1.9997518452938798
noise_paired,B,0.028,0.005,11,R,completed,False,,,4.72282589565509e-15,1.3792106189135946e-12,0.06478096199429709,91,98,0.07299252945534568,0.012059499955326741,0.012033624829201764,2.0102535557121665e-09,0.04706136847426974,True,True,0.0024816510485714764,1.3807002373785644e-16,0.20102535557121667,40.42123509988319,0.0011701140107949204,0.00027192198727366,0.001170116021048476,0.1675,0.000497639816071444,4.524046784614575e-15,1.859360319342001,1.9997518452938798
noise_paired,B,0.04,0.005,11,R,completed,False,,,5.668470286743487e-15,1.149779396288445e-12,0.11838226027496804,63,68,0.13176089122165674,0.012059499955326741,0.012033624829201764,2.0102535557121665e-09,0.08584999030485202,True,True,0.0024816510485714764,1.3807002373785644e-16,0.20102535557121667,36.14556999313338,0.0010390394075203147,0.0009275951458430909,0.0010390414177738703,0.1675,0.000497639816071444,3.893584189474984e-15,1.7358661668708302,1.9997518452938798
noise_paired,B,0.005,0.005,11,P,completed,False,,,3.048744183618063e-14,4.974945141657933e-11,0.7151223493774763,511,547,1.2761072391951191,0.012059630735293498,0.0109332243954865,2.0102535557121665e-09,0.09670291911315239,True,True,0.0024816510485714764,1.3807002373785644e-16,0.20102535557121662,339.2803904574442,0.004009875688480352,8.374921775522459e-08,0.004009877698733908,0.1675,0.000497639816071444,1.1622525433578155e-11,29.056611373815574,1.9997518452938798
noise_paired,B,0.007,0.005,11,P,completed,False,,,2.1197272487080875e-14,2.471651236047958e-11,0.6512201226083775,365,391,1.3789505396973845,0.012059630735293498,0.0109332243954865,2.0102535557121665e-09,0.0823408634848959,True,True,0.0024816510485714764,2.7614004747571287e-16,0.2010253555712167,244.409080071943,0.0028641969204716844,1.1775662789315078e-07,0.00286419893072524,0.1675,0.000497639816071444,1.9280471103046138e-12,19.61499759448802,1.9997518452938798
noise_paired,B,0.01,0.005,11,P,completed,False,,,1.6192373519254596e-14,1.319925975243284e-11,0.48356591891500916,255,273,0.6442661847101068,0.012059630735293498,0.0109332243954865,2.0102535557121665e-09,0.05264300373040314,True,True,0.0024816510485714764,1.3807002373785644e-16,0.20102535557121662,181.72491475619572,0.002004962286846851,4.6643917464561646e-07,0.0020049642971004065,0.1675,0.000497639816071444,2.6994031716648342e-12,13.122318570037004,1.9997518452938798
noise_paired,B,0.014,0.005,11,P,completed,False,,,1.1522359199460199e-14,6.709281896475481e-12,0.09809381056549904,182,195,0.13643205819288687,0.012059630735293498,0.0109332243954865,2.0102535557121665e-09,0.0170126582391703,True,True,0.0024816510485714764,1.3807002373785644e-16,0.20102535557121662,110.96531348615633,0.0014415155801072443,2.3956542231806655e-05,0.0014415175903608,0.1675,0.000497639816071444,1.113200848003569e-14,2.6560861640620392,1.9997518452938798
noise_paired,B,0.02,0.005,11,P,completed,False,,,9.10192343734092e-15,3.70337337564275e-12,0.03541972768351761,127,136,0.04206384464842749,0.012059630735293498,0.0109332243954865,2.0102535557121665e-09,0.02643009351642791,True,True,0.0024816510485714764,1.3807002373785644e-16,0.20102535557121667,46.84510201377436,0.0012202674304064853,8.358074143693939e-05,0.001220269440660041,0.1675,0.000497639816071444,4.6212918387776705e-15,1.9328319645263532,1.9997518452938798
noise_paired,B,0.028,0.005,11,P,completed,False,,,4.72282589565509e-15,1.3792106189135946e-12,0.06478096199429709,91,98,0.07299252945534568,0.012059630735293498,0.0109332243954865,2.0102535557121665e-09,0.04664297481257284,True,True,0.0024816510485714764,1.3807002373785644e-16,0.20102535557121667,40.42123509988319,0.0011701140107949204,0.00027192198727366,0.001170116021048476,0.1675,0.000497639816071444,4.524046784614575e-15,1.859360319342001,1.9997518452938798
noise_paired,B,0.04,0.005,11,P,completed,False,,,5.668470286743487e-15,1.149779396288445e-12,0.11838226027496804,63,68,0.13176089122165674,0.012059630735293498,0.0109332243954865,2.0102535557121665e-09,0.08559892454093457,True,True,0.0024816510485714764,1.3807002373785644e-16,0.20102535557121667,36.14556999313338,0.0010390394075203147,0.0009275951458430909,0.0010390414177738703,0.1675,0.000497639816071444,3.893584189474984e-15,1.7358661668708302,1.9997518452938798
noise_paired,B,0.005,0.005,12,R,completed,False,,,3.0471073859474556e-14,4.972274212865999e-11,0.5575640656906776,511,547,0.8192755682969146,0.012064623279569177,0.012075663900241175,2.0091742987659786e-09,0.10099558130262862,True,True,0.0028130729065629,1.3814419004202972e-16,0.20091742987659789,383.286041784363,0.004007731511616319,1.8838080900751564e-08,0.004007733520790618,0.18,0.0005636099026949363,1.005739538773611e-10,27.56838192254349,1.9997518452938798
noise_paired,B,0.007,0.005,12,R,completed,False,,,2.1185892179603285e-14,2.470324265747381e-11,0.6188832323178176,365,391,1.063345078951728,0.012064623279569177,0.012075663900241175,2.0091742987659786e-09,0.08200472738701324,True,True,0.0028130729065629,0.0,0.20091742987659786,269.4934064388654,0.002862664485086208,6.4041681402393635e-09,0.002862666494260507,0.18,0.0005636099026949363,6.7222330238979315e-12,19.752086159148117,1.9997518452938798
noise_paired,B,0.01,0.005,12,R,completed,False,,,1.618368022206019e-14,1.3192173386271777e-11,0.4933973239062098,255,273,0.7442173874654865,0.012064623279569177,0.012075663900241175,2.0091742987659786e-09,0.058577559167806145,True,True,0.0028130729065629,8.288651402521783e-16,0.20091742987659802,161.68684269722598,0.0020581369247817116,5.965641542843292e-06,0.0020581389339560103,0.18,0.0005636099026949363,7.004837285773693e-12,13.252439194478344,1.9997518452938798
noise_paired,B,0.014,0.005,12,R,completed,False,,,1.1516173121008974e-14,6.705679843853747e-12,0.09690813361343198,182,195,0.16435709777314952,0.012064623279569177,0.012075663900241175,2.0091742987659786e-09,0.017787005603378047,True,True,0.0028130729065629,2.7628838008405944e-16,0.2009174298765979,86.20176046331704,0.00174819573629309,2.8791383632237322e-05,0.0017481977454673887,0.18,0.0005636099026949363,9.82298807642576e-15,2.657268705642197,1.9997518452938798
noise_paired,B,0.02,0.005,12,R,completed,False,,,9.097036832830009e-15,3.701385123251088e-12,0.03633644198722495,127,136,0.045344809885982,0.012064623279569177,0.012075663900241175,2.0091742987659786e-09,0.027226165900467753,True,True,0.0028130729065629,5.525767601681189e-16,0.20091742987659797,50.0316916140319,0.0015330086748848726,2.496982916577739e-05,0.0015330106840591713,0.18,0.0005636099026949363,5.297281400781698e-15,1.9320952192918446,1.9997518452938798
noise_paired,B,0.028,0.005,12,R,completed,False,,,4.720290323642775e-15,1.3784701537934165e-12,0.06526173178109973,91,98,0.07498346939549956,0.012064623279569177,0.012075663900241175,2.0091742987659786e-09,0.04705627223355075,True,True,0.0028130729065629,2.7628838008405944e-16,0.2009174298765979,42.803032661003954,0.0013958730920725082,0.0003985392906948326,0.001395875101246807,0.18,0.0005636099026949363,4.176797517823505e-15,1.8554464197237976,1.9997518452938798
noise_paired,B,0.04,0.005,12,R,completed,False,,,5.6654270209256786e-15,1.1491621072919888e-12,0.11856155249283823,63,68,0.1327687952303345,0.012064623279569177,0.012075663900241175,2.0091742987659786e-09,0.08586214421359506,True,True,0.0028130729065629,5.525767601681189e-16,0.20091742987659797,33.61839774846818,0.001240706431965971,0.001228050614253906,0.0012407084411402698,0.18,0.0005636099026949363,2.9952473609203317e-15,1.7323203363246775,1.9997518452938798
noise_paired,B,0.005,0.005,12,P,completed,False,,,3.0471073859474556e-14,4.972274212865999e-11,0.5575640656906776,511,547,0.8192755682969146,0.012064759735782329,0.01088907084486239,2.0091742987659786e-09,0.10074087371402858,True,True,0.0028130729065629,1.3814419004202972e-16,0.20091742987659789,383.286041784363,0.004007731511616319,1.8838080900751564e-08,0.004007733520790618,0.18,0.0005636099026949363,1.005739538773611e-10,27.56838192254349,1.9997518452938798
noise_paired,B,0.007,0.005,12,P,completed,False,,,2.1185892179603285e-14,2.470324265747381e-11,0.6188832323178176,365,391,1.063345078951728,0.012064759735782329,0.01088907084486239,2.0091742987659786e-09,0.08169635676580515,True,True,0.0028130729065629,0.0,0.20091742987659786,269.4934064388654,0.002862664485086208,6.4041681402393635e-09,0.002862666494260507,0.18,0.0005636099026949363,6.7222330238979315e-12,19.752086159148117,1.9997518452938798
noise_paired,B,0.01,0.005,12,P,completed,False,,,1.618368022206019e-14,1.3192173386271777e-11,0.4933973239062098,255,273,0.7442173874654865,0.012064759735782329,0.01088907084486239,2.0091742987659786e-09,0.05816953520603524,True,True,0.0028130729065629,8.288651402521783e-16,0.20091742987659802,161.68684269722598,0.0020581369247817116,5.965641542843292e-06,0.0020581389339560103,0.18,0.0005636099026949363,7.004837285773693e-12,13.252439194478344,1.9997518452938798
noise_paired,B,0.014,0.005,12,P,completed,False,,,1.1516173121008974e-14,6.705679843853747e-12,0.09690813361343198,182,195,0.16435709777314952,0.012064759735782329,0.01088907084486239,2.0091742987659786e-09,0.016523809441964313,True,True,0.0028130729065629,2.7628838008405944e-16,0.2009174298765979,86.20176046331704,0.00174819573629309,2.8791383632237322e-05,0.0017481977454673887,0.18,0.0005636099026949363,9.82298807642576e-15,2.657268705642197,1.9997518452938798
noise_paired,B,0.02,0.005,12,P,completed,False,,,9.097036832830009e-15,3.701385123251088e-12,0.03633644198722495,127,136,0.045344809885982,0.012064759735782329,0.01088907084486239,2.0091742987659786e-09,0.02644616576425836,True,True,0.0028130729065629,5.525767601681189e-16,0.20091742987659797,50.0316916140319,0.0015330086748848726,2.496982916577739e-05,0.0015330106840591713,0.18,0.0005636099026949363,5.297281400781698e-15,1.9320952192918446,1.9997518452938798
noise_paired,B,0.028,0.005,12,P,completed,False,,,4.720290323642775e-15,1.3784701537934165e-12,0.06526173178109973,91,98,0.07498346939549956,0.012064759735782329,0.01088907084486239,2.0091742987659786e-09,0.04659167471941416,True,True,0.0028130729065629,2.7628838008405944e-16,0.2009174298765979,42.803032661003954,0.0013958730920725082,0.0003985392906948326,0.001395875101246807,0.18,0.0005636099026949363,4.176797517823505e-15,1.8554464197237976,1.9997518452938798
noise_paired,B,0.04,0.005,12,P,completed,False,,,5.6654270209256786e-15,1.1491621072919888e-12,0.11856155249283823,63,68,0.1327687952303345,0.012064759735782329,0.01088907084486239,2.0091742987659786e-09,0.08558326992464936,True,True,0.0028130729065629,5.525767601681189e-16,0.20091742987659797,33.61839774846818,0.001240706431965971,0.001228050614253906,0.0012407084411402698,0.18,0.0005636099026949363,2.9952473609203317e-15,1.7323203363246775,1.9997518452938798
noise_paired,B,0.005,0.005,13,R,completed,False,,,3.050495216005293e-14,4.977802478824673e-11,0.7362809211353072,511,547,1.4087758901643654,0.012056160230308468,0.01200822149335816,2.011408135719735e-09,0.09763161606854115,True,True,0.002470244993461069,5.519630774625904e-16,0.2011408135719736,284.63696989250417,0.0040121788646466094,1.313548159131983e-10,0.004012180876054745,0.1475,0.0004956427287376282,1.938079268023364e-12,28.295122275110746,1.9997518452938798
noise_paired,B,0.007,0.005,13,R,completed,False,,,2.120944704434457e-14,2.4730708177194908e-11,0.613336291390545,365,391,1.0178094740348844,0.012056160230308468,0.01200822149335816,2.011408135719735e-09,0.08206682018130022,True,True,0.002470244993461069,2.759815387312952e-16,0.20114081357197344,260.5822421366704,0.0028662612319555747,5.499759779814539e-07,0.0028662632433637102,0.1475,0.0004956427287376282,1.4970960470854452e-12,19.5066685590192,1.9997518452938798
noise_paired,B,0.01,0.005,13,R,completed,False,,,1.620167353550742e-14,1.3206840687375876e-11,0.5212682995184634,255,273,0.6984383238869353,0.012056160230308468,0.01200822149335816,2.011408135719735e-09,0.04470422648924584,True,True,0.002470244993461069,1.379907693656476e-16,0.20114081357197347,157.61856494407914,0.002032597436984973,5.700191977042746e-06,0.0020325994483931086,0.1475,0.0004956427287376282,1.5171938857116912e-12,13.154099985988159,1.9997518452938798
noise_paired,B,0.014,0.005,13,R,completed,False,,,1.1528977014180099e-14,6.713135342087255e-12,0.0760883178369204,182,195,0.09388504505713027,0.012056160230308468,0.01200822149335816,2.011408135719735e-09,0.017499863988075775,True,True,0.002470244993461069,1.379907693656476e-16,0.20114081357197347,105.48283737175227,0.001592305657291876,8.69426160218234e-05,0.0015923076687000117,0.1475,0.0004956427287376282,4.923109867916949e-15,2.3751240068384307,1.9997518452938798
noise_paired,B,0.02,0.005,13,R,completed,False,,,9.107151085764332e-15,3.705500391335834e-12,0.03574360589904686,127,136,0.03744869483785764,0.012056160230308468,0.01200822149335816,2.011408135719735e-09,0.027169442227011516,True,True,0.002470244993461069,0.0,0.2011408135719735,55.791389209400826,0.0013973138691919795,0.00014245926246481133,0.0013973158806001153,0.1475,0.0004956427287376282,9.20424209222326e-15,1.9390660530389903,1.9997518452938798
noise_paired,B,0.028,0.005,13,R,completed,False,,,4.725538429276959e-15,1.3800027622739676e-12,0.06490716151010568,91,98,0.0734235906474336,0.012056160230308468,0.01200822149335816,2.011408135719735e-09,0.047042153428976524,True,True,0.002470244993461069,1.379907693656476e-16,0.20114081357197347,36.21767724910196,0.0011103378376626227,0.0005315958421158729,0.0011103398490707585,0.1475,0.0004956427287376282,3.606555841660068e-15,1.8540878976421227,1.9997518452938798
noise_paired,B,0.04,0.005,13,R,completed,False,,,5.671725946930221e-15,1.1504397668672194e-12,0.11817966656881472,63,68,0.1321323695073055,0.012056160230308468,0.01200822149335816,2.011408135719735e-09,0.08589647507193396,True,True,0.002470244993461069,0.0,0.2011408135719735,29.609842546697188,0.0011750214426863859,0.0010142116576038473,0.0011750234540945216,0.1475,0.0004956427287376282,2.0784651550028696e-15,1.734494122885243,1.9997518452938798
noise_paired,B,0.005,0.005,13,P,completed,False,,,3.050495216005293e-14,4.977802478824673e-11,0.7362809211353072,511,547,1.4087758901643654,0.012056292627378354,0.010884715303654395,2.011408135719735e-09,0.0973783109808503,True,True,0.002470244993461069,5.519630774625904e-16,0.2011408135719736,284.63696989250417,0.0040121788646466094,1.313548159131983e-10,0.004012180876054745,0.1475,0.0004956427287376282,1.938079268023364e-12,28.295122275110746,1.9997518452938798
noise_paired,B,0.007,0.005,13,P,completed,False,,,2.120944704434457e-14,2.4730708177194908e-11,0.613336291390545,365,391,1.0178094740348844,0.012056292627378354,0.010884715303654395,2.011408135719735e-09,0.08177784828348855,True,True,0.002470244993461069,2.759815387312952e-16,0.20114081357197344,260.5822421366704,0.0028662612319555747,5.499759779814539e-07,0.0028662632433637102,0.1475,0.0004956427287376282,1.4970960470854452e-12,19.5066685590192,1.9997518452938798
noise_paired,B,0.01,0.005,13,P,completed,False,,,1.620167353550742e-14,1.3206840687375876e-11,0.5212682995184634,255,273,0.6984383238869353,0.012056292627378354,0.010884715303654395,2.011408135719735e-09,0.044194216595636895,True,True,0.002470244993461069,1.379907693656476e-16,0.20114081357197347,157.61856494407914,0.002032597436984973,5.700191977042746e-06,0.0020325994483931086,0.1475,0.0004956427287376282,1.5171938857116912e-12,13.154099985988159,1.9997518452938798
noise_paired,B,0.014,0.005,13,P,completed,False,,,1.1528977014180099e-14,6.713135342087255e-12,0.0760883178369204,182,195,0.09388504505713027,0.012056292627378354,0.010884715303654395,2.011408135719735e-09,0.01628686625995795,True,True,0.002470244993461069,1.379907693656476e-16,0.20114081357197347,105.48283737175227,0.001592305657291876,8.69426160218234e-05,0.0015923076687000117,0.1475,0.0004956427287376282,4.923109867916949e-15,2.3751240068384307,1.9997518452938798
noise_paired,B,0.02,0.005,13,P,completed,False,,,9.107151085764332e-15,3.705500391335834e-12,0.03574360589904686,127,136,0.03744869483785764,0.012056292627378354,0.010884715303654395,2.011408135719735e-09,0.026423005839137842,True,True,0.002470244993461069,0.0,0.2011408135719735,55.791389209400826,0.0013973138691919795,0.00014245926246481133,0.0013973158806001153,0.1475,0.0004956427287376282,9.20424209222326e-15,1.9390660530389903,1.9997518452938798
noise_paired,B,0.028,0.005,13,P,completed,False,,,4.725538429276959e-15,1.3800027622739676e-12,0.06490716151010568,91,98,0.0734235906474336,0.012056292627378354,0.010884715303654395,2.011408135719735e-09,0.046603069966356235,True,True,0.002470244993461069,1.379907693656476e-16,0.20114081357197347,36.21767724910196,0.0011103378376626227,0.0005315958421158729,0.0011103398490707585,0.1475,0.0004956427287376282,3.606555841660068e-15,1.8540878976421227,1.9997518452938798
noise_paired,B,0.04,0.005,13,P,completed,False,,,5.671725946930221e-15,1.1504397668672194e-12,0.11817966656881472,63,68,0.1321323695073055,0.012056292627378354,0.010884715303654395,2.011408135719735e-09,0.08563446178448583,True,True,0.002470244993461069,0.0,0.2011408135719735,29.609842546697188,0.0011750214426863859,0.0010142116576038473,0.0011750234540945216,0.1475,0.0004956427287376282,2.0784651550028696e-15,1.734494122885243,1.9997518452938798
noise_paired,B,0.005,0.005,14,R,completed,False,,,3.046247166983645e-14,4.970870506324214e-11,0.6246090195135842,511,547,1.1761545950287784,0.012056995485505696,0.012673846360006914,2.0086070953121814e-09,0.09653311093402357,True,True,0.0034888340244462186,4.145496002738419e-16,0.20086070953121804,331.9547817291085,0.004006591475139931,4.08006961549745e-15,0.004006593483747026,0.195,0.0006983333085795227,1.9603248480135154e-11,27.582451499033617,1.9997518452938798
noise_paired,B,0.007,0.005,14,R,completed,False,,,2.1179911259369818e-14,2.4696268765480513e-11,0.533329466319678,365,391,0.7414180973244133,0.012056995485505696,0.012673846360006914,2.0086070953121814e-09,0.08530244363608913,True,True,0.0034888340244462186,6.909160004564032e-16,0.20086070953121826,223.93566778160195,0.0028618510555533383,6.408334418672723e-10,0.0028618530641604336,0.195,0.0006983333085795227,3.5508377283224547e-12,19.590241075320147,1.9997518452938798
noise_paired,B,0.01,0.005,14,R,completed,False,,,1.6179111459995724e-14,1.318844914676086e-11,0.5556638245919531,255,273,0.8065126002574227,0.012056995485505696,0.012673846360006914,2.0086070953121814e-09,0.04538943154544379,True,True,0.0034888340244462186,0.0,0.20086070953121812,171.03302715058035,0.0020033589289253084,1.4105101152350752e-06,0.0020033609375324037,0.195,0.0006983333085795227,1.4073059599476852e-12,13.129301689883375,1.9997518452938798
noise_paired,B,0.014,0.005,14,R,completed,False,,,1.1512922027675371e-14,6.7037867852127776e-12,0.09253847978247022,182,195,0.11645936317504733,0.012056995485505696,0.012673846360006914,2.0086070953121814e-09,0.018158588601003754,True,True,0.0034888340244462186,4.145496002738419e-16,0.2008607095312182,89.89053977715564,0.001438155722239598,1.762037360478197e-05,0.0014381577308466933,0.195,0.0006983333085795227,7.0710476886111504e-15,2.5054920990827165,1.9997518452938798
noise_paired,B,0.02,0.005,14,R,completed,False,,,9.094468677984474e-15,3.700340197269788e-12,0.03433924142824649,127,136,0.033338506669440104,0.012056995485505696,0.012673846360006914,2.0086070953121814e-09,0.027601767995446547,True,True,0.0034888340244462186,0.0,0.20086070953121812,52.18642290289654,0.0010770336985045925,2.9478062284288287e-05,0.0010770357071116878,0.195,0.0006983333085795227,5.988206578231398e-15,1.9569579272675264,1.9997518452938798
noise_paired,B,0.028,0.005,14,R,completed,False,,,4.7189577538522185e-15,1.3780810023730205e-12,0.06373720160200065,91,98,0.06984017388997742,0.012056995485505696,0.012673846360006914,2.0086070953121814e-09,0.04739785852368038,True,True,0.0034888340244462186,4.145496002738419e-16,0.2008607095312182,43.0589163202038,0.0009189318644024502,0.00020727445505772102,0.0009189338730095455,0.195,0.0006983333085795227,2.0563266833186513e-15,1.8622325762401366,1.9997518452938798
noise_paired,B,0.04,0.005,14,R,completed,False,,,5.663827632671768e-15,1.1488376910795034e-12,0.11747359280889377,63,68,0.1307739240992601,0.012056995485505696,0.012673846360006914,2.0086070953121814e-09,0.0862366139821848,True,True,0.0034888340244462186,0.0,0.20086070953121812,33.580895187158134,0.0008539303619646832,0.0005142403132918361,0.0008539323705717785,0.195,0.0006983333085795227,2.387240189632168e-15,1.736365677794944,1.9997518452938798
noise_paired,B,0.005,0.005,14,P,completed,False,,,3.046247166983645e-14,4.970870506324214e-11,0.6246090195135842,511,547,1.1761545950287784,0.012057192123686231,0.0110329488053932,2.0086070953121814e-09,0.09618932058569227,True,True,0.0034888340244462186,4.145496002738419e-16,0.20086070953121804,331.9547817291085,0.004006591475139931,4.08006961549745e-15,0.004006593483747026,0.195,0.0006983333085795227,1.9603248480135154e-11,27.582451499033617,1.9997518452938798
noise_paired,B,0.007,0.005,14,P,completed,False,,,2.1179911259369818e-14,2.4696268765480513e-11,0.533329466319678,365,391,0.7414180973244133,0.012057192123686231,0.0110329488053932,2.0086070953121814e-09,0.08492730139951522,True,True,0.0034888340244462186,6.909160004564032e-16,0.20086070953121826,223.93566778160195,0.0028618510555533383,6.408334418672723e-10,0.0028618530641604336,0.195,0.0006983333085795227,3.5508377283224547e-12,19.590241075320147,1.9997518452938798
noise_paired,B,0.01,0.005,14,P,completed,False,,,1.6179111459995724e-14,1.318844914676086e-11,0.5556638245919531,255,273,0.8065126002574227,0.012057192123686231,0.0110329488053932,2.0086070953121814e-09,0.04471709919975472,True,True,0.0034888340244462186,0.0,0.20086070953121812,171.03302715058035,0.0020033589289253084,1.4105101152350752e-06,0.0020033609375324037,0.195,0.0006983333085795227,1.4073059599476852e-12,13.129301689883375,1.9997518452938798
noise_paired,B,0.014,0.005,14,P,completed,False,,,1.1512922027675371e-14,6.7037867852127776e-12,0.09253847978247022,182,195,0.11645936317504733,0.012057192123686231,0.0110329488053932,2.0086070953121814e-09,0.016587218092635622,True,True,0.0034888340244462186,4.145496002738419e-16,0.2008607095312182,89.89053977715564,0.001438155722239598,1.762037360478197e-05,0.0014381577308466933,0.195,0.0006983333085795227,7.0710476886111504e-15,2.5054920990827165,1.9997518452938798
noise_paired,B,0.02,0.005,14,P,completed,False,,,9.094468677984474e-15,3.700340197269788e-12,0.03433924142824649,127,136,0.033338506669440104,0.012057192123686231,0.0110329488053932,2.0086070953121814e-09,0.026609704067505888,True,True,0.0034888340244462186,0.0,0.20086070953121812,52.18642290289654,0.0010770336985045925,2.9478062284288287e-05,0.0010770357071116878,0.195,0.0006983333085795227,5.988206578231398e-15,1.9569579272675264,1.9997518452938798
noise_paired,B,0.028,0.005,14,P,completed,False,,,4.7189577538522185e-15,1.3780810023730205e-12,0.06373720160200065,91,98,0.06984017388997742,0.012057192123686231,0.0110329488053932,2.0086070953121814e-09,0.046806834993181855,True,True,0.0034888340244462186,4.145496002738419e-16,0.2008607095312182,43.0589163202038,0.0009189318644024502,0.00020727445505772102,0.0009189338730095455,0.195,0.0006983333085795227,2.0563266833186513e-15,1.8622325762401366,1.9997518452938798
noise_paired,B,0.04,0.005,14,P,completed,False,,,5.663827632671768e-15,1.1488376910795034e-12,0.11747359280889377,63,68,0.1307739240992601,0.012057192123686231,0.0110329488053932,2.0086070953121814e-09,0.08588164462612077,True,True,0.0034888340244462186,0.0,0.20086070953121812,33.580895187158134,0.0008539303619646832,0.0005142403132918361,0.0008539323705717785,0.195,0.0006983333085795227,2.387240189632168e-15,1.736365677794944,1.9997518452938798
noise_paired,B,0.005,0.005,15,R,completed,False,,,3.050385976992847e-14,4.977624222447124e-11,0.7237712405536201,511,547,1.413568860052121,0.012058345524548375,0.011810334201182954,2.0113361066809027e-09,0.09818178363665951,True,True,0.002053607400989411,4.1398713308186516e-16,0.20113361066809035,343.2045414983786,0.0040120350655031,1.328358234520266e-07,0.004012037076839206,0.1725,0.0004122029683890655,3.2697733997332067e-10,29.569608325655725,1.9997518452938798
noise_paired,B,0.007,0.005,15,R,completed,False,,,2.1208687528631355e-14,2.4729822564221585e-11,0.540336555702069,365,391,0.7295158961407677,0.012058345524548375,0.011810334201182954,2.0113361066809027e-09,0.08460798414164931,True,True,0.002053607400989411,6.89978555136442e-16,0.2011336106680904,211.23487491609762,0.0028657579918560383,1.2577606124941632e-06,0.002865760003192145,0.1725,0.0004122029683890655,1.6845877842608416e-10,19.59174834319418,1.9997518452938798
noise_paired,B,0.01,0.005,15,R,completed,False,,,1.6201093349441988e-14,1.3206367747039287e-11,0.5763074027467951,255,273,0.9027709691053546,0.012058345524548375,0.011810334201182954,2.0113361066809027e-09,0.04820532796123971,True,True,0.002053607400989411,6.89978555136442e-16,0.2011336106680904,168.49151417342807,0.002012632199586417,3.210482085985733e-06,0.002012634210922524,0.1725,0.0004122029683890655,2.9478147176062457e-12,14.094974734326456,1.9997518452938798
noise_paired,B,0.014,0.005,15,R,completed,False,,,1.1528564158569988e-14,6.712894942996859e-12,0.11459370988816754,182,195,0.14102067343643987,0.012058345524548375,0.011810334201182954,2.0113361066809027e-09,0.017719339697497144,True,True,0.002053607400989411,2.7599142205457675e-16,0.20113361066809032,102.61370107093796,0.0015434529875784364,3.376225853937709e-05,0.0015434549989145432,0.1725,0.0004122029683890655,9.46999955154504e-15,2.7500716456145504,1.9997518452938798
noise_paired,B,0.02,0.005,15,R,completed,False,,,9.106824956358986e-15,3.7053676964208435e-12,0.03647378186707347,127,136,0.04296924934150399,0.012058345524548375,0.011810334201182954,2.0113361066809027e-09,0.02699356091688598,True,True,0.002053607400989411,2.7599142205457675e-16,0.20113361066809032,45.31048211178609,0.001023353560995366,0.00013165261576600362,0.0010233555723314727,0.1725,0.0004122029683890655,4.760830911171366e-15,1.9339350359312628,1.9997518452938798
noise_paired,B,0.028,0.005,15,R,completed,False,,,4.725369206539424e-15,1.3799533440227498e-12,0.06526258257534548,91,98,0.07501902372314166,0.012058345524548375,0.011810334201182954,2.0113361066809027e-09,0.046904691794484026,True,True,0.002053607400989411,4.1398713308186516e-16,0.20113361066809035,41.83223705913546,0.0009868807284645342,0.0008627888875520906,0.000986882739800641,0.1725,0.0004122029683890655,3.5104393783273775e-15,1.8553743100724176,1.9997518452938798
noise_paired,B,0.04,0.005,15,R,completed,False,,,5.671522840976127e-15,1.1503985693254721e-12,0.11847789237139583,63,68,0.13252120953865362,0.012058345524548375,0.011810334201182954,2.0113361066809027e-09,0.08573799261567945,True,True,0.002053607400989411,2.7599142205457675e-16,0.20113361066809032,32.93748052953271,0.001544755416446636,0.0014172306015678149,0.0015447574277827427,0.1725,0.0004122029683890655,4.041815863813154e-15,1.7335756455523517,1.9997518452938798
noise_paired,B,0.005,0.005,15,P,completed,False,,,3.050385976992847e-14,4.977624222447124e-11,0.7237712405536201,511,547,1.413568860052121,0.012058430365824767,0.010971534048928727,2.0113361066809027e-09,0.09797126487616561,True,True,0.002053607400989411,4.1398713308186516e-16,0.20113361066809035,343.2045414983786,0.0040120350655031,1.328358234520266e-07,0.004012037076839206,0.1725,0.0004122029683890655,3.2697733997332067e-10,29.569608325655725,1.9997518452938798
noise_paired,B,0.007,0.005,15,P,completed,False,,,2.1208687528631355e-14,2.4729822564221585e-11,0.540336555702069,365,391,0.7295158961407677,0.012058430365824767,0.010971534048928727,2.0113361066809027e-09,0.08436969913058488,True,True,0.002053607400989411,6.89978555136442e-16,0.2011336106680904,211.23487491609762,0.0028657579918560383,1.2577606124941632e-06,0.002865760003192145,0.1725,0.0004122029683890655,1.6845877842608416e-10,19.59174834319418,1.9997518452938798
noise_paired,B,0.01,0.005,15,P,completed,False,,,1.6201093349441988e-14,1.3206367747039287e-11,0.5763074027467951,255,273,0.9027709691053546,0.012058430365824767,0.010971534048928727,2.0113361066809027e-09,0.04783078467671199,True,True,0.002053607400989411,6.89978555136442e-16,0.2011336106680904,168.49151417342807,0.002012632199586417,3.210482085985733e-06,0.002012634210922524,0.1725,0.0004122029683890655,2.9478147176062457e-12,14.094974734326456,1.9997518452938798
noise_paired,B,0.014,0.005,15,P,completed,False,,,1.1528564158569988e-14,6.712894942996859e-12,0.11459370988816754,182,195,0.14102067343643987,0.012058430365824767,0.010971534048928727,2.0113361066809027e-09,0.01674750321030577,True,True,0.002053607400989411,2.7599142205457675e-16,0.20113361066809032,102.61370107093796,0.0015434529875784364,3.376225853937709e-05,0.0015434549989145432,0.1725,0.0004122029683890655,9.46999955154504e-15,2.7500716456145504,1.9997518452938798
noise_paired,B,0.02,0.005,15,P,completed,False,,,9.106824956358986e-15,3.7053676964208435e-12,0.03647378186707347,127,136,0.04296924934150399,0.012058430365824767,0.010971534048928727,2.0113361066809027e-09,0.02640338567250913,True,True,0.002053607400989411,2.7599142205457675e-16,0.20113361066809032,45.31048211178609,0.001023353560995366,0.00013165261576600362,0.0010233555723314727,0.1725,0.0004122029683890655,4.760830911171366e-15,1.9339350359312628,1.9997518452938798
noise_paired,B,0.028,0.005,15,P,completed,False,,,4.725369206539424e-15,1.3799533440227498e-12,0.06526258257534548,91,98,0.07501902372314166,0.012058430365824767,0.010971534048928727,2.0113361066809027e-09,0.04654962736875606,True,True,0.002053607400989411,4.1398713308186516e-16,0.20113361066809035,41.83223705913546,0.0009868807284645342,0.0008627888875520906,0.000986882739800641,0.1725,0.0004122029683890655,3.5104393783273775e-15,1.8553743100724176,1.9997518452938798
noise_paired,B,0.04,0.005,15,P,completed,False,,,5.671522840976127e-15,1.1503985693254721e-12,0.11847789237139583,63,68,0.13252120953865362,0.012058430365824767,0.010971534048928727,2.0113361066809027e-09,0.08551682152595709,True,True,0.002053607400989411,2.7599142205457675e-16,0.20113361066809032,32.93748052953271,0.001544755416446636,0.0014172306015678149,0.0015447574277827427,0.1725,0.0004122029683890655,4.041815863813154e-15,1.7335756455523517,1.9997518452938798
noise_paired,B,0.005,0.005,16,R,completed,False,,,3.0489617991276534e-14,4.975300246959323e-11,0.7078085149588663,511,547,1.198783769800284,0.012066993017651358,0.011841124109034843,2.010397045072239e-09,0.09894805577591922,True,True,0.002167397898430972,1.3806016917733573e-16,0.20103970450722386,339.535418869009,0.004010161908336057,7.532426402057091e-08,0.004010163918733102,0.14,0.0004347906686686463,9.501808669373812e-11,29.01272372856157,1.9997518452938798
noise_paired,B,0.007,0.005,16,R,completed,False,,,2.1198785521621123e-14,2.471827659391757e-11,0.6770211887713785,365,391,1.3092538831962877,0.012066993017651358,0.011841124109034843,2.010397045072239e-09,0.08267138349601287,True,True,0.002167397898430972,2.7612033835467146e-16,0.20103970450722394,281.1595427080846,0.002864401396211552,1.3478555705354056e-05,0.0028644034066085972,0.14,0.0004347906686686463,3.7328757220432264e-10,20.882305910244828,1.9997518452938798
noise_paired,B,0.01,0.005,16,R,completed,False,,,1.6193529310427176e-14,1.3200201898924719e-11,0.42529824024868795,255,273,0.6749842090940631,0.012066993017651358,0.011841124109034843,2.010397045072239e-09,0.04638672608233875,True,True,0.002167397898430972,1.3806016917733573e-16,0.20103970450722386,138.7648356643495,0.002005475791207828,5.804990237337493e-05,0.002005477801604873,0.14,0.0004347906686686463,3.674564433183371e-12,11.764604579357067,1.9997518452938798
noise_paired,B,0.014,0.005,16,R,completed,False,,,1.1523181650908354e-14,6.709760796544149e-12,0.08361624719703539,182,195,0.11148796053256156,0.012066993017651358,0.011841124109034843,2.010397045072239e-09,0.017547257381897417,True,True,0.002167397898430972,2.7612033835467146e-16,0.20103970450722383,96.73371366286601,0.001473975436105751,3.98948528962384e-07,0.0014739774465027961,0.14,0.0004347906686686463,6.0202373270261505e-15,2.529592762499507,1.9997518452938798
noise_paired,B,0.02,0.005,16,R,completed,False,,,9.102573121141128e-15,3.7036377177573395e-12,0.03561712812019951,127,136,0.041768248525667316,0.012066993017651358,0.011841124109034843,2.010397045072239e-09,0.0271294735481457,True,True,0.002167397898430972,0.0,0.2010397045072239,56.612687199233925,0.0013125608978080683,1.0800527125764958e-05,0.0013125629082051133,0.14,0.0004347906686686463,4.172097599934179e-15,1.9472725428264277,1.9997518452938798
noise_paired,B,0.028,0.005,16,R,completed,False,,,4.7231630050031e-15,1.3793090652257776e-12,0.06459171976306213,91,98,0.07329124158911143,0.012066993017651358,0.011841124109034843,2.010397045072239e-09,0.04714586061936571,True,True,0.002167397898430972,1.3806016917733573e-16,0.20103970450722386,37.50549321748851,0.0013496644951655756,0.00013209336433284147,0.0013496665055626206,0.14,0.0004347906686686463,4.050494576912343e-15,1.8555158949063628,1.9997518452938798
noise_paired,B,0.04,0.005,16,R,completed,False,,,5.668874894993886e-15,1.1498614660897043e-12,0.11819062615218033,63,68,0.13221337977905467,0.012066993017651358,0.011841124109034843,2.010397045072239e-09,0.08609860062200762,True,True,0.002167397898430972,2.7612033835467146e-16,0.20103970450722383,30.853672405332958,0.0013712380232830668,0.0004734672534409401,0.0013712400336801118,0.14,0.0004347906686686463,3.2813916893734874e-15,1.7353192068355916,1.9997518452938798
noise_paired,B,0.005,0.005,16,P,completed,False,,,3.0489617991276534e-14,4.975300246959323e-11,0.7078085149588663,511,547,1.198783769800284,0.012067102572068698,0.010934342887236893,2.010397045072239e-09,0.0987455199050577,True,True,0.002167397898430972,1.3806016917733573e-16,0.20103970450722386,339.535418869009,0.004010161908336057,7.532426402057091e-08,0.004010163918733102,0.14,0.0004347906686686463,9.501808669373812e-11,29.01272372856157,1.9997518452938798
noise_paired,B,0.007,0.005,16,P,completed,False,,,2.1198785521621123e-14,2.471827659391757e-11,0.6770211887713785,365,391,1.3092538831962877,0.012067102572068698,0.010934342887236893,2.010397045072239e-09,0.08243364408853482,True,True,0.002167397898430972,2.7612033835467146e-16,0.20103970450722394,281.1595427080846,0.002864401396211552,1.3478555705354056e-05,0.0028644034066085972,0.14,0.0004347906686686463,3.7328757220432264e-10,20.882305910244828,1.9997518452938798
noise_paired,B,0.01,0.005,16,P,completed,False,,,1.6193529310427176e-14,1.3200201898924719e-11,0.42529824024868795,255,273,0.6749842090940631,0.012067102572068698,0.010934342887236893,2.010397045072239e-09,0.04597795211466298,True,True,0.002167397898430972,1.3806016917733573e-16,0.20103970450722386,138.7648356643495,0.002005475791207828,5.804990237337493e-05,0.002005477801604873,0.14,0.0004347906686686463,3.674564433183371e-12,11.764604579357067,1.9997518452938798
noise_paired,B,0.014,0.005,16,P,completed,False,,,1.1523181650908354e-14,6.709760796544149e-12,0.08361624719703539,182,195,0.11148796053256156,0.012067102572068698,0.010934342887236893,2.010397045072239e-09,0.016513378780107897,True,True,0.002167397898430972,2.7612033835467146e-16,0.20103970450722383,96.73371366286601,0.001473975436105751,3.98948528962384e-07,0.0014739774465027961,0.14,0.0004347906686686463,6.0202373270261505e-15,2.529592762499507,1.9997518452938798
noise_paired,B,0.02,0.005,16,P,completed,False,,,9.102573121141128e-15,3.7036377177573395e-12,0.03561712812019951,127,136,0.041768248525667316,0.012067102572068698,0.010934342887236893,2.010397045072239e-09,0.02648958298724866,True,True,0.002167397898430972,0.0,0.2010397045072239,56.612687199233925,0.0013125608978080683,1.0800527125764958e-05,0.0013125629082051133,0.14,0.0004347906686686463,4.172097599934179e-15,1.9472725428264277,1.9997518452938798
noise_paired,B,0.028,0.005,16,P,completed,False,,,4.7231630050031e-15,1.3793090652257776e-12,0.06459171976306213,91,98,0.07329124158911143,0.012067102572068698,0.010934342887236893,2.010397045072239e-09,0.046773756825040966,True,True,0.002167397898430972,1.3806016917733573e-16,0.20103970450722386,37.50549321748851,0.0013496644951655756,0.00013209336433284147,0.0013496665055626206,0.14,0.0004347906686686463,4.050494576912343e-15,1.8555158949063628,1.9997518452938798
noise_paired,B,0.04,0.005,16,P,completed,False,,,5.668874894993886e-15,1.1498614660897043e-12,0.11819062615218033,63,68,0.13221337977905467,0.012067102572068698,0.010934342887236893,2.010397045072239e-09,0.08588064694030037,True,True,0.002167397898430972,2.7612033835467146e-16,0.20103970450722383,30.853672405332958,0.0013712380232830668,0.0004734672534409401,0.0013712400336801118,0.14,0.0004347906686686463,3.2813916893734874e-15,1.7353192068355916,1.9997518452938798
noise_paired,B,0.005,0.005,17,R,completed,False,,,3.050798406881695e-14,4.978297226132649e-11,0.6333668631964897,511,547,1.0710709593933507,0.012053502310994703,0.012139895395834594,2.0116080509965306e-09,0.09984314126973708,True,True,0.0026564243443828583,6.898852786426034e-16,0.20116080509965317,343.0138980857401,0.004012577515676213,2.1352097034910145e-09,0.0040125795272842645,0.175,0.0005329527112458353,3.895573741930806e-11,28.37603225347233,1.9997518452938798
noise_paired,B,0.007,0.005,17,R,completed,False,,,2.1211555066282658e-14,2.473316617976674e-11,0.5669771904908478,365,391,0.895433802559661,0.012053502310994703,0.012139895395834594,2.0116080509965306e-09,0.0832346873942263,True,True,0.0026564243443828583,1.3797705572852068e-16,0.201160805099653,257.5409399344003,0.0028661316773948564,3.0615074999851277e-06,0.0028661336890029076,0.175,0.0005329527112458353,3.252746110222406e-11,19.24959900025213,1.9997518452938798
noise_paired,B,0.01,0.005,17,R,completed,False,,,1.6203283831295666e-14,1.3208153324609823e-11,0.5025676830430154,255,273,0.8075109181246554,0.012053502310994703,0.012139895395834594,2.0116080509965306e-09,0.04118437047871188,True,True,0.0026564243443828583,4.1393116718556205e-16,0.20116080509965295,165.7800845336136,0.0020068115816911924,3.2098083301290714e-06,0.0020068135932992436,0.175,0.0005329527112458353,4.3035559296517385e-13,12.23196368260049,1.9997518452938798
noise_paired,B,0.014,0.005,17,R,completed,False,,,1.1530122887357216e-14,6.7138025653554955e-12,0.076906983941024,182,195,0.09215345974353373,0.012053502310994703,0.012139895395834594,2.0116080509965306e-09,0.017727504548126032,True,True,0.0026564243443828583,1.3797705572852068e-16,0.201160805099653,104.87601587219082,0.0015792068374573809,4.85397171129387e-06,0.0015792088490654318,0.175,0.0005329527112458353,1.705931402954185e-14,2.4231080641664207,1.9997518452938798
noise_paired,B,0.02,0.005,17,R,completed,False,,,9.108056251950047e-15,3.70586868363974e-12,0.034418153790596234,127,136,0.03873847847859314,0.012053502310994703,0.012139895395834594,2.0116080509965306e-09,0.027265226710422915,True,True,0.0026564243443828583,1.3797705572852068e-16,0.201160805099653,57.48504054380224,0.001540310290431196,0.00017283111536309237,0.001540312302039247,0.175,0.0005329527112458353,4.520559662092751e-15,1.9435989616292804,1.9997518452938798
noise_paired,B,0.028,0.005,17,R,completed,False,,,4.7260081038826834e-15,1.3801399217242549e-12,0.0639282296493778,91,98,0.07144323342176018,0.012053502310994703,0.012139895395834594,2.0116080509965306e-09,0.04721704237709821,True,True,0.0026564243443828583,2.7595411145704135e-16,0.20116080509965298,36.17452018062927,0.001283081453992474,0.0006491876053801582,0.001283083465600525,0.175,0.0005329527112458353,2.2142957820583894e-15,1.861341237343133,1.9997518452938798
noise_paired,B,0.04,0.005,17,R,completed,False,,,5.672289663782336e-15,1.1505541098890784e-12,0.1177306680870937,63,68,0.13087114680264558,0.012053502310994703,0.012139895395834594,2.0116080509965306e-09,0.08609068007134561,True,True,0.0026564243443828583,1.3797705572852068e-16,0.201160805099653,31.611888902144923,0.001175258054987749,0.001063801635491024,0.0011752600665957999,0.175,0.0005329527112458353,2.7201713112330767e-15,1.737038492754361,1.9997518452938798
noise_paired,B,0.005,0.005,17,P,completed,False,,,3.050798406881695e-14,4.978297226132649e-11,0.6333668631964897,511,547,1.0710709593933507,0.012053633180777507,0.011048188011658031,2.0116080509965306e-09,0.09960140313508908,True,True,0.0026564243443828583,6.898852786426034e-16,0.20116080509965317,343.0138980857401,0.004012577515676213,2.1352097034910145e-09,0.0040125795272842645,0.175,0.0005329527112458353,3.895573741930806e-11,28.37603225347233,1.9997518452938798
noise_paired,B,0.007,0.005,17,P,completed,False,,,2.1211555066282658e-14,2.473316617976674e-11,0.5669771904908478,365,391,0.895433802559661,0.012053633180777507,0.011048188011658031,2.0116080509965306e-09,0.08295082087707462,True,True,0.0026564243443828583,1.3797705572852068e-16,0.201160805099653,257.5409399344003,0.0028661316773948564,3.0615074999851277e-06,0.0028661336890029076,0.175,0.0005329527112458353,3.252746110222406e-11,19.24959900025213,1.9997518452938798
noise_paired,B,0.01,0.005,17,P,completed,False,,,1.6203283831295666e-14,1.3208153324609823e-11,0.5025676830430154,255,273,0.8075109181246554,0.012053633180777507,0.011048188011658031,2.0116080509965306e-09,0.040641030058881616,True,True,0.0026564243443828583,4.1393116718556205e-16,0.20116080509965295,165.7800845336136,0.0020068115816911924,3.2098083301290714e-06,0.0020068135932992436,0.175,0.0005329527112458353,4.3035559296517385e-13,12.23196368260049,1.9997518452938798
noise_paired,B,0.014,0.005,17,P,completed,False,,,1.1530122887357216e-14,6.7138025653554955e-12,0.076906983941024,182,195,0.09215345974353373,0.012053633180777507,0.011048188011658031,2.0116080509965306e-09,0.01652627891145658,True,True,0.0026564243443828583,1.3797705572852068e-16,0.201160805099653,104.87601587219082,0.0015792068374573809,4.85397171129387e-06,0.0015792088490654318,0.175,0.0005329527112458353,1.705931402954185e-14,2.4231080641664207,1.9997518452938798
noise_paired,B,0.02,0.005,17,P,completed,False,,,9.108056251950047e-15,3.70586868363974e-12,0.034418153790596234,127,136,0.03873847847859314,0.012053633180777507,0.011048188011658031,2.0116080509965306e-09,0.026524910752001266,True,True,0.0026564243443828583,1.3797705572852068e-16,0.201160805099653,57.48504054380224,0.001540310290431196,0.00017283111536309237,0.001540312302039247,0.175,0.0005329527112458353,4.520559662092751e-15,1.9435989616292804,1.9997518452938798
noise_paired,B,0.028,0.005,17,P,completed,False,,,4.7260081038826834e-15,1.3801399217242549e-12,0.0639282296493778,91,98,0.07144323342176018,0.012053633180777507,0.011048188011658031,2.0116080509965306e-09,0.04678433440083925,True,True,0.0026564243443828583,2.7595411145704135e-16,0.20116080509965298,36.17452018062927,0.001283081453992474,0.0006491876053801582,0.001283083465600525,0.175,0.0005329527112458353,2.2142957820583894e-15,1.861341237343133,1.9997518452938798
noise_paired,B,0.04,0.005,17,P,completed,False,,,5.672289663782336e-15,1.1505541098890784e-12,0.1177306680870937,63,68,0.13087114680264558,0.012053633180777507,0.011048188011658031,2.0116080509965306e-09,0.08583147478636799,True,True,0.0026564243443828583,1.3797705572852068e-16,0.201160805099653,31.611888902144923,0.001175258054987749,0.001063801635491024,0.0011752600665957999,0.175,0.0005329527112458353,2.7201713112330767e-15,1.737038492754361,1.9997518452938798
noise_paired,B,0.005,0.005,18,R,completed,False,,,3.0503552292548285e-14,4.977574048244023e-11,0.7700432893638635,511,547,1.4378511981814694,0.012062859012289248,0.011683674240214627,2.011315832513587e-09,0.09659829523159111,True,True,0.0022705924948953076,1.3799710203117203e-16,0.20113158325135871,293.5499848066317,0.004011994624114695,3.846730212142546e-09,0.004011996635430528,0.155,0.00045565326054324825,7.140564906225663e-12,29.2870826640741,1.9997518452938798
noise_paired,B,0.007,0.005,18,R,completed,False,,,2.1208473746122266e-14,2.4729573288847525e-11,0.6273704380928375,365,391,1.1134663469422053,0.012062859012289248,0.011683674240214627,2.011315832513587e-09,0.08648396132933195,True,True,0.0022705924948953076,8.279826121870321e-16,0.20113158325135885,240.73479596222705,0.00286571044605316,2.0374894091346185e-07,0.002865712457368993,0.155,0.00045565326054324825,1.9976680037152785e-12,20.52435598854067,1.9997518452938798
noise_paired,B,0.01,0.005,18,R,completed,False,,,1.6200930043231666e-14,1.3206234627513193e-11,0.6427085527364781,255,273,0.9594623269986207,0.012062859012289248,0.011683674240214627,2.011315832513587e-09,0.0427054023117667,True,True,0.0022705924948953076,6.899855101558601e-16,0.20113158325135883,162.33946192975662,0.0020060046764036055,7.537676220414902e-06,0.002006006687719438,0.155,0.00045565326054324825,2.4886410500792617e-13,14.202432729809624,1.9997518452938798
noise_paired,B,0.014,0.005,18,R,completed,False,,,1.1528447951220115e-14,6.712827277351722e-12,0.11489071890259069,182,195,0.15477268401301425,0.012062859012289248,0.011683674240214627,2.011315832513587e-09,0.01750141724121896,True,True,0.0022705924948953076,1.3799710203117203e-16,0.20113158325135871,85.8550911122333,0.0014376133611543884,3.3059781567895685e-05,0.0014376153724702208,0.155,0.00045565326054324825,1.4003851874704412e-14,2.9255229717492126,1.9997518452938798
noise_paired,B,0.02,0.005,18,R,completed,False,,,9.106733160019097e-15,3.705330346499866e-12,0.03567227029406919,127,136,0.044673664771221526,0.012062859012289248,0.011683674240214627,2.011315832513587e-09,0.02707729259764965,True,True,0.0022705924948953076,0.0,0.2011315832513587,59.296632168135375,0.001085918474945713,8.486472216961971e-05,0.0010859204862615453,0.155,0.00045565326054324825,5.308174040799787e-15,1.9331680498051411,1.9997518452938798
noise_paired,B,0.028,0.005,18,R,completed,False,,,4.7253215750542615e-15,1.3799394341620897e-12,0.06441303876373589,91,98,0.07390939803086205,0.012062859012289248,0.011683674240214627,2.011315832513587e-09,0.0471170110452101,True,True,0.0022705924948953076,2.7599420406234406e-16,0.20113158325135874,41.33514953926807,0.0009876555428001144,0.0006530853620796973,0.0009876575541159468,0.155,0.00045565326054324825,2.00941451994269e-15,1.8566910428783707,1.9997518452938798
noise_paired,B,0.04,0.005,18,R,completed,False,,,5.67146567230967e-15,1.1503869733654551e-12,0.11804149486436197,63,68,0.13198256789511006,0.012062859012289248,0.011683674240214627,2.011315832513587e-09,0.08610932236967625,True,True,0.0022705924948953076,1.3799710203117203e-16,0.20113158325135871,30.274162820010257,0.0009961444939113329,0.0008757700412216907,0.0009961465052271653,0.155,0.00045565326054324825,2.126571708245044e-15,1.7339653418888683,1.9997518452938798
noise_paired,B,0.005,0.005,18,P,completed,False,,,3.0503552292548285e-14,4.977574048244023e-11,0.7700432893638635,511,547,1.4378511981814694,0.012062965958525752,0.010772496894263532,2.011315832513587e-09,0.09639371439621183,True,True,0.0022705924948953076,1.3799710203117203e-16,0.20113158325135871,293.5499848066317,0.004011994624114695,3.846730212142546e-09,0.004011996635430528,0.155,0.00045565326054324825,7.140564906225663e-12,29.2870826640741,1.9997518452938798
noise_paired,B,0.007,0.005,18,P,completed,False,,,2.1208473746122266e-14,2.4729573288847525e-11,0.6273704380928375,365,391,1.1134663469422053,0.012062965958525752,0.010772496894263532,2.011315832513587e-09,0.0862631158548948,True,True,0.0022705924948953076,8.279826121870321e-16,0.20113158325135885,240.73479596222705,0.00286571044605316,2.0374894091346185e-07,0.002865712457368993,0.155,0.00045565326054324825,1.9976680037152785e-12,20.52435598854067,1.9997518452938798
noise_paired,B,0.01,0.005,18,P,completed,False,,,1.6200930043231666e-14,1.3206234627513193e-11,0.6427085527364781,255,273,0.9594623269986207,0.012062965958525752,0.010772496894263532,2.011315832513587e-09,0.042272213846681596,True,True,0.0022705924948953076,6.899855101558601e-16,0.20113158325135883,162.33946192975662,0.0020060046764036055,7.537676220414902e-06,0.002006006687719438,0.155,0.00045565326054324825,2.4886410500792617e-13,14.202432729809624,1.9997518452938798
noise_paired,B,0.014,0.005,18,P,completed,False,,,1.1528447951220115e-14,6.712827277351722e-12,0.11489071890259069,182,195,0.15477268401301425,0.012062965958525752,0.010772496894263532,2.011315832513587e-09,0.01650373489376369,True,True,0.0022705924948953076,1.3799710203117203e-16,0.20113158325135871,85.8550911122333,0.0014376133611543884,3.3059781567895685e-05,0.0014376153724702208,0.155,0.00045565326054324825,1.4003851874704412e-14,2.9255229717492126,1.9997518452938798
noise_paired,B,0.02,0.005,18,P,completed,False,,,9.106733160019097e-15,3.705330346499866e-12,0.03567227029406919,127,136,0.044673664771221526,0.012062965958525752,0.010772496894263532,2.011315832513587e-09,0.026454143365235747,True,True,0.0022705924948953076,0.0,0.2011315832513587,59.296632168135375,0.001085918474945713,8.486472216961971e-05,0.0010859204862615453,0.155,0.00045565326054324825,5.308174040799787e-15,1.9331680498051411,1.9997518452938798
noise_paired,B,0.028,0.005,18,P,completed,False,,,4.7253215750542615e-15,1.3799394341620897e-12,0.06441303876373589,91,98,0.07390939803086205,0.012062965958525752,0.010772496894263532,2.011315832513587e-09,0.04675352324864418,True,True,0.0022705924948953076,2.7599420406234406e-16,0.20113158325135874,41.33514953926807,0.0009876555428001144,0.0006530853620796973,0.0009876575541159468,0.155,0.00045565326054324825,2.00941451994269e-15,1.8566910428783707,1.9997518452938798
noise_paired,B,0.04,0.005,18,P,completed,False,,,5.67146567230967e-15,1.1503869733654551e-12,0.11804149486436197,63,68,0.13198256789511006,0.012062965958525752,0.010772496894263532,2.011315832513587e-09,0.08589682001314258,True,True,0.0022705924948953076,1.3799710203117203e-16,0.20113158325135871,30.274162820010257,0.0009961444939113329,0.0008757700412216907,0.0009961465052271653,0.155,0.00045565326054324825,2.126571708245044e-15,1.7339653418888683,1.9997518452938798
noise_paired,B,0.005,0.005,19,R,completed,False,,,3.050578568262676e-14,4.9779384931580966e-11,0.5829824288046976,511,547,0.8811989685752343,0.012055441821905,0.012381314384917503,2.011463095782531e-09,0.09883528509216666,True,True,0.002547083012798444,8.279219939105372e-16,0.2011463095782529,317.5361813538873,0.004012288371850581,2.4443329219026033e-07,0.004012290383313677,0.1725,0.0005110347004095136,2.2277580903069673e-11,27.235161693760233,1.9997518452938798
noise_paired,B,0.007,0.005,19,R,completed,False,,,2.1210026574933475e-14,2.4731383923330302e-11,0.7673201191757033,365,391,1.5403114229198318,0.012055441821905,0.012381314384917503,2.011463095782531e-09,0.0774966046107472,True,True,0.002547083012798444,0.0,0.20114630957825308,234.3096473199819,0.0028659211344713997,6.795885017646386e-06,0.0028659231459344956,0.1725,0.0005110347004095136,2.1787261994909157e-12,21.349985104206603,1.9997518452938798
noise_paired,B,0.01,0.005,19,R,completed,False,,,1.620211623282931e-14,1.3207201553368522e-11,0.60536895085669,255,273,0.9313495937876296,0.012055441821905,0.012381314384917503,2.011463095782531e-09,0.04849977555128137,True,True,0.002547083012798444,4.139609969552686e-16,0.20114630957825316,162.05890667822004,0.0020074700815011226,5.034813227444701e-08,0.0020074720929642185,0.1725,0.0005110347004095136,1.6961970204566546e-12,14.143445058974494,1.9997518452938798
noise_paired,B,0.014,0.005,19,R,completed,False,,,1.1529292033936366e-14,6.713318772955117e-12,0.08395567095456609,182,195,0.09909601720747549,0.012055441821905,0.012381314384917503,2.011463095782531e-09,0.01786787279358322,True,True,0.002547083012798444,1.3798699898508955e-16,0.20114630957825305,88.94331154542182,0.0014724965144874147,1.203199812080391e-05,0.0014724985259505104,0.1725,0.0005110347004095136,7.109216635613938e-15,2.448385578600881,1.9997518452938798
noise_paired,B,0.02,0.005,19,R,completed,False,,,9.107399931131255e-15,3.7056016410675924e-12,0.036338122670989084,127,136,0.04000928804885463,0.012055441821905,0.012381314384917503,2.011463095782531e-09,0.02733713490763173,True,True,0.002547083012798444,2.759739979701791e-16,0.20114630957825302,59.04851147787017,0.0012291808543150873,0.00011511779013079204,0.001229182865778183,0.1725,0.0005110347004095136,4.555579788892292e-15,1.9372757507115415,1.9997518452938798
noise_paired,B,0.028,0.005,19,R,completed,False,,,4.725667550703985e-15,1.380040469707445e-12,0.06504671884908315,91,98,0.0743141023674587,0.012055441821905,0.012381314384917503,2.011463095782531e-09,0.04711576159688228,True,True,0.002547083012798444,1.3798699898508955e-16,0.20114630957825305,38.80639370986517,0.0011201934359165722,0.00045863551092262256,0.0011201954473796679,0.1725,0.0005110347004095136,3.857871253637772e-15,1.8530512047853391,1.9997518452938798
noise_paired,B,0.04,0.005,19,R,completed,False,,,5.671880922148163e-15,1.1504712016818187e-12,0.11836477904235179,63,68,0.13221659472133782,0.012055441821905,0.012381314384917503,2.011463095782531e-09,0.08588465268912637,True,True,0.002547083012798444,1.3798699898508955e-16,0.20114630957825305,31.021677484441163,0.0010352690502948014,0.0009130547185928484,0.0010352710617578971,0.1725,0.0005110347004095136,2.2551867693770074e-15,1.734529172934764,1.9997518452938798
noise_paired,B,0.005,0.005,19,P,completed,False,,,3.050578568262676e-14,4.9779384931580966e-11,0.5829824288046976,511,547,0.8811989685752343,0.012055583897492811,0.01122601846935775,2.011463095782531e-09,0.09859158920351876,True,True,0.002547083012798444,8.279219939105372e-16,0.2011463095782529,317.5361813538873,0.004012288371850581,2.4443329219026033e-07,0.004012290383313677,0.1725,0.0005110347004095136,2.2277580903069673e-11,27.235161693760233,1.9997518452938798
noise_paired,B,0.007,0.005,19,P,completed,False,,,2.1210026574933475e-14,2.4731383923330302e-11,0.7673201191757033,365,391,1.5403114229198318,0.012055583897492811,0.01122601846935775,2.011463095782531e-09,0.07719237637410717,True,True,0.002547083012798444,0.0,0.20114630957825308,234.3096473199819,0.0028659211344713997,6.795885017646386e-06,0.0028659231459344956,0.1725,0.0005110347004095136,2.1787261994909157e-12,21.349985104206603,1.9997518452938798
noise_paired,B,0.01,0.005,19,P,completed,False,,,1.620211623282931e-14,1.3207201553368522e-11,0.60536895085669,255,273,0.9313495937876296,0.012055583897492811,0.01122601846935775,2.011463095782531e-09,0.04803499546775031,True,True,0.002547083012798444,4.139609969552686e-16,0.20114630957825316,162.05890667822004,0.0020074700815011226,5.034813227444701e-08,0.0020074720929642185,0.1725,0.0005110347004095136,1.6961970204566546e-12,14.143445058974494,1.9997518452938798
noise_paired,B,0.014,0.005,19,P,completed,False,,,1.1529292033936366e-14,6.713318772955117e-12,0.08395567095456609,182,195,0.09909601720747549,0.012055583897492811,0.01122601846935775,2.011463095782531e-09,0.016666962769215463,True,True,0.002547083012798444,1.3798699898508955e-16,0.20114630957825305,88.94331154542182,0.0014724965144874147,1.203199812080391e-05,0.0014724985259505104,0.1725,0.0005110347004095136,7.109216635613938e-15,2.448385578600881,1.9997518452938798
noise_paired,B,0.02,0.005,19,P,completed,False,,,9.107399931131255e-15,3.7056016410675924e-12,0.036338122670989084,127,136,0.04000928804885463,0.012055583897492811,0.01122601846935775,2.011463095782531e-09,0.0265835165890564,True,True,0.002547083012798444,2.759739979701791e-16,0.20114630957825302,59.04851147787017,0.0012291808543150873,0.00011511779013079204,0.001229182865778183,0.1725,0.0005110347004095136,4.555579788892292e-15,1.9372757507115415,1.9997518452938798
noise_paired,B,0.028,0.005,19,P,completed,False,,,4.725667550703985e-15,1.380040469707445e-12,0.06504671884908315,91,98,0.0743141023674587,0.012055583897492811,0.01122601846935775,2.011463095782531e-09,0.04667307003546893,True,True,0.002547083012798444,1.3798699898508955e-16,0.20114630957825305,38.80639370986517,0.0011201934359165722,0.00045863551092262256,0.0011201954473796679,0.1725,0.0005110347004095136,3.857871253637772e-15,1.8530512047853391,1.9997518452938798
noise_paired,B,0.04,0.005,19,P,completed,False,,,5.671880922148163e-15,1.1504712016818187e-12,0.11836477904235179,63,68,0.13221659472133782,0.012055583897492811,0.01122601846935775,2.011463095782531e-09,0.08562367657377298,True,True,0.002547083012798444,1.3798699898508955e-16,0.20114630957825305,31.021677484441163,0.0010352690502948014,0.0009130547185928484,0.0010352710617578971,0.1725,0.0005110347004095136,2.2551867693770074e-15,1.734529172934764,1.9997518452938798
noise_paired,B,0.005,0.005,20,R,completed,False,,,3.047673243149452e-14,4.973197579461685e-11,0.6911740979544873,511,547,1.2428543246858141,0.012067677955348641,0.012873709068928681,2.0095474086052533e-09,0.09845177656405749,True,True,0.0030304236943490153,6.905927050233902e-16,0.20095474086052517,354.8777203418484,0.004008467129054394,1.7821855102795325e-13,0.0040084691386018025,0.1925,0.0006071381224434882,1.3080426187053144e-10,29.321373421270224,1.9997518452938798
noise_paired,B,0.007,0.005,20,R,completed,False,,,2.11898264648621e-14,2.4707830125521335e-11,0.5627539499063198,365,391,0.9120676057473663,0.012067677955348641,0.012873709068928681,2.0095474086052533e-09,0.08272173913137974,True,True,0.0030304236943490153,5.524741640187122e-16,0.20095474086052542,239.4488778829213,0.0028632092126232023,9.807943901485316e-10,0.002863211222170611,0.1925,0.0006071381224434882,3.3347313839656562e-12,18.933642497652404,1.9997518452938798
noise_paired,B,0.01,0.005,20,R,completed,False,,,1.6186685581192163e-14,1.3194623213394718e-11,0.6616712678047946,255,273,1.0543682369610157,0.012067677955348641,0.012873709068928681,2.0095474086052533e-09,0.0573256875398474,True,True,0.0030304236943490153,6.905927050233902e-16,0.20095474086052545,188.72116969930403,0.0020099617633405065,9.344595383597998e-08,0.002009963772887915,0.1925,0.0006071381224434882,3.3757697519427243e-12,14.365155850868575,1.9997518452938798
noise_paired,B,0.014,0.005,20,R,completed,False,,,1.1518311709734142e-14,6.706925109199966e-12,0.13905247179672708,182,195,0.2548925760536835,0.012067677955348641,0.012873709068928681,2.0095474086052533e-09,0.018974941643846725,True,True,0.0030304236943490153,2.762370820093561e-16,0.20095474086052537,86.35108340828162,0.0014705692607703547,1.634764400151867e-05,0.0014705712703177633,0.1925,0.0006071381224434882,8.781262895978041e-15,3.2516201435237826,1.9997518452938798
noise_paired,B,0.02,0.005,20,R,completed,False,,,9.098726180515103e-15,3.702072481838782e-12,0.03707997355561517,127,136,0.04585023958864029,0.012067677955348641,0.012873709068928681,2.0095474086052533e-09,0.027552888316711103,True,True,0.0030304236943490153,5.524741640187122e-16,0.20095474086052542,52.08142294035161,0.0012619671358361229,0.0002113063454871611,0.0012619691453835315,0.1925,0.0006071381224434882,4.33993515752912e-15,1.9370754126288292,1.9997518452938798
noise_paired,B,0.028,0.005,20,R,completed,False,,,4.721166896056161e-15,1.3787261399355062e-12,0.0655697315320787,91,98,0.07452864304842956,0.012067677955348641,0.012873709068928681,2.0095474086052533e-09,0.04728788656566734,True,True,0.0030304236943490153,5.524741640187122e-16,0.20095474086052542,39.58395944024632,0.0011229345758074494,0.0005361538077030548,0.001122936585354858,0.1925,0.0006071381224434882,5.5585955850027145e-15,1.8522909480586827,1.9997518452938798
noise_paired,B,0.04,0.005,20,R,completed,False,,,5.666479108127121e-15,1.1493755102254306e-12,0.11883612139666412,63,68,0.13300841933134513,0.012067677955348641,0.012873709068928681,2.0095474086052533e-09,0.08603827717999024,True,True,0.0030304236943490153,6.905927050233902e-16,0.20095474086052545,31.196266099821766,0.0010422236521479555,0.0008328573426226171,0.0010422256616953642,0.1925,0.0006071381224434882,3.573513646176634e-15,1.7315198180871905,1.9997518452938798
noise_paired,B,0.005,0.005,20,P,completed,False,,,3.047673243149452e-14,4.973197579461685e-11,0.6911740979544873,511,547,1.2428543246858141,0.012067837937309,0.011597490472784579,2.0095474086052533e-09,0.09817416003512411,True,True,0.0030304236943490153,6.905927050233902e-16,0.20095474086052517,354.8777203418484,0.004008467129054394,1.7821855102795325e-13,0.0040084691386018025,0.1925,0.0006071381224434882,1.3080426187053144e-10,29.321373421270224,1.9997518452938798
noise_paired,B,0.007,0.005,20,P,completed,False,,,2.11898264648621e-14,2.4707830125521335e-11,0.5627539499063198,365,391,0.9120676057473663,0.012067837937309,0.011597490472784579,2.0095474086052533e-09,0.08239834408931772,True,True,0.0030304236943490153,5.524741640187122e-16,0.20095474086052542,239.4488778829213,0.0028632092126232023,9.807943901485316e-10,0.002863211222170611,0.1925,0.0006071381224434882,3.3347313839656562e-12,18.933642497652404,1.9997518452938798
noise_paired,B,0.01,0.005,20,P,completed,False,,,1.6186685581192163e-14,1.3194623213394718e-11,0.6616712678047946,255,273,1.0543682369610157,0.012067837937309,0.011597490472784579,2.0095474086052533e-09,0.056888900745792774,True,True,0.0030304236943490153,6.905927050233902e-16,0.20095474086052545,188.72116969930403,0.0020099617633405065,9.344595383597998e-08,0.002009963772887915,0.1925,0.0006071381224434882,3.3757697519427243e-12,14.365155850868575,1.9997518452938798
noise_paired,B,0.014,0.005,20,P,completed,False,,,1.1518311709734142e-14,6.706925109199966e-12,0.13905247179672708,182,195,0.2548925760536835,0.012067837937309,0.011597490472784579,2.0095474086052533e-09,0.017715199895514153,True,True,0.0030304236943490153,2.762370820093561e-16,0.20095474086052537,86.35108340828162,0.0014705692607703547,1.634764400151867e-05,0.0014705712703177633,0.1925,0.0006071381224434882,8.781262895978041e-15,3.2516201435237826,1.9997518452938798
noise_paired,B,0.02,0.005,20,P,completed,False,,,9.098726180515103e-15,3.702072481838782e-12,0.03707997355561517,127,136,0.04585023958864029,0.012067837937309,0.011597490472784579,2.0095474086052533e-09,0.026722222146969066,True,True,0.0030304236943490153,5.524741640187122e-16,0.20095474086052542,52.08142294035161,0.0012619671358361229,0.0002113063454871611,0.0012619691453835315,0.1925,0.0006071381224434882,4.33993515752912e-15,1.9370754126288292,1.9997518452938798
noise_paired,B,0.028,0.005,20,P,completed,False,,,4.721166896056161e-15,1.3787261399355062e-12,0.0655697315320787,91,98,0.07452864304842956,0.012067837937309,0.011597490472784579,2.0095474086052533e-09,0.04679556076784533,True,True,0.0030304236943490153,5.524741640187122e-16,0.20095474086052542,39.58395944024632,0.0011229345758074494,0.0005361538077030548,0.001122936585354858,0.1925,0.0006071381224434882,5.5585955850027145e-15,1.8522909480586827,1.9997518452938798
noise_paired,B,0.04,0.005,20,P,completed,False,,,5.666479108127121e-15,1.1493755102254306e-12,0.11883612139666412,63,68,0.13300841933134513,0.012067837937309,0.011597490472784579,2.0095474086052533e-09,0.08574464680408146,True,True,0.0030304236943490153,6.905927050233902e-16,0.20095474086052545,31.196266099821766,0.0010422236521479555,0.0008328573426226171,0.0010422256616953642,0.1925,0.0006071381224434882,3.573513646176634e-15,1.7315198180871905,1.9997518452938798
noise_paired,B,0.005,0.005,21,R,completed,False,,,3.0469761297736377e-14,4.9720600288528716e-11,0.5940050458548566,511,547,1.0368637948232455,0.012062372407509096,0.012046469719594464,2.0090877522490406e-09,0.09852879739288344,True,True,0.0028021750374895345,6.907507047553892e-16,0.20090877522490394,317.071114079049,0.004007550246994451,3.1336044870045043e-14,0.004007552256082203,0.1675,0.0005614083901710256,2.688328829206268e-11,26.70932169331858,1.9997518452938798
noise_paired,B,0.007,0.005,21,R,completed,False,,,2.118497958323099e-14,2.470217854889429e-11,0.5504282851469506,365,391,0.7233673167057214,0.012062372407509096,0.012046469719594464,2.0090877522490406e-09,0.08537507379724016,True,True,0.0028021750374895345,2.7630028190215567e-16,0.20090877522490402,279.90204288195883,0.0028625358943791257,1.3124013820142721e-09,0.0028625379034668778,0.1675,0.0005614083901710256,2.3919653209979953e-11,19.924056451608372,1.9997518452938798
noise_paired,B,0.01,0.005,21,R,completed,False,,,1.618298309928925e-14,1.3191605124644041e-11,0.4865626394782499,255,273,0.6309174295229741,0.012062372407509096,0.012046469719594464,2.0090877522490406e-09,0.047401564277946236,True,True,0.0028021750374895345,4.144504228532335e-16,0.200908775224904,159.87169542749777,0.0020038628003517522,1.5609433745567003e-09,0.0020038648094395043,0.1675,0.0005614083901710256,4.5595450775969164e-12,12.997860526728992,1.9997518452938798
noise_paired,B,0.014,0.005,21,R,completed,False,,,1.1515677054205468e-14,6.705390992242146e-12,0.08586076167577539,182,195,0.13275575710512885,0.012062372407509096,0.012046469719594464,2.0090877522490406e-09,0.01746197528934069,True,True,0.0028021750374895345,8.28900845706467e-16,0.2009087752249039,101.70365191058512,0.0014398212486836093,1.473580972272126e-06,0.0014398232577713616,0.1675,0.0005614083901710256,6.5371899287316206e-15,2.3635199752460574,1.9997518452938798
noise_paired,B,0.02,0.005,21,R,completed,False,,,9.096644971928333e-15,3.701225683629319e-12,0.03633292171004751,127,136,0.04594629622410766,0.012062372407509096,0.012046469719594464,2.0090877522490406e-09,0.027222013677658218,True,True,0.0028021750374895345,6.907507047553892e-16,0.20090877522490394,53.82626563730009,0.0010860099797963263,2.284759462811703e-05,0.0010860119888840786,0.1675,0.0005614083901710256,3.840159155952115e-15,1.9285704706414357,1.9997518452938798
noise_paired,B,0.028,0.005,21,R,completed,False,,,4.720086994002983e-15,1.378410775276288e-12,0.0646124424491187,91,98,0.07526956367325921,0.012062372407509096,0.012046469719594464,2.0090877522490406e-09,0.04718110934065738,True,True,0.0028021750374895345,4.144504228532335e-16,0.200908775224904,38.97679477034405,0.0009544032684619119,4.827135914431402e-05,0.0009544052775496642,0.1675,0.0005614083901710256,2.821146031552487e-15,1.8551373551693735,1.9997518452938798
noise_paired,B,0.04,0.005,21,R,completed,False,,,5.665182978895115e-15,1.1491126063712155e-12,0.11807692138003742,63,68,0.13235926640084394,0.012062372407509096,0.012046469719594464,2.0090877522490406e-09,0.08607957830257648,True,True,0.0028021750374895345,6.907507047553892e-16,0.20090877522490394,31.868046878174454,0.0009008102369398308,0.00023804189505768902,0.000900812246027583,0.1675,0.0005614083901710256,3.177498810845058e-15,1.7356596026390791,1.9997518452938798
noise_paired,B,0.005,0.005,21,P,completed,False,,,3.0469761297736377e-14,4.9720600288528716e-11,0.5940050458548566,511,547,1.0368637948232455,0.012062534877036209,0.010727900173453079,2.0090877522490406e-09,0.09827097044334299,True,True,0.0028021750374895345,6.907507047553892e-16,0.20090877522490394,317.071114079049,0.004007550246994451,3.1336044870045043e-14,0.004007552256082203,0.1675,0.0005614083901710256,2.688328829206268e-11,26.70932169331858,1.9997518452938798
noise_paired,B,0.007,0.005,21,P,completed,False,,,2.118497958323099e-14,2.470217854889429e-11,0.5504282851469506,365,391,0.7233673167057214,0.012062534877036209,0.010727900173453079,2.0090877522490406e-09,0.08508268038260074,True,True,0.0028021750374895345,2.7630028190215567e-16,0.20090877522490402,279.90204288195883,0.0028625358943791257,1.3124013820142721e-09,0.0028625379034668778,0.1675,0.0005614083901710256,2.3919653209979953e-11,19.924056451608372,1.9997518452938798
noise_paired,B,0.01,0.005,21,P,completed,False,,,1.618298309928925e-14,1.3191605124644041e-11,0.4865626394782499,255,273,0.6309174295229741,0.012062534877036209,0.010727900173453079,2.0090877522490406e-09,0.04689528117290327,True,True,0.0028021750374895345,4.144504228532335e-16,0.200908775224904,159.87169542749777,0.0020038628003517522,1.5609433745567003e-09,0.0020038648094395043,0.1675,0.0005614083901710256,4.5595450775969164e-12,12.997860526728992,1.9997518452938798
noise_paired,B,0.014,0.005,21,P,completed,False,,,1.1515677054205468e-14,6.705390992242146e-12,0.08586076167577539,182,195,0.13275575710512885,0.012062534877036209,0.010727900173453079,2.0090877522490406e-09,0.016137718165049036,True,True,0.0028021750374895345,8.28900845706467e-16,0.2009087752249039,101.70365191058512,0.0014398212486836093,1.473580972272126e-06,0.0014398232577713616,0.1675,0.0005614083901710256,6.5371899287316206e-15,2.3635199752460574,1.9997518452938798
noise_paired,B,0.02,0.005,21,P,completed,False,,,9.096644971928333e-15,3.701225683629319e-12,0.03633292171004751,127,136,0.04594629622410766,0.012062534877036209,0.010727900173453079,2.0090877522490406e-09,0.026416128110310962,True,True,0.0028021750374895345,6.907507047553892e-16,0.20090877522490394,53.82626563730009,0.0010860099797963263,2.284759462811703e-05,0.0010860119888840786,0.1675,0.0005614083901710256,3.840159155952115e-15,1.9285704706414357,1.9997518452938798
noise_paired,B,0.028,0.005,21,P,completed,False,,,4.720086994002983e-15,1.378410775276288e-12,0.0646124424491187,91,98,0.07526956367325921,0.012062534877036209,0.010727900173453079,2.0090877522490406e-09,0.04671719283670264,True,True,0.0028021750374895345,4.144504228532335e-16,0.200908775224904,38.97679477034405,0.0009544032684619119,4.827135914431402e-05,0.0009544052775496642,0.1675,0.0005614083901710256,2.821146031552487e-15,1.8551373551693735,1.9997518452938798
noise_paired,B,0.04,0.005,21,P,completed,False,,,5.665182978895115e-15,1.1491126063712155e-12,0.11807692138003742,63,68,0.13235926640084394,0.012062534877036209,0.010727900173453079,2.0090877522490406e-09,0.08580637851705054,True,True,0.0028021750374895345,6.907507047553892e-16,0.20090877522490394,31.868046878174454,0.0009008102369398308,0.00023804189505768902,0.000900812246027583,0.1675,0.0005614083901710256,3.177498810845058e-15,1.7356596026390791,1.9997518452938798
noise_paired,B,0.005,0.005,22,R,completed,False,,,3.045803502342381e-14,4.970146533724794e-11,0.6034717460887388,511,547,0.8492196903085892,0.012061074237300691,0.01285212015026104,2.008314555706059e-09,0.10048740604116958,True,True,0.003008064369965825,5.528133137663975e-16,0.20083145557060597,321.44008298585004,0.00400600794304562,8.590350653037149e-14,0.004006009951360175,0.165,0.000602302182136288,1.436430667690962e-10,28.532124060296063,1.9997518452938798
noise_paired,B,0.007,0.005,22,R,completed,False,,,2.1176826553101488e-14,2.4692671926280742e-11,0.6610882540828006,365,391,1.0335426637983443,0.012061074237300691,0.01285212015026104,2.008314555706059e-09,0.08649403154102361,True,True,0.003008064369965825,1.3820332844159936e-16,0.2008314555706059,249.38582401469193,0.002861434249824768,1.1970658131410516e-08,0.002861436258139324,0.165,0.000602302182136288,2.0113321604461554e-11,20.937887925526184,1.9997518452938798
noise_paired,B,0.01,0.005,22,R,completed,False,,,1.6176755085319476e-14,1.3186528341179834e-11,0.6043424887177772,255,273,1.101583933393025,0.012061074237300691,0.01285212015026104,2.008314555706059e-09,0.047254837942634395,True,True,0.003008064369965825,1.3820332844159936e-16,0.2008314555706059,161.01447175132975,0.0020030073361168577,5.966657467271208e-06,0.0020030093444314136,0.165,0.000602302182136288,1.2182036218160878e-12,12.773488296728292,1.9997518452938798
noise_paired,B,0.014,0.005,22,R,completed,False,,,1.1511245250926371e-14,6.702810425450705e-12,0.11911491889787632,182,195,0.16747723060599715,0.012061074237300691,0.01285212015026104,2.008314555706059e-09,0.01889040768264997,True,True,0.003008064369965825,1.3820332844159936e-16,0.20083145557060583,100.93147131140606,0.0014339947960129162,4.461829093083125e-06,0.001433996804327472,0.165,0.000602302182136288,6.776270993199806e-15,2.988860008381204,1.9997518452938798
noise_paired,B,0.02,0.005,22,R,completed,False,,,9.093144132088384e-15,3.69980126854333e-12,0.03545890744404783,127,136,0.04115700046514633,0.012061074237300691,0.01285212015026104,2.008314555706059e-09,0.027625790826667843,True,True,0.003008064369965825,1.3820332844159936e-16,0.20083145557060583,61.488341090763875,0.0012198327354022709,2.9279187844788446e-06,0.0012198347437168266,0.165,0.000602302182136288,4.7054607893210625e-15,1.9355624260167332,1.9997518452938798
noise_paired,B,0.028,0.005,22,R,completed,False,,,4.7182704705871925e-15,1.3778802944921312e-12,0.06458885818851547,91,98,0.07360026355370859,0.012061074237300691,0.01285212015026104,2.008314555706059e-09,0.04735605836640159,True,True,0.003008064369965825,0.0,0.20083145557060586,41.10895685952205,0.0010525027875226967,0.00012191526128563224,0.0010525047958372523,0.165,0.000602302182136288,2.9764030106087283e-15,1.8578819592463875,1.9997518452938798
noise_paired,B,0.04,0.005,22,R,completed,False,,,5.6630027357027814e-15,1.1486703708871015e-12,0.11794248847327841,63,68,0.1321702955237572,0.012061074237300691,0.01285212015026104,2.008314555706059e-09,0.08612107957722386,True,True,0.003008064369965825,1.3820332844159936e-16,0.20083145557060583,32.06067119986259,0.00122197879608818,0.0005732935899274427,0.0012219808044027357,0.165,0.000602302182136288,2.8307685956957378e-15,1.7356464820451918,1.9997518452938798
noise_paired,B,0.005,0.005,22,P,completed,False,,,3.045803502342381e-14,4.970146533724794e-11,0.6034717460887388,511,547,0.8492196903085892,0.012061270455259487,0.011232329857675265,2.008314555706059e-09,0.10015750159149055,True,True,0.003008064369965825,5.528133137663975e-16,0.20083145557060597,321.44008298585004,0.00400600794304562,8.590350653037149e-14,0.004006009951360175,0.165,0.000602302182136288,1.436430667690962e-10,28.532124060296063,1.9997518452938798
noise_paired,B,0.007,0.005,22,P,completed,False,,,2.1176826553101488e-14,2.4692671926280742e-11,0.6610882540828006,365,391,1.0335426637983443,0.012061270455259487,0.011232329857675265,2.008314555706059e-09,0.08612167228253846,True,True,0.003008064369965825,1.3820332844159936e-16,0.2008314555706059,249.38582401469193,0.002861434249824768,1.1970658131410516e-08,0.002861436258139324,0.165,0.000602302182136288,2.0113321604461554e-11,20.937887925526184,1.9997518452938798
noise_paired,B,0.01,0.005,22,P,completed,False,,,1.6176755085319476e-14,1.3186528341179834e-11,0.6043424887177772,255,273,1.101583933393025,0.012061270455259487,0.011232329857675265,2.008314555706059e-09,0.04660390514010407,True,True,0.003008064369965825,1.3820332844159936e-16,0.2008314555706059,161.01447175132975,0.0020030073361168577,5.966657467271208e-06,0.0020030093444314136,0.165,0.000602302182136288,1.2182036218160878e-12,12.773488296728292,1.9997518452938798
noise_paired,B,0.014,0.005,22,P,completed,False,,,1.1511245250926371e-14,6.702810425450705e-12,0.11911491889787632,182,195,0.16747723060599715,0.012061270455259487,0.011232329857675265,2.008314555706059e-09,0.01737391950201437,True,True,0.003008064369965825,1.3820332844159936e-16,0.20083145557060583,100.93147131140606,0.0014339947960129162,4.461829093083125e-06,0.001433996804327472,0.165,0.000602302182136288,6.776270993199806e-15,2.988860008381204,1.9997518452938798
noise_paired,B,0.02,0.005,22,P,completed,False,,,9.093144132088384e-15,3.69980126854333e-12,0.03545890744404783,127,136,0.04115700046514633,0.012061270455259487,0.011232329857675265,2.008314555706059e-09,0.02662473430113087,True,True,0.003008064369965825,1.3820332844159936e-16,0.20083145557060583,61.488341090763875,0.0012198327354022709,2.9279187844788446e-06,0.0012198347437168266,0.165,0.000602302182136288,4.7054607893210625e-15,1.9355624260167332,1.9997518452938798
noise_paired,B,0.028,0.005,22,P,completed,False,,,4.7182704705871925e-15,1.3778802944921312e-12,0.06458885818851547,91,98,0.07360026355370859,0.012061270455259487,0.011232329857675265,2.008314555706059e-09,0.04675841242786422,True,True,0.003008064369965825,0.0,0.20083145557060586,41.10895685952205,0.0010525027875226967,0.00012191526128563224,0.0010525047958372523,0.165,0.000602302182136288,2.9764030106087283e-15,1.8578819592463875,1.9997518452938798
noise_paired,B,0.04,0.005,22,P,completed,False,,,5.6630027357027814e-15,1.1486703708871015e-12,0.11794248847327841,63,68,0.1321702955237572,0.012061270455259487,0.011232329857675265,2.008314555706059e-09,0.08576135390239566,True,True,0.003008064369965825,1.3820332844159936e-16,0.20083145557060583,32.06067119986259,0.00122197879608818,0.0005732935899274427,0.0012219808044027357,0.165,0.000602302182136288,2.8307685956957378e-15,1.7356464820451918,1.9997518452938798
noise_paired,B,0.005,0.005,23,R,completed,False,,,3.051352470813167e-14,4.979201348452538e-11,0.6304709036706163,511,547,1.3114136836506944,0.012050893069153957,0.012400247771289381,2.0119733846950145e-09,0.09803377269362713,True,True,0.002617281530937694,1.3795200188414148e-16,0.20119733846950147,325.23423334143115,0.004013306257505289,7.015605999749486e-06,0.004013308269478674,0.1575,0.0005252154413756028,3.515804455691209e-12,26.89937745403067,1.9997518452938798
noise_paired,B,0.007,0.005,23,R,completed,False,,,2.1215407355429703e-14,2.4737658038442287e-11,0.6805552915475622,365,391,0.935273272913093,0.012050893069153957,0.012400247771289381,2.0119733846950145e-09,0.08396592934062821,True,True,0.002617281530937694,0.0,0.20119733846950144,264.5864217286098,0.0028666575990108634,9.238640550884858e-06,0.002866659610984248,0.1575,0.0005252154413756028,6.252937883667557e-12,20.724054938192296,1.9997518452938798
noise_paired,B,0.01,0.005,23,R,completed,False,,,1.6206226554460223e-14,1.3210552093844134e-11,0.5146521836391967,255,273,0.8333025067979906,0.012050893069153957,0.012400247771289381,2.0119733846950145e-09,0.05336820894957226,True,True,0.002617281530937694,4.138560056524244e-16,0.20119733846950152,152.5411370179543,0.002013670575784554,3.751292945375351e-05,0.002013672587757939,0.1575,0.0005252154413756028,1.3748768562974875e-11,13.171642577446134,1.9997518452938798
noise_paired,B,0.014,0.005,23,R,completed,False,,,1.1532216904845527e-14,6.715021877597199e-12,0.07329132124232685,182,195,0.12401264766777939,0.012050893069153957,0.012400247771289381,2.0119733846950145e-09,0.017611752959732253,True,True,0.002617281530937694,0.0,0.20119733846950144,83.2004123089523,0.0016047891630967814,2.0876309358208722e-05,0.0016047911750701662,0.1575,0.0005252154413756028,6.834306370325037e-15,2.371556058908994,1.9997518452938798
noise_paired,B,0.02,0.005,23,R,completed,False,,,9.109710391221799e-15,3.7065417166948714e-12,0.03608544223883349,127,136,0.04780653507414079,0.012050893069153957,0.012400247771289381,2.0119733846950145e-09,0.02727912196985128,True,True,0.002617281530937694,0.0,0.20119733846950144,60.85500246078587,0.0014612559134582759,0.0003242642386703798,0.0014612579254316607,0.1575,0.0005252154413756028,4.276192418877298e-15,1.9230984654779584,1.9997518452938798
noise_paired,B,0.028,0.005,23,R,completed,False,,,4.726866407277722e-15,1.3803905727503229e-12,0.06481034429519295,91,98,0.07507122814765299,0.012050893069153957,0.012400247771289381,2.0119733846950145e-09,0.04712006122122438,True,True,0.002617281530937694,0.0,0.20119733846950144,36.999170599883186,0.0012460570120457481,0.0011991673128912417,0.001246059024019133,0.1575,0.0005252154413756028,3.830248140843394e-15,1.8498078374925555,1.9997518452938798
noise_paired,B,0.04,0.005,23,R,completed,False,,,5.673319823987111e-15,1.1507630652012544e-12,0.11791604497530742,63,68,0.1321752634990598,0.012050893069153957,0.012400247771289381,2.0119733846950145e-09,0.08593777968006873,True,True,0.002617281530937694,1.3795200188414148e-16,0.2011973384695014,31.014896989716657,0.0012410976610332247,0.0012027083782487624,0.0012410996730066095,0.1575,0.0005252154413756028,3.223705253639595e-15,1.7340502585057191,1.9997518452938798
noise_paired,B,0.005,0.005,23,P,completed,False,,,3.051352470813167e-14,4.979201348452538e-11,0.6304709036706163,511,547,1.3114136836506944,0.012051030948193443,0.011246799923519029,2.0119733846950145e-09,0.09776747425893546,True,True,0.002617281530937694,1.3795200188414148e-16,0.20119733846950147,325.23423334143115,0.004013306257505289,7.015605999749486e-06,0.004013308269478674,0.1575,0.0005252154413756028,3.515804455691209e-12,26.89937745403067,1.9997518452938798
noise_paired,B,0.007,0.005,23,P,completed,False,,,2.1215407355429703e-14,2.4737658038442287e-11,0.6805552915475622,365,391,0.935273272913093,0.012051030948193443,0.011246799923519029,2.0119733846950145e-09,0.08366367281477942,True,True,0.002617281530937694,0.0,0.20119733846950144,264.5864217286098,0.0028666575990108634,9.238640550884858e-06,0.002866659610984248,0.1575,0.0005252154413756028,6.252937883667557e-12,20.724054938192296,1.9997518452938798
noise_paired,B,0.01,0.005,23,P,completed,False,,,1.6206226554460223e-14,1.3210552093844134e-11,0.5146521836391967,255,273,0.8333025067979906,0.012051030948193443,0.011246799923519029,2.0119733846950145e-09,0.05291091098856278,True,True,0.002617281530937694,4.138560056524244e-16,0.20119733846950152,152.5411370179543,0.002013670575784554,3.751292945375351e-05,0.002013672587757939,0.1575,0.0005252154413756028,1.3748768562974875e-11,13.171642577446134,1.9997518452938798
noise_paired,B,0.014,0.005,23,P,completed,False,,,1.1532216904845527e-14,6.715021877597199e-12,0.07329132124232685,182,195,0.12401264766777939,0.012051030948193443,0.011246799923519029,2.0119733846950145e-09,0.016314031082498813,True,True,0.002617281530937694,0.0,0.20119733846950144,83.2004123089523,0.0016047891630967814,2.0876309358208722e-05,0.0016047911750701662,0.1575,0.0005252154413756028,6.834306370325037e-15,2.371556058908994,1.9997518452938798
noise_paired,B,0.02,0.005,23,P,completed,False,,,9.109710391221799e-15,3.7065417166948714e-12,0.03608544223883349,127,136,0.04780653507414079,0.012051030948193443,0.011246799923519029,2.0119733846950145e-09,0.026488915223048064,True,True,0.002617281530937694,0.0,0.20119733846950144,60.85500246078587,0.0014612559134582759,0.0003242642386703798,0.0014612579254316607,0.1575,0.0005252154413756028,4.276192418877298e-15,1.9230984654779584,1.9997518452938798
noise_paired,B,0.028,0.005,23,P,completed,False,,,4.726866407277722e-15,1.3803905727503229e-12,0.06481034429519295,91,98,0.07507122814765299,0.012051030948193443,0.011246799923519029,2.0119733846950145e-09,0.046656506004988,True,True,0.002617281530937694,0.0,0.20119733846950144,36.999170599883186,0.0012460570120457481,0.0011991673128912417,0.001246059024019133,0.1575,0.0005252154413756028,3.830248140843394e-15,1.8498078374925555,1.9997518452938798
noise_paired,B,0.04,0.005,23,P,completed,False,,,5.673319823987111e-15,1.1507630652012544e-12,0.11791604497530742,63,68,0.1321752634990598,0.012051030948193443,0.011246799923519029,2.0119733846950145e-09,0.08565975657624161,True,True,0.002617281530937694,1.3795200188414148e-16,0.2011973384695014,31.014896989716657,0.0012410976610332247,0.0012027083782487624,0.0012410996730066095,0.1575,0.0005252154413756028,3.223705253639595e-15,1.7340502585057191,1.9997518452938798
noise_paired,B,0.005,0.005,24,R,completed,False,,,3.05298720148728e-14,4.981868904316623e-11,0.6837382904724477,511,547,1.262731155811188,0.012053408103592053,0.011949231715962934,2.0130512787236203e-09,0.09840501766392279,True,True,0.0026431521112114326,4.1363440527795294e-16,0.20130512787236213,314.7936099494004,0.004015456338469808,1.2595308129803584e-10,0.004015458351521087,0.195,0.0005306774126099938,5.455421055459503e-11,28.959459715110935,1.9997518452938798
noise_paired,B,0.007,0.005,24,R,completed,False,,,2.122677329151853e-14,2.4750910984074755e-11,0.5902425127036397,365,391,0.9018123719176908,0.012053408103592053,0.011949231715962934,2.0130512787236203e-09,0.08445178078259277,True,True,0.0026431521112114326,5.515125403706039e-16,0.20130512787236193,207.4245782258285,0.0028681830989213952,3.906763801353463e-12,0.002868185111972674,0.195,0.0005306774126099938,2.3553540639060955e-12,19.49688639423177,1.9997518452938798
noise_paired,B,0.01,0.005,24,R,completed,False,,,1.62149088735019e-14,1.3217629511132486e-11,0.5889269537491074,255,273,0.9750453889689012,0.012053408103592053,0.011949231715962934,2.0130512787236203e-09,0.04806964223766227,True,True,0.0026431521112114326,8.272688105559059e-16,0.2013051278723622,156.301825185702,0.0020077289657292052,2.8353838080197313e-07,0.002007730978780484,0.195,0.0005306774126099938,6.752128608407955e-13,13.215019049808115,1.9997518452938798
noise_paired,B,0.014,0.005,24,R,completed,False,,,1.153839517133398e-14,6.718619381440383e-12,0.11535542120296027,182,195,0.15282453836299079,0.012053408103592053,0.011949231715962934,2.0130512787236203e-09,0.017989828966963495,True,True,0.0026431521112114326,4.1363440527795294e-16,0.20130512787236213,85.59578863690574,0.001434141204657402,1.7591221588980632e-05,0.0014341432177086806,0.195,0.0005306774126099938,9.517016962849168e-15,2.8836070318320903,1.9997518452938798
noise_paired,B,0.02,0.005,24,R,completed,False,,,9.114590824784054e-15,3.708527458262626e-12,0.03560056259549781,127,136,0.03593051512528304,0.012053408103592053,0.011949231715962934,2.0130512787236203e-09,0.027180874718547198,True,True,0.0026431521112114326,2.7575627018530195e-16,0.2013051278723621,53.26608654127212,0.001004425125362196,1.47221203665171e-05,0.0010044271384134747,0.195,0.0005306774126099938,2.8007458121987265e-15,1.9468784838588462,1.9997518452938798
noise_paired,B,0.028,0.005,24,R,completed,False,,,4.729398777294732e-15,1.3811301027892539e-12,0.06478986334721526,91,98,0.07209020727886338,0.012053408103592053,0.011949231715962934,2.0130512787236203e-09,0.04711080860208436,True,True,0.0026431521112114326,2.7575627018530195e-16,0.2013051278723621,31.859062559110292,0.0007635118751203873,0.0001525417092936021,0.000763513888171666,0.195,0.0005306774126099938,2.6716428925938496e-15,1.8612720928372277,1.9997518452938798
noise_paired,B,0.04,0.005,24,R,completed,False,,,5.6763592466788656e-15,1.1513795746669146e-12,0.1183074192966893,63,68,0.13163143750525144,0.012053408103592053,0.011949231715962934,2.0130512787236203e-09,0.08595856184866818,True,True,0.0026431521112114326,6.893906754632548e-16,0.20130512787236218,28.328357766074987,0.0009079899945646508,0.0005128109758948118,0.0009079920076159295,0.195,0.0005306774126099938,2.655521104662126e-15,1.7370120295385318,1.9997518452938798
noise_paired,B,0.005,0.005,24,P,completed,False,,,3.05298720148728e-14,4.981868904316623e-11,0.6837382904724477,511,547,1.262731155811188,0.012053552148810844,0.010809187582616423,2.0130512787236203e-09,0.09817399630281057,True,True,0.0026431521112114326,4.1363440527795294e-16,0.20130512787236213,314.7936099494004,0.004015456338469808,1.2595308129803584e-10,0.004015458351521087,0.195,0.0005306774126099938,5.455421055459503e-11,28.959459715110935,1.9997518452938798
noise_paired,B,0.007,0.005,24,P,completed,False,,,2.122677329151853e-14,2.4750910984074755e-11,0.5902425127036397,365,391,0.9018123719176908,0.012053552148810844,0.010809187582616423,2.0130512787236203e-09,0.08418816082563851,True,True,0.0026431521112114326,5.515125403706039e-16,0.20130512787236193,207.4245782258285,0.0028681830989213952,3.906763801353463e-12,0.002868185111972674,0.195,0.0005306774126099938,2.3553540639060955e-12,19.49688639423177,1.9997518452938798
noise_paired,B,0.01,0.005,24,P,completed,False,,,1.62149088735019e-14,1.3217629511132486e-11,0.5889269537491074,255,273,0.9750453889689012,0.012053552148810844,0.010809187582616423,2.0130512787236203e-09,0.047620562975895654,True,True,0.0026431521112114326,8.272688105559059e-16,0.2013051278723622,156.301825185702,0.0020077289657292052,2.8353838080197313e-07,0.002007730978780484,0.195,0.0005306774126099938,6.752128608407955e-13,13.215019049808115,1.9997518452938798
noise_paired,B,0.014,0.005,24,P,completed,False,,,1.153839517133398e-14,6.718619381440383e-12,0.11535542120296027,182,195,0.15282453836299079,0.012053552148810844,0.010809187582616423,2.0130512787236203e-09,0.01684112205899296,True,True,0.0026431521112114326,4.1363440527795294e-16,0.20130512787236213,85.59578863690574,0.001434141204657402,1.7591221588980632e-05,0.0014341432177086806,0.195,0.0005306774126099938,9.517016962849168e-15,2.8836070318320903,1.9997518452938798
noise_paired,B,0.02,0.005,24,P,completed,False,,,9.114590824784054e-15,3.708527458262626e-12,0.03560056259549781,127,136,0.03593051512528304,0.012053552148810844,0.010809187582616423,2.0130512787236203e-09,0.02645249320321733,True,True,0.0026431521112114326,2.7575627018530195e-16,0.2013051278723621,53.26608654127212,0.001004425125362196,1.47221203665171e-05,0.0010044271384134747,0.195,0.0005306774126099938,2.8007458121987265e-15,1.9468784838588462,1.9997518452938798
noise_paired,B,0.028,0.005,24,P,completed,False,,,4.729398777294732e-15,1.3811301027892539e-12,0.06478986334721526,91,98,0.07209020727886338,0.012053552148810844,0.010809187582616423,2.0130512787236203e-09,0.04668958148458066,True,True,0.0026431521112114326,2.7575627018530195e-16,0.2013051278723621,31.859062559110292,0.0007635118751203873,0.0001525417092936021,0.000763513888171666,0.195,0.0005306774126099938,2.6716428925938496e-15,1.8612720928372277,1.9997518452938798
noise_paired,B,0.04,0.005,24,P,completed,False,,,5.6763592466788656e-15,1.1513795746669146e-12,0.1183074192966893,63,68,0.13163143750525144,0.012053552148810844,0.010809187582616423,2.0130512787236203e-09,0.08571355899773639,True,True,0.0026431521112114326,6.893906754632548e-16,0.20130512787236218,28.328357766074987,0.0009079899945646508,0.0005128109758948118,0.0009079920076159295,0.195,0.0005306774126099938,2.655521104662126e-15,1.7370120295385318,1.9997518452938798
noise_paired,B,0.005,0.01,0,R,completed,False,,,3.049680885634908e-14,4.976473653355611e-11,0.5704716823504048,511,547,0.8563759073367996,0.024138069400420792,0.02530555310884598,2.0108711898744963e-09,0.10578627854997509,True,True,0.007275624093786758,1.1042209269450506e-15,0.20108711898744985,345.67396600136647,0.004011107692688365,2.8769152254914943e-08,0.004011109703559555,0.21,0.0014524666862374802,6.01857546198257e-12,27.099513279701753,1.9997518452938798
noise_paired,B,0.007,0.01,0,R,completed,False,,,2.120378517778053e-14,2.4724106309195203e-11,0.7406072583949129,365,391,1.090665967918494,0.024138069400420792,0.02530555310884598,2.0108711898744963e-09,0.0903695029416995,True,True,0.007275624093786758,1.3802761586813133e-16,0.20108711898744966,271.4035793442035,0.002865160997790439,1.3360358097624925e-09,0.002865163008661629,0.21,0.0014524666862374802,1.5376172784352699e-12,21.382238351346068,1.9997518452938798
noise_paired,B,0.01,0.01,0,R,completed,False,,,1.619734849518551e-14,1.3203315118342975e-11,0.6386558053741737,255,273,0.8629990535093401,0.024138069400420792,0.02530555310884598,2.0108711898744963e-09,0.06355756659013061,True,True,0.007275624093786758,4.1408284760439395e-16,0.20108711898744955,168.0467594122498,0.0020223463436099542,3.2348733417231212e-06,0.0020223483544811443,0.21,0.0014524666862374802,1.3482643949908845e-13,13.283395767369983,1.9997518452938798
noise_paired,B,0.014,0.01,0,R,completed,False,,,1.1525899351224638e-14,6.711343269127796e-12,0.2659785515693978,182,195,0.377293717497789,0.024138069400420792,0.02530555310884598,2.0108711898744963e-09,0.031219272937736194,True,True,0.007275624093786758,2.7605523173626265e-16,0.20108711898744958,107.60060318536428,0.001669170944957138,3.5730249537985204e-05,0.0016691729558283277,0.21,0.0014524666862374802,6.5368738387194375e-15,5.168462041205282,1.9997518452938798
noise_paired,B,0.02,0.01,0,R,completed,False,,,9.104719929774344e-15,3.7045112071895015e-12,0.03659171142229401,127,136,0.0446209526418247,0.024138069400420792,0.02530555310884598,2.0108711898744963e-09,0.03556096254125532,True,True,0.007275624093786758,1.3802761586813133e-16,0.20108711898744966,62.26419683832513,0.0013398719178045748,7.613356485713929e-05,0.0013398739286757646,0.21,0.0014524666862374802,5.068385374586826e-15,1.9477689627938837,1.9997518452938798
noise_paired,B,0.028,0.01,0,R,completed,False,,,4.724276945751534e-15,1.3796343702323615e-12,0.06473169971973314,91,98,0.07358091672989299,0.024138069400420792,0.02530555310884598,2.0108711898744963e-09,0.05245980749093751,True,True,0.007275624093786758,2.7605523173626265e-16,0.2010871189874497,39.56375973328107,0.0014880711679642056,0.0004998775543780809,0.0014880731788353954,0.21,0.0014524666862374802,3.4075983319125107e-15,1.8656540592763675,1.9997518452938798
noise_paired,B,0.04,0.01,0,R,completed,False,,,5.670211878438373e-15,1.1501326567178435e-12,0.11815103307757772,63,68,0.1324010310648959,0.024138069400420792,0.02530555310884598,2.0108711898744963e-09,0.08918409971203349,True,True,0.007275624093786758,1.3802761586813133e-16,0.20108711898744966,31.855855195632234,0.0014981614367634566,0.0012512291345503912,0.0014981634476346464,0.21,0.0014524666862374802,3.9809498334103705e-15,1.7373110282890072,1.9997518452938798
noise_paired,B,0.005,0.01,0,P,completed,False,,,3.049680885634908e-14,4.976473653355611e-11,0.5704716823504048,511,547,0.8563759073367996,0.024139562897821695,0.022338824247311328,2.0108711898744963e-09,0.10465292125240452,True,True,0.007275624093786758,1.1042209269450506e-15,0.20108711898744985,345.67396600136647,0.004011107692688365,2.8769152254914943e-08,0.004011109703559555,0.21,0.0014524666862374802,6.01857546198257e-12,27.099513279701753,1.9997518452938798
noise_paired,B,0.007,0.01,0,P,completed,False,,,2.120378517778053e-14,2.4724106309195203e-11,0.7406072583949129,365,391,1.090665967918494,0.024139562897821695,0.022338824247311328,2.0108711898744963e-09,0.08905377376481532,True,True,0.007275624093786758,1.3802761586813133e-16,0.20108711898744966,271.4035793442035,0.002865160997790439,1.3360358097624925e-09,0.002865163008661629,0.21,0.0014524666862374802,1.5376172784352699e-12,21.382238351346068,1.9997518452938798
noise_paired,B,0.01,0.01,0,P,completed,False,,,1.619734849518551e-14,1.3203315118342975e-11,0.6386558053741737,255,273,0.8629990535093401,0.024139562897821695,0.022338824247311328,2.0108711898744963e-09,0.061741602306244085,True,True,0.007275624093786758,4.1408284760439395e-16,0.20108711898744955,168.0467594122498,0.0020223463436099542,3.2348733417231212e-06,0.0020223483544811443,0.21,0.0014524666862374802,1.3482643949908845e-13,13.283395767369983,1.9997518452938798
noise_paired,B,0.014,0.01,0,P,completed,False,,,1.1525899351224638e-14,6.711343269127796e-12,0.2659785515693978,182,195,0.377293717497789,0.024139562897821695,0.022338824247311328,2.0108711898744963e-09,0.027609303575781747,True,True,0.007275624093786758,2.7605523173626265e-16,0.20108711898744958,107.60060318536428,0.001669170944957138,3.5730249537985204e-05,0.0016691729558283277,0.21,0.0014524666862374802,6.5368738387194375e-15,5.168462041205282,1.9997518452938798
noise_paired,B,0.02,0.01,0,P,completed,False,,,9.104719929774344e-15,3.7045112071895015e-12,0.03659171142229401,127,136,0.0446209526418247,0.024139562897821695,0.022338824247311328,2.0108711898744963e-09,0.03249192930602155,True,True,0.007275624093786758,1.3802761586813133e-16,0.20108711898744966,62.26419683832513,0.0013398719178045748,7.613356485713929e-05,0.0013398739286757646,0.21,0.0014524666862374802,5.068385374586826e-15,1.9477689627938837,1.9997518452938798
noise_paired,B,0.028,0.01,0,P,completed,False,,,4.724276945751534e-15,1.3796343702323615e-12,0.06473169971973314,91,98,0.07358091672989299,0.024139562897821695,0.022338824247311328,2.0108711898744963e-09,0.05040359951423043,True,True,0.007275624093786758,2.7605523173626265e-16,0.2010871189874497,39.56375973328107,0.0014880711679642056,0.0004998775543780809,0.0014880731788353954,0.21,0.0014524666862374802,3.4075983319125107e-15,1.8656540592763675,1.9997518452938798
noise_paired,B,0.04,0.01,0,P,completed,False,,,5.670211878438373e-15,1.1501326567178435e-12,0.11815103307757772,63,68,0.1324010310648959,0.024139562897821695,0.022338824247311328,2.0108711898744963e-09,0.08791148904659118,True,True,0.007275624093786758,1.3802761586813133e-16,0.20108711898744966,31.855855195632234,0.0014981614367634566,0.0012512291345503912,0.0014981634476346464,0.21,0.0014524666862374802,3.9809498334103705e-15,1.7373110282890072,1.9997518452938798
noise_paired,B,0.005,0.01,1,R,completed,False,,,3.057247625164518e-14,4.9888210697978616e-11,0.6753155162506607,511,547,1.1446984863411693,0.024129880112760693,0.023496281809270655,2.0158604786204263e-09,0.10257983942712189,True,True,0.006196655294589086,9.638019663065472e-16,0.20158604786204282,363.77793744062006,0.004021060293107781,7.500799140969239e-07,0.0040210623089682596,0.21,0.001241466312004268,5.102531540649579e-11,28.83963993886535,1.9997518452938798
noise_paired,B,0.007,0.01,1,R,completed,False,,,2.125639511485224e-14,2.47854507185153e-11,0.7122362855656502,365,391,1.6219389570421696,0.024129880112760693,0.023496281809270655,2.0158604786204263e-09,0.08874857842769582,True,True,0.006196655294589086,0.0,0.20158604786204262,260.5270470209738,0.0028721933972929437,4.310722078126883e-06,0.002872195413153422,0.21,0.001241466312004268,1.584575687181047e-11,20.458655939434514,1.9997518452938798
noise_paired,B,0.01,0.01,1,R,completed,False,,,1.623753667281114e-14,1.3236074626689718e-11,0.5313268793999758,255,273,0.7321667319917328,0.024129880112760693,0.023496281809270655,2.0158604786204263e-09,0.05959770992610848,True,True,0.006196655294589086,1.3768599518664957e-16,0.20158604786204265,157.5701486405636,0.0020174230262247073,2.4482831059574606e-05,0.002017425042085186,0.21,0.001241466312004268,2.977430170711346e-12,12.51178495150134,1.9997518452938798
noise_paired,B,0.014,0.01,1,R,completed,False,,,1.1554496926349961e-14,6.727995170856431e-12,0.2507322159826276,182,195,0.41501841236083337,0.024129880112760693,0.023496281809270655,2.0158604786204263e-09,0.02922519537938007,True,True,0.006196655294589086,1.3768599518664957e-16,0.20158604786204265,85.8687809711163,0.0016891055375283792,2.013829789010435e-05,0.0016891075533888578,0.21,0.001241466312004268,1.1125267689707082e-14,4.799450349806631,1.9997518452938798
noise_paired,B,0.02,0.01,1,R,completed,False,,,9.127310176682852e-15,3.713702684081841e-12,0.03992102309705181,127,136,0.04767386496962149,0.024129880112760693,0.023496281809270655,2.0158604786204263e-09,0.03416551521245312,True,True,0.006196655294589086,1.3768599518664957e-16,0.2015860478620426,59.350002429792625,0.0016343682613824961,0.00015869352198930042,0.0016343702772429747,0.21,0.001241466312004268,5.964831044306569e-15,1.9923098812784739,1.9997518452938798
noise_paired,B,0.028,0.01,1,R,completed,False,,,4.735998622364528e-15,1.3830574608169596e-12,0.06592501888117278,91,98,0.07098448510946012,0.024129880112760693,0.023496281809270655,2.0158604786204263e-09,0.0514888106523789,True,True,0.006196655294589086,1.3768599518664957e-16,0.2015860478620426,35.626428498579514,0.0012763164483278189,0.0012280685458482266,0.0012763184641882974,0.21,0.001241466312004268,5.311529795353502e-15,1.8646150946091082,1.9997518452938798
noise_paired,B,0.04,0.01,1,R,completed,False,,,5.6842805688918374e-15,1.1529863173348854e-12,0.11936265316171253,63,68,0.13233178328321626,0.024129880112760693,0.023496281809270655,2.0158604786204263e-09,0.08843549320208188,True,True,0.006196655294589086,0.0,0.20158604786204262,29.536722212727813,0.001199500506020773,0.0011208019838014616,0.0011995025218812516,0.21,0.001241466312004268,2.899537990104435e-15,1.737099889363146,1.9997518452938798
noise_paired,B,0.005,0.01,1,P,completed,False,,,3.057247625164518e-14,4.9888210697978616e-11,0.6753155162506607,511,547,1.1446984863411693,0.024131122936843028,0.02076246449847044,2.0158604786204263e-09,0.10154255235075436,True,True,0.006196655294589086,9.638019663065472e-16,0.20158604786204282,363.77793744062006,0.004021060293107781,7.500799140969239e-07,0.0040210623089682596,0.21,0.001241466312004268,5.102531540649579e-11,28.83963993886535,1.9997518452938798
noise_paired,B,0.007,0.01,1,P,completed,False,,,2.125639511485224e-14,2.47854507185153e-11,0.7122362855656502,365,391,1.6219389570421696,0.024131122936843028,0.02076246449847044,2.0158604786204263e-09,0.08757954656003235,True,True,0.006196655294589086,0.0,0.20158604786204262,260.5270470209738,0.0028721933972929437,4.310722078126883e-06,0.002872195413153422,0.21,0.001241466312004268,1.584575687181047e-11,20.458655939434514,1.9997518452938798
noise_paired,B,0.01,0.01,1,P,completed,False,,,1.623753667281114e-14,1.3236074626689718e-11,0.5313268793999758,255,273,0.7321667319917328,0.024131122936843028,0.02076246449847044,2.0158604786204263e-09,0.05789501999624729,True,True,0.006196655294589086,1.3768599518664957e-16,0.20158604786204265,157.5701486405636,0.0020174230262247073,2.4482831059574606e-05,0.002017425042085186,0.21,0.001241466312004268,2.977430170711346e-12,12.51178495150134,1.9997518452938798
noise_paired,B,0.014,0.01,1,P,completed,False,,,1.1554496926349961e-14,6.727995170856431e-12,0.2507322159826276,182,195,0.41501841236083337,0.024131122936843028,0.02076246449847044,2.0158604786204263e-09,0.02579531984708282,True,True,0.006196655294589086,1.3768599518664957e-16,0.20158604786204265,85.8687809711163,0.0016891055375283792,2.013829789010435e-05,0.0016891075533888578,0.21,0.001241466312004268,1.1125267689707082e-14,4.799450349806631,1.9997518452938798
noise_paired,B,0.02,0.01,1,P,completed,False,,,9.127310176682852e-15,3.713702684081841e-12,0.03992102309705181,127,136,0.04767386496962149,0.024131122936843028,0.02076246449847044,2.0158604786204263e-09,0.03140975799159382,True,True,0.006196655294589086,1.3768599518664957e-16,0.2015860478620426,59.350002429792625,0.0016343682613824961,0.00015869352198930042,0.0016343702772429747,0.21,0.001241466312004268,5.964831044306569e-15,1.9923098812784739,1.9997518452938798
noise_paired,B,0.028,0.01,1,P,completed,False,,,4.735998622364528e-15,1.3830574608169596e-12,0.06592501888117278,91,98,0.07098448510946012,0.024131122936843028,0.02076246449847044,2.0158604786204263e-09,0.04967252901169331,True,True,0.006196655294589086,1.3768599518664957e-16,0.2015860478620426,35.626428498579514,0.0012763164483278189,0.0012280685458482266,0.0012763184641882974,0.21,0.001241466312004268,5.311529795353502e-15,1.8646150946091082,1.9997518452938798
noise_paired,B,0.04,0.01,1,P,completed,False,,,5.6842805688918374e-15,1.1529863173348854e-12,0.11936265316171253,63,68,0.13233178328321626,0.024131122936843028,0.02076246449847044,2.0158604786204263e-09,0.08731207963704103,True,True,0.006196655294589086,0.0,0.20158604786204262,29.536722212727813,0.001199500506020773,0.0011208019838014616,0.0011995025218812516,0.21,0.001241466312004268,2.899537990104435e-15,1.737099889363146,1.9997518452938798
noise_paired,B,0.005,0.01,2,R,completed,False,,,3.0674748513299454e-14,5.005509872157116e-11,0.6936982994658022,511,547,1.163857682260396,0.02410091560883973,0.024071021705000657,2.0226040151475626e-09,0.10228419400030016,True,True,0.005777211443426704,2.7445387636693635e-16,0.20226040151475622,326.21100401585784,0.00403451181336642,3.6364185274084804e-08,0.004034513835970435,0.185,0.0011617892042971713,6.80513143216496e-12,28.505808993316897,1.9997518452938798
noise_paired,B,0.007,0.01,2,R,completed,False,,,2.1327502851926558e-14,2.4868363992541202e-11,0.6073164643191529,365,391,0.8474016425443335,0.02410091560883973,0.024071021705000657,2.0226040151475626e-09,0.09009155441509453,True,True,0.005777211443426704,1.3722693818346817e-16,0.2022604015147563,270.7761227464161,0.0028880120856124014,7.370329564160283e-07,0.0028880141082164167,0.185,0.0011617892042971713,3.025800930136697e-11,20.259061814496462,1.9997518452938798
noise_paired,B,0.01,0.01,2,R,completed,False,,,1.6291855125315726e-14,1.3280352469163254e-11,0.38624705432311346,255,273,0.6241270765086641,0.02410091560883973,0.024071021705000657,2.0226040151475626e-09,0.059242908752049975,True,True,0.005777211443426704,1.3722693818346817e-16,0.2022604015147563,157.13216733479132,0.0023289621934586002,2.210710823186135e-05,0.0023289642160626155,0.185,0.0011617892042971713,2.145637582373257e-12,11.006953230561244,1.9997518452938798
noise_paired,B,0.014,0.01,2,R,completed,False,,,1.1593149488321339e-14,6.750501927484804e-12,0.10657928172996359,182,195,0.13200543950323784,0.02410091560883973,0.024071021705000657,2.0226040151475626e-09,0.02790842236858367,True,True,0.005777211443426704,5.489077527338727e-16,0.20226040151475638,82.63836835097698,0.002085292678810663,3.4502431266736355e-06,0.002085294701414678,0.185,0.0011617892042971713,1.441869684759433e-14,2.7505302165285395,1.9997518452938798
noise_paired,B,0.02,0.01,2,R,completed,False,,,9.157843217150556e-15,3.726125909779568e-12,0.04198339789429465,127,136,0.04044172168108818,0.02410091560883973,0.024071021705000657,2.0226040151475626e-09,0.03427020028382613,True,True,0.005777211443426704,1.3722693818346817e-16,0.2022604015147563,54.591622690523046,0.00144110597744182,0.00010544629287884133,0.001441108000045835,0.185,0.0011617892042971713,3.4934681643318603e-15,1.973528075413911,1.9997518452938798
noise_paired,B,0.028,0.01,2,R,completed,False,,,4.751841673032518e-15,1.3876841195590022e-12,0.06801481562786309,91,98,0.07376613170129939,0.02410091560883973,0.024071021705000657,2.0226040151475626e-09,0.05135985537521824,True,True,0.005777211443426704,1.3722693818346817e-16,0.2022604015147563,37.904437840517666,0.0023866539716941304,0.0009719258702873546,0.0023866559942981457,0.185,0.0011617892042971713,2.453758234688497e-15,1.8658166101615548,1.9997518452938798
noise_paired,B,0.04,0.01,2,R,completed,False,,,5.703295849985619e-15,1.1568433329511434e-12,0.1205047543079357,63,68,0.13364232898694287,0.02410091560883973,0.024071021705000657,2.0226040151475626e-09,0.08803337274578392,True,True,0.005777211443426704,2.7445387636693635e-16,0.20226040151475633,27.62850334964108,0.0026227531595285625,0.0024162465326597327,0.0026227551821325777,0.185,0.0011617892042971713,1.944438329885178e-15,1.732171073535711,1.9997518452938798
noise_paired,B,0.005,0.01,2,P,completed,False,,,3.0674748513299454e-14,5.005509872157116e-11,0.6936982994658022,511,547,1.163857682260396,0.024102088233211697,0.021649774491344705,2.0226040151475626e-09,0.10130077014868545,True,True,0.005777211443426704,2.7445387636693635e-16,0.20226040151475622,326.21100401585784,0.00403451181336642,3.6364185274084804e-08,0.004034513835970435,0.185,0.0011617892042971713,6.80513143216496e-12,28.505808993316897,1.9997518452938798
noise_paired,B,0.007,0.01,2,P,completed,False,,,2.1327502851926558e-14,2.4868363992541202e-11,0.6073164643191529,365,391,0.8474016425443335,0.024102088233211697,0.021649774491344705,2.0226040151475626e-09,0.08899069166524567,True,True,0.005777211443426704,1.3722693818346817e-16,0.2022604015147563,270.7761227464161,0.0028880120856124014,7.370329564160283e-07,0.0028880141082164167,0.185,0.0011617892042971713,3.025800930136697e-11,20.259061814496462,1.9997518452938798
noise_paired,B,0.01,0.01,2,P,completed,False,,,1.6291855125315726e-14,1.3280352469163254e-11,0.38624705432311346,255,273,0.6241270765086641,0.024102088233211697,0.021649774491344705,2.0226040151475626e-09,0.05760643410081004,True,True,0.005777211443426704,1.3722693818346817e-16,0.2022604015147563,157.13216733479132,0.0023289621934586002,2.210710823186135e-05,0.0023289642160626155,0.185,0.0011617892042971713,2.145637582373257e-12,11.006953230561244,1.9997518452938798
noise_paired,B,0.014,0.01,2,P,completed,False,,,1.1593149488321339e-14,6.750501927484804e-12,0.10657928172996359,182,195,0.13200543950323784,0.024102088233211697,0.021649774491344705,2.0226040151475626e-09,0.024488365883944523,True,True,0.005777211443426704,5.489077527338727e-16,0.20226040151475638,82.63836835097698,0.002085292678810663,3.4502431266736355e-06,0.002085294701414678,0.185,0.0011617892042971713,1.441869684759433e-14,2.7505302165285395,1.9997518452938798
noise_paired,B,0.02,0.01,2,P,completed,False,,,9.157843217150556e-15,3.726125909779568e-12,0.04198339789429465,127,136,0.04044172168108818,0.024102088233211697,0.021649774491344705,2.0226040151475626e-09,0.031660413158655344,True,True,0.005777211443426704,1.3722693818346817e-16,0.2022604015147563,54.591622690523046,0.00144110597744182,0.00010544629287884133,0.001441108000045835,0.185,0.0011617892042971713,3.4934681643318603e-15,1.973528075413911,1.9997518452938798
noise_paired,B,0.028,0.01,2,P,completed,False,,,4.751841673032518e-15,1.3876841195590022e-12,0.06801481562786309,91,98,0.07376613170129939,0.024102088233211697,0.021649774491344705,2.0226040151475626e-09,0.04962296527052207,True,True,0.005777211443426704,1.3722693818346817e-16,0.2022604015147563,37.904437840517666,0.0023866539716941304,0.0009719258702873546,0.0023866559942981457,0.185,0.0011617892042971713,2.453758234688497e-15,1.8658166101615548,1.9997518452938798
noise_paired,B,0.04,0.01,2,P,completed,False,,,5.703295849985619e-15,1.1568433329511434e-12,0.1205047543079357,63,68,0.13364232898694287,0.024102088233211697,0.021649774491344705,2.0226040151475626e-09,0.08695967242377414,True,True,0.005777211443426704,2.7445387636693635e-16,0.20226040151475633,27.62850334964108,0.0026227531595285625,0.0024162465326597327,0.0026227551821325777,0.185,0.0011617892042971713,1.944438329885178e-15,1.732171073535711,1.9997518452938798
noise_paired,B,0.005,0.01,3,R,completed,False,,,3.0580493061655374e-14,4.9901292540078106e-11,0.6948416962366535,511,547,1.2188063522032395,0.024133370059549002,0.02346994978647017,2.016389083838111e-09,0.1027106361912055,True,True,0.00456943962214824,2.752998004015907e-16,0.20163890838381104,430.1526543342761,0.004022120910842669,5.868340258174953e-09,0.004022122927231753,0.1625,0.0009171857922358136,1.346231404588376e-11,28.495925770306407,1.9997518452938798
noise_paired,B,0.007,0.01,3,R,completed,False,,,2.126196903303063e-14,2.479195003665335e-11,0.5609679258811944,365,391,0.8340464233220913,0.024133370059549002,0.02346994978647017,2.016389083838111e-09,0.08954718007508639,True,True,0.00456943962214824,2.752998004015907e-16,0.20163890838381116,221.5507164059487,0.0028763347886059387,1.754400997339145e-06,0.0028763368049950226,0.1625,0.0009171857922358136,8.980558475209064e-12,19.397371156618703,1.9997518452938798
noise_paired,B,0.01,0.01,3,R,completed,False,,,1.624179453028621e-14,1.3239545431432179e-11,0.5467892765985666,255,273,0.853167473273041,0.024133370059549002,0.02346994978647017,2.016389083838111e-09,0.0580316970972503,True,True,0.00456943962214824,8.25899401204772e-16,0.20163890838381093,152.52017656580372,0.002114011682163436,4.542399422935439e-06,0.0021140136985525197,0.1625,0.0009171857922358136,2.1192203760575233e-13,13.136158165685607,1.9997518452938798
noise_paired,B,0.014,0.01,3,R,completed,False,,,1.1557526782546742e-14,6.729759406719771e-12,0.19370300753861788,182,195,0.30917543413642157,0.024133370059549002,0.02346994978647017,2.016389083838111e-09,0.02800987285052436,True,True,0.00456943962214824,6.882495010039767e-16,0.20163890838381096,118.22346427035954,0.0014393855663794586,3.479727587965553e-05,0.0014393875827685425,0.1625,0.0009171857922358136,1.427531930283444e-14,4.175433833190875,1.9997518452938798
noise_paired,B,0.02,0.01,3,R,completed,False,,,9.129703568405142e-15,3.714676502774432e-12,0.04204045296422539,127,136,0.054258889569071336,0.024133370059549002,0.02346994978647017,2.016389083838111e-09,0.0339140278212768,True,True,0.00456943962214824,1.3764990020079534e-16,0.20163890838381107,52.83454819819185,0.001373202093654935,0.00025868054003175267,0.0013732041100440189,0.1625,0.0009171857922358136,3.529016658626299e-15,1.952719406767231,1.9997518452938798
noise_paired,B,0.028,0.01,3,R,completed,False,,,4.73724051068432e-15,1.383420130455012e-12,0.06604147187530622,91,98,0.07654736638200142,0.024133370059549002,0.02346994978647017,2.016389083838111e-09,0.051331339684708044,True,True,0.00456943962214824,2.752998004015907e-16,0.20163890838381104,30.494809792881785,0.002168611031668488,0.0014503801564237084,0.002168613048057572,0.1625,0.0009171857922358136,2.2045783208542057e-15,1.8548420730098827,1.9997518452938798
noise_paired,B,0.04,0.01,3,R,completed,False,,,5.6857711186592274e-15,1.1532886570006144e-12,0.11923677002756446,63,68,0.13331045598290828,0.024133370059549002,0.02346994978647017,2.016389083838111e-09,0.08838523808360985,True,True,0.00456943962214824,2.752998004015907e-16,0.20163890838381104,26.96637784978851,0.0020714299643908862,0.0020266340539699113,0.00207143198077997,0.1625,0.0009171857922358136,3.870746022372837e-15,1.73071256101575,1.9997518452938798
noise_paired,B,0.005,0.01,3,P,completed,False,,,3.0580493061655374e-14,4.9901292540078106e-11,0.6948416962366535,511,547,1.2188063522032395,0.02413415704006759,0.021782022129243874,2.016389083838111e-09,0.10199531123763318,True,True,0.00456943962214824,2.752998004015907e-16,0.20163890838381104,430.1526543342761,0.004022120910842669,5.868340258174953e-09,0.004022122927231753,0.1625,0.0009171857922358136,1.346231404588376e-11,28.495925770306407,1.9997518452938798
noise_paired,B,0.007,0.01,3,P,completed,False,,,2.126196903303063e-14,2.479195003665335e-11,0.5609679258811944,365,391,0.8340464233220913,0.02413415704006759,0.021782022129243874,2.016389083838111e-09,0.08874080069333781,True,True,0.00456943962214824,2.752998004015907e-16,0.20163890838381116,221.5507164059487,0.0028763347886059387,1.754400997339145e-06,0.0028763368049950226,0.1625,0.0009171857922358136,8.980558475209064e-12,19.397371156618703,1.9997518452938798
noise_paired,B,0.01,0.01,3,P,completed,False,,,1.624179453028621e-14,1.3239545431432179e-11,0.5467892765985666,255,273,0.853167473273041,0.02413415704006759,0.021782022129243874,2.016389083838111e-09,0.056840162165805126,True,True,0.00456943962214824,8.25899401204772e-16,0.20163890838381093,152.52017656580372,0.002114011682163436,4.542399422935439e-06,0.0021140136985525197,0.1625,0.0009171857922358136,2.1192203760575233e-13,13.136158165685607,1.9997518452938798
noise_paired,B,0.014,0.01,3,P,completed,False,,,1.1557526782546742e-14,6.729759406719771e-12,0.19370300753861788,182,195,0.30917543413642157,0.02413415704006759,0.021782022129243874,2.016389083838111e-09,0.025584975959482947,True,True,0.00456943962214824,6.882495010039767e-16,0.20163890838381096,118.22346427035954,0.0014393855663794586,3.479727587965553e-05,0.0014393875827685425,0.1625,0.0009171857922358136,1.427531930283444e-14,4.175433833190875,1.9997518452938798
noise_paired,B,0.02,0.01,3,P,completed,False,,,9.129703568405142e-15,3.714676502774432e-12,0.04204045296422539,127,136,0.054258889569071336,0.02413415704006759,0.021782022129243874,2.016389083838111e-09,0.03204090423112871,True,True,0.00456943962214824,1.3764990020079534e-16,0.20163890838381107,52.83454819819185,0.001373202093654935,0.00025868054003175267,0.0013732041100440189,0.1625,0.0009171857922358136,3.529016658626299e-15,1.952719406767231,1.9997518452938798
noise_paired,B,0.028,0.01,3,P,completed,False,,,4.73724051068432e-15,1.383420130455012e-12,0.06604147187530622,91,98,0.07654736638200142,0.02413415704006759,0.021782022129243874,2.016389083838111e-09,0.05009765139487495,True,True,0.00456943962214824,2.752998004015907e-16,0.20163890838381104,30.494809792881785,0.002168611031668488,0.0014503801564237084,0.002168613048057572,0.1625,0.0009171857922358136,2.2045783208542057e-15,1.8548420730098827,1.9997518452938798
noise_paired,B,0.04,0.01,3,P,completed,False,,,5.6857711186592274e-15,1.1532886570006144e-12,0.11923677002756446,63,68,0.13331045598290828,0.02413415704006759,0.021782022129243874,2.016389083838111e-09,0.0876192617001225,True,True,0.00456943962214824,2.752998004015907e-16,0.20163890838381104,26.96637784978851,0.0020714299643908862,0.0020266340539699113,0.00207143198077997,0.1625,0.0009171857922358136,3.870746022372837e-15,1.73071256101575,1.9997518452938798
noise_paired,B,0.005,0.01,4,R,completed,False,,,3.049547951757882e-14,4.9762567316639737e-11,0.6010938647355903,511,547,1.142628055757793,0.02414515135818792,0.023159749854891318,2.0107835371286857e-09,0.10395602168979631,True,True,0.006306217174113477,2.7606726535331307e-16,0.2010783537128685,360.1833620107342,0.004011004460900108,1.6671589136985077e-08,0.004011006471683645,0.2125,0.0012600973201651229,1.3846998554989334e-11,27.594837175572877,1.9997518452938798
noise_paired,B,0.007,0.01,4,R,completed,False,,,2.1202860916693212e-14,2.4723028599286867e-11,0.6976304548589092,365,391,1.33121113448177,0.02414515135818792,0.023159749854891318,2.0107835371286857e-09,0.08615273609377973,True,True,0.006306217174113477,1.3803363267665653e-16,0.20107835371286853,251.5740795036343,0.0028665135784735063,9.551531339024866e-06,0.0028665155892570434,0.2125,0.0012600973201651229,1.8877421009389936e-12,18.804941593022797,1.9997518452938798
noise_paired,B,0.01,0.01,4,R,completed,False,,,1.6196642461861445e-14,1.320273959325228e-11,0.5977335541598111,255,273,0.836207108640302,0.02414515135818792,0.023159749854891318,2.0107835371286857e-09,0.06277948612133953,True,True,0.006306217174113477,6.901681633832827e-16,0.20107835371286842,169.00454423555914,0.002313608141250728,1.5205351078101392e-05,0.002313610152034265,0.2125,0.0012600973201651229,3.0156501720127613e-12,14.196164148776992,1.9997518452938798
noise_paired,B,0.014,0.01,4,R,completed,False,,,1.1525396943745153e-14,6.711050725443955e-12,0.1419615882398862,182,195,0.213417218009604,0.02414515135818792,0.023159749854891318,2.0107835371286857e-09,0.028070532550816468,True,True,0.006306217174113477,4.1410089802996958e-16,0.20107835371286847,106.96198750793987,0.002323043506428507,0.00011050829958789143,0.002323045517212044,0.2125,0.0012600973201651229,2.852216854022223e-14,3.4644027193022775,1.9997518452938798
noise_paired,B,0.02,0.01,4,R,completed,False,,,9.104323060146046e-15,3.7043497296265265e-12,0.03842277718021937,127,136,0.04345295078445146,0.02414515135818792,0.023159749854891318,2.0107835371286857e-09,0.03404316289535162,True,True,0.006306217174113477,2.7606726535331307e-16,0.2010783537128685,66.65869009153883,0.0017760504443357361,0.0003748742326111776,0.0017760524551192732,0.2125,0.0012600973201651229,5.800940422455815e-15,1.9724818143335805,1.9997518452938798
noise_paired,B,0.028,0.01,4,R,completed,False,,,4.7240710171727415e-15,1.3795742327450005e-12,0.06441580530592124,91,98,0.07244944075784614,0.02414515135818792,0.023159749854891318,2.0107835371286857e-09,0.0515328443228995,True,True,0.006306217174113477,2.7606726535331307e-16,0.2010783537128685,42.24908676502031,0.0016884932764393568,0.0012687233115923346,0.0016884952872228938,0.2125,0.0012600973201651229,2.763043588947941e-15,1.8610990309602398,1.9997518452938798
noise_paired,B,0.04,0.01,4,R,completed,False,,,5.669964717087127e-15,1.1500825230812808e-12,0.11792996487541199,63,68,0.1323462922635691,0.02414515135818792,0.023159749854891318,2.0107835371286857e-09,0.08876951598524298,True,True,0.006306217174113477,1.3803363267665653e-16,0.20107835371286853,31.879952325793383,0.002238615834306512,0.002078211575885336,0.002238617845090049,0.2125,0.0012600973201651229,1.87626509728485e-15,1.732388560194834,1.9997518452938798
noise_paired,B,0.005,0.01,4,P,completed,False,,,3.049547951757882e-14,4.9762567316639737e-11,0.6010938647355903,511,547,1.142628055757793,0.024146428165257784,0.020111621879187403,2.0107835371286857e-09,0.10284040166538097,True,True,0.006306217174113477,2.7606726535331307e-16,0.2010783537128685,360.1833620107342,0.004011004460900108,1.6671589136985077e-08,0.004011006471683645,0.2125,0.0012600973201651229,1.3846998554989334e-11,27.594837175572877,1.9997518452938798
noise_paired,B,0.007,0.01,4,P,completed,False,,,2.1202860916693212e-14,2.4723028599286867e-11,0.6976304548589092,365,391,1.33121113448177,0.024146428165257784,0.020111621879187403,2.0107835371286857e-09,0.08483010602819811,True,True,0.006306217174113477,1.3803363267665653e-16,0.20107835371286853,251.5740795036343,0.0028665135784735063,9.551531339024866e-06,0.0028665155892570434,0.2125,0.0012600973201651229,1.8877421009389936e-12,18.804941593022797,1.9997518452938798
noise_paired,B,0.01,0.01,4,P,completed,False,,,1.6196642461861445e-14,1.320273959325228e-11,0.5977335541598111,255,273,0.836207108640302,0.024146428165257784,0.020111621879187403,2.0107835371286857e-09,0.061029339469123076,True,True,0.006306217174113477,6.901681633832827e-16,0.20107835371286842,169.00454423555914,0.002313608141250728,1.5205351078101392e-05,0.002313610152034265,0.2125,0.0012600973201651229,3.0156501720127613e-12,14.196164148776992,1.9997518452938798
noise_paired,B,0.014,0.01,4,P,completed,False,,,1.1525396943745153e-14,6.711050725443955e-12,0.1419615882398862,182,195,0.213417218009604,0.024146428165257784,0.020111621879187403,2.0107835371286857e-09,0.02429515676894381,True,True,0.006306217174113477,4.1410089802996958e-16,0.20107835371286847,106.96198750793987,0.002323043506428507,0.00011050829958789143,0.002323045517212044,0.2125,0.0012600973201651229,2.852216854022223e-14,3.4644027193022775,1.9997518452938798
noise_paired,B,0.02,0.01,4,P,completed,False,,,9.104323060146046e-15,3.7043497296265265e-12,0.03842277718021937,127,136,0.04345295078445146,0.024146428165257784,0.020111621879187403,2.0107835371286857e-09,0.03108400434205067,True,True,0.006306217174113477,2.7606726535331307e-16,0.2010783537128685,66.65869009153883,0.0017760504443357361,0.0003748742326111776,0.0017760524551192732,0.2125,0.0012600973201651229,5.800940422455815e-15,1.9724818143335805,1.9997518452938798
noise_paired,B,0.028,0.01,4,P,completed,False,,,4.7240710171727415e-15,1.3795742327450005e-12,0.06441580530592124,91,98,0.07244944075784614,0.024146428165257784,0.020111621879187403,2.0107835371286857e-09,0.04956555558170772,True,True,0.006306217174113477,2.7606726535331307e-16,0.2010783537128685,42.24908676502031,0.0016884932764393568,0.0012687233115923346,0.0016884952872228938,0.2125,0.0012600973201651229,2.763043588947941e-15,1.8610990309602398,1.9997518452938798
noise_paired,B,0.04,0.01,4,P,completed,False,,,5.669964717087127e-15,1.1500825230812808e-12,0.11792996487541199,63,68,0.1323462922635691,0.024146428165257784,0.020111621879187403,2.0107835371286857e-09,0.08753718784789938,True,True,0.006306217174113477,1.3803363267665653e-16,0.20107835371286853,31.879952325793383,0.002238615834306512,0.002078211575885336,0.002238617845090049,0.2125,0.0012600973201651229,1.87626509728485e-15,1.732388560194834,1.9997518452938798
noise_paired,B,0.005,0.01,5,R,completed,False,,,3.062208628977675e-14,4.996916442952037e-11,0.6488538240996831,511,547,0.9818114706125208,0.024087790643545697,0.024533294986347855,2.0191316207545835e-09,0.10551026288318749,True,True,0.005927001665613301,1.3746293372027026e-16,0.20191316207545837,362.3426708196644,0.0040275848660389635,2.181131469880526e-09,0.004027586885170584,0.185,0.0011896883630213185,1.860899273487357e-11,28.56236740002028,1.9997518452938798
noise_paired,B,0.007,0.01,5,R,completed,False,,,2.1290887923465697e-14,2.4825670134997383e-11,0.6239407228016737,365,391,1.042082446019985,0.024087790643545697,0.024533294986347855,2.0191316207545835e-09,0.0900051458410678,True,True,0.005927001665613301,1.3746293372027026e-16,0.20191316207545837,223.62186027169537,0.0028768463665038435,7.459241530005656e-09,0.002876848385635464,0.185,0.0011896883630213185,4.556778190761622e-12,19.88483309851775,1.9997518452938798
noise_paired,B,0.01,0.01,5,R,completed,False,,,1.626388536654698e-14,1.3257552840019167e-11,0.6462690706008798,255,273,1.0419830663102707,0.024087790643545697,0.024533294986347855,2.0191316207545835e-09,0.056438355113288624,True,True,0.005927001665613301,1.3746293372027026e-16,0.2019131620754583,171.10675548558248,0.0020138849624756205,1.2684122037864842e-05,0.002013886981607241,0.185,0.0011896883630213185,4.339525717715536e-12,14.567061820356342,1.9997518452938798
noise_paired,B,0.014,0.01,5,R,completed,False,,,1.1573246439094336e-14,6.738912706427571e-12,0.1977521676025954,182,195,0.27385464356580125,0.024087790643545697,0.024533294986347855,2.0191316207545835e-09,0.029159842576501147,True,True,0.005927001665613301,1.3746293372027026e-16,0.2019131620754583,107.4637058755239,0.0015315716611346841,3.2843963457263037e-07,0.001531573680266305,0.185,0.0011896883630213185,2.1640874068425076e-14,4.041387986140735,1.9997518452938798
noise_paired,B,0.02,0.01,5,R,completed,False,,,9.142121087064359e-15,3.719728919256582e-12,0.03839277161354667,127,136,0.04455367696561628,0.024087790643545697,0.024533294986347855,2.0191316207545835e-09,0.03485754868976616,True,True,0.005927001665613301,2.749258674405405e-16,0.20191316207545829,48.15712158568066,0.001514295741810029,3.5084823394565534e-05,0.0015142977609416497,0.185,0.0011896883630213185,9.006564250173774e-15,1.9831530824694774,1.9997518452938798
noise_paired,B,0.028,0.01,5,R,completed,False,,,4.7436837398640926e-15,1.385301751819249e-12,0.06473109659979875,91,98,0.06927007450414517,0.024087790643545697,0.024533294986347855,2.0191316207545835e-09,0.051962392764989714,True,True,0.005927001665613301,2.749258674405405e-16,0.20191316207545829,37.14179257956139,0.0016583828745274365,0.0003799877145311825,0.0016583848936590573,0.185,0.0011896883630213185,4.465381731047499e-15,1.863378760208935,1.9997518452938798
noise_paired,B,0.04,0.01,5,R,completed,False,,,5.693504466015907e-15,1.1548572712837033e-12,0.11814992337285642,63,68,0.13090200006473865,0.024087790643545697,0.024533294986347855,2.0191316207545835e-09,0.08878702681902897,True,True,0.005927001665613301,1.3746293372027026e-16,0.2019131620754583,29.88093983285141,0.0015468626115412998,0.001024980086328453,0.0015468646306729206,0.185,0.0011896883630213185,2.7432830279501253e-15,1.7365124522786148,1.9997518452938798
noise_paired,B,0.005,0.01,5,P,completed,False,,,3.062208628977675e-14,4.996916442952037e-11,0.6488538240996831,511,547,0.9818114706125208,0.0240890095256717,0.021947323710536523,2.0191316207545835e-09,0.1045269221270015,True,True,0.005927001665613301,1.3746293372027026e-16,0.20191316207545837,362.3426708196644,0.0040275848660389635,2.181131469880526e-09,0.004027586885170584,0.185,0.0011896883630213185,1.860899273487357e-11,28.56236740002028,1.9997518452938798
noise_paired,B,0.007,0.01,5,P,completed,False,,,2.1290887923465697e-14,2.4825670134997383e-11,0.6239407228016737,365,391,1.042082446019985,0.0240890095256717,0.021947323710536523,2.0191316207545835e-09,0.08887085675789282,True,True,0.005927001665613301,1.3746293372027026e-16,0.20191316207545837,223.62186027169537,0.0028768463665038435,7.459241530005656e-09,0.002876848385635464,0.185,0.0011896883630213185,4.556778190761622e-12,19.88483309851775,1.9997518452938798
noise_paired,B,0.01,0.01,5,P,completed,False,,,1.626388536654698e-14,1.3257552840019167e-11,0.6462690706008798,255,273,1.0419830663102707,0.0240890095256717,0.021947323710536523,2.0191316207545835e-09,0.054658043473554435,True,True,0.005927001665613301,1.3746293372027026e-16,0.2019131620754583,171.10675548558248,0.0020138849624756205,1.2684122037864842e-05,0.002013886981607241,0.185,0.0011896883630213185,4.339525717715536e-12,14.567061820356342,1.9997518452938798
noise_paired,B,0.014,0.01,5,P,completed,False,,,1.1573246439094336e-14,6.738912706427571e-12,0.1977521676025954,182,195,0.27385464356580125,0.0240890095256717,0.021947323710536523,2.0191316207545835e-09,0.02580354156756679,True,True,0.005927001665613301,1.3746293372027026e-16,0.2019131620754583,107.4637058755239,0.0015315716611346841,3.2843963457263037e-07,0.001531573680266305,0.185,0.0011896883630213185,2.1640874068425076e-14,4.041387986140735,1.9997518452938798
noise_paired,B,0.02,0.01,5,P,completed,False,,,9.142121087064359e-15,3.719728919256582e-12,0.03839277161354667,127,136,0.04455367696561628,0.0240890095256717,0.021947323710536523,2.0191316207545835e-09,0.03221649320789605,True,True,0.005927001665613301,2.749258674405405e-16,0.20191316207545829,48.15712158568066,0.001514295741810029,3.5084823394565534e-05,0.0015142977609416497,0.185,0.0011896883630213185,9.006564250173774e-15,1.9831530824694774,1.9997518452938798
noise_paired,B,0.028,0.01,5,P,completed,False,,,4.7436837398640926e-15,1.385301751819249e-12,0.06473109659979875,91,98,0.06927007450414517,0.0240890095256717,0.021947323710536523,2.0191316207545835e-09,0.0501928201031601,True,True,0.005927001665613301,2.749258674405405e-16,0.20191316207545829,37.14179257956139,0.0016583828745274365,0.0003799877145311825,0.0016583848936590573,0.185,0.0011896883630213185,4.465381731047499e-15,1.863378760208935,1.9997518452938798
noise_paired,B,0.04,0.01,5,P,completed,False,,,5.693504466015907e-15,1.1548572712837033e-12,0.11814992337285642,63,68,0.13090200006473865,0.0240890095256717,0.021947323710536523,2.0191316207545835e-09,0.08769117458447716,True,True,0.005927001665613301,1.3746293372027026e-16,0.2019131620754583,29.88093983285141,0.0015468626115412998,0.001024980086328453,0.0015468646306729206,0.185,0.0011896883630213185,2.7432830279501253e-15,1.7365124522786148,1.9997518452938798
noise_paired,B,0.005,0.01,6,R,completed,False,,,3.0563972245970506e-14,4.987433384929344e-11,0.6249715281924402,511,547,1.266417445154169,0.024118815470915593,0.0255546050988399,2.0152997491326207e-09,0.10225292079699964,True,True,0.00642067386436984,9.640701309719503e-16,0.20152997491326186,295.859682219825,0.004019941479134093,6.001152047518943e-09,0.004019943494433842,0.1925,0.0012857031621223297,1.3979506022220928e-11,28.02696176212553,1.9997518452938798
noise_paired,B,0.007,0.01,6,R,completed,False,,,2.1250482459848705e-14,2.477855642536663e-11,0.7412666621392205,365,391,1.2730997571575844,0.024118815470915593,0.0255546050988399,2.0152997491326207e-09,0.08882022762887429,True,True,0.00642067386436984,0.0,0.20152997491326205,216.0115395131317,0.0028715702830048873,1.2447847148877589e-05,0.0028715722983046364,0.1925,0.0012857031621223297,9.681200338451971e-12,21.61242868601576,1.9997518452938798
noise_paired,B,0.01,0.01,6,R,completed,False,,,1.623302005783786e-14,1.3232392895029863e-11,0.5950174607458111,255,273,0.9747654542144484,0.024118815470915593,0.0255546050988399,2.0152997491326207e-09,0.05956291720383262,True,True,0.00642067386436984,4.1317291327369297e-16,0.20152997491326197,155.5709031778411,0.0020262165530546827,4.495066339404996e-05,0.002026218568354432,0.1925,0.0012857031621223297,2.3418994705371343e-13,12.7451494930494,1.9997518452938798
noise_paired,B,0.014,0.01,6,R,completed,False,,,1.1551282940455562e-14,6.7261237192722934e-12,0.17387776982243464,182,195,0.24156358844058962,0.024118815470915593,0.0255546050988399,2.0152997491326207e-09,0.02987173158927085,True,True,0.00642067386436984,2.7544860884912863e-16,0.201529974913262,106.78963046596104,0.0014359350284276484,0.00016293227987213,0.0014359370437273975,0.1925,0.0012857031621223297,1.0734581176318157e-14,3.903903882042118,1.9997518452938798
noise_paired,B,0.02,0.01,6,R,completed,False,,,9.124771334330072e-15,3.7126696847120956e-12,0.03999679853226849,127,136,0.04921361620883836,0.024118815470915593,0.0255546050988399,2.0152997491326207e-09,0.03540247667176097,True,True,0.00642067386436984,4.1317291327369297e-16,0.20152997491326197,62.17550582482405,0.0011303469498629426,0.0004858855648703919,0.0011303489651626917,0.1925,0.0012857031621223297,6.36644712402418e-15,1.950313401851572,1.9997518452938798
noise_paired,B,0.028,0.01,6,R,completed,False,,,4.73468126230418e-15,1.3826727511062256e-12,0.0669038981458052,91,98,0.07665234593259869,0.024118815470915593,0.0255546050988399,2.0152997491326207e-09,0.05216156338943004,True,True,0.00642067386436984,2.7544860884912863e-16,0.201529974913262,37.959627866652426,0.0016663902960218913,0.0008362082275437943,0.0016663923113216404,0.1925,0.0012857031621223297,3.158303684742385e-15,1.8533166309857705,1.9997518452938798
noise_paired,B,0.04,0.01,6,R,completed,False,,,5.682699435789748e-15,1.1526656039551535e-12,0.11930921832417515,63,68,0.13387969688054896,0.024118815470915593,0.0255546050988399,2.0152997491326207e-09,0.08871210986724747,True,True,0.00642067386436984,2.7544860884912863e-16,0.201529974913262,28.787042114292138,0.001815370768237512,0.0017226046800769557,0.001815372783537261,0.1925,0.0012857031621223297,2.629297586448958e-15,1.7294313788385478,1.9997518452938798
noise_paired,B,0.005,0.01,6,P,completed,False,,,3.0563972245970506e-14,4.987433384929344e-11,0.6249715281924402,511,547,1.266417445154169,0.024120174696769234,0.022580105664153027,2.0152997491326207e-09,0.10102494363592378,True,True,0.00642067386436984,9.640701309719503e-16,0.20152997491326186,295.859682219825,0.004019941479134093,6.001152047518943e-09,0.004019943494433842,0.1925,0.0012857031621223297,1.3979506022220928e-11,28.02696176212553,1.9997518452938798
noise_paired,B,0.007,0.01,6,P,completed,False,,,2.1250482459848705e-14,2.477855642536663e-11,0.7412666621392205,365,391,1.2730997571575844,0.024120174696769234,0.022580105664153027,2.0152997491326207e-09,0.08743459597189891,True,True,0.00642067386436984,0.0,0.20152997491326205,216.0115395131317,0.0028715702830048873,1.2447847148877589e-05,0.0028715722983046364,0.1925,0.0012857031621223297,9.681200338451971e-12,21.61242868601576,1.9997518452938798
noise_paired,B,0.01,0.01,6,P,completed,False,,,1.623302005783786e-14,1.3232392895029863e-11,0.5950174607458111,255,273,0.9747654542144484,0.024120174696769234,0.022580105664153027,2.0152997491326207e-09,0.057598922091926685,True,True,0.00642067386436984,4.1317291327369297e-16,0.20152997491326197,155.5709031778411,0.0020262165530546827,4.495066339404996e-05,0.002026218568354432,0.1925,0.0012857031621223297,2.3418994705371343e-13,12.7451494930494,1.9997518452938798
noise_paired,B,0.014,0.01,6,P,completed,False,,,1.1551282940455562e-14,6.7261237192722934e-12,0.17387776982243464,182,195,0.24156358844058962,0.024120174696769234,0.022580105664153027,2.0152997491326207e-09,0.026071922141466634,True,True,0.00642067386436984,2.7544860884912863e-16,0.201529974913262,106.78963046596104,0.0014359350284276484,0.00016293227987213,0.0014359370437273975,0.1925,0.0012857031621223297,1.0734581176318157e-14,3.903903882042118,1.9997518452938798
noise_paired,B,0.02,0.01,6,P,completed,False,,,9.124771334330072e-15,3.7126696847120956e-12,0.03999679853226849,127,136,0.04921361620883836,0.024120174696769234,0.022580105664153027,2.0152997491326207e-09,0.03231738177667014,True,True,0.00642067386436984,4.1317291327369297e-16,0.20152997491326197,62.17550582482405,0.0011303469498629426,0.0004858855648703919,0.0011303489651626917,0.1925,0.0012857031621223297,6.36644712402418e-15,1.950313401851572,1.9997518452938798
noise_paired,B,0.028,0.01,6,P,completed,False,,,4.73468126230418e-15,1.3826727511062256e-12,0.0669038981458052,91,98,0.07665234593259869,0.024120174696769234,0.022580105664153027,2.0152997491326207e-09,0.05006238386131886,True,True,0.00642067386436984,2.7544860884912863e-16,0.201529974913262,37.959627866652426,0.0016663902960218913,0.0008362082275437943,0.0016663923113216404,0.1925,0.0012857031621223297,3.158303684742385e-15,1.8533166309857705,1.9997518452938798
noise_paired,B,0.04,0.01,6,P,completed,False,,,5.682699435789748e-15,1.1526656039551535e-12,0.11930921832417515,63,68,0.13387969688054896,0.024120174696769234,0.022580105664153027,2.0152997491326207e-09,0.08738183552713832,True,True,0.00642067386436984,2.7544860884912863e-16,0.201529974913262,28.787042114292138,0.001815370768237512,0.0017226046800769557,0.001815372783537261,0.1925,0.0012857031621223297,2.629297586448958e-15,1.7294313788385478,1.9997518452938798
noise_paired,B,0.005,0.01,7,R,completed,False,,,3.0587550917680766e-14,4.9912809559686595e-11,0.7711679498755277,511,547,1.5276643972530706,0.024119111746957512,0.023835853990109256,2.0168544584092863e-09,0.10114254548143324,True,True,0.006920958543765331,1.1009451078594941e-15,0.2016854458409284,397.5809797683314,0.004023049617516955,1.568920320327294e-07,0.004023051634371414,0.2,0.001386262345323146,2.952186164426445e-10,29.956143171979576,1.9997518452938798
noise_paired,B,0.007,0.01,7,R,completed,False,,,2.12668762108171e-14,2.479767191999887e-11,0.5998354177819676,365,391,1.1863878314363911,0.024119111746957512,0.023835853990109256,2.0168544584092863e-09,0.09033706094106456,True,True,0.006920958543765331,2.7523627696487353e-16,0.20168544584092857,230.16928241167824,0.0028736020369035664,1.9060366388212735e-05,0.002873604053758025,0.2,0.001386262345323146,7.27482599490506e-11,19.76393627078454,1.9997518452938798
noise_paired,B,0.01,0.01,7,R,completed,False,,,1.6245543071788063e-14,1.3242601065797137e-11,0.48874553545010074,255,273,0.7011896931628504,0.024119111746957512,0.023835853990109256,2.0168544584092863e-09,0.05663364550011849,True,True,0.006920958543765331,1.3761813848243677e-16,0.20168544584092865,162.0470791375484,0.0020128613638759896,5.832630261848326e-05,0.002012863380730448,0.2,0.001386262345323146,6.816563509280774e-12,12.709041445225306,1.9997518452938798
noise_paired,B,0.014,0.01,7,R,completed,False,,,1.1560194213705431e-14,6.731312608392561e-12,0.12448069251663836,182,195,0.1624893421111262,0.024119111746957512,0.023835853990109256,2.0168544584092863e-09,0.0283188571390614,True,True,0.006920958543765331,2.7523627696487353e-16,0.20168544584092857,102.06337634846274,0.001702520725521961,1.3850815577809428e-08,0.0017025227423764194,0.2,0.001386262345323146,8.806695339205485e-15,2.995418272559518,1.9997518452938798
noise_paired,B,0.02,0.01,7,R,completed,False,,,9.131810667633738e-15,3.715533835319221e-12,0.04091872427620305,127,136,0.04172399422745337,0.024119111746957512,0.023835853990109256,2.0168544584092863e-09,0.0342763102768442,True,True,0.006920958543765331,4.1285441544731025e-16,0.20168544584092854,73.36583865830536,0.001639001335332041,9.729977752448438e-06,0.0016390033521864994,0.2,0.001386262345323146,3.3816268400175887e-15,1.9642968427796812,1.9997518452938798
noise_paired,B,0.028,0.01,7,R,completed,False,,,4.738333846930227e-15,1.3837394183122643e-12,0.06738244475930201,91,98,0.07406840476766403,0.024119111746957512,0.023835853990109256,2.0168544584092863e-09,0.051349027553783635,True,True,0.006920958543765331,2.7523627696487353e-16,0.20168544584092857,40.85858916661113,0.001770867340710136,0.0002899815064719147,0.0017708693575645945,0.2,0.001386262345323146,2.7554094622235216e-15,1.8595247391417729,1.9997518452938798
noise_paired,B,0.04,0.01,7,R,completed,False,,,5.6870833719923545e-15,1.1535548314301899e-12,0.12002086837946874,63,68,0.13360451360468645,0.024119111746957512,0.023835853990109256,2.0168544584092863e-09,0.08807443173823334,True,True,0.006920958543765331,1.3761813848243677e-16,0.2016854458409286,30.937687136939417,0.001959088617423249,0.0012232246996777274,0.0019590906342777078,0.2,0.001386262345323146,3.2023766679316126e-15,1.7308187197661606,1.9997518452938798
noise_paired,B,0.005,0.01,7,P,completed,False,,,3.0587550917680766e-14,4.9912809559686595e-11,0.7711679498755277,511,547,1.5276643972530706,0.024120615192457374,0.020452549196967595,2.0168544584092863e-09,0.09987360044158942,True,True,0.006920958543765331,1.1009451078594941e-15,0.2016854458409284,397.5809797683314,0.004023049617516955,1.568920320327294e-07,0.004023051634371414,0.2,0.001386262345323146,2.952186164426445e-10,29.956143171979576,1.9997518452938798
noise_paired,B,0.007,0.01,7,P,completed,False,,,2.12668762108171e-14,2.479767191999887e-11,0.5998354177819676,365,391,1.1863878314363911,0.024120615192457374,0.020452549196967595,2.0168544584092863e-09,0.0889440545869034,True,True,0.006920958543765331,2.7523627696487353e-16,0.20168544584092857,230.16928241167824,0.0028736020369035664,1.9060366388212735e-05,0.002873604053758025,0.2,0.001386262345323146,7.27482599490506e-11,19.76393627078454,1.9997518452938798
noise_paired,B,0.01,0.01,7,P,completed,False,,,1.6245543071788063e-14,1.3242601065797137e-11,0.48874553545010074,255,273,0.7011896931628504,0.024120615192457374,0.020452549196967595,2.0168544584092863e-09,0.054505090493503966,True,True,0.006920958543765331,1.3761813848243677e-16,0.20168544584092865,162.0470791375484,0.0020128613638759896,5.832630261848326e-05,0.002012863380730448,0.2,0.001386262345323146,6.816563509280774e-12,12.709041445225306,1.9997518452938798
noise_paired,B,0.014,0.01,7,P,completed,False,,,1.1560194213705431e-14,6.731312608392561e-12,0.12448069251663836,182,195,0.1624893421111262,0.024120615192457374,0.020452549196967595,2.0168544584092863e-09,0.024029938860900334,True,True,0.006920958543765331,2.7523627696487353e-16,0.20168544584092857,102.06337634846274,0.001702520725521961,1.3850815577809428e-08,0.0017025227423764194,0.2,0.001386262345323146,8.806695339205485e-15,2.995418272559518,1.9997518452938798
noise_paired,B,0.02,0.01,7,P,completed,False,,,9.131810667633738e-15,3.715533835319221e-12,0.04091872427620305,127,136,0.04172399422745337,0.024120615192457374,0.020452549196967595,2.0168544584092863e-09,0.030913922165791963,True,True,0.006920958543765331,4.1285441544731025e-16,0.20168544584092854,73.36583865830536,0.001639001335332041,9.729977752448438e-06,0.0016390033521864994,0.2,0.001386262345323146,3.3816268400175887e-15,1.9642968427796812,1.9997518452938798
noise_paired,B,0.028,0.01,7,P,completed,False,,,4.738333846930227e-15,1.3837394183122643e-12,0.06738244475930201,91,98,0.07406840476766403,0.024120615192457374,0.020452549196967595,2.0168544584092863e-09,0.04911553877171717,True,True,0.006920958543765331,2.7523627696487353e-16,0.20168544584092857,40.85858916661113,0.001770867340710136,0.0002899815064719147,0.0017708693575645945,0.2,0.001386262345323146,2.7554094622235216e-15,1.8595247391417729,1.9997518452938798
noise_paired,B,0.04,0.01,7,P,completed,False,,,5.6870833719923545e-15,1.1535548314301899e-12,0.12002086837946874,63,68,0.13360451360468645,0.024120615192457374,0.020452549196967595,2.0168544584092863e-09,0.08669444805195341,True,True,0.006920958543765331,1.3761813848243677e-16,0.2016854458409286,30.937687136939417,0.001959088617423249,0.0012232246996777274,0.0019590906342777078,0.2,0.001386262345323146,3.2023766679316126e-15,1.7308187197661606,1.9997518452938798
noise_paired,B,0.005,0.01,8,R,completed,False,,,3.063025747686935e-14,4.998249818436485e-11,0.6106911824502272,511,547,0.8483916706942586,0.024077694781808746,0.023929707664192952,2.019670405149665e-09,0.10443455009922263,True,True,0.005182136523029968,6.871313147149899e-16,0.20196704051496636,371.9042994538753,0.004028675756178546,6.030685265279168e-06,0.004028677775848951,0.18,0.001041225006963567,1.6600108143240214e-11,28.616512229999884,1.9997518452938798
noise_paired,B,0.007,0.01,8,R,completed,False,,,2.129656917675928e-14,2.4832294608374302e-11,0.6726992399678088,365,391,1.1699442914679035,0.024077694781808746,0.023929707664192952,2.019670405149665e-09,0.0812746304413482,True,True,0.005182136523029968,6.871313147149899e-16,0.20196704051496664,201.39206414028797,0.0028881456928251392,4.339444155676553e-07,0.0028881477124955445,0.18,0.001041225006963567,3.87485550024723e-13,19.303374603926134,1.9997518452938798
noise_paired,B,0.01,0.01,8,R,completed,False,,,1.6268225216187695e-14,1.32610904809108e-11,0.6692186232455133,255,273,1.064791247125553,0.024077694781808746,0.023929707664192952,2.019670405149665e-09,0.05817673801029125,True,True,0.005182136523029968,9.61983840600986e-16,0.2019670405149663,182.783002791012,0.0023846270126803015,5.311218122094896e-05,0.002384629032350707,0.18,0.001041225006963567,4.5279790045646046e-13,13.892436729687272,1.9997518452938798
noise_paired,B,0.014,0.01,8,R,completed,False,,,1.157633464023869e-14,6.740710915602604e-12,0.18230266326349023,182,195,0.28198725390585,0.024077694781808746,0.023929707664192952,2.019670405149665e-09,0.028437207915260967,True,True,0.005182136523029968,4.1227878882899395e-16,0.20196704051496642,85.95987290003929,0.00234817167331422,5.204257048557759e-05,0.0023481736929846253,0.18,0.001041225006963567,1.1763489789802262e-14,4.012044506988908,1.9997518452938798
noise_paired,B,0.02,0.01,8,R,completed,False,,,9.144560567546476e-15,3.720721490456512e-12,0.03719559822303708,127,136,0.04888055018696435,0.024077694781808746,0.023929707664192952,2.019670405149665e-09,0.03430050630596728,True,True,0.005182136523029968,1.3742626294299798e-16,0.20196704051496647,60.19912918590611,0.0018368263492859194,0.0004678001376083041,0.0018368283689563245,0.18,0.001041225006963567,4.547151244784863e-15,1.950776829964652,1.9997518452938798
noise_paired,B,0.028,0.01,8,R,completed,False,,,4.7449495428201596e-15,1.385671405267636e-12,0.06258934694019683,91,98,0.07182531139403309,0.024077694781808746,0.023929707664192952,2.019670405149665e-09,0.05181974465266464,True,True,0.005182136523029968,5.497050517719919e-16,0.2019670405149664,36.165713928837825,0.002022680360043827,0.001986725978381232,0.0020226823797142323,0.18,0.001041225006963567,3.692960574412763e-15,1.8589124895325102,1.9997518452938798
noise_paired,B,0.04,0.01,8,R,completed,False,,,5.695023718811557e-15,1.1551654330052664e-12,0.11642901613799599,63,68,0.1294687998790431,0.024077694781808746,0.023929707664192952,2.019670405149665e-09,0.08906592498129766,True,True,0.005182136523029968,1.3742626294299798e-16,0.20196704051496647,28.68160998272217,0.002454022848666443,0.002432181716084808,0.002454024868336848,0.18,0.001041225006963567,2.436912115027729e-15,1.7368388837060469,1.9997518452938798
noise_paired,B,0.005,0.01,8,P,completed,False,,,3.063025747686935e-14,4.998249818436485e-11,0.6106911824502272,511,547,0.8483916706942586,0.02407866384734937,0.021919442487324622,2.019670405149665e-09,0.10360758024975336,True,True,0.005182136523029968,6.871313147149899e-16,0.20196704051496636,371.9042994538753,0.004028675756178546,6.030685265279168e-06,0.004028677775848951,0.18,0.001041225006963567,1.6600108143240214e-11,28.616512229999884,1.9997518452938798
noise_paired,B,0.007,0.01,8,P,completed,False,,,2.129656917675928e-14,2.4832294608374302e-11,0.6726992399678088,365,391,1.1699442914679035,0.02407866384734937,0.021919442487324622,2.019670405149665e-09,0.0802295305275567,True,True,0.005182136523029968,6.871313147149899e-16,0.20196704051496664,201.39206414028797,0.0028881456928251392,4.339444155676553e-07,0.0028881477124955445,0.18,0.001041225006963567,3.87485550024723e-13,19.303374603926134,1.9997518452938798
noise_paired,B,0.01,0.01,8,P,completed,False,,,1.6268225216187695e-14,1.32610904809108e-11,0.6692186232455133,255,273,1.064791247125553,0.02407866384734937,0.021919442487324622,2.019670405149665e-09,0.05675337255890819,True,True,0.005182136523029968,9.61983840600986e-16,0.2019670405149663,182.783002791012,0.0023846270126803015,5.311218122094896e-05,0.002384629032350707,0.18,0.001041225006963567,4.5279790045646046e-13,13.892436729687272,1.9997518452938798
noise_paired,B,0.014,0.01,8,P,completed,False,,,1.157633464023869e-14,6.740710915602604e-12,0.18230266326349023,182,195,0.28198725390585,0.02407866384734937,0.021919442487324622,2.019670405149665e-09,0.025550741533731793,True,True,0.005182136523029968,4.1227878882899395e-16,0.20196704051496642,85.95987290003929,0.00234817167331422,5.204257048557759e-05,0.0023481736929846253,0.18,0.001041225006963567,1.1763489789802262e-14,4.012044506988908,1.9997518452938798
noise_paired,B,0.02,0.01,8,P,completed,False,,,9.144560567546476e-15,3.720721490456512e-12,0.03719559822303708,127,136,0.04888055018696435,0.02407866384734937,0.021919442487324622,2.019670405149665e-09,0.031999524398811936,True,True,0.005182136523029968,1.3742626294299798e-16,0.20196704051496647,60.19912918590611,0.0018368263492859194,0.0004678001376083041,0.0018368283689563245,0.18,0.001041225006963567,4.547151244784863e-15,1.950776829964652,1.9997518452938798
noise_paired,B,0.028,0.01,8,P,completed,False,,,4.7449495428201596e-15,1.385671405267636e-12,0.06258934694019683,91,98,0.07182531139403309,0.02407866384734937,0.021919442487324622,2.019670405149665e-09,0.050322590675580536,True,True,0.005182136523029968,5.497050517719919e-16,0.2019670405149664,36.165713928837825,0.002022680360043827,0.001986725978381232,0.0020226823797142323,0.18,0.001041225006963567,3.692960574412763e-15,1.8589124895325102,1.9997518452938798
noise_paired,B,0.04,0.01,8,P,completed,False,,,5.695023718811557e-15,1.1551654330052664e-12,0.11642901613799599,63,68,0.1294687998790431,0.02407866384734937,0.021919442487324622,2.019670405149665e-09,0.08815568788406802,True,True,0.005182136523029968,1.3742626294299798e-16,0.20196704051496647,28.68160998272217,0.002454022848666443,0.002432181716084808,0.002454024868336848,0.18,0.001041225006963567,2.436912115027729e-15,1.7368388837060469,1.9997518452938798
noise_paired,B,0.005,0.01,9,R,completed,False,,,3.053444131868942e-14,4.982614523970293e-11,0.7489478790147184,511,547,1.4265891030076674,0.02410790856160665,0.02390816981984623,2.013352565374492e-09,0.10079513295369515,True,True,0.005634474171944875,4.1357250726426433e-16,0.2013352565374493,448.06261960483613,0.004016057608488582,3.04635934980646e-06,0.004016059621841148,0.1875,0.001128062265164732,7.797141259992292e-12,28.408883005995854,1.9997518452938798
noise_paired,B,0.007,0.01,9,R,completed,False,,,2.1229950231669734e-14,2.4754615370125536e-11,0.6406703619603354,365,391,1.117530103653542,0.02410790856160665,0.02390816981984623,2.013352565374492e-09,0.08830298572844741,True,True,0.005634474171944875,5.514300096856858e-16,0.20133525653744933,269.2613173326599,0.002869726062970396,4.468325048218036e-06,0.002869728076322961,0.1875,0.001128062265164732,3.933960434672376e-11,20.715751979550785,1.9997518452938798
noise_paired,B,0.01,0.01,9,R,completed,False,,,1.6217335704671242e-14,1.3219607749526094e-11,0.6060367286475697,255,273,0.8319890699492822,0.02410790856160665,0.02390816981984623,2.013352565374492e-09,0.06196094176113954,True,True,0.005634474171944875,2.757150048428429e-16,0.20133525653744927,162.93166465083797,0.0020534867285197655,1.0762505451955562e-05,0.002053488741872331,0.1875,0.001128062265164732,6.559927778250034e-12,14.391859364368635,1.9997518452938798
noise_paired,B,0.014,0.01,9,R,completed,False,,,1.1540122084341288e-14,6.7196249347282244e-12,0.14184323248117944,182,195,0.20513621560552142,0.02410790856160665,0.02390816981984623,2.013352565374492e-09,0.02846826850175358,True,True,0.005634474171944875,1.3785750242142146e-16,0.2013352565374492,84.8537447632844,0.0014785206435468934,2.967726807634463e-06,0.0014785226568994588,0.1875,0.001128062265164732,1.4477433097297277e-14,3.348833573474983,1.9997518452938798
noise_paired,B,0.02,0.01,9,R,completed,False,,,9.11595497510287e-15,3.70908250116162e-12,0.0339165582837972,127,136,0.03787292205711582,0.02410790856160665,0.02390816981984623,2.013352565374492e-09,0.03450112520481472,True,True,0.005634474171944875,2.757150048428429e-16,0.20133525653744927,49.00208764431159,0.0015883815347011165,0.000135850917023006,0.001588383548053682,0.1875,0.001128062265164732,4.077668398477579e-15,1.9633444177399866,1.9997518452938798
noise_paired,B,0.028,0.01,9,R,completed,False,,,4.730106610589049e-15,1.3813368119116123e-12,0.06156312224237466,91,98,0.07043318526973592,0.02410790856160665,0.02390816981984623,2.013352565374492e-09,0.05206247067487501,True,True,0.005634474171944875,1.3785750242142146e-16,0.2013352565374492,39.08988454113265,0.0023223367669931716,0.0013978332341476885,0.002322338780345737,0.1875,0.001128062265164732,2.046157300672947e-15,1.8705478304379588,1.9997518452938798
noise_paired,B,0.04,0.01,9,R,completed,False,,,5.6772088083788846e-15,1.1515518977962852e-12,0.11545647826400462,63,68,0.1299570565180714,0.02410790856160665,0.02390816981984623,2.013352565374492e-09,0.08948738513638096,True,True,0.005634474171944875,1.3785750242142146e-16,0.2013352565374492,29.486681769086513,0.0025699915106728033,0.0025543121339794417,0.0025699935240253687,0.1875,0.001128062265164732,2.526817740370794e-15,1.735202424779804,1.9997518452938798
noise_paired,B,0.005,0.01,9,P,completed,False,,,3.053444131868942e-14,4.982614523970293e-11,0.7489478790147184,511,547,1.4265891030076674,0.02410907230884876,0.021439844584993758,2.013352565374492e-09,0.09982057832649689,True,True,0.005634474171944875,4.1357250726426433e-16,0.2013352565374493,448.06261960483613,0.004016057608488582,3.04635934980646e-06,0.004016059621841148,0.1875,0.001128062265164732,7.797141259992292e-12,28.408883005995854,1.9997518452938798
noise_paired,B,0.007,0.01,9,P,completed,False,,,2.1229950231669734e-14,2.4754615370125536e-11,0.6406703619603354,365,391,1.117530103653542,0.02410907230884876,0.021439844584993758,2.013352565374492e-09,0.0872031129888633,True,True,0.005634474171944875,5.514300096856858e-16,0.20133525653744933,269.2613173326599,0.002869726062970396,4.468325048218036e-06,0.002869728076322961,0.1875,0.001128062265164732,3.933960434672376e-11,20.715751979550785,1.9997518452938798
noise_paired,B,0.01,0.01,9,P,completed,False,,,1.6217335704671242e-14,1.3219607749526094e-11,0.6060367286475697,255,273,0.8319890699492822,0.02410907230884876,0.021439844584993758,2.013352565374492e-09,0.060426921657873625,True,True,0.005634474171944875,2.757150048428429e-16,0.20133525653744927,162.93166465083797,0.0020534867285197655,1.0762505451955562e-05,0.002053488741872331,0.1875,0.001128062265164732,6.559927778250034e-12,14.391859364368635,1.9997518452938798
noise_paired,B,0.014,0.01,9,P,completed,False,,,1.1540122084341288e-14,6.7196249347282244e-12,0.14184323248117944,182,195,0.20513621560552142,0.02410907230884876,0.021439844584993758,2.013352565374492e-09,0.025184526020035243,True,True,0.005634474171944875,1.3785750242142146e-16,0.2013352565374492,84.8537447632844,0.0014785206435468934,2.967726807634463e-06,0.0014785226568994588,0.1875,0.001128062265164732,1.4477433097297277e-14,3.348833573474983,1.9997518452938798
noise_paired,B,0.02,0.01,9,P,completed,False,,,9.11595497510287e-15,3.70908250116162e-12,0.0339165582837972,127,136,0.03787292205711582,0.02410907230884876,0.021439844584993758,2.013352565374492e-09,0.03191191455488063,True,True,0.005634474171944875,2.757150048428429e-16,0.20133525653744927,49.00208764431159,0.0015883815347011165,0.000135850917023006,0.001588383548053682,0.1875,0.001128062265164732,4.077668398477579e-15,1.9633444177399866,1.9997518452938798
noise_paired,B,0.028,0.01,9,P,completed,False,,,4.730106610589049e-15,1.3813368119116123e-12,0.06156312224237466,91,98,0.07043318526973592,0.02410907230884876,0.021439844584993758,2.013352565374492e-09,0.05035419586873861,True,True,0.005634474171944875,1.3785750242142146e-16,0.2013352565374492,39.08988454113265,0.0023223367669931716,0.0013978332341476885,0.002322338780345737,0.1875,0.001128062265164732,2.046157300672947e-15,1.8705478304379588,1.9997518452938798
noise_paired,B,0.04,0.01,9,P,completed,False,,,5.6772088083788846e-15,1.1515518977962852e-12,0.11545647826400462,63,68,0.1299570565180714,0.02410907230884876,0.021439844584993758,2.013352565374492e-09,0.08844682934353561,True,True,0.005634474171944875,1.3785750242142146e-16,0.2013352565374492,29.486681769086513,0.0025699915106728033,0.0025543121339794417,0.0025699935240253687,0.1875,0.001128062265164732,2.526817740370794e-15,1.735202424779804,1.9997518452938798
noise_paired,B,0.005,0.01,10,R,completed,False,,,3.068458623392984e-14,5.0071151928238386e-11,0.6267861178846786,511,547,1.062036350819496,0.024062305228061586,0.023614596454862306,2.023252685934164e-09,0.10456289392620975,True,True,0.0058725805690566495,6.859147107177515e-16,0.20232526859341624,348.2006037593951,0.004035816605465314,6.343676420272892e-08,0.0040358186287180004,0.19,0.0011812345459289418,3.0535382042273784e-11,28.283286095817886,1.9997518452938798
noise_paired,B,0.007,0.01,10,R,completed,False,,,2.133434281068645e-14,2.4876339543421017e-11,0.6239305239030245,365,391,0.9823324541907277,0.024062305228061586,0.023614596454862306,2.023252685934164e-09,0.09116044344491786,True,True,0.0058725805690566495,2.743658842871006e-16,0.20232526859341632,245.16499405440035,0.0028886514110610384,2.7200150166106773e-06,0.0028886534343137244,0.19,0.0011812345459289418,3.253045089028182e-11,20.217549460268003,1.9997518452938798
noise_paired,B,0.01,0.01,10,R,completed,False,,,1.629708009787594e-14,1.3284611620543356e-11,0.563096288531277,255,273,0.9740910402566675,0.024062305228061586,0.023614596454862306,2.023252685934164e-09,0.04876550701929247,True,True,0.0058725805690566495,0.0,0.20232526859341637,155.75945158050186,0.0026976703879464103,8.018460594394483e-07,0.0026976724111990964,0.19,0.0011812345459289418,1.0013844885294136e-13,12.470108387843473,1.9997518452938798
noise_paired,B,0.014,0.01,10,R,completed,False,,,1.159686753562148e-14,6.752666885807077e-12,0.24595307116961584,182,195,0.344634126229166,0.024062305228061586,0.023614596454862306,2.023252685934164e-09,0.029341200244082398,True,True,0.0058725805690566495,1.371829421435503e-16,0.2023252685934164,84.94614753049514,0.002827160851921362,7.402772948147951e-05,0.002827162875174048,0.19,0.0011812345459289418,1.850986024324549e-14,4.888587191951391,1.9997518452938798
noise_paired,B,0.02,0.01,10,R,completed,False,,,9.16078023562711e-15,3.727320918296692e-12,0.03870404687947246,127,136,0.05390766429021881,0.024062305228061586,0.023614596454862306,2.023252685934164e-09,0.03409145770407092,True,True,0.0058725805690566495,1.371829421435503e-16,0.2023252685934164,56.447234049786225,0.0025445134146218906,0.00015298877677727418,0.0025445154378745767,0.19,0.0011812345459289418,3.700080017155859e-15,1.9854684156348623,1.9997518452938798
noise_paired,B,0.028,0.01,10,R,completed,False,,,4.7533656395888806e-15,1.3881291647298053e-12,0.06509678166388085,91,98,0.07307378220782547,0.024062305228061586,0.023614596454862306,2.023252685934164e-09,0.05135538914140416,True,True,0.0058725805690566495,0.0,0.20232526859341637,40.80516409171446,0.002390747233227214,0.0009384192941236935,0.0023907492564799,0.19,0.0011812345459289418,2.8951102314046475e-15,1.8667045094563912,1.9997518452938798
noise_paired,B,0.04,0.01,10,R,completed,False,,,5.705124958094533e-15,1.1572143450074528e-12,0.11813271899138017,63,68,0.13110547707157313,0.024062305228061586,0.023614596454862306,2.023252685934164e-09,0.08832243981245654,True,True,0.0058725805690566495,0.0,0.20232526859341637,30.064138289754588,0.002288622889756703,0.0022429437014570286,0.002288624913009389,0.19,0.0011812345459289418,1.9420159411316907e-15,1.7357095975916945,1.9997518452938798
noise_paired,B,0.005,0.01,10,P,completed,False,,,3.068458623392984e-14,5.0071151928238386e-11,0.6267861178846786,511,547,1.062036350819496,0.024063425581163634,0.02125989954771341,2.023252685934164e-09,0.10362456879219019,True,True,0.0058725805690566495,6.859147107177515e-16,0.20232526859341624,348.2006037593951,0.004035816605465314,6.343676420272892e-08,0.0040358186287180004,0.19,0.0011812345459289418,3.0535382042273784e-11,28.283286095817886,1.9997518452938798
noise_paired,B,0.007,0.01,10,P,completed,False,,,2.133434281068645e-14,2.4876339543421017e-11,0.6239305239030245,365,391,0.9823324541907277,0.024063425581163634,0.02125989954771341,2.023252685934164e-09,0.09009715588184873,True,True,0.0058725805690566495,2.743658842871006e-16,0.20232526859341632,245.16499405440035,0.0028886514110610384,2.7200150166106773e-06,0.0028886534343137244,0.19,0.0011812345459289418,3.253045089028182e-11,20.217549460268003,1.9997518452938798
noise_paired,B,0.01,0.01,10,P,completed,False,,,1.629708009787594e-14,1.3284611620543356e-11,0.563096288531277,255,273,0.9740910402566675,0.024063425581163634,0.02125989954771341,2.023252685934164e-09,0.04681508131682613,True,True,0.0058725805690566495,0.0,0.20232526859341637,155.75945158050186,0.0026976703879464103,8.018460594394483e-07,0.0026976724111990964,0.19,0.0011812345459289418,1.0013844885294136e-13,12.470108387843473,1.9997518452938798
noise_paired,B,0.014,0.01,10,P,completed,False,,,1.159686753562148e-14,6.752666885807077e-12,0.24595307116961584,182,195,0.344634126229166,0.024063425581163634,0.02125989954771341,2.023252685934164e-09,0.026177401798223993,True,True,0.0058725805690566495,1.371829421435503e-16,0.2023252685934164,84.94614753049514,0.002827160851921362,7.402772948147951e-05,0.002827162875174048,0.19,0.0011812345459289418,1.850986024324549e-14,4.888587191951391,1.9997518452938798
noise_paired,B,0.02,0.01,10,P,completed,False,,,9.16078023562711e-15,3.727320918296692e-12,0.03870404687947246,127,136,0.05390766429021881,0.024063425581163634,0.02125989954771341,2.023252685934164e-09,0.031483963642029,True,True,0.0058725805690566495,1.371829421435503e-16,0.2023252685934164,56.447234049786225,0.0025445134146218906,0.00015298877677727418,0.0025445154378745767,0.19,0.0011812345459289418,3.700080017155859e-15,1.9854684156348623,1.9997518452938798
noise_paired,B,0.028,0.01,10,P,completed,False,,,4.7533656395888806e-15,1.3881291647298053e-12,0.06509678166388085,91,98,0.07307378220782547,0.024063425581163634,0.02125989954771341,2.023252685934164e-09,0.0496388495944719,True,True,0.0058725805690566495,0.0,0.20232526859341637,40.80516409171446,0.002390747233227214,0.0009384192941236935,0.0023907492564799,0.19,0.0011812345459289418,2.8951102314046475e-15,1.8667045094563912,1.9997518452938798
noise_paired,B,0.04,0.01,10,P,completed,False,,,5.705124958094533e-15,1.1572143450074528e-12,0.11813271899138017,63,68,0.13110547707157313,0.024063425581163634,0.02125989954771341,2.023252685934164e-09,0.0872777186030854,True,True,0.0058725805690566495,0.0,0.20232526859341637,30.064138289754588,0.002288622889756703,0.0022429437014570286,0.002288624913009389,0.19,0.0011812345459289418,1.9420159411316907e-15,1.7357095975916945,1.9997518452938798
noise_paired,B,0.005,0.01,11,R,completed,False,,,3.059194437501651e-14,4.9919978809683055e-11,0.7222846108034862,511,547,1.3714176056062386,0.024113555630326165,0.02406181705944282,2.01714415025285e-09,0.10420155073398196,True,True,0.005912071974892509,8.25590246849232e-16,0.20171441502528484,347.13997716641103,0.00402362044365101,5.696781400721385e-06,0.004023622460795161,0.2025,0.0011855411354806213,2.415610174908007e-12,28.55804512952301,1.9997518452938798
noise_paired,B,0.007,0.01,11,R,completed,False,,,2.1269930888635156e-14,2.4801233745327736e-11,0.6602641222435425,365,391,1.3721138592464743,0.024113555630326165,0.02406181705944282,2.01714415025285e-09,0.08892207864210575,True,True,0.005912071974892509,2.7519674894974403e-16,0.20171441502528506,241.56027536068618,0.0028796788464560408,3.143964114327158e-07,0.002879680863600191,0.2025,0.0011855411354806213,2.57044907975319e-12,19.473414040385563,1.9997518452938798
noise_paired,B,0.01,0.01,11,R,completed,False,,,1.6247876508046953e-14,1.3244503173061415e-11,0.48799818612489204,255,273,0.6697072355518625,0.024113555630326165,0.02406181705944282,2.01714415025285e-09,0.06569633558804439,True,True,0.005912071974892509,2.7519674894974403e-16,0.20171441502528495,164.25878865972626,0.002231891904247163,7.997967605699596e-06,0.002231893921391313,0.2025,0.0011855411354806213,8.658720193323767e-12,13.286769446967291,1.9997518452938798
noise_paired,B,0.014,0.01,11,R,completed,False,,,1.1561854667666182e-14,6.73227946366117e-12,0.14691946530387862,182,195,0.19800772980419942,0.024113555630326165,0.02406181705944282,2.01714415025285e-09,0.029454234225108688,True,True,0.005912071974892509,1.3759837447487201e-16,0.20171441502528498,146.57894758764647,0.0022395651650534143,2.3638136476267224e-05,0.0022395671821975644,0.2025,0.0011855411354806213,1.9268928806446287e-14,3.5182919865480375,1.9997518452938798
noise_paired,B,0.02,0.01,11,R,completed,False,,,9.133122319575874e-15,3.716067517778107e-12,0.036954233184226644,127,136,0.04397439306779182,0.024113555630326165,0.02406181705944282,2.01714415025285e-09,0.0345430585800626,True,True,0.005912071974892509,1.3759837447487201e-16,0.20171441502528498,53.89132749063581,0.002150353953859041,0.0003511771124821428,0.002150355971003191,0.2025,0.0011855411354806213,4.532104955143903e-15,1.9428760679711228,1.9997518452938798
noise_paired,B,0.028,0.01,11,R,completed,False,,,4.73901443975229e-15,1.3839381723777504e-12,0.06492869276043399,91,98,0.07255398804253552,0.024113555630326165,0.02406181705944282,2.01714415025285e-09,0.05179186774164994,True,True,0.005912071974892509,2.7519674894974403e-16,0.20171441502528495,38.03991444020904,0.0015985047231356075,0.0010976599612587123,0.0015985067402797578,0.2025,0.0011855411354806213,2.7740828759863496e-15,1.8629467578104735,1.9997518452938798
noise_paired,B,0.04,0.01,11,R,completed,False,,,5.687900238900952e-15,1.153720522823724e-12,0.11864575169555786,63,68,0.1314202143351061,0.024113555630326165,0.02406181705944282,2.01714415025285e-09,0.08867696050521501,True,True,0.005912071974892509,1.3759837447487201e-16,0.20171441502528503,31.872277933000078,0.0017865597795565513,0.0017365401004101055,0.0017865617967007016,0.2025,0.0011855411354806213,3.3007777335365182e-15,1.7368039167846971,1.9997518452938798
noise_paired,B,0.005,0.01,11,P,completed,False,,,3.059194437501651e-14,4.9919978809683055e-11,0.7222846108034862,511,547,1.3714176056062386,0.02411476039430084,0.021376937826179002,2.01714415025285e-09,0.10315491989360455,True,True,0.005912071974892509,8.25590246849232e-16,0.20171441502528484,347.13997716641103,0.00402362044365101,5.696781400721385e-06,0.004023622460795161,0.2025,0.0011855411354806213,2.415610174908007e-12,28.55804512952301,1.9997518452938798
noise_paired,B,0.007,0.01,11,P,completed,False,,,2.1269930888635156e-14,2.4801233745327736e-11,0.6602641222435425,365,391,1.3721138592464743,0.02411476039430084,0.021376937826179002,2.01714415025285e-09,0.08772990360383769,True,True,0.005912071974892509,2.7519674894974403e-16,0.20171441502528506,241.56027536068618,0.0028796788464560408,3.143964114327158e-07,0.002879680863600191,0.2025,0.0011855411354806213,2.57044907975319e-12,19.473414040385563,1.9997518452938798
noise_paired,B,0.01,0.01,11,P,completed,False,,,1.6247876508046953e-14,1.3244503173061415e-11,0.48799818612489204,255,273,0.6697072355518625,0.02411476039430084,0.021376937826179002,2.01714415025285e-09,0.06417018236610396,True,True,0.005912071974892509,2.7519674894974403e-16,0.20171441502528495,164.25878865972626,0.002231891904247163,7.997967605699596e-06,0.002231893921391313,0.2025,0.0011855411354806213,8.658720193323767e-12,13.286769446967291,1.9997518452938798
noise_paired,B,0.014,0.01,11,P,completed,False,,,1.1561854667666182e-14,6.73227946366117e-12,0.14691946530387862,182,195,0.19800772980419942,0.02411476039430084,0.021376937826179002,2.01714415025285e-09,0.026082636555657287,True,True,0.005912071974892509,1.3759837447487201e-16,0.20171441502528498,146.57894758764647,0.0022395651650534143,2.3638136476267224e-05,0.0022395671821975644,0.2025,0.0011855411354806213,1.9268928806446287e-14,3.5182919865480375,1.9997518452938798
noise_paired,B,0.02,0.01,11,P,completed,False,,,9.133122319575874e-15,3.716067517778107e-12,0.036954233184226644,127,136,0.04397439306779182,0.02411476039430084,0.021376937826179002,2.01714415025285e-09,0.03182690441823318,True,True,0.005912071974892509,1.3759837447487201e-16,0.20171441502528498,53.89132749063581,0.002150353953859041,0.0003511771124821428,0.002150355971003191,0.2025,0.0011855411354806213,4.532104955143903e-15,1.9428760679711228,1.9997518452938798
noise_paired,B,0.028,0.01,11,P,completed,False,,,4.73901443975229e-15,1.3839381723777504e-12,0.06492869276043399,91,98,0.07255398804253552,0.02411476039430084,0.021376937826179002,2.01714415025285e-09,0.04996881465061617,True,True,0.005912071974892509,2.7519674894974403e-16,0.20171441502528495,38.03991444020904,0.0015985047231356075,0.0010976599612587123,0.0015985067402797578,0.2025,0.0011855411354806213,2.7740828759863496e-15,1.8629467578104735,1.9997518452938798
noise_paired,B,0.04,0.01,11,P,completed,False,,,5.687900238900952e-15,1.153720522823724e-12,0.11864575169555786,63,68,0.1314202143351061,0.02411476039430084,0.021376937826179002,2.01714415025285e-09,0.08752682139703419,True,True,0.005912071974892509,1.3759837447487201e-16,0.20171441502528503,31.872277933000078,0.0017865597795565513,0.0017365401004101055,0.0017865617967007016,0.2025,0.0011855411354806213,3.3007777335365182e-15,1.7368039167846971,1.9997518452938798
noise_paired,B,0.005,0.01,12,R,completed,False,,,3.055727311492008e-14,4.986340219761478e-11,0.5613831447532003,511,547,0.8222762811349784,0.0241340266036809,0.024156112219356148,2.0148580278466345e-09,0.10513258756101879,True,True,0.006517701084312054,9.642814859618047e-16,0.20148580278466324,379.26550811433924,0.004019060356508342,1.120253009467831e-06,0.004019062371366369,0.2075,0.0013047204573435323,7.670023964898293e-11,27.659433912155045,1.9997518452938798
noise_paired,B,0.007,0.01,12,R,completed,False,,,2.1245824695938384e-14,2.4773125364397258e-11,0.62719168701675,365,391,1.0555146202158838,0.0241340266036809,0.024156112219356148,2.0148580278466345e-09,0.08811183107611721,True,True,0.006517701084312054,5.510179919781741e-16,0.20148580278466333,248.02318678400994,0.002870759027736508,2.576529717635001e-07,0.002870761042594536,0.2075,0.0013047204573435323,1.3891968215151288e-11,19.780947144737144,1.9997518452938798
noise_paired,B,0.01,0.01,12,R,completed,False,,,1.622946204097289e-14,1.3229492567369535e-11,0.5005403376309684,255,273,0.7633519469823695,0.0241340266036809,0.024156112219356148,2.0148580278466345e-09,0.06943551740397293,True,True,0.006517701084312054,0.0,0.20148580278466344,171.9126581287576,0.002014896162875285,5.2366349274080015e-06,0.0020148981777333127,0.2075,0.0013047204573435323,3.4562453293767174e-11,13.376115076965233,1.9997518452938798
noise_paired,B,0.014,0.01,12,R,completed,False,,,1.1548751085054178e-14,6.724649461152498e-12,0.17714676639393856,182,195,0.3076111353593256,0.0241340266036809,0.024156112219356148,2.0148580278466345e-09,0.028970500641894013,True,True,0.006517701084312054,1.3775449799454353e-16,0.2014858027846634,93.65353366284636,0.0017971567463308524,5.472259273628377e-05,0.0017971587611888802,0.2075,0.0013047204573435323,1.455906859238497e-14,3.750889042623978,1.9997518452938798
noise_paired,B,0.02,0.01,12,R,completed,False,,,9.122771331238787e-15,3.711855927240892e-12,0.03902447788023708,127,136,0.0520469938599885,0.0241340266036809,0.024156112219356148,2.0148580278466345e-09,0.03465903780792203,True,True,0.006517701084312054,5.510179919781741e-16,0.20148580278466333,64.57813046323521,0.002305883562730565,0.00029439663085881196,0.002305885577588593,0.2075,0.0013047204573435323,6.726636898639296e-15,1.9593837468212345,1.9997518452938798
noise_paired,B,0.028,0.01,12,R,completed,False,,,4.733643496335708e-15,1.3823696914814825e-12,0.06588448508033382,91,98,0.07653834138030904,0.0241340266036809,0.024156112219356148,2.0148580278466345e-09,0.05179994577158329,True,True,0.006517701084312054,2.7550899598908706e-16,0.20148580278466338,42.06608208224766,0.0016875430218157572,0.0011899052317550785,0.001687545036673785,0.2075,0.0013047204573435323,3.362545669666087e-15,1.8572426577954506,1.9997518452938798
noise_paired,B,0.04,0.01,12,R,completed,False,,,5.681453879487898e-15,1.152412958197067e-12,0.11897379754249139,63,68,0.1334375013460851,0.0241340266036809,0.024156112219356148,2.0148580278466345e-09,0.0886621552208821,True,True,0.006517701084312054,5.510179919781741e-16,0.20148580278466333,31.58596845521197,0.0026744756478003506,0.0021971535500532324,0.0026744776626583784,0.2075,0.0013047204573435323,2.1112032387298774e-15,1.7292493659093093,1.9997518452938798
noise_paired,B,0.005,0.01,12,P,completed,False,,,3.055727311492008e-14,4.986340219761478e-11,0.5613831447532003,511,547,0.8222762811349784,0.024135286572759502,0.021390339053866045,2.0148580278466345e-09,0.10403842714713676,True,True,0.006517701084312054,9.642814859618047e-16,0.20148580278466324,379.26550811433924,0.004019060356508342,1.120253009467831e-06,0.004019062371366369,0.2075,0.0013047204573435323,7.670023964898293e-11,27.659433912155045,1.9997518452938798
noise_paired,B,0.007,0.01,12,P,completed,False,,,2.1245824695938384e-14,2.4773125364397258e-11,0.62719168701675,365,391,1.0555146202158838,0.024135286572759502,0.021390339053866045,2.0148580278466345e-09,0.08681865476125931,True,True,0.006517701084312054,5.510179919781741e-16,0.20148580278466333,248.02318678400994,0.002870759027736508,2.576529717635001e-07,0.002870761042594536,0.2075,0.0013047204573435323,1.3891968215151288e-11,19.780947144737144,1.9997518452938798
noise_paired,B,0.01,0.01,12,P,completed,False,,,1.622946204097289e-14,1.3229492567369535e-11,0.5005403376309684,255,273,0.7633519469823695,0.024135286572759502,0.021390339053866045,2.0148580278466345e-09,0.06786992380080958,True,True,0.006517701084312054,0.0,0.20148580278466344,171.9126581287576,0.002014896162875285,5.2366349274080015e-06,0.0020148981777333127,0.2075,0.0013047204573435323,3.4562453293767174e-11,13.376115076965233,1.9997518452938798
noise_paired,B,0.014,0.01,12,P,completed,False,,,1.1548751085054178e-14,6.724649461152498e-12,0.17714676639393856,182,195,0.3076111353593256,0.024135286572759502,0.021390339053866045,2.0148580278466345e-09,0.025267746629384642,True,True,0.006517701084312054,1.3775449799454353e-16,0.2014858027846634,93.65353366284636,0.0017971567463308524,5.472259273628377e-05,0.0017971587611888802,0.2075,0.0013047204573435323,1.455906859238497e-14,3.750889042623978,1.9997518452938798
noise_paired,B,0.02,0.01,12,P,completed,False,,,9.122771331238787e-15,3.711855927240892e-12,0.03902447788023708,127,136,0.0520469938599885,0.024135286572759502,0.021390339053866045,2.0148580278466345e-09,0.03171136014269768,True,True,0.006517701084312054,5.510179919781741e-16,0.20148580278466333,64.57813046323521,0.002305883562730565,0.00029439663085881196,0.002305885577588593,0.2075,0.0013047204573435323,6.726636898639296e-15,1.9593837468212345,1.9997518452938798
noise_paired,B,0.028,0.01,12,P,completed,False,,,4.733643496335708e-15,1.3823696914814825e-12,0.06588448508033382,91,98,0.07653834138030904,0.024135286572759502,0.021390339053866045,2.0148580278466345e-09,0.04984026201405799,True,True,0.006517701084312054,2.7550899598908706e-16,0.20148580278466338,42.06608208224766,0.0016875430218157572,0.0011899052317550785,0.001687545036673785,0.2075,0.0013047204573435323,3.362545669666087e-15,1.8572426577954506,1.9997518452938798
noise_paired,B,0.04,0.01,12,P,completed,False,,,5.681453879487898e-15,1.152412958197067e-12,0.11897379754249139,63,68,0.1334375013460851,0.024135286572759502,0.021390339053866045,2.0148580278466345e-09,0.08743774654872942,True,True,0.006517701084312054,5.510179919781741e-16,0.20148580278466333,31.58596845521197,0.0026744756478003506,0.0021971535500532324,0.0026744776626583784,0.2075,0.0013047204573435323,2.1112032387298774e-15,1.7292493659093093,1.9997518452938798
noise_paired,B,0.005,0.01,13,R,completed,False,,,3.061643059616507e-14,4.995993546055428e-11,0.7668782444276349,511,547,1.4035919240272912,0.02410022408559957,0.02400439471034138,2.018758700709209e-09,0.10150816783730031,True,True,0.005539275971056784,4.124649806717086e-16,0.20187587007092098,290.8783018809073,0.004026841013155591,1.7852426997810866e-06,0.004026843031914292,0.1675,0.0011120860049351176,5.1814322988816396e-11,29.46616017366738,1.9997518452938798
noise_paired,B,0.007,0.01,13,R,completed,False,,,2.1286955639503193e-14,2.4821085000507867e-11,0.751566396739769,365,391,1.412214934588346,0.02410022408559957,0.02400439471034138,2.018758700709209e-09,0.08736805605667557,True,True,0.005539275971056784,4.124649806717086e-16,0.2018758700709208,242.33802808249968,0.0028764987842722356,1.3409505042777381e-05,0.002876500803030936,0.1675,0.0011120860049351176,1.2134478392842716e-12,21.23929385912632,1.9997518452938798
noise_paired,B,0.01,0.01,13,R,completed,False,,,1.6260881536184205e-14,1.3255104259076825e-11,0.5326179956820581,255,273,0.7207951205789269,0.02410022408559957,0.02400439471034138,2.018758700709209e-09,0.05639589090537241,True,True,0.005539275971056784,2.7497665378113905e-16,0.20187587007092084,175.44853414446553,0.002075980391460369,3.922207901546626e-06,0.0020759824102190697,0.1675,0.0011120860049351176,4.473343399563917e-12,13.219916865388443,1.9997518452938798
noise_paired,B,0.014,0.01,13,R,completed,False,,,1.1571108938228699e-14,6.73766807452422e-12,0.1328968170873401,182,195,0.1695249912654049,0.02410022408559957,0.02400439471034138,2.018758700709209e-09,0.02822052639843646,True,True,0.005539275971056784,0.0,0.2018758700709209,92.45865222196998,0.0019749087666756926,3.48198310299308e-05,0.001974910785434393,0.1675,0.0011120860049351176,8.636715231847372e-15,3.303247918702098,1.9997518452938798
noise_paired,B,0.02,0.01,13,R,completed,False,,,9.140432598718396e-15,3.719041910315167e-12,0.037269665969177815,127,136,0.037145287892905464,0.02410022408559957,0.02400439471034138,2.018758700709209e-09,0.03441912165210883,True,True,0.005539275971056784,0.0,0.2018758700709209,59.26398873542172,0.002201349364387678,0.00019258375162589658,0.0022013513831463786,0.1675,0.0011120860049351176,3.3870456820689598e-15,1.9652859448467939,1.9997518452938798
noise_paired,B,0.028,0.01,13,R,completed,False,,,4.74280761334647e-15,1.3850458958924556e-12,0.06524372854257456,91,98,0.07341662567777607,0.02410022408559957,0.02400439471034138,2.018758700709209e-09,0.05160553083376739,True,True,0.005539275971056784,0.0,0.2018758700709209,37.071088884263105,0.00223443136442536,0.0012120218493122392,0.0022344333831840605,0.1675,0.0011120860049351176,2.152137875385356e-15,1.8590173917873214,1.9997518452938798
noise_paired,B,0.04,0.01,13,R,completed,False,,,5.692452913991273e-15,1.1546439769042872e-12,0.1182158635591935,63,68,0.13216386819324802,0.02410022408559957,0.02400439471034138,2.018758700709209e-09,0.08859131633423632,True,True,0.005539275971056784,1.3748832689056952e-16,0.20187587007092092,28.062241051556704,0.0023687932385809407,0.002138099918375158,0.0023687952573396413,0.1675,0.0011120860049351176,2.4492699846233742e-15,1.7328268353279972,1.9997518452938798
noise_paired,B,0.005,0.01,13,P,completed,False,,,3.061643059616507e-14,4.995993546055428e-11,0.7668782444276349,511,547,1.4035919240272912,0.024101412059833592,0.021484799210963263,2.018758700709209e-09,0.10048116607017328,True,True,0.005539275971056784,4.124649806717086e-16,0.20187587007092098,290.8783018809073,0.004026841013155591,1.7852426997810866e-06,0.004026843031914292,0.1675,0.0011120860049351176,5.1814322988816396e-11,29.46616017366738,1.9997518452938798
noise_paired,B,0.007,0.01,13,P,completed,False,,,2.1286955639503193e-14,2.4821085000507867e-11,0.751566396739769,365,391,1.412214934588346,0.024101412059833592,0.021484799210963263,2.018758700709209e-09,0.0862053855744485,True,True,0.005539275971056784,4.124649806717086e-16,0.2018758700709208,242.33802808249968,0.0028764987842722356,1.3409505042777381e-05,0.002876500803030936,0.1675,0.0011120860049351176,1.2134478392842716e-12,21.23929385912632,1.9997518452938798
noise_paired,B,0.01,0.01,13,P,completed,False,,,1.6260881536184205e-14,1.3255104259076825e-11,0.5326179956820581,255,273,0.7207951205789269,0.024101412059833592,0.021484799210963263,2.018758700709209e-09,0.05463112833049106,True,True,0.005539275971056784,2.7497665378113905e-16,0.20187587007092084,175.44853414446553,0.002075980391460369,3.922207901546626e-06,0.0020759824102190697,0.1675,0.0011120860049351176,4.473343399563917e-12,13.219916865388443,1.9997518452938798
noise_paired,B,0.014,0.01,13,P,completed,False,,,1.1571108938228699e-14,6.73766807452422e-12,0.1328968170873401,182,195,0.1695249912654049,0.024101412059833592,0.021484799210963263,2.018758700709209e-09,0.02472627607858096,True,True,0.005539275971056784,0.0,0.2018758700709209,92.45865222196998,0.0019749087666756926,3.48198310299308e-05,0.001974910785434393,0.1675,0.0011120860049351176,8.636715231847372e-15,3.303247918702098,1.9997518452938798
noise_paired,B,0.02,0.01,13,P,completed,False,,,9.140432598718396e-15,3.719041910315167e-12,0.037269665969177815,127,136,0.037145287892905464,0.024101412059833592,0.021484799210963263,2.018758700709209e-09,0.031710192562820864,True,True,0.005539275971056784,0.0,0.2018758700709209,59.26398873542172,0.002201349364387678,0.00019258375162589658,0.0022013513831463786,0.1675,0.0011120860049351176,3.3870456820689598e-15,1.9652859448467939,1.9997518452938798
noise_paired,B,0.028,0.01,13,P,completed,False,,,4.74280761334647e-15,1.3850458958924556e-12,0.06524372854257456,91,98,0.07341662567777607,0.024101412059833592,0.021484799210963263,2.018758700709209e-09,0.04980835912596789,True,True,0.005539275971056784,0.0,0.2018758700709209,37.071088884263105,0.00223443136442536,0.0012120218493122392,0.0022344333831840605,0.1675,0.0011120860049351176,2.152137875385356e-15,1.8590173917873214,1.9997518452938798
noise_paired,B,0.04,0.01,13,P,completed,False,,,5.692452913991273e-15,1.1546439769042872e-12,0.1182158635591935,63,68,0.13216386819324802,0.024101412059833592,0.021484799210963263,2.018758700709209e-09,0.08749159426684443,True,True,0.005539275971056784,1.3748832689056952e-16,0.20187587007092092,28.062241051556704,0.0023687932385809407,0.002138099918375158,0.0023687952573396413,0.1675,0.0011120860049351176,2.4492699846233742e-15,1.7328268353279972,1.9997518452938798
noise_paired,B,0.005,0.01,14,R,completed,False,,,3.054039998603517e-14,4.9835868601643827e-11,0.7295456703251884,511,547,1.3342895523897944,0.024103165262758554,0.02533631315507167,2.0137454626298103e-09,0.10128629300029424,True,True,0.007889718120687153,2.756612107210618e-16,0.20137454626298099,350.9587800621966,0.00401684103499983,2.909101542991621e-09,0.0040168430487452925,0.215,0.001576351438189766,1.92659126129847e-11,28.835990026566677,1.9997518452938798
noise_paired,B,0.007,0.01,14,R,completed,False,,,2.123409316685159e-14,2.4759446128832505e-11,0.5362920476855758,365,391,0.7539802364573941,0.024103165262758554,0.02533631315507167,2.0137454626298103e-09,0.09193759066623819,True,True,0.007889718120687153,2.756612107210618e-16,0.2013745462629811,224.62326921110176,0.002869172276011661,2.6081787084242247e-06,0.0028691742897571236,0.215,0.001576351438189766,3.1685961659742284e-11,19.687809319628897,1.9997518452938798
noise_paired,B,0.01,0.01,14,R,completed,False,,,1.622050044928504e-14,1.3222187500182036e-11,0.5811844582315825,255,273,0.8279321864174761,0.024103165262758554,0.02533631315507167,2.0137454626298103e-09,0.05689043709440669,True,True,0.007889718120687153,4.134918160815927e-16,0.20137454626298096,158.06121721336686,0.00200998900062474,8.988803207238272e-06,0.0020099910143702025,0.215,0.001576351438189766,1.1159039086759478e-12,13.077278020006169,1.9997518452938798
noise_paired,B,0.014,0.01,14,R,completed,False,,,1.1542374090458326e-14,6.720936241172524e-12,0.1714584419685868,182,195,0.2123264773633441,0.024103165262758554,0.02533631315507167,2.0137454626298103e-09,0.02984595078328963,True,True,0.007889718120687153,2.756612107210618e-16,0.20137454626298099,105.23375985622533,0.0016279291203409874,1.1886371665631446e-05,0.00162793113408645,0.215,0.001576351438189766,9.22831540037682e-15,3.7675145616234467,1.9997518452938798
noise_paired,B,0.02,0.01,14,R,completed,False,,,9.117733915240292e-15,3.709806312956691e-12,0.03498375862569426,127,136,0.03473762889361642,0.024103165262758554,0.02533631315507167,2.0137454626298103e-09,0.03572598010696259,True,True,0.007889718120687153,1.378306053605309e-16,0.201374546262981,50.826599319161566,0.0015897190166935804,0.0002537168813669388,0.001589721030439043,0.215,0.001576351438189766,8.39504949288248e-15,1.9927785586886346,1.9997518452938798
noise_paired,B,0.028,0.01,14,R,completed,False,,,4.7310296709296094e-15,1.381606373960209e-12,0.06288628837763341,91,98,0.06625212412312169,0.024103165262758554,0.02533631315507167,2.0137454626298103e-09,0.05273747534342441,True,True,0.007889718120687153,2.756612107210618e-16,0.20137454626298099,36.93836320931625,0.0016582031837518996,0.0008183693740531073,0.0016582051974973623,0.215,0.001576351438189766,2.852337266339717e-15,1.8727182940288412,1.9997518452938798
noise_paired,B,0.04,0.01,14,R,completed,False,,,5.678316691715883e-15,1.1517766182887521e-12,0.11680640286294793,63,68,0.12944769521908828,0.024103165262758554,0.02533631315507167,2.0137454626298103e-09,0.08957986438928583,True,True,0.007889718120687153,4.134918160815927e-16,0.20137454626298096,31.248021159686726,0.0015887748777571598,0.001569777492615304,0.0015887768915026225,0.215,0.001576351438189766,1.9196975528139557e-15,1.737039424740762,1.9997518452938798
noise_paired,B,0.005,0.01,14,P,completed,False,,,3.054039998603517e-14,4.9835868601643827e-11,0.7295456703251884,511,547,1.3342895523897944,0.02410495554808992,0.02156507243620564,2.0137454626298103e-09,0.09984964456636228,True,True,0.007889718120687153,2.756612107210618e-16,0.20137454626298099,350.9587800621966,0.00401684103499983,2.909101542991621e-09,0.0040168430487452925,0.215,0.001576351438189766,1.92659126129847e-11,28.835990026566677,1.9997518452938798
noise_paired,B,0.007,0.01,14,P,completed,False,,,2.123409316685159e-14,2.4759446128832505e-11,0.5362920476855758,365,391,0.7539802364573941,0.02410495554808992,0.02156507243620564,2.0137454626298103e-09,0.09039357891441292,True,True,0.007889718120687153,2.756612107210618e-16,0.2013745462629811,224.62326921110176,0.002869172276011661,2.6081787084242247e-06,0.0028691742897571236,0.215,0.001576351438189766,3.1685961659742284e-11,19.687809319628897,1.9997518452938798
noise_paired,B,0.01,0.01,14,P,completed,False,,,1.622050044928504e-14,1.3222187500182036e-11,0.5811844582315825,255,273,0.8279321864174761,0.02410495554808992,0.02156507243620564,2.0137454626298103e-09,0.0544555163534517,True,True,0.007889718120687153,4.134918160815927e-16,0.20137454626298096,158.06121721336686,0.00200998900062474,8.988803207238272e-06,0.0020099910143702025,0.215,0.001576351438189766,1.1159039086759478e-12,13.077278020006169,1.9997518452938798
noise_paired,B,0.014,0.01,14,P,completed,False,,,1.1542374090458326e-14,6.720936241172524e-12,0.1714584419685868,182,195,0.2123264773633441,0.02410495554808992,0.02156507243620564,2.0137454626298103e-09,0.025290670926076092,True,True,0.007889718120687153,2.756612107210618e-16,0.20137454626298099,105.23375985622533,0.0016279291203409874,1.1886371665631446e-05,0.00162793113408645,0.215,0.001576351438189766,9.22831540037682e-15,3.7675145616234467,1.9997518452938798
noise_paired,B,0.02,0.01,14,P,completed,False,,,9.117733915240292e-15,3.709806312956691e-12,0.03498375862569426,127,136,0.03473762889361642,0.02410495554808992,0.02156507243620564,2.0137454626298103e-09,0.03212623792377386,True,True,0.007889718120687153,1.378306053605309e-16,0.201374546262981,50.826599319161566,0.0015897190166935804,0.0002537168813669388,0.001589721030439043,0.215,0.001576351438189766,8.39504949288248e-15,1.9927785586886346,1.9997518452938798
noise_paired,B,0.028,0.01,14,P,completed,False,,,4.7310296709296094e-15,1.381606373960209e-12,0.06288628837763341,91,98,0.06625212412312169,0.02410495554808992,0.02156507243620564,2.0137454626298103e-09,0.05029704786941569,True,True,0.007889718120687153,2.756612107210618e-16,0.20137454626298099,36.93836320931625,0.0016582031837518996,0.0008183693740531073,0.0016582051974973623,0.215,0.001576351438189766,2.852337266339717e-15,1.8727182940288412,1.9997518452938798
noise_paired,B,0.04,0.01,14,P,completed,False,,,5.678316691715883e-15,1.1517766182887521e-12,0.11680640286294793,63,68,0.12944769521908828,0.02410495554808992,0.02156507243620564,2.0137454626298103e-09,0.08805534612202384,True,True,0.007889718120687153,4.134918160815927e-16,0.20137454626298096,31.248021159686726,0.0015887748777571598,0.001569777492615304,0.0015887768915026225,0.215,0.001576351438189766,1.9196975528139557e-15,1.737039424740762,1.9997518452938798
noise_paired,B,0.005,0.01,15,R,completed,False,,,3.061872879446435e-14,4.996368566384291e-11,0.7246453931020678,511,547,1.387609229591436,0.02410906930521259,0.023613203419521913,2.0189102372444056e-09,0.10219055166364284,True,True,0.004851603132070585,4.124340216360329e-16,0.20189102372444045,343.12265435293506,0.004027791807056869,3.1294142779914047e-07,0.0040277938259671055,0.1925,0.0009747659455240959,3.1090805446494917e-10,29.68954347291245,1.9997518452938798
noise_paired,B,0.007,0.01,15,R,completed,False,,,2.1288553528097485e-14,2.4822948175744945e-11,0.5462192728891744,365,391,0.7424564895942468,0.02410906930521259,0.023613203419521913,2.0189102372444056e-09,0.09063362559964247,True,True,0.004851603132070585,2.7495601442402195e-16,0.2018910237244406,212.62328029738617,0.0029400299444077016,1.8869201662274904e-07,0.002940031963317939,0.1925,0.0009747659455240959,3.2509340891365136e-11,19.695912653742113,1.9997518452938798
noise_paired,B,0.01,0.01,15,R,completed,False,,,1.6262102146476247e-14,1.3256099243059995e-11,0.5851884413354062,255,273,0.9201220032216301,0.02410906930521259,0.023613203419521913,2.0189102372444056e-09,0.05942014428007366,True,True,0.004851603132070585,1.3747800721201097e-16,0.2018910237244405,175.4284796947271,0.0024673072749437364,2.5568884855775575e-06,0.0024673092938539737,0.1925,0.0009747659455240959,7.947029164414982e-12,14.284200261622097,1.9997518452938798
noise_paired,B,0.014,0.01,15,R,completed,False,,,1.1571977514426668e-14,6.738173832282668e-12,0.19056316377603336,182,195,0.22321835371215223,0.02410906930521259,0.023613203419521913,2.0189102372444056e-09,0.02871237223366727,True,True,0.004851603132070585,2.7495601442402195e-16,0.20189102372444048,126.53799680849984,0.0025471178509589854,0.0003288439010609434,0.0025471198698692227,0.1925,0.0009747659455240959,2.0881461867615616e-14,3.920279757719054,1.9997518452938798
noise_paired,B,0.02,0.01,15,R,completed,False,,,9.141118718107366e-15,3.719321077273131e-12,0.03928826999871388,127,136,0.04677199190805133,0.02410906930521259,0.023613203419521913,2.0189102372444056e-09,0.0339278447340481,True,True,0.004851603132070585,2.7495601442402195e-16,0.20189102372444048,59.5155741981861,0.002054900197149545,0.0007305908706795039,0.0020549022160597824,0.1925,0.0009747659455240959,6.163440307141926e-15,1.9422952242189244,1.9997518452938798
noise_paired,B,0.028,0.01,15,R,completed,False,,,4.7431636284722885e-15,1.3851498632740342e-12,0.0659197952551096,91,98,0.07660502386594711,0.02410906930521259,0.023613203419521913,2.0189102372444056e-09,0.051262592926119406,True,True,0.004851603132070585,2.7495601442402195e-16,0.20189102372444048,34.89702818880007,0.0014998523559559551,0.0013939305891726705,0.0014998543748661925,0.1925,0.0009747659455240959,3.3230040622522695e-15,1.856206929437858,1.9997518452938798
noise_paired,B,0.04,0.01,15,R,completed,False,,,5.692880213495197e-15,1.1547306493469046e-12,0.11881721464826091,63,68,0.13294205811136045,0.02410906930521259,0.023613203419521913,2.0189102372444056e-09,0.08826044784945555,True,True,0.004851603132070585,4.124340216360329e-16,0.20189102372444045,30.483006116441985,0.0025867615041048064,0.002490972065162106,0.0025867635230150438,0.1925,0.0009747659455240959,2.0234535631002596e-15,1.7328197593639467,1.9997518452938798
noise_paired,B,0.005,0.01,15,P,completed,False,,,3.061872879446435e-14,4.996368566384291e-11,0.7246453931020678,511,547,1.387609229591436,0.024109920373417665,0.02161587079636064,2.0189102372444056e-09,0.10130627614447484,True,True,0.004851603132070585,4.124340216360329e-16,0.20189102372444045,343.12265435293506,0.004027791807056869,3.1294142779914047e-07,0.0040277938259671055,0.1925,0.0009747659455240959,3.1090805446494917e-10,29.68954347291245,1.9997518452938798
noise_paired,B,0.007,0.01,15,P,completed,False,,,2.1288553528097485e-14,2.4822948175744945e-11,0.5462192728891744,365,391,0.7424564895942468,0.024109920373417665,0.02161587079636064,2.0189102372444056e-09,0.08965366147099314,True,True,0.004851603132070585,2.7495601442402195e-16,0.2018910237244406,212.62328029738617,0.0029400299444077016,1.8869201662274904e-07,0.002940031963317939,0.1925,0.0009747659455240959,3.2509340891365136e-11,19.695912653742113,1.9997518452938798
noise_paired,B,0.01,0.01,15,P,completed,False,,,1.6262102146476247e-14,1.3256099243059995e-11,0.5851884413354062,255,273,0.9201220032216301,0.024109920373417665,0.02161587079636064,2.0189102372444056e-09,0.05803073453271568,True,True,0.004851603132070585,1.3747800721201097e-16,0.2018910237244405,175.4284796947271,0.0024673072749437364,2.5568884855775575e-06,0.0024673092938539737,0.1925,0.0009747659455240959,7.947029164414982e-12,14.284200261622097,1.9997518452938798
noise_paired,B,0.014,0.01,15,P,completed,False,,,1.1571977514426668e-14,6.738173832282668e-12,0.19056316377603336,182,195,0.22321835371215223,0.024109920373417665,0.02161587079636064,2.0189102372444056e-09,0.02585477419182163,True,True,0.004851603132070585,2.7495601442402195e-16,0.20189102372444048,126.53799680849984,0.0025471178509589854,0.0003288439010609434,0.0025471198698692227,0.1925,0.0009747659455240959,2.0881461867615616e-14,3.920279757719054,1.9997518452938798
noise_paired,B,0.02,0.01,15,P,completed,False,,,9.141118718107366e-15,3.719321077273131e-12,0.03928826999871388,127,136,0.04677199190805133,0.024109920373417665,0.02161587079636064,2.0189102372444056e-09,0.0316646813342458,True,True,0.004851603132070585,2.7495601442402195e-16,0.20189102372444048,59.5155741981861,0.002054900197149545,0.0007305908706795039,0.0020549022160597824,0.1925,0.0009747659455240959,6.163440307141926e-15,1.9422952242189244,1.9997518452938798
noise_paired,B,0.028,0.01,15,P,completed,False,,,4.7431636284722885e-15,1.3851498632740342e-12,0.0659197952551096,91,98,0.07660502386594711,0.024109920373417665,0.02161587079636064,2.0189102372444056e-09,0.0497564524491961,True,True,0.004851603132070585,2.7495601442402195e-16,0.20189102372444048,34.89702818880007,0.0014998523559559551,0.0013939305891726705,0.0014998543748661925,0.1925,0.0009747659455240959,3.3230040622522695e-15,1.856206929437858,1.9997518452938798
noise_paired,B,0.04,0.01,15,P,completed,False,,,5.692880213495197e-15,1.1547306493469046e-12,0.11881721464826091,63,68,0.13294205811136045,0.024109920373417665,0.02161587079636064,2.0189102372444056e-09,0.08730528324235738,True,True,0.004851603132070585,4.124340216360329e-16,0.20189102372444045,30.483006116441985,0.0025867615041048064,0.002490972065162106,0.0025867635230150438,0.1925,0.0009747659455240959,2.0234535631002596e-15,1.7328197593639467,1.9997518452938798
noise_paired,B,0.005,0.01,16,R,completed,False,,,3.0583214451107985e-14,4.9905733307299095e-11,0.7113215099965559,511,547,1.1893169562540749,0.024143650912238124,0.02369173218869297,2.016568524371462e-09,0.10344798851628306,True,True,0.004851338032547196,2.7527530336991613e-16,0.20165685243714612,326.3173388969371,0.0040224894408185385,2.040256621177461e-06,0.004022491457387063,0.165,0.0009735823805216093,9.811978478443676e-11,29.421422745439056,1.9997518452938798
noise_paired,B,0.007,0.01,16,R,completed,False,,,2.126386115746929e-14,2.479415629772322e-11,0.6771030073839025,365,391,1.2910958775162302,0.024143650912238124,0.02369173218869297,2.016568524371462e-09,0.08892997013529037,True,True,0.004851338032547196,0.0,0.20165685243714618,247.93879229103106,0.0028838672590222048,1.1573647618806637e-05,0.0028838692755907293,0.165,0.0009735823805216093,1.201776340444594e-10,21.013475223191847,1.9997518452938798
noise_paired,B,0.01,0.01,16,R,completed,False,,,1.6243239904245257e-14,1.3240723632163663e-11,0.4380503678016541,255,273,0.6924509339413633,0.024143650912238124,0.02369173218869297,2.016568524371462e-09,0.057359400988465294,True,True,0.004851338032547196,0.0,0.20165685243714618,159.51395371983696,0.002375135044414778,0.00012687913550321617,0.0023751370609833024,0.165,0.0009735823805216093,3.1018272186087142e-12,11.918051053693025,1.9997518452938798
noise_paired,B,0.014,0.01,16,R,completed,False,,,1.1558555298712942e-14,6.73035829491399e-12,0.1335612634328745,182,195,0.1795802275473022,0.024143650912238124,0.02369173218869297,2.016568524371462e-09,0.02818458456195874,True,True,0.004851338032547196,0.0,0.20165685243714618,114.60873167103847,0.0025956919206142626,7.190433491621739e-06,0.002595693937182787,0.165,0.0009735823805216093,2.896725856806677e-14,3.2581523646234656,1.9997518452938798
noise_paired,B,0.02,0.01,16,R,completed,False,,,9.13051603009261e-15,3.715007075647607e-12,0.037729305651600833,127,136,0.048844016686458096,0.024143650912238124,0.02369173218869297,2.016568524371462e-09,0.03417895791613119,True,True,0.004851338032547196,0.0,0.20165685243714618,52.36796137416964,0.0012346918614724034,0.00020874734417189456,0.0012346938780409278,0.165,0.0009735823805216093,4.427274558898171e-15,1.9646896421228301,1.9997518452938798
noise_paired,B,0.028,0.01,16,R,completed,False,,,4.737662082577692e-15,1.383543242431786e-12,0.06461927616498928,91,98,0.07334555980107195,0.024143650912238124,0.02369173218869297,2.016568524371462e-09,0.051681823115888065,True,True,0.004851338032547196,0.0,0.20165685243714618,38.522532535847894,0.0018933694214670338,0.0012534964477707577,0.0018933714380355582,0.165,0.0009735823805216093,2.4659947299190195e-15,1.860359172920548,1.9997518452938798
noise_paired,B,0.04,0.01,16,R,completed,False,,,5.686277101264579e-15,1.1533912893414548e-12,0.11825453593013371,63,68,0.1323257196827033,0.024143650912238124,0.02369173218869297,2.016568524371462e-09,0.08890416610930554,True,True,0.004851338032547196,1.3763765168495807e-16,0.2016568524371462,29.62715331434497,0.0019485629885157008,0.0016993761011381558,0.0019485650050842251,0.165,0.0009735823805216093,2.2335880669612522e-15,1.734933693368562,1.9997518452938798
noise_paired,B,0.005,0.01,16,P,completed,False,,,3.0583214451107985e-14,4.9905733307299095e-11,0.7113215099965559,511,547,1.1893169562540749,0.02414461947450115,0.02157687424976511,2.016568524371462e-09,0.10258031673127427,True,True,0.004851338032547196,2.7527530336991613e-16,0.20165685243714612,326.3173388969371,0.0040224894408185385,2.040256621177461e-06,0.004022491457387063,0.165,0.0009735823805216093,9.811978478443676e-11,29.421422745439056,1.9997518452938798
noise_paired,B,0.007,0.01,16,P,completed,False,,,2.126386115746929e-14,2.479415629772322e-11,0.6771030073839025,365,391,1.2910958775162302,0.02414461947450115,0.02157687424976511,2.016568524371462e-09,0.08793167007807434,True,True,0.004851338032547196,0.0,0.20165685243714618,247.93879229103106,0.0028838672590222048,1.1573647618806637e-05,0.0028838692755907293,0.165,0.0009735823805216093,1.201776340444594e-10,21.013475223191847,1.9997518452938798
noise_paired,B,0.01,0.01,16,P,completed,False,,,1.6243239904245257e-14,1.3240723632163663e-11,0.4380503678016541,255,273,0.6924509339413633,0.02414461947450115,0.02157687424976511,2.016568524371462e-09,0.05585219030273286,True,True,0.004851338032547196,0.0,0.20165685243714618,159.51395371983696,0.002375135044414778,0.00012687913550321617,0.0023751370609833024,0.165,0.0009735823805216093,3.1018272186087142e-12,11.918051053693025,1.9997518452938798
noise_paired,B,0.014,0.01,16,P,completed,False,,,1.1558555298712942e-14,6.73035829491399e-12,0.1335612634328745,182,195,0.1795802275473022,0.02414461947450115,0.02157687424976511,2.016568524371462e-09,0.0251695956160211,True,True,0.004851338032547196,0.0,0.20165685243714618,114.60873167103847,0.0025956919206142626,7.190433491621739e-06,0.002595693937182787,0.165,0.0009735823805216093,2.896725856806677e-14,3.2581523646234656,1.9997518452938798
noise_paired,B,0.02,0.01,16,P,completed,False,,,9.13051603009261e-15,3.715007075647607e-12,0.037729305651600833,127,136,0.048844016686458096,0.02414461947450115,0.02157687424976511,2.016568524371462e-09,0.031822238150997634,True,True,0.004851338032547196,0.0,0.20165685243714618,52.36796137416964,0.0012346918614724034,0.00020874734417189456,0.0012346938780409278,0.165,0.0009735823805216093,4.427274558898171e-15,1.9646896421228301,1.9997518452938798
noise_paired,B,0.028,0.01,16,P,completed,False,,,4.737662082577692e-15,1.383543242431786e-12,0.06461927616498928,91,98,0.07334555980107195,0.02414461947450115,0.02157687424976511,2.016568524371462e-09,0.05011824662263416,True,True,0.004851338032547196,0.0,0.20165685243714618,38.522532535847894,0.0018933694214670338,0.0012534964477707577,0.0018933714380355582,0.165,0.0009735823805216093,2.4659947299190195e-15,1.860359172920548,1.9997518452938798
noise_paired,B,0.04,0.01,16,P,completed,False,,,5.686277101264579e-15,1.1533912893414548e-12,0.11825453593013371,63,68,0.1323257196827033,0.02414461947450115,0.02157687424976511,2.016568524371462e-09,0.08794364240275343,True,True,0.004851338032547196,1.3763765168495807e-16,0.2016568524371462,29.62715331434497,0.0019485629885157008,0.0016993761011381558,0.0019485650050842251,0.165,0.0009735823805216093,2.2335880669612522e-15,1.734933693368562,1.9997518452938798
noise_paired,B,0.005,0.01,17,R,completed,False,,,3.062095111996942e-14,4.9967312057796876e-11,0.6365951845954771,511,547,1.044529684443446,0.02408953388741777,0.02426219483617711,2.019056770947448e-09,0.10423511338989354,True,True,0.0058612810101765726,9.622762079058914e-16,0.20190567709474497,390.591478875627,0.004027500295634895,6.43529232707829e-07,0.004027502314691666,0.1925,0.0011765299384163316,3.190180996478159e-11,28.478865393156685,1.9997518452938798
noise_paired,B,0.007,0.01,17,R,completed,False,,,2.12900986639452e-14,2.4824749840053497e-11,0.5710906889111551,365,391,0.9408106838380661,0.02408953388741777,0.02426219483617711,2.019056770947448e-09,0.08946606354346485,True,True,0.0058612810101765726,1.3746802970084164e-16,0.20190567709474475,242.899649775126,0.0029012545022688296,9.334739956290417e-07,0.0029012565213256004,0.1925,0.0011765299384163316,2.1096863360277125e-11,19.40118825514147,1.9997518452938798
noise_paired,B,0.01,0.01,17,R,completed,False,,,1.6263282459499983e-14,1.3257061378609237e-11,0.5269882085714647,255,273,0.8396986619940126,0.02408953388741777,0.02426219483617711,2.019056770947448e-09,0.05202679651882322,True,True,0.0058612810101765726,2.749360594016833e-16,0.20190567709474472,164.33260130584958,0.0024056205302441236,3.0418001213949886e-06,0.0024056225493008943,0.1925,0.0011765299384163316,5.827711785720599e-13,12.519597805542766,1.9997518452938798
noise_paired,B,0.014,0.01,17,R,completed,False,,,1.1572817415421487e-14,6.738662892937853e-12,0.13134306592703995,182,195,0.14893296826768432,0.02408953388741777,0.02426219483617711,2.019056770947448e-09,0.028650726047869463,True,True,0.0058612810101765726,2.749360594016833e-16,0.20190567709474472,130.5390938826337,0.001990746805853816,2.9675918999633177e-05,0.0019907488249105865,0.1925,0.0011765299384163316,1.5714672480313577e-14,3.3583419574270423,1.9997518452938798
noise_paired,B,0.02,0.01,17,R,completed,False,,,9.141782185928273e-15,3.719591027803968e-12,0.03473862824530074,127,136,0.037429055295732726,0.02408953388741777,0.02426219483617711,2.019056770947448e-09,0.03464546322723418,True,True,0.0058612810101765726,1.3746802970084164e-16,0.2019056770947448,67.78555834882334,0.0021785884839643777,0.0007678431199169555,0.0021785905030211484,0.1925,0.0011765299384163316,5.531286375877815e-15,1.9695052224119243,1.9997518452938798
noise_paired,B,0.028,0.01,17,R,completed,False,,,4.74350789010304e-15,1.3852503982730597e-12,0.0632985906215494,91,98,0.06945444950574008,0.02408953388741777,0.02426219483617711,2.019056770947448e-09,0.051965200882000025,True,True,0.0058612810101765726,1.3746802970084164e-16,0.20190567709474475,40.3555113580239,0.0020509164748791775,0.001745535617938665,0.0020509184939359482,0.1925,0.0011765299384163316,3.4706445637749257e-15,1.865191201333026,1.9997518452938798
noise_paired,B,0.04,0.01,17,R,completed,False,,,5.693293406119252e-15,1.1548144603826525e-12,0.11730658623135122,63,68,0.12964224807742988,0.02408953388741777,0.02426219483617711,2.019056770947448e-09,0.08901362382087098,True,True,0.0058612810101765726,2.749360594016833e-16,0.20190567709474472,29.262621550487292,0.002095158175424078,0.002090155481900946,0.0020951601944808485,0.1925,0.0011765299384163316,2.0889438194007017e-15,1.7388833606272591,1.9997518452938798
noise_paired,B,0.005,0.01,17,P,completed,False,,,3.062095111996942e-14,4.9967312057796876e-11,0.6365951845954771,511,547,1.044529684443446,0.024090705849558074,0.021839533991704227,2.019056770947448e-09,0.10327335608645011,True,True,0.0058612810101765726,9.622762079058914e-16,0.20190567709474497,390.591478875627,0.004027500295634895,6.43529232707829e-07,0.004027502314691666,0.1925,0.0011765299384163316,3.190180996478159e-11,28.478865393156685,1.9997518452938798
noise_paired,B,0.007,0.01,17,P,completed,False,,,2.12900986639452e-14,2.4824749840053497e-11,0.5710906889111551,365,391,0.9408106838380661,0.024090705849558074,0.021839533991704227,2.019056770947448e-09,0.08835758825968798,True,True,0.0058612810101765726,1.3746802970084164e-16,0.20190567709474475,242.899649775126,0.0029012545022688296,9.334739956290417e-07,0.0029012565213256004,0.1925,0.0011765299384163316,2.1096863360277125e-11,19.40118825514147,1.9997518452938798
noise_paired,B,0.01,0.01,17,P,completed,False,,,1.6263282459499983e-14,1.3257061378609237e-11,0.5269882085714647,255,273,0.8396986619940126,0.024090705849558074,0.021839533991704227,2.019056770947448e-09,0.05017748987947954,True,True,0.0058612810101765726,2.749360594016833e-16,0.20190567709474472,164.33260130584958,0.0024056205302441236,3.0418001213949886e-06,0.0024056225493008943,0.1925,0.0011765299384163316,5.827711785720599e-13,12.519597805542766,1.9997518452938798
noise_paired,B,0.014,0.01,17,P,completed,False,,,1.1572817415421487e-14,6.738662892937853e-12,0.13134306592703995,182,195,0.14893296826768432,0.024090705849558074,0.021839533991704227,2.019056770947448e-09,0.02533612259238566,True,True,0.0058612810101765726,2.749360594016833e-16,0.20190567709474472,130.5390938826337,0.001990746805853816,2.9675918999633177e-05,0.0019907488249105865,0.1925,0.0011765299384163316,1.5714672480313577e-14,3.3583419574270423,1.9997518452938798
noise_paired,B,0.02,0.01,17,P,completed,False,,,9.141782185928273e-15,3.719591027803968e-12,0.03473862824530074,127,136,0.037429055295732726,0.024090705849558074,0.021839533991704227,2.019056770947448e-09,0.03201837900340985,True,True,0.0058612810101765726,1.3746802970084164e-16,0.2019056770947448,67.78555834882334,0.0021785884839643777,0.0007678431199169555,0.0021785905030211484,0.1925,0.0011765299384163316,5.531286375877815e-15,1.9695052224119243,1.9997518452938798
noise_paired,B,0.028,0.01,17,P,completed,False,,,4.74350789010304e-15,1.3852503982730597e-12,0.0632985906215494,91,98,0.06945444950574008,0.024090705849558074,0.021839533991704227,2.019056770947448e-09,0.050233606679324624,True,True,0.0058612810101765726,1.3746802970084164e-16,0.20190567709474475,40.3555113580239,0.0020509164748791775,0.001745535617938665,0.0020509184939359482,0.1925,0.0011765299384163316,3.4706445637749257e-15,1.865191201333026,1.9997518452938798
noise_paired,B,0.04,0.01,17,P,completed,False,,,5.693293406119252e-15,1.1548144603826525e-12,0.11730658623135122,63,68,0.12964224807742988,0.024090705849558074,0.021839533991704227,2.019056770947448e-09,0.08795254509829745,True,True,0.0058612810101765726,2.749360594016833e-16,0.20190567709474472,29.262621550487292,0.002095158175424078,0.002090155481900946,0.0020951601944808485,0.1925,0.0011765299384163316,2.0889438194007017e-15,1.7388833606272591,1.9997518452938798
noise_paired,B,0.005,0.01,18,R,completed,False,,,3.0609634113716576e-14,4.994884495072432e-11,0.7695271864969291,511,547,1.4415012253455455,0.02412719059117584,0.02336877475826296,2.0183105603541796e-09,0.10078481461779046,True,True,0.0050081023777790775,2.750377088722984e-16,0.201831056035418,314.4461674457376,0.004025967755860588,1.5453470841864103e-07,0.004025969774171148,0.17,0.0010057536742730342,1.7947681707219486e-11,29.39704117977089,1.9997518452938798
noise_paired,B,0.007,0.01,18,R,completed,False,,,2.1282230189228017e-14,2.4815575015663996e-11,0.6307560246645506,365,391,1.1056122140197662,0.02412719059117584,0.02336877475826296,2.0183105603541796e-09,0.09239832009347992,True,True,0.0050081023777790775,4.125565633084476e-16,0.20183105603541804,253.60910543976422,0.002881729478132977,4.953510428229446e-07,0.0028817314964435375,0.17,0.0010057536742730342,7.61038807789324e-12,20.70629337617399,1.9997518452938798
noise_paired,B,0.01,0.01,18,R,completed,False,,,1.6257271814416983e-14,1.3252161784017016e-11,0.6491826796662913,255,273,0.9657395209337332,0.02412719059117584,0.02336877475826296,2.0183105603541796e-09,0.052882409616885,True,True,0.0050081023777790775,9.626319810530444e-16,0.20183105603541815,160.79357625202508,0.0021349631892053633,1.3818697057438323e-05,0.0021349652075159237,0.17,0.0010057536742730342,2.9864905914039903e-13,14.161219905645332,1.9997518452938798
noise_paired,B,0.014,0.01,18,R,completed,False,,,1.1568540290046111e-14,6.736172392567815e-12,0.20819575754314826,182,195,0.2791080129434947,0.02412719059117584,0.02336877475826296,2.0183105603541796e-09,0.028093941100970993,True,True,0.0050081023777790775,4.125565633084476e-16,0.20183105603541804,109.39173827898148,0.0019247219784262748,2.9753375677787908e-05,0.0019247239967368351,0.17,0.0010057536742730342,1.288340359573811e-14,4.35330109031009,1.9997518452938798
noise_paired,B,0.02,0.01,18,R,completed,False,,,9.138403531693955e-15,3.718216327365867e-12,0.03816265098943956,127,136,0.049138625546287,0.02412719059117584,0.02336877475826296,2.0183105603541796e-09,0.03394574115015995,True,True,0.0050081023777790775,1.375188544361492e-16,0.20183105603541798,53.42766286521139,0.0018735284912556605,0.0002607122506241011,0.0018735305095662208,0.17,0.0010057536742730342,3.390190617486184e-15,1.9431965305816683,1.9997518452938798
noise_paired,B,0.028,0.01,18,R,completed,False,,,4.741754766620938e-15,1.3847384322221819e-12,0.06427183553204682,91,98,0.0743845305624554,0.02412719059117584,0.02336877475826296,2.0183105603541796e-09,0.05151368445865861,True,True,0.0050081023777790775,2.750377088722984e-16,0.201831056035418,37.537933283030846,0.0015224823280282351,0.0013782782227552692,0.0015224843463387955,0.17,0.0010057536742730342,3.107631861755428e-15,1.8594681604089034,1.9997518452938798
noise_paired,B,0.04,0.01,18,R,completed,False,,,5.691189257334849e-15,1.154387659712163e-12,0.11794134755827321,63,68,0.1318651144895902,0.02412719059117584,0.02336877475826296,2.0183105603541796e-09,0.08885172230471261,True,True,0.0050081023777790775,2.750377088722984e-16,0.201831056035418,28.02841037466371,0.001934031004483805,0.0018428163274555875,0.0019340330227943653,0.17,0.0010057536742730342,1.9959627345029593e-15,1.7322324647722147,1.9997518452938798
noise_paired,B,0.005,0.01,18,P,completed,False,,,3.0609634113716576e-14,4.994884495072432e-11,0.7695271864969291,511,547,1.4415012253455455,0.024128139208826494,0.021375491264374102,2.0183105603541796e-09,0.09995502546118046,True,True,0.0050081023777790775,2.750377088722984e-16,0.201831056035418,314.4461674457376,0.004025967755860588,1.5453470841864103e-07,0.004025969774171148,0.17,0.0010057536742730342,1.7947681707219486e-11,29.39704117977089,1.9997518452938798
noise_paired,B,0.007,0.01,18,P,completed,False,,,2.1282230189228017e-14,2.4815575015663996e-11,0.6307560246645506,365,391,1.1056122140197662,0.024128139208826494,0.021375491264374102,2.0183105603541796e-09,0.09151093789544461,True,True,0.0050081023777790775,4.125565633084476e-16,0.20183105603541804,253.60910543976422,0.002881729478132977,4.953510428229446e-07,0.0028817314964435375,0.17,0.0010057536742730342,7.61038807789324e-12,20.70629337617399,1.9997518452938798
noise_paired,B,0.01,0.01,18,P,completed,False,,,1.6257271814416983e-14,1.3252161784017016e-11,0.6491826796662913,255,273,0.9657395209337332,0.024128139208826494,0.021375491264374102,2.0183105603541796e-09,0.05135912040954083,True,True,0.0050081023777790775,9.626319810530444e-16,0.20183105603541815,160.79357625202508,0.0021349631892053633,1.3818697057438323e-05,0.0021349652075159237,0.17,0.0010057536742730342,2.9864905914039903e-13,14.161219905645332,1.9997518452938798
noise_paired,B,0.014,0.01,18,P,completed,False,,,1.1568540290046111e-14,6.736172392567815e-12,0.20819575754314826,182,195,0.2791080129434947,0.024128139208826494,0.021375491264374102,2.0183105603541796e-09,0.02527132634468792,True,True,0.0050081023777790775,4.125565633084476e-16,0.20183105603541804,109.39173827898148,0.0019247219784262748,2.9753375677787908e-05,0.0019247239967368351,0.17,0.0010057536742730342,1.288340359573811e-14,4.35330109031009,1.9997518452938798
noise_paired,B,0.02,0.01,18,P,completed,False,,,9.138403531693955e-15,3.718216327365867e-12,0.03816265098943956,127,136,0.049138625546287,0.024128139208826494,0.021375491264374102,2.0183105603541796e-09,0.03171761408981879,True,True,0.0050081023777790775,1.375188544361492e-16,0.20183105603541798,53.42766286521139,0.0018735284912556605,0.0002607122506241011,0.0018735305095662208,0.17,0.0010057536742730342,3.390190617486184e-15,1.9431965305816683,1.9997518452938798
noise_paired,B,0.028,0.01,18,P,completed,False,,,4.741754766620938e-15,1.3847384322221819e-12,0.06427183553204682,91,98,0.0743845305624554,0.024128139208826494,0.021375491264374102,2.0183105603541796e-09,0.050048974880540546,True,True,0.0050081023777790775,2.750377088722984e-16,0.201831056035418,37.537933283030846,0.0015224823280282351,0.0013782782227552692,0.0015224843463387955,0.17,0.0010057536742730342,3.107631861755428e-15,1.8594681604089034,1.9997518452938798
noise_paired,B,0.04,0.01,18,P,completed,False,,,5.691189257334849e-15,1.154387659712163e-12,0.11794134755827321,63,68,0.1318651144895902,0.024128139208826494,0.021375491264374102,2.0183105603541796e-09,0.08796536766390314,True,True,0.0050081023777790775,2.750377088722984e-16,0.201831056035418,28.02841037466371,0.001934031004483805,0.0018428163274555875,0.0019340330227943653,0.17,0.0010057536742730342,1.9959627345029593e-15,1.7322324647722147,1.9997518452938798
noise_paired,B,0.005,0.01,19,R,completed,False,,,3.0622056827673116e-14,4.9969116353217305e-11,0.5889652669518338,511,547,0.8978566886575992,0.024097135590542336,0.02474850909075545,2.019129678108857e-09,0.10272639416448243,True,True,0.00582321624299082,9.622414618330804e-16,0.20191296781088552,316.44568237428786,0.004027580991353502,1.662333148910733e-08,0.00402758301048318,0.195,0.0011689756756845316,1.7712728196398838e-11,27.142765166489347,1.9997518452938798
noise_paired,B,0.007,0.01,19,R,completed,False,,,2.1290867439089142e-14,2.482564624973825e-11,0.7709209304646342,365,391,1.5263393398431793,0.024097135590542336,0.02474850909075545,2.019129678108857e-09,0.08404686231518992,True,True,0.00582321624299082,1.3746306597615434e-16,0.20191296781088575,248.7018422176066,0.0028768722610075514,9.28732798810561e-06,0.0028768742801372296,0.195,0.0011689756756845316,4.080566137790549e-12,21.42243969764343,1.9997518452938798
noise_paired,B,0.01,0.01,19,R,completed,False,,,1.6263869718747165e-14,1.3257540084670233e-11,0.6137940202621217,255,273,0.9311703251668204,0.024097135590542336,0.02474850909075545,2.019129678108857e-09,0.0598657905541385,True,True,0.00582321624299082,1.3746306597615434e-16,0.20191296781088575,160.59586241738185,0.0020142344782629884,6.900064306036846e-08,0.0020142364973926665,0.195,0.0011689756756845316,2.700328556207402e-12,14.274726653882704,1.9997518452938798
noise_paired,B,0.014,0.01,19,R,completed,False,,,1.1573235304249286e-14,6.7389062227888455e-12,0.14223803945560293,182,195,0.15522159315078207,0.024097135590542336,0.02474850909075545,2.019129678108857e-09,0.029178304040535848,True,True,0.00582321624299082,5.498522639046174e-16,0.2019129678108856,105.93343572651622,0.001563440189276788,1.7345212016656175e-05,0.001563442208406466,0.195,0.0011689756756845316,4.160090653755734e-14,3.298406657590646,1.9997518452938798
noise_paired,B,0.02,0.01,19,R,completed,False,,,9.142112291252201e-15,3.719725340433184e-12,0.039133620627077766,127,136,0.043168056477882195,0.024097135590542336,0.02474850909075545,2.019129678108857e-09,0.03501566397079054,True,True,0.00582321624299082,4.1238919792846307e-16,0.20191296781088564,52.503299938364655,0.0017839963719700203,0.00018497030298456063,0.0017839983910996984,0.195,0.0011689756756845316,6.854594725798202e-15,1.9643975478071933,1.9997518452938798
noise_paired,B,0.028,0.01,19,R,completed,False,,,4.743679175873886e-15,1.385300418993543e-12,0.0654783825153521,91,98,0.07519559514669535,0.024097135590542336,0.02474850909075545,2.019129678108857e-09,0.05199606754902145,True,True,0.00582321624299082,4.1238919792846307e-16,0.20191296781088564,37.35225356779221,0.0016925689424315549,0.0014975525469961282,0.001692570961561233,0.195,0.0011689756756845316,2.392870587259954e-15,1.8557456554526444,1.9997518452938798
noise_paired,B,0.04,0.01,19,R,completed,False,,,5.693498988184742e-15,1.1548561601731054e-12,0.1185894469892774,63,68,0.13233190602012584,0.024097135590542336,0.02474850909075545,2.019129678108857e-09,0.08873975494651261,True,True,0.00582321624299082,5.498522639046174e-16,0.2019129678108856,28.84388572939882,0.0022885210920288446,0.0022328811172001306,0.0022885231111585227,0.195,0.0011689756756845316,3.208302286115774e-15,1.7325516250812596,1.9997518452938798
noise_paired,B,0.005,0.01,19,P,completed,False,,,3.0622056827673116e-14,4.9969116353217305e-11,0.5889652669518338,511,547,0.8978566886575992,0.024098418890306398,0.02204402770806175,2.019129678108857e-09,0.101657189449846,True,True,0.00582321624299082,9.622414618330804e-16,0.20191296781088552,316.44568237428786,0.004027580991353502,1.662333148910733e-08,0.00402758301048318,0.195,0.0011689756756845316,1.7712728196398838e-11,27.142765166489347,1.9997518452938798
noise_paired,B,0.007,0.01,19,P,completed,False,,,2.1290867439089142e-14,2.482564624973825e-11,0.7709209304646342,365,391,1.5263393398431793,0.024098418890306398,0.02204402770806175,2.019129678108857e-09,0.08276055888589065,True,True,0.00582321624299082,1.3746306597615434e-16,0.20191296781088575,248.7018422176066,0.0028768722610075514,9.28732798810561e-06,0.0028768742801372296,0.195,0.0011689756756845316,4.080566137790549e-12,21.42243969764343,1.9997518452938798
noise_paired,B,0.01,0.01,19,P,completed,False,,,1.6263869718747165e-14,1.3257540084670233e-11,0.6137940202621217,255,273,0.9311703251668204,0.024098418890306398,0.02204402770806175,2.019129678108857e-09,0.05811493654325056,True,True,0.00582321624299082,1.3746306597615434e-16,0.20191296781088575,160.59586241738185,0.0020142344782629884,6.900064306036846e-08,0.0020142364973926665,0.195,0.0011689756756845316,2.700328556207402e-12,14.274726653882704,1.9997518452938798
noise_paired,B,0.014,0.01,19,P,completed,False,,,1.1573235304249286e-14,6.7389062227888455e-12,0.14223803945560293,182,195,0.15522159315078207,0.024098418890306398,0.02204402770806175,2.019129678108857e-09,0.025648746982931937,True,True,0.00582321624299082,5.498522639046174e-16,0.2019129678108856,105.93343572651622,0.001563440189276788,1.7345212016656175e-05,0.001563442208406466,0.195,0.0011689756756845316,4.160090653755734e-14,3.298406657590646,1.9997518452938798
noise_paired,B,0.02,0.01,19,P,completed,False,,,9.142112291252201e-15,3.719725340433184e-12,0.039133620627077766,127,136,0.043168056477882195,0.024098418890306398,0.02204402770806175,2.019129678108857e-09,0.032225960102152486,True,True,0.00582321624299082,4.1238919792846307e-16,0.20191296781088564,52.503299938364655,0.0017839963719700203,0.00018497030298456063,0.0017839983910996984,0.195,0.0011689756756845316,6.854594725798202e-15,1.9643975478071933,1.9997518452938798
noise_paired,B,0.028,0.01,19,P,completed,False,,,4.743679175873886e-15,1.385300418993543e-12,0.0654783825153521,91,98,0.07519559514669535,0.024098418890306398,0.02204402770806175,2.019129678108857e-09,0.050109558946095194,True,True,0.00582321624299082,4.1238919792846307e-16,0.20191296781088564,37.35225356779221,0.0016925689424315549,0.0014975525469961282,0.001692570961561233,0.195,0.0011689756756845316,2.392870587259954e-15,1.8557456554526444,1.9997518452938798
noise_paired,B,0.04,0.01,19,P,completed,False,,,5.693498988184742e-15,1.1548561601731054e-12,0.1185894469892774,63,68,0.13233190602012584,0.024098418890306398,0.02204402770806175,2.019129678108857e-09,0.08757000325129236,True,True,0.00582321624299082,5.498522639046174e-16,0.2019129678108856,28.84388572939882,0.0022885210920288446,0.0022328811172001306,0.0022885231111585227,0.195,0.0011689756756845316,3.208302286115774e-15,1.7325516250812596,1.9997518452938798
noise_paired,B,0.005,0.01,20,R,completed,False,,,3.0562731205926206e-14,4.9872308718365054e-11,0.6909810160077681,511,547,1.201773710755036,0.02414577781439757,0.025758536147194228,2.015217918548892e-09,0.10286794691708125,True,True,0.00676001968193911,1.2395690721157097e-15,0.20152179185488897,367.6916376180684,0.004020233896851272,4.849520851557543e-08,0.004020235912069191,0.215,0.001353143999211555,9.469258018933407e-11,29.302121074496547,1.9997518452938798
noise_paired,B,0.007,0.01,20,R,completed,False,,,2.1249619590995102e-14,2.477755030022961e-11,0.5884078720300685,365,391,0.9318685387430555,0.02414577781439757,0.025758536147194228,2.015217918548892e-09,0.08717986828956892,True,True,0.00676001968193911,5.509195876069821e-16,0.2015217918548891,261.5545038421972,0.0028725504684478653,9.82027422435916e-07,0.002872552483665784,0.215,0.001353143999211555,1.7135700021275242e-12,18.859039354933433,1.9997518452938798
noise_paired,B,0.01,0.01,20,R,completed,False,,,1.6232360921395465e-14,1.3231855598066876e-11,0.6709358483165164,255,273,1.0573665754488355,0.02414577781439757,0.025758536147194228,2.015217918548892e-09,0.06894798124264133,True,True,0.00676001968193911,2.7545979380349106e-16,0.20152179185488917,178.64450055737245,0.002222569171037969,5.4268351930786274e-05,0.002222571186255888,0.215,0.001353143999211555,8.091214738634973e-12,14.494816515330971,1.9997518452938798
noise_paired,B,0.014,0.01,20,R,completed,False,,,1.1550813904409566e-14,6.725850607230071e-12,0.24054391026916533,182,195,0.4302172739948542,0.02414577781439757,0.025758536147194228,2.015217918548892e-09,0.03181574198707592,True,True,0.00676001968193911,5.509195876069821e-16,0.2015217918548891,108.63124366911283,0.0019458996712338472,2.1047601470258748e-05,0.0019459016864517658,0.215,0.001353143999211555,1.0032854218236915e-14,5.005088947988552,1.9997518452938798
noise_paired,B,0.02,0.01,20,R,completed,False,,,9.124400825990062e-15,3.7125189329801904e-12,0.04095553349344483,127,136,0.054126301670540056,0.02414577781439757,0.025758536147194228,2.015217918548892e-09,0.03566261224862888,True,True,0.00676001968193911,5.509195876069821e-16,0.2015217918548891,49.198642902996454,0.0019171536827251034,0.00019909474253809734,0.001917155697943022,0.215,0.001353143999211555,3.6803035920734716e-15,1.9703143161910894,1.9997518452938798
noise_paired,B,0.028,0.01,20,R,completed,False,,,4.7344890121281806e-15,1.3826166081337587e-12,0.06657632744189522,91,98,0.07569434317558729,0.02414577781439757,0.025758536147194228,2.015217918548892e-09,0.05247751142495397,True,True,0.00676001968193911,1.3772989690174553e-16,0.2015217918548892,36.03207063358704,0.0019417008176391137,0.001112174381644765,0.0019417028328570323,0.215,0.001353143999211555,2.2088530635338573e-15,1.850457000179685,1.9997518452938798
noise_paired,B,0.04,0.01,20,R,completed,False,,,5.682468691647502e-15,1.1526188003472756e-12,0.11951287650489405,63,68,0.1339165162198322,0.02414577781439757,0.025758536147194228,2.015217918548892e-09,0.08911913676088709,True,True,0.00676001968193911,2.7545979380349106e-16,0.20152179185488917,28.356654941993785,0.0020229194151126506,0.0019481838124561224,0.0020229214303305694,0.215,0.001353143999211555,5.159949734833563e-15,1.7266398388679607,1.9997518452938798
noise_paired,B,0.005,0.01,20,P,completed,False,,,3.0562731205926206e-14,4.9872308718365054e-11,0.6909810160077681,511,547,1.201773710755036,0.02414721758709739,0.022949069923128184,2.015217918548892e-09,0.1017359089318745,True,True,0.00676001968193911,1.2395690721157097e-15,0.20152179185488897,367.6916376180684,0.004020233896851272,4.849520851557543e-08,0.004020235912069191,0.215,0.001353143999211555,9.469258018933407e-11,29.302121074496547,1.9997518452938798
noise_paired,B,0.007,0.01,20,P,completed,False,,,2.1249619590995102e-14,2.477755030022961e-11,0.5884078720300685,365,391,0.9318685387430555,0.02414721758709739,0.022949069923128184,2.015217918548892e-09,0.08585810218384135,True,True,0.00676001968193911,5.509195876069821e-16,0.2015217918548891,261.5545038421972,0.0028725504684478653,9.82027422435916e-07,0.002872552483665784,0.215,0.001353143999211555,1.7135700021275242e-12,18.859039354933433,1.9997518452938798
noise_paired,B,0.01,0.01,20,P,completed,False,,,1.6232360921395465e-14,1.3231855598066876e-11,0.6709358483165164,255,273,1.0573665754488355,0.02414721758709739,0.022949069923128184,2.015217918548892e-09,0.06735792303940231,True,True,0.00676001968193911,2.7545979380349106e-16,0.20152179185488917,178.64450055737245,0.002222569171037969,5.4268351930786274e-05,0.002222571186255888,0.215,0.001353143999211555,8.091214738634973e-12,14.494816515330971,1.9997518452938798
noise_paired,B,0.014,0.01,20,P,completed,False,,,1.1550813904409566e-14,6.725850607230071e-12,0.24054391026916533,182,195,0.4302172739948542,0.02414721758709739,0.022949069923128184,2.015217918548892e-09,0.028388881566787084,True,True,0.00676001968193911,5.509195876069821e-16,0.2015217918548891,108.63124366911283,0.0019458996712338472,2.1047601470258748e-05,0.0019459016864517658,0.215,0.001353143999211555,1.0032854218236915e-14,5.005088947988552,1.9997518452938798
noise_paired,B,0.02,0.01,20,P,completed,False,,,9.124400825990062e-15,3.7125189329801904e-12,0.04095553349344483,127,136,0.054126301670540056,0.02414721758709739,0.022949069923128184,2.015217918548892e-09,0.03273053489874754,True,True,0.00676001968193911,5.509195876069821e-16,0.2015217918548891,49.198642902996454,0.0019171536827251034,0.00019909474253809734,0.001917155697943022,0.215,0.001353143999211555,3.6803035920734716e-15,1.9703143161910894,1.9997518452938798
noise_paired,B,0.028,0.01,20,P,completed,False,,,4.7344890121281806e-15,1.3826166081337587e-12,0.06657632744189522,91,98,0.07569434317558729,0.02414721758709739,0.022949069923128184,2.015217918548892e-09,0.05049226631762228,True,True,0.00676001968193911,1.3772989690174553e-16,0.2015217918548892,36.03207063358704,0.0019417008176391137,0.001112174381644765,0.0019417028328570323,0.215,0.001353143999211555,2.2088530635338573e-15,1.850457000179685,1.9997518452938798
noise_paired,B,0.04,0.01,20,P,completed,False,,,5.682468691647502e-15,1.1526188003472756e-12,0.11951287650489405,63,68,0.1339165162198322,0.02414721758709739,0.022949069923128184,2.015217918548892e-09,0.08789242436365485,True,True,0.00676001968193911,2.7545979380349106e-16,0.20152179185488917,28.356654941993785,0.0020229194151126506,0.0019481838124561224,0.0020229214303305694,0.215,0.001353143999211555,5.159949734833563e-15,1.7266398388679607,1.9997518452938798
noise_paired,B,0.005,0.01,21,R,completed,False,,,3.054540890987591e-14,4.98440421707679e-11,0.6732256960747359,511,547,1.0424939598800373,0.02412503596304617,0.024093230203375653,2.014075736550963e-09,0.10209711397524467,True,True,0.006191781483850152,1.3780800350218906e-16,0.20140757365509626,313.4632049638509,0.0040174998361798,9.132072181783357e-09,0.004017501850255537,0.1975,0.0012393976061161297,2.278146449924358e-11,27.34412389191195,1.9997518452938798
noise_paired,B,0.007,0.01,21,R,completed,False,,,2.1237575765493016e-14,2.4763506919786618e-11,0.5544947350183979,365,391,0.7295893289576768,0.02412503596304617,0.024093230203375653,2.014075736550963e-09,0.0917779086015371,True,True,0.006191781483850152,4.134240105065672e-16,0.20140757365509637,241.80389590009514,0.0028696427409663217,1.7323278111991414e-07,0.002869644755042058,0.1975,0.0012393976061161297,5.190831315980461e-12,20.046119755830762,1.9997518452938798
noise_paired,B,0.01,0.01,21,R,completed,False,,,1.622316076976042e-14,1.3224356068053667e-11,0.4931700371203575,255,273,0.6532469700467178,0.02412503596304617,0.024093230203375653,2.014075736550963e-09,0.058668518560750824,True,True,0.006191781483850152,0.0,0.2014075736550963,159.89375344656008,0.00200882733790822,2.426346058598261e-06,0.0020088293519839565,0.1975,0.0012393976061161297,1.0633343441715853e-11,13.115490699583562,1.9997518452938798
noise_paired,B,0.014,0.01,21,R,completed,False,,,1.1544267152526501e-14,6.722038540349546e-12,0.1530010626911205,182,195,0.24296169230688947,0.02412503596304617,0.024093230203375653,2.014075736550963e-09,0.028241114611893464,True,True,0.006191781483850152,0.0,0.2014075736550963,111.22019112538842,0.001439840037810336,5.052976104535922e-06,0.0014398420518860725,0.1975,0.0012393976061161297,4.929005723194325e-15,3.292636099669008,1.9997518452938798
noise_paired,B,0.02,0.01,21,R,completed,False,,,9.119229312641846e-15,3.710414757420222e-12,0.04005354599007506,127,136,0.05208010730218448,0.02412503596304617,0.024093230203375653,2.014075736550963e-09,0.03459736788871835,True,True,0.006191781483850152,1.3780800350218906e-16,0.20140757365509626,59.62158915350303,0.0014719513073281343,9.498735204871434e-05,0.0014719533214038708,0.1975,0.0012393976061161297,5.492912564360387e-15,1.9426162401900469,1.9997518452938798
noise_paired,B,0.028,0.01,21,R,completed,False,,,4.731805605996629e-15,1.38183297089765e-12,0.06464479972750063,91,98,0.07710555304546009,0.02412503596304617,0.024093230203375653,2.014075736550963e-09,0.051888749602829486,True,True,0.006191781483850152,0.0,0.2014075736550963,42.299412632756905,0.0014132393352686567,0.0007279623945066482,0.0014132413493443932,0.1975,0.0012393976061161297,2.8319471806928146e-15,1.8591995445552112,1.9997518452938798
noise_paired,B,0.04,0.01,21,R,completed,False,,,5.679247991105065e-15,1.1519655209018547e-12,0.11797819424809863,63,68,0.1326178904550724,0.02412503596304617,0.024093230203375653,2.014075736550963e-09,0.08894685994194729,True,True,0.006191781483850152,0.0,0.2014075736550963,29.413180098997273,0.0012532310666103774,0.0012311914726332862,0.001253233080686114,0.1975,0.0012393976061161297,2.6029373089876344e-15,1.734838213838278,1.9997518452938798
noise_paired,B,0.005,0.01,21,P,completed,False,,,3.054540890987591e-14,4.98440421707679e-11,0.6732256960747359,511,547,1.0424939598800373,0.02412643722193104,0.0212455489378725,2.014075736550963e-09,0.10105718869409068,True,True,0.006191781483850152,1.3780800350218906e-16,0.20140757365509626,313.4632049638509,0.0040174998361798,9.132072181783357e-09,0.004017501850255537,0.1975,0.0012393976061161297,2.278146449924358e-11,27.34412389191195,1.9997518452938798
noise_paired,B,0.007,0.01,21,P,completed,False,,,2.1237575765493016e-14,2.4763506919786618e-11,0.5544947350183979,365,391,0.7295893289576768,0.02412643722193104,0.0212455489378725,2.014075736550963e-09,0.09063336076480596,True,True,0.006191781483850152,4.134240105065672e-16,0.20140757365509637,241.80389590009514,0.0028696427409663217,1.7323278111991414e-07,0.002869644755042058,0.1975,0.0012393976061161297,5.190831315980461e-12,20.046119755830762,1.9997518452938798
noise_paired,B,0.01,0.01,21,P,completed,False,,,1.622316076976042e-14,1.3224356068053667e-11,0.4931700371203575,255,273,0.6532469700467178,0.02412643722193104,0.0212455489378725,2.014075736550963e-09,0.05691489863826461,True,True,0.006191781483850152,0.0,0.2014075736550963,159.89375344656008,0.00200882733790822,2.426346058598261e-06,0.0020088293519839565,0.1975,0.0012393976061161297,1.0633343441715853e-11,13.115490699583562,1.9997518452938798
noise_paired,B,0.014,0.01,21,P,completed,False,,,1.1544267152526501e-14,6.722038540349546e-12,0.1530010626911205,182,195,0.24296169230688947,0.02412643722193104,0.0212455489378725,2.014075736550963e-09,0.024607486744797846,True,True,0.006191781483850152,0.0,0.2014075736550963,111.22019112538842,0.001439840037810336,5.052976104535922e-06,0.0014398420518860725,0.1975,0.0012393976061161297,4.929005723194325e-15,3.292636099669008,1.9997518452938798
noise_paired,B,0.02,0.01,21,P,completed,False,,,9.119229312641846e-15,3.710414757420222e-12,0.04005354599007506,127,136,0.05208010730218448,0.02412643722193104,0.0212455489378725,2.014075736550963e-09,0.0317688132383325,True,True,0.006191781483850152,1.3780800350218906e-16,0.20140757365509626,59.62158915350303,0.0014719513073281343,9.498735204871434e-05,0.0014719533214038708,0.1975,0.0012393976061161297,5.492912564360387e-15,1.9426162401900469,1.9997518452938798
noise_paired,B,0.028,0.01,21,P,completed,False,,,4.731805605996629e-15,1.38183297089765e-12,0.06464479972750063,91,98,0.07710555304546009,0.02412643722193104,0.0212455489378725,2.014075736550963e-09,0.050030538210766924,True,True,0.006191781483850152,0.0,0.2014075736550963,42.299412632756905,0.0014132393352686567,0.0007279623945066482,0.0014132413493443932,0.1975,0.0012393976061161297,2.8319471806928146e-15,1.8591995445552112,1.9997518452938798
noise_paired,B,0.04,0.01,21,P,completed,False,,,5.679247991105065e-15,1.1519655209018547e-12,0.11797819424809863,63,68,0.1326178904550724,0.02412643722193104,0.0212455489378725,2.014075736550963e-09,0.08781925967694303,True,True,0.006191781483850152,0.0,0.2014075736550963,29.413180098997273,0.0012532310666103774,0.0012311914726332862,0.001253233080686114,0.1975,0.0012393976061161297,2.6029373089876344e-15,1.734838213838278,1.9997518452938798
noise_paired,B,0.005,0.01,22,R,completed,False,,,3.053435276738565e-14,4.9826000741558154e-11,0.6048667376734878,511,547,0.8494046137704633,0.0241193594527453,0.025701268355959695,2.0133467265581623e-09,0.10505109946567763,True,True,0.007017012081784056,6.892895110788335e-16,0.20133467265581637,316.72609869103053,0.004016047976227649,6.055677823080252e-08,0.004016049989574375,0.19,0.001402923499363055,3.698326611627991e-11,28.426676935009993,1.9997518452938798
noise_paired,B,0.007,0.01,22,R,completed,False,,,2.122988866382403e-14,2.4754543580586563e-11,0.6644296001610206,365,391,1.0138915576890386,0.0241193594527453,0.025701268355959695,2.0133467265581623e-09,0.09325452464447995,True,True,0.007017012081784056,1.378579022157667e-16,0.20133467265581625,241.45932961284163,0.0028716767303617052,2.383583948911694e-05,0.002871678743708432,0.19,0.001402923499363055,1.684464374710841e-11,20.919268020655032,1.9997518452938798
noise_paired,B,0.01,0.01,22,R,completed,False,,,1.6217288673641423e-14,1.321956941204714e-11,0.6243118974926073,255,273,1.1059141319022785,0.0241193594527453,0.025701268355959695,2.0133467265581623e-09,0.059326201603341566,True,True,0.007017012081784056,2.757158044315334e-16,0.20133467265581628,150.91761720061524,0.0022116527801904484,3.556277171468114e-06,0.002211654793537175,0.19,0.001402923499363055,9.551146396141066e-13,12.875930090510625,1.9997518452938798
noise_paired,B,0.014,0.01,22,R,completed,False,,,1.1540088617449083e-14,6.719605447502552e-12,0.2016187912848712,182,195,0.2813288704896672,0.0241193594527453,0.025701268355959695,2.0133467265581623e-09,0.031629608836629866,True,True,0.007017012081784056,0.0,0.20133467265581623,120.28823212341148,0.001732072476770291,5.05683334867113e-06,0.0017320744901170176,0.19,0.001402923499363055,6.158565432853999e-15,4.538352700941958,1.9997518452938798
noise_paired,B,0.02,0.01,22,R,completed,False,,,9.11592853840833e-15,3.709071744649398e-12,0.03673014131985207,127,136,0.043144662040617364,0.0241193594527453,0.025701268355959695,2.0133467265581623e-09,0.0359106962017296,True,True,0.007017012081784056,0.0,0.20133467265581623,51.80595968738133,0.0015897743474986847,1.748011608640465e-05,0.0015897763608454113,0.19,0.001402923499363055,5.8190684633771084e-15,1.9477697363436322,1.9997518452938798
noise_paired,B,0.028,0.01,22,R,completed,False,,,4.7300928930592955e-15,1.3813328059704408e-12,0.06455509040882758,91,98,0.0738650561864127,0.0241193594527453,0.025701268355959695,2.0133467265581623e-09,0.052758327793984615,True,True,0.007017012081784056,0.0,0.20133467265581623,42.05205880900268,0.001594848401411747,0.00047420992332783407,0.0015948504147584735,0.19,0.001402923499363055,3.1229318545289133e-15,1.8626018415557883,1.9997518452938798
noise_paired,B,0.04,0.01,22,R,completed,False,,,5.677192344208589e-15,1.1515485582420804e-12,0.11775965509220754,63,68,0.1322391114411514,0.0241193594527453,0.025701268355959695,2.0133467265581623e-09,0.08944073920737211,True,True,0.007017012081784056,0.0,0.20133467265581623,29.412396354878414,0.0016185112340496022,0.0015996558238812741,0.0016185132473963287,0.19,0.001402923499363055,2.4258197967178516e-15,1.7340917512941085,1.9997518452938798
noise_paired,B,0.005,0.01,22,P,completed,False,,,3.053435276738565e-14,4.9826000741558154e-11,0.6048667376734878,511,547,0.8494046137704633,0.024121176991894637,0.02183642398723906,2.0133467265581623e-09,0.10360631429093128,True,True,0.007017012081784056,6.892895110788335e-16,0.20133467265581637,316.72609869103053,0.004016047976227649,6.055677823080252e-08,0.004016049989574375,0.19,0.001402923499363055,3.698326611627991e-11,28.426676935009993,1.9997518452938798
noise_paired,B,0.007,0.01,22,P,completed,False,,,2.122988866382403e-14,2.4754543580586563e-11,0.6644296001610206,365,391,1.0138915576890386,0.024121176991894637,0.02183642398723906,2.0133467265581623e-09,0.09166209186056277,True,True,0.007017012081784056,1.378579022157667e-16,0.20133467265581625,241.45932961284163,0.0028716767303617052,2.383583948911694e-05,0.002871678743708432,0.19,0.001402923499363055,1.684464374710841e-11,20.919268020655032,1.9997518452938798
noise_paired,B,0.01,0.01,22,P,completed,False,,,1.6217288673641423e-14,1.321956941204714e-11,0.6243118974926073,255,273,1.1059141319022785,0.024121176991894637,0.02183642398723906,2.0133467265581623e-09,0.05688899466153782,True,True,0.007017012081784056,2.757158044315334e-16,0.20133467265581628,150.91761720061524,0.0022116527801904484,3.556277171468114e-06,0.002211654793537175,0.19,0.001402923499363055,9.551146396141066e-13,12.875930090510625,1.9997518452938798
noise_paired,B,0.014,0.01,22,P,completed,False,,,1.1540088617449083e-14,6.719605447502552e-12,0.2016187912848712,182,195,0.2813288704896672,0.024121176991894637,0.02183642398723906,2.0133467265581623e-09,0.02720682299201855,True,True,0.007017012081784056,0.0,0.20133467265581623,120.28823212341148,0.001732072476770291,5.05683334867113e-06,0.0017320744901170176,0.19,0.001402923499363055,6.158565432853999e-15,4.538352700941958,1.9997518452938798
noise_paired,B,0.02,0.01,22,P,completed,False,,,9.11592853840833e-15,3.709071744649398e-12,0.03673014131985207,127,136,0.043144662040617364,0.024121176991894637,0.02183642398723906,2.0133467265581623e-09,0.032173214486645174,True,True,0.007017012081784056,0.0,0.20133467265581623,51.80595968738133,0.0015897743474986847,1.748011608640465e-05,0.0015897763608454113,0.19,0.001402923499363055,5.8190684633771084e-15,1.9477697363436322,1.9997518452938798
noise_paired,B,0.028,0.01,22,P,completed,False,,,4.7300928930592955e-15,1.3813328059704408e-12,0.06455509040882758,91,98,0.0738650561864127,0.024121176991894637,0.02183642398723906,2.0133467265581623e-09,0.050216697225630824,True,True,0.007017012081784056,0.0,0.20133467265581623,42.05205880900268,0.001594848401411747,0.00047420992332783407,0.0015948504147584735,0.19,0.001402923499363055,3.1229318545289133e-15,1.8626018415557883,1.9997518452938798
noise_paired,B,0.04,0.01,22,P,completed,False,,,5.677192344208589e-15,1.1515485582420804e-12,0.11775965509220754,63,68,0.1322391114411514,0.024121176991894637,0.02183642398723906,2.0133467265581623e-09,0.08784173816338453,True,True,0.007017012081784056,0.0,0.20133467265581623,29.412396354878414,0.0016185112340496022,0.0015996558238812741,0.0016185132473963287,0.19,0.001402923499363055,2.4258197967178516e-15,1.7340917512941085,1.9997518452938798
noise_paired,B,0.005,0.01,23,R,completed,False,,,3.0640938881427766e-14,4.999992811567871e-11,0.7707750749881596,511,547,1.6155370483243108,0.024078967879267377,0.024777015783511252,2.0203747060093087e-09,0.1017952499790616,True,True,0.006074077311945627,1.3737835626764687e-16,0.2020374706009309,369.516105962644,0.00403006543370979,1.583756382714241e-05,0.004030067454084496,0.1825,0.0012197821651650951,3.9052953701041935e-12,28.965444203412872,1.9997518452938798
noise_paired,B,0.007,0.01,23,R,completed,False,,,2.1303995731082412e-14,2.4840954143313768e-11,0.7010012915817037,365,391,0.9258254547728738,0.024078967879267377,0.024777015783511252,2.0203747060093087e-09,0.09017158100477575,True,True,0.006074077311945627,1.3737835626764687e-16,0.2020374706009309,280.49825597522033,0.0028851347159037644,3.0252250596080055e-05,0.0028851367362784704,0.1825,0.0012197821651650951,1.1538848588968172e-11,20.72733151297325,1.9997518452938798
noise_paired,B,0.01,0.01,23,R,completed,False,,,1.627389828292939e-14,1.326571489754913e-11,0.5232158698245594,255,273,0.8500955905955601,0.024078967879267377,0.024777015783511252,2.0203747060093087e-09,0.06473996664676077,True,True,0.006074077311945627,4.1213506880294063e-16,0.20203747060093097,163.20956434478478,0.0025718735386024982,1.854339797865978e-05,0.0025718755589772043,0.1825,0.0012197821651650951,1.1030429266037743e-11,13.338901852797648,1.9997518452938798
noise_paired,B,0.014,0.01,23,R,completed,False,,,1.158037154765579e-14,6.7430615409721514e-12,0.13246470923096326,182,195,0.21610196922337566,0.024078967879267377,0.024777015783511252,2.0203747060093087e-09,0.028641797896619876,True,True,0.006074077311945627,2.7475671253529374e-16,0.20203747060093094,91.15515423168111,0.0023526460672157468,0.00028565952525966276,0.002352648087590453,0.1825,0.0012197821651650951,1.6025353489393275e-14,3.104312628016245,1.9997518452938798
noise_paired,B,0.02,0.01,23,R,completed,False,,,9.147749465028148e-15,3.72201898302636e-12,0.038227353525429636,127,136,0.05578101033841757,0.024078967879267377,0.024777015783511252,2.0203747060093087e-09,0.03489638851937782,True,True,0.006074077311945627,2.7475671253529374e-16,0.20203747060093094,63.79608015044376,0.0023734697852221542,0.0006497292709554958,0.0023734718055968603,0.1825,0.0012197821651650951,3.884996406708017e-15,1.9220865605628232,1.9997518452938798
noise_paired,B,0.028,0.01,23,R,completed,False,,,4.7466042049043564e-15,1.3861546175578321e-12,0.06510510952600101,91,98,0.07671255119406613,0.024078967879267377,0.024777015783511252,2.0203747060093087e-09,0.05197963203382281,True,True,0.006074077311945627,2.7475671253529374e-16,0.20203747060093094,37.01216637243595,0.0021932712997242976,0.0021329099999796985,0.0021932733200990037,0.1825,0.0012197821651650951,1.6594301148234713e-15,1.8451244672355416,1.9997518452938798
noise_paired,B,0.04,0.01,23,R,completed,False,,,5.6970096914190794e-15,1.1555682630934935e-12,0.1177177012926776,63,68,0.13224972966562307,0.024078967879267377,0.024777015783511252,2.0203747060093087e-09,0.0888612131844972,True,True,0.006074077311945627,1.3737835626764687e-16,0.2020374706009309,29.25644856910439,0.002488155551125415,0.0024839468492335037,0.002488157571500121,0.1825,0.0012197821651650951,3.153307986726087e-15,1.7318803256238087,1.9997518452938798
noise_paired,B,0.005,0.01,23,P,completed,False,,,3.0640938881427766e-14,4.999992811567871e-11,0.7707750749881596,511,547,1.6155370483243108,0.024080242188376972,0.022025121753408847,2.0203747060093087e-09,0.10063282439678607,True,True,0.006074077311945627,1.3737835626764687e-16,0.2020374706009309,369.516105962644,0.00403006543370979,1.583756382714241e-05,0.004030067454084496,0.1825,0.0012197821651650951,3.9052953701041935e-12,28.965444203412872,1.9997518452938798
noise_paired,B,0.007,0.01,23,P,completed,False,,,2.1303995731082412e-14,2.4840954143313768e-11,0.7010012915817037,365,391,0.9258254547728738,0.024080242188376972,0.022025121753408847,2.0203747060093087e-09,0.08888649118607367,True,True,0.006074077311945627,1.3737835626764687e-16,0.2020374706009309,280.49825597522033,0.0028851347159037644,3.0252250596080055e-05,0.0028851367362784704,0.1825,0.0012197821651650951,1.1538848588968172e-11,20.72733151297325,1.9997518452938798
noise_paired,B,0.01,0.01,23,P,completed,False,,,1.627389828292939e-14,1.326571489754913e-11,0.5232158698245594,255,273,0.8500955905955601,0.024080242188376972,0.022025121753408847,2.0203747060093087e-09,0.06299393832824711,True,True,0.006074077311945627,4.1213506880294063e-16,0.20203747060093097,163.20956434478478,0.0025718735386024982,1.854339797865978e-05,0.0025718755589772043,0.1825,0.0012197821651650951,1.1030429266037743e-11,13.338901852797648,1.9997518452938798
noise_paired,B,0.014,0.01,23,P,completed,False,,,1.158037154765579e-14,6.7430615409721514e-12,0.13246470923096326,182,195,0.21610196922337566,0.024080242188376972,0.022025121753408847,2.0203747060093087e-09,0.024807009531166088,True,True,0.006074077311945627,2.7475671253529374e-16,0.20203747060093094,91.15515423168111,0.0023526460672157468,0.00028565952525966276,0.002352648087590453,0.1825,0.0012197821651650951,1.6025353489393275e-14,3.104312628016245,1.9997518452938798
noise_paired,B,0.02,0.01,23,P,completed,False,,,9.147749465028148e-15,3.72201898302636e-12,0.038227353525429636,127,136,0.05578101033841757,0.024080242188376972,0.022025121753408847,2.0203747060093087e-09,0.03193271541829033,True,True,0.006074077311945627,2.7475671253529374e-16,0.20203747060093094,63.79608015044376,0.0023734697852221542,0.0006497292709554958,0.0023734718055968603,0.1825,0.0012197821651650951,3.884996406708017e-15,1.9220865605628232,1.9997518452938798
noise_paired,B,0.028,0.01,23,P,completed,False,,,4.7466042049043564e-15,1.3861546175578321e-12,0.06510510952600101,91,98,0.07671255119406613,0.024080242188376972,0.022025121753408847,2.0203747060093087e-09,0.04998643620346912,True,True,0.006074077311945627,2.7475671253529374e-16,0.20203747060093094,37.01216637243595,0.0021932712997242976,0.0021329099999796985,0.0021932733200990037,0.1825,0.0012197821651650951,1.6594301148234713e-15,1.8451244672355416,1.9997518452938798
noise_paired,B,0.04,0.01,23,P,completed,False,,,5.6970096914190794e-15,1.1555682630934935e-12,0.1177177012926776,63,68,0.13224972966562307,0.024080242188376972,0.022025121753408847,2.0203747060093087e-09,0.08761795735015526,True,True,0.006074077311945627,1.3737835626764687e-16,0.2020374706009309,29.25644856910439,0.002488155551125415,0.0024839468492335037,0.002488157571500121,0.1825,0.0012197821651650951,3.153307986726087e-15,1.7318803256238087,1.9997518452938798
noise_paired,B,0.005,0.01,24,R,completed,False,,,3.0662476445490965e-14,5.0035073143679135e-11,0.6887443648546498,511,547,1.2496611474528507,0.024089268303823835,0.023881067193320227,2.0217948305632832e-09,0.10254311454266395,True,True,0.005756274344036124,0.0,0.20217948305632832,351.1767916335655,0.004032897201183355,2.3586396460939518e-07,0.004032899222978186,0.205,0.0011571397573101854,1.8552413489106478e-11,29.1086926821197,1.9997518452938798
noise_paired,B,0.007,0.01,24,R,completed,False,,,2.1318970343141e-14,2.4858414888995326e-11,0.5987339892857005,365,391,0.9025644788536532,0.024089268303823835,0.023881067193320227,2.0217948305632832e-09,0.09106291090133907,True,True,0.005756274344036124,1.0982548850575923e-15,0.2021794830563281,210.33259934039853,0.0028806560909456214,2.795901565821879e-10,0.002880658112740452,0.205,0.0011571397573101854,4.162645933408116e-12,19.862517518681862,1.9997518452938798
noise_paired,B,0.01,0.01,24,R,completed,False,,,1.62853372315916e-14,1.3275039389385225e-11,0.6165798377974023,255,273,0.9894990111829315,0.024089268303823835,0.023881067193320227,2.0217948305632832e-09,0.05899699363407617,True,True,0.005756274344036124,0.0,0.20217948305632832,160.83047011715882,0.0020217420382747653,2.5617089314533548e-06,0.002021744060069596,0.205,0.0011571397573101854,2.1946238202713097e-12,13.418540866142944,1.9997518452938798
noise_paired,B,0.014,0.01,24,R,completed,False,,,1.158851140900431e-14,6.747801249519687e-12,0.20855810623259638,182,195,0.26737778448954963,0.024089268303823835,0.023881067193320227,2.0217948305632832e-09,0.02922315028411478,True,True,0.005756274344036124,2.745637212643981e-16,0.20217948305632827,110.29930263842029,0.0014426813668641236,0.0001024139900527854,0.0014426833886589541,0.205,0.0011571397573101854,6.49321924279555e-15,4.5334553189387385,1.9997518452938798
noise_paired,B,0.02,0.01,24,R,completed,False,,,9.154179432494209e-15,3.724635196015185e-12,0.03731279188807216,127,136,0.034877086970760626,0.024089268303823835,0.023881067193320227,2.0217948305632832e-09,0.03437720821021418,True,True,0.005756274344036124,0.0,0.20217948305632832,60.41110954150143,0.0017572348691869966,5.5608048417366e-06,0.001757236890981827,0.205,0.0011571397573101854,3.3192300556510947e-15,1.986828002132143,1.9997518452938798
noise_paired,B,0.028,0.01,24,R,completed,False,,,4.749940600454812e-15,1.3871289478155533e-12,0.06495571902749805,91,98,0.07075218764511833,0.024089268303823835,0.023881067193320227,2.0217948305632832e-09,0.05166305224312387,True,True,0.005756274344036124,0.0,0.20217948305632832,33.763420396583975,0.0017596920959774554,0.0002553689370478063,0.0017596941177722859,0.205,0.0011571397573101854,2.9387882354274195e-15,1.8666193691691892,1.9997518452938798
noise_paired,B,0.04,0.01,24,R,completed,False,,,5.701014128478675e-15,1.1563805138405119e-12,0.11843463938636299,63,68,0.13116280722749923,0.024089268303823835,0.023881067193320227,2.0217948305632832e-09,0.08865625667830182,True,True,0.005756274344036124,2.745637212643981e-16,0.20217948305632827,26.38840647591244,0.0020128869434725694,0.0010441918513477977,0.0020128889652674,0.205,0.0011571397573101854,2.561734134826507e-15,1.7367769215561926,1.9997518452938798
noise_paired,B,0.005,0.01,24,P,completed,False,,,3.0662476445490965e-14,5.0035073143679135e-11,0.6887443648546498,511,547,1.2496611474528507,0.02409048773091841,0.02147702838251824,2.0217948305632832e-09,0.10162898650522145,True,True,0.005756274344036124,0.0,0.20217948305632832,351.1767916335655,0.004032897201183355,2.3586396460939518e-07,0.004032899222978186,0.205,0.0011571397573101854,1.8552413489106478e-11,29.1086926821197,1.9997518452938798
noise_paired,B,0.007,0.01,24,P,completed,False,,,2.1318970343141e-14,2.4858414888995326e-11,0.5987339892857005,365,391,0.9025644788536532,0.02409048773091841,0.02147702838251824,2.0217948305632832e-09,0.09005061686866143,True,True,0.005756274344036124,1.0982548850575923e-15,0.2021794830563281,210.33259934039853,0.0028806560909456214,2.795901565821879e-10,0.002880658112740452,0.205,0.0011571397573101854,4.162645933408116e-12,19.862517518681862,1.9997518452938798
noise_paired,B,0.01,0.01,24,P,completed,False,,,1.62853372315916e-14,1.3275039389385225e-11,0.6165798377974023,255,273,0.9894990111829315,0.02409048773091841,0.02147702838251824,2.0217948305632832e-09,0.0574489562310678,True,True,0.005756274344036124,0.0,0.20217948305632832,160.83047011715882,0.0020217420382747653,2.5617089314533548e-06,0.002021744060069596,0.205,0.0011571397573101854,2.1946238202713097e-12,13.418540866142944,1.9997518452938798
noise_paired,B,0.014,0.01,24,P,completed,False,,,1.158851140900431e-14,6.747801249519687e-12,0.20855810623259638,182,195,0.26737778448954963,0.02409048773091841,0.02147702838251824,2.0217948305632832e-09,0.026124065300794926,True,True,0.005756274344036124,2.745637212643981e-16,0.20217948305632827,110.29930263842029,0.0014426813668641236,0.0001024139900527854,0.0014426833886589541,0.205,0.0011571397573101854,6.49321924279555e-15,4.5334553189387385,1.9997518452938798
noise_paired,B,0.02,0.01,24,P,completed,False,,,9.154179432494209e-15,3.724635196015185e-12,0.03731279188807216,127,136,0.034877086970760626,0.02409048773091841,0.02147702838251824,2.0217948305632832e-09,0.031824092386592506,True,True,0.005756274344036124,0.0,0.20217948305632832,60.41110954150143,0.0017572348691869966,5.5608048417366e-06,0.001757236890981827,0.205,0.0011571397573101854,3.3192300556510947e-15,1.986828002132143,1.9997518452938798
noise_paired,B,0.028,0.01,24,P,completed,False,,,4.749940600454812e-15,1.3871289478155533e-12,0.06495571902749805,91,98,0.07075218764511833,0.02409048773091841,0.02147702838251824,2.0217948305632832e-09,0.05000019503267454,True,True,0.005756274344036124,0.0,0.20217948305632832,33.763420396583975,0.0017596920959774554,0.0002553689370478063,0.0017596941177722859,0.205,0.0011571397573101854,2.9387882354274195e-15,1.8666193691691892,1.9997518452938798
noise_paired,B,0.04,0.01,24,P,completed,False,,,5.701014128478675e-15,1.1563805138405119e-12,0.11843463938636299,63,68,0.13116280722749923,0.02409048773091841,0.02147702838251824,2.0217948305632832e-09,0.0876596998614153,True,True,0.005756274344036124,2.745637212643981e-16,0.20217948305632827,26.38840647591244,0.0020128869434725694,0.0010441918513477977,0.0020128889652674,0.205,0.0011571397573101854,2.561734134826507e-15,1.7367769215561926,1.9997518452938798
