test,n_grid,method_name,method_type,n_particles,globs_per_jump,recon_method,bandwidth_factor,bandwidth_used,completed,failure_step,failure_msg,step_zero_recon_error,relative_l2,l2_error,linf_error,forward_consistency_l2,wasserstein,mass_rel_error,total_variation,peak_value,peak_ratio,A_fit,mu_fit,sigma_fit,fit_success,fit_rmse,mass_candidate,mass_true,runtime_seconds
B,100,density_particle_oracle_deterministic,density_particle_oracle,1000,0,histogram,,,True,,,0.02154152395688721,0.016685791712336057,0.006283176790458674,0.018626261874194694,0.0016003897584317584,0.00025324423091317656,-1.8484449747102395e-05,2.0646208010536466,0.9926061543527146,0.9938729120797107,0.9969649427103016,0.3999946252609203,0.08023238572141338,True,0.006175750851002199,0.20052649582883125,0.2005302025192825,0.005037124967202544
B,100,density_particle_oracle_deterministic,density_particle_oracle,1000,0,kde,1.0,0.010101010101010102,True,,,0.006598712285281177,0.008641134606079907,0.003253892733181508,0.009725493383890726,0.0029355069309363116,0.000637084349830986,-1.8484441448535544e-05,1.9789003136314205,0.9889999395043592,0.9902620950026623,0.990227032117287,0.40000004249289584,0.08079064624579049,True,0.0006074490213521859,0.20052649583049537,0.2005302025192825,0.004769332997966558
B,100,density_particle_oracle_deterministic,density_particle_oracle,1000,0,kde,2.0,0.020202020202020204,True,,,0.019818607805929426,0.028129803553491033,0.010592516786409776,0.03207697047689351,0.007548046575449592,0.0021141562061641156,-1.8484449757206394e-05,1.9332969248223324,0.9666484624113564,0.9678820930952675,0.9677898072410743,0.40000005705448083,0.08266411825481136,True,0.00022513858206491252,0.20052649582882923,0.2005302025192825,0.0049779999535530806
B,100,density_particle_oracle_deterministic,density_particle_oracle,1000,0,kde,4.0,0.04040404040404041,True,,,0.06922690573688713,0.09678957986175944,0.03644693954174447,0.10838470939414468,0.024343780487061872,0.007771188192767267,-1.8893615417152003e-05,1.780674344794661,0.8903407234941052,0.8914769707218699,0.8912195982187665,0.4000001501117507,0.08976807990913517,True,8.640130002358356e-05,0.20052641377875657,0.2005302025192825,0.004923124972265214
B,100,density_particle_oracle_deterministic,density_particle_oracle,5000,0,histogram,,,True,,,0.00440979969827236,0.004551477590216598,0.0017138975992370183,0.004576210222905386,0.001485492859204023,0.0001720973846204683,-1.8484449747102395e-05,2.0169757056447164,0.9965765789701256,0.9978484037280297,0.9973494487610782,0.40000074041709505,0.08021408587276886,True,0.0014710467210240588,0.20052649582883125,0.2005302025192825,0.009021250007208437
B,100,density_particle_oracle_deterministic,density_particle_oracle,5000,0,kde,1.0,0.010101010101010102,True,,,0.006223850841249561,0.008480228529540152,0.003193302181472122,0.00972544361641603,0.002922569116175281,0.000626839404533213,-1.848445116110865e-05,1.9779999785436677,0.9889999892718339,0.9902621448336499,0.9902374974798395,0.400000002526666,0.08078879014093036,True,0.00010589897102042381,0.2005264958285477,0.2005302025192825,0.014367124997079372
B,100,density_particle_oracle_deterministic,density_particle_oracle,5000,0,kde,2.0,0.020202020202020204,True,,,0.019789962556521427,0.028108497935161507,0.01058449397461263,0.03207695809237798,0.0075356578384696525,0.002117475342864115,-1.8484477989026057e-05,1.9332969486053404,0.9666484747958719,0.9678821054955881,0.9678034766708739,0.40000000434585825,0.08266152857105548,True,4.162611658103575e-05,0.2005264958231679,0.2005302025192825,0.013241250009741634
B,100,density_particle_oracle_deterministic,density_particle_oracle,5000,0,kde,4.0,0.04040404040404041,True,,,0.069205159393135,0.09676496053170809,0.036437668923613664,0.10838473439029073,0.02433302051755279,0.007781968868259412,-1.9802408734154122e-05,1.780661881202425,0.8903406984979592,0.891476945693824,0.8912416058256238,0.40000003823738395,0.0897626847279442,True,1.802562467874322e-05,0.20052623153824867,0.2005302025192825,0.012558916991110891
B,100,density_particle_oracle_deterministic,density_particle_oracle,10000,0,histogram,,,True,,,0.0031772871685106464,0.004297245529937131,0.001618164354565298,0.005681604979142163,0.00146627318857366,0.0001656070674693893,-1.8484449747102395e-05,1.997123582557662,0.9945913666614201,0.9958606579038702,0.997471608693377,0.39999361301479425,0.08020085349317409,True,0.0013864253778708467,0.20052649582883125,0.2005302025192825,0.01492370804771781
B,100,density_particle_oracle_deterministic,density_particle_oracle,10000,0,kde,1.0,0.010101010101010102,True,,,0.006214501665582915,0.00847612464626011,0.0031917568293173986,0.009725447224776862,0.0029216063649860104,0.0006257450147120543,-1.8484450228495678e-05,1.977999971326946,0.988999985663473,0.9902621412206841,0.9902379158866933,0.40000000762787286,0.08078871843089407,True,5.065566684502335e-05,0.20052649582873472,0.2005302025192825,0.021302874956745654
B,100,density_particle_oracle_deterministic,density_particle_oracle,10000,0,kde,2.0,0.020202020202020204,True,,,0.019789040419261827,0.028107701483695978,0.010584194064039059,0.032076960997833304,0.007534691944727143,0.0021179121293287413,-1.8484653928304418e-05,1.933296936914405,0.9666484718904166,0.9678821025864248,0.9678040929002032,0.40000001196462914,0.08266141554482556,True,2.3032859139377234e-05,0.20052649578788675,0.2005302025192825,0.022569708002265543
B,100,density_particle_oracle_deterministic,density_particle_oracle,10000,0,kde,4.0,0.04040404040404041,True,,,0.06920406764090192,0.09676359625869613,0.03643715519500717,0.10838473372415192,0.024332078457409475,0.007782955419086063,-2.0135281057722817e-05,1.7806580870704327,0.890340699164098,0.8914769463608129,0.8912429776252618,0.40000005213569123,0.08976236392788611,True,1.2085056482204978e-05,0.2005261647872942,0.2005302025192825,0.027785707963630557
B,100,density_particle_oracle_deterministic,density_particle_oracle,20000,0,histogram,,,True,,,0.0025915469073970335,0.003866960283336603,0.0014561367851621363,0.003737169558904019,0.0014654166001199348,0.0001624704781049889,-1.8484449747102395e-05,1.997123582557662,0.9965765789701256,0.9978484037280297,0.9974561393658983,0.4000012332085805,0.08020316669337135,True,0.0011911419333997684,0.20052649582883125,0.2005302025192825,0.023326208000071347
B,100,density_particle_oracle_deterministic,density_particle_oracle,20000,0,kde,1.0,0.010101010101010102,True,,,0.00621253382597607,0.00847519072669713,0.0031914051539624964,0.009725446579799346,0.0029211899807379776,0.0006253399220111137,-1.848444979872968e-05,1.977999972616901,0.9889999863084505,0.9902621418664848,0.9902380599955309,0.40000000369891336,0.08078869312114272,True,2.708712909980569e-05,0.2005264958288209,0.2005302025192825,0.03931883297627792
B,100,density_particle_oracle_deterministic,density_particle_oracle,20000,0,kde,2.0,0.020202020202020204,True,,,0.019788761274505847,0.028107436156021515,0.010584094152646493,0.032076960345756245,0.007534267662138525,0.0021181630736192497,-1.848523211028513e-05,1.9332969197720458,0.9666484725424936,0.967882103239334,0.9678043109444212,0.4000000068622798,0.0826613749514172,True,1.5292500085219896e-05,0.2005264956719438,0.2005302025192825,0.03805458394344896
B,100,density_particle_oracle_deterministic,density_particle_oracle,20000,0,kde,4.0,0.04040404040404041,True,,,0.0692036631098819,0.09676307262373537,0.036436958015808915,0.10838473314838493,0.024331645174378583,0.007783433698814868,-2.0365269147954797e-05,1.7806557092344022,0.890340699739865,0.8914769469373146,0.8912435228855567,0.4000000393105868,0.08976223675475038,True,1.0027834777229965e-05,0.2005261186677359,0.2005302025192825,0.038808666984550655
B,100,oracle_score_deterministic,gradient_glob_oracle,0,20,,,,True,,,,0.1770613302270273,0.06667394989401092,0.1801642713666588,0.0606209746998261,0.0002293423604231674,-0.17540484775002319,1.6486754940205917,0.8244208053467385,0.8254729259898452,0.8226541385559833,0.3998975802887591,0.08022373504439462,True,0.006507590541190916,0.16535623287710643,0.2005302025192825,0.006529083999339491
B,100,oracle_score_deterministic,gradient_glob_oracle,0,80,,,,True,,,,0.17706133022704748,0.06667394989401852,0.180164271366677,0.06062097469983423,0.0002293423604152785,-0.17540484775009793,1.6486754940205968,0.8244208053467291,0.8254729259898359,0.8226541385801811,0.39989758028895317,0.08022373504308318,True,0.00650759054119064,0.16535623287709145,0.2005302025192825,0.012910083984024823
B,100,tikhonov_best,baseline_tikhonov,0,0,,0.001,,True,,,,0.002814135043210026,0.001059686486176218,0.0022628006212046248,0.00044401520054030287,0.00025354539382703477,-0.0010038693019857276,2.001903017912185,1.0007420548910897,1.0020191956031477,1.0027624002724334,0.39999999734275427,0.07971963846721182,True,0.00032081076272536365,0.2003288964048524,0.2005302025192825,
B,100,spectral_cutoff_best,baseline_spectral,0,0,,0.01,,True,,,,0.004171312684577806,0.0015707432705220907,0.004853525739287989,4.794923837239316e-06,0.00029955473526239334,-2.396269592870768e-06,2.0087744217071286,1.0035789586275379,1.0048597197782898,1.0047928674560465,0.4000000135579309,0.07961840904729159,True,0.00017278008203324688,0.20052972199485575,0.2005302025192825,
B,200,density_particle_oracle_deterministic,density_particle_oracle,1000,0,histogram,,,True,,,0.039361191167395164,0.03548478200034205,0.013362096478417627,0.038426011348201894,0.0006579306775098475,0.00016821371776101646,-1.8266996242968042e-05,3.032763404787166,1.0375243226903463,1.0378518674766106,0.9992318001430271,0.3999984181945225,0.08005755925960402,True,0.013326396724421319,0.20052654091425323,0.20053020399873628,0.0041955000488087535
B,200,density_particle_oracle_deterministic,density_particle_oracle,1000,0,kde,1.0,0.005025125628140704,True,,,0.005747790917334309,0.0049565191786592085,0.0018664194544504523,0.011477794799521848,0.0010005583149420166,0.00018056572240433407,-1.8266980119061487e-05,2.0535470207063744,0.9971510765924215,0.9974658756088037,0.9974538616118267,0.4000000289474485,0.0802052075988839,True,0.001666459736351779,0.20052654091748656,0.20053020399873628,0.00556350004626438
B,200,density_particle_oracle_deterministic,density_particle_oracle,1000,0,kde,2.0,0.010050251256281407,True,,,0.005479121393662109,0.007448124752623511,0.0028046547257042876,0.008350132484143735,0.002177613410617126,0.0005464634075565337,-1.826699624282963e-05,1.9859139052883994,0.9913342687329003,0.9916472313922493,0.9916308759342309,0.40000003372174353,0.0806762803338393,True,0.0006140420494337819,0.20052654091425326,0.20053020399873628,0.005228790978435427
B,200,density_particle_oracle_deterministic,density_particle_oracle,1000,0,kde,4.0,0.020100502512562814,True,,,0.01852576108339266,0.026785420844676635,0.010086278042743443,0.03063877240804469,0.0067737796175852275,0.0020105349293672277,-1.826699624767401e-05,1.938091257617716,0.9690456288089994,0.9693515549800075,0.9693185833103604,0.4000000554221565,0.08253374643535313,True,0.00022611169167393498,0.2005265409142523,0.20053020399873628,0.005208791000768542
B,200,density_particle_oracle_deterministic,density_particle_oracle,5000,0,histogram,,,True,,,0.008298858298090865,0.007451057680008148,0.0028057591444570176,0.008031782748129657,0.0006202639980712296,5.8777821861396196e-05,-1.826699624282963e-05,2.1548582086645656,1.0056004973767974,1.0059179638619458,0.9992901573241374,0.400004304831301,0.08005710700931515,True,0.0027891232686114206,0.20052654091425326,0.20053020399873628,0.007414833002258092
B,200,density_particle_oracle_deterministic,density_particle_oracle,5000,0,kde,1.0,0.005025125628140704,True,,,0.0018443337612346897,0.0023356151723843547,0.0008794957587608945,0.0025333692077538217,0.0009868137286739983,0.00016222893675413113,-1.8266994574147243e-05,2.004136365598918,0.9971510320092902,0.9974658310115976,0.9974636964465761,0.40000000870401753,0.08020347634926102,True,0.0002965943771074029,0.20052654091458788,0.20053020399873628,0.015145291981752962
B,200,density_particle_oracle_deterministic,density_particle_oracle,5000,0,kde,2.0,0.010050251256281407,True,,,0.005019100165044326,0.007259525652918812,0.002733636130578845,0.008350049627069311,0.0021646463922759544,0.0005358525629823605,-1.8266996242552806e-05,1.9826878815178801,0.9913343515899747,0.9916473142754816,0.9916415091490598,0.4000000098122417,0.0806743783471641,True,0.00010642280982819996,0.20052654091425332,0.20053020399873628,0.013043834012933075
B,200,density_particle_oracle_deterministic,density_particle_oracle,5000,0,kde,4.0,0.020100502512562814,True,,,0.01849555709836771,0.026763527897823273,0.010078034067395119,0.030638683762077235,0.0067614862499879,0.002013574074994843,-1.826701270667347e-05,1.9380914341296671,0.9690457174549668,0.9693516436539603,0.9693323069509436,0.4000000155116873,0.08253113001357817,True,4.199920042659128e-05,0.20052654091095176,0.20053020399873628,0.019134708971250802
B,200,density_particle_oracle_deterministic,density_particle_oracle,10000,0,histogram,,,True,,,0.00426858332831021,0.003837533272399038,0.0014450557939017176,0.0037940129235082276,0.0006198855972513494,4.9554891190484954e-05,-1.8266996242691218e-05,2.0590867327239186,0.9976195410484101,0.9979344879582795,0.999276844138932,0.4000017041859594,0.08005807853035846,True,0.0014220539088550788,0.2005265409142533,0.20053020399873628,0.01137816603295505
B,200,density_particle_oracle_deterministic,density_particle_oracle,10000,0,kde,1.0,0.005025125628140704,True,,,0.0016171649892879653,0.002227866341992259,0.0008389220202179336,0.0025333749194541566,0.0009857807151606838,0.00016050507097946376,-1.826699739911469e-05,1.9982508384070408,0.9971510262975899,0.9974658252980941,0.9974641480678039,0.4000000039512978,0.08020339673097417,True,0.00013758368897643245,0.2005265409140214,0.20053020399873628,0.026323249971028417
B,200,density_particle_oracle_deterministic,density_particle_oracle,10000,0,kde,2.0,0.010050251256281407,True,,,0.0050074465927270615,0.0072546866155106,0.0027318139498842984,0.008350049492469425,0.0021636196909441212,0.0005347582568527198,-1.8266996242552806e-05,1.9826687034491495,0.9913343517245746,0.991647314410124,0.9916420074876806,0.4000000046409027,0.08067428924127466,True,5.106609298336717e-05,0.20052654091425332,0.20053020399873628,0.032402541022747755
B,200,density_particle_oracle_deterministic,density_particle_oracle,10000,0,kde,4.0,0.020100502512562814,True,,,0.018494493234183992,0.02676260446087365,0.010077686339357435,0.030638686043663377,0.006760458022888427,0.0020140377296251934,-1.826713092318724e-05,1.9380914244364493,0.9690457151733807,0.969351641371654,0.9693330052800295,0.4000000083791412,0.08253099784076841,True,2.2804789253602117e-05,0.20052654088724578,0.20053020399873628,0.023354167002253234
B,200,density_particle_oracle_deterministic,density_particle_oracle,20000,0,histogram,,,True,,,0.0022202719245915754,0.002337079074154723,0.0008800470034237587,0.002952510969226385,0.0006242774326431119,4.7297291073535695e-05,-1.8266996242691218e-05,2.0231724292461757,0.9996147801305069,0.999930356934196,0.9992682394867675,0.3999992310228622,0.08005812027941818,True,0.0008451156032518686,0.2005265409142533,0.20053020399873628,0.026551124989055097
B,200,density_particle_oracle_deterministic,density_particle_oracle,20000,0,kde,1.0,0.005025125628140704,True,,,0.001562219426403356,0.002203996162844945,0.0008299335012319513,0.0025333741871113036,0.0009854011940989488,0.00015990715549428765,-1.8266995143846702e-05,1.9959328356379165,0.9971510270299327,0.9974658260306681,0.9974642590625562,0.4000000014493213,0.08020337766767292,True,6.391153224516853e-05,0.20052654091447364,0.20053020399873628,0.05813312501413748
B,200,density_particle_oracle_deterministic,density_particle_oracle,20000,0,kde,2.0,0.010050251256281407,True,,,0.005004991727881623,0.007253626339897439,0.0027314146940839775,0.008350048296124402,0.002163237006069163,0.0005343277289323993,-1.8266996242691218e-05,1.9826687058418393,0.9913343529209196,0.9916473156068467,0.9916421335542277,0.4000000018776286,0.08067426726765896,True,2.705183587383027e-05,0.2005265409142533,0.20053020399873628,0.05243112501921132
B,200,density_particle_oracle_deterministic,density_particle_oracle,20000,0,kde,4.0,0.020100502512562814,True,,,0.01849423543236542,0.026762364692547475,0.010077596052554861,0.03063868515408663,0.006760066952153146,0.002014254214585636,-1.8267537551299094e-05,1.9380914099703315,0.9690457160629574,0.9693516422615115,0.9693331988077583,0.40000000437757705,0.08253096207856798,True,1.5348566021166165e-05,0.20052654080570456,0.20053020399873628,0.0728025829885155
B,200,oracle_score_deterministic,gradient_glob_oracle,0,20,,,,True,,,,0.17521609208224603,0.0659791097758952,0.17627710471823943,0.06006801566374453,6.9984746510092e-05,-0.17476442309269097,1.6497532555898973,0.8249596861313931,0.8252201245983871,0.8248531010986158,0.4000306199025423,0.08002876471512291,True,0.0032755779357428265,0.1654846585842375,0.20053020399873628,0.009535457997117192
B,200,oracle_score_deterministic,gradient_glob_oracle,0,80,,,,True,,,,0.17521609208225167,0.06597910977589733,0.17627710471824432,0.06006801566374721,6.99847465037394e-05,-0.1747644230927246,1.649753255589904,0.8249596861313905,0.8252201245983845,0.8248531011039847,0.4000306199026283,0.08002876471481023,True,0.0032755779357428226,0.16548465858423075,0.20053020399873628,0.029193209018558264
B,200,tikhonov_best,baseline_tikhonov,0,0,,0.001,,True,,,,0.0011617070175213159,0.000437450658358983,0.0011913854378970412,0.0004420193699306163,0.00010182023143121658,-0.0010098365576650871,1.9991832520992499,0.9993584833622599,0.999673979253465,1.0003745990552688,0.39999999761805793,0.07990897534869071,True,0.00030578592507749354,0.20032770126782232,0.20053020399873628,
B,200,spectral_cutoff_best,baseline_spectral,0,0,,0.01,,True,,,,0.0021156752546601155,0.0007966755120405345,0.002457280687609087,5.5264606378696544e-06,0.00014893574762270804,-9.305082969159651e-06,2.006059693399266,1.002120190216452,1.0024365579741392,1.0023696983268002,0.40000001309605815,0.07981088264101895,True,0.00019503481304757243,0.20052833804855025,0.20053020399873628,
B,400,density_particle_oracle_deterministic,density_particle_oracle,1000,0,histogram,,,True,,,0.07500163877866196,0.06135672921300525,0.023104398255465564,0.07572073775481204,0.00033352823235455545,0.0001522249887765173,-1.8213145349716407e-05,8.321049805133441,1.0401312256416801,1.040212896929922,0.9996119813666648,0.3999937052911884,0.08003355099434849,True,0.02307512336725387,0.2005265520805244,0.20053020436628352,0.004169332969468087
B,400,density_particle_oracle_deterministic,density_particle_oracle,1000,0,kde,1.0,0.002506265664160401,True,,,0.01179372697627483,0.009611274704492821,0.0036192072387752953,0.026978761136992803,0.00040044236215451784,7.508011839422896e-05,-1.8213124464888516e-05,2.31691583288051,0.9991957199028619,0.9992741769279357,0.9992628186204715,0.40000003041497084,0.0800601064423661,True,0.0036065945066900834,0.20052655208471243,0.20053020436628352,0.006415584008209407
B,400,density_particle_oracle_deterministic,density_particle_oracle,1000,0,kde,2.0,0.005012531328320802,True,,,0.00569064252230053,0.004843895155930811,0.001824009920767162,0.011435809388950101,0.0006945261105544226,0.00015851768185535853,-1.8213145349301175e-05,2.0623903573074145,0.9977302336324685,0.9978085755873005,0.997796850741587,0.40000003091932157,0.08017775504254823,True,0.0016736500222818294,0.20052655208052447,0.20053020436628352,0.006265625008381903
B,400,density_particle_oracle_deterministic,density_particle_oracle,1000,0,kde,4.0,0.010025062656641603,True,,,0.005201171600189504,0.007139902092133617,0.0026885908613055775,0.00798918125188397,0.0018682384332270778,0.0005227062671455652,-1.8213145349439583e-05,1.9877568791560565,0.9919323047357606,0.9920101914361877,0.9919968259838241,0.4000000330911644,0.08064663738682842,True,0.0006172094214868995,0.20052655208052445,0.20053020436628352,0.00685845798579976
B,400,density_particle_oracle_deterministic,density_particle_oracle,5000,0,histogram,,,True,,,0.015964052049597142,0.01343443175028837,0.005058849542272247,0.015185677478603554,0.00029633935539721725,3.6825973708186956e-05,-1.8213145349577995e-05,2.7523472432364464,1.0081271879296285,1.0082063462551554,0.9997158424837655,0.39999635794195926,0.08002268163406308,True,0.005051661104485026,0.20052655208052442,0.20053020436628352,0.017896833014674485
B,400,density_particle_oracle_deterministic,density_particle_oracle,5000,0,kde,1.0,0.002506265664160401,True,,,0.0021958211778780393,0.0018660575088163362,0.0007026798267166439,0.0050824021823720235,0.0003846669788414386,4.885113507743729e-05,-1.8213141652483173e-05,2.0505921636680866,0.9991956271052299,0.9992740841230172,0.9992733862679544,0.40000000194863,0.08005822580737369,True,0.000660652836199952,0.2005265520812658,0.20053020436628352,0.019786667020525783
B,400,density_particle_oracle_deterministic,density_particle_oracle,5000,0,kde,2.0,0.005012531328320802,True,,,0.0016052759265368693,0.0020581159578908046,0.0007750010692708023,0.0021912721411154745,0.000680164663995791,0.00014030896620849468,-1.8213145349301175e-05,2.0056499634363045,0.997730213846529,0.9978085557998075,0.9978076109787705,0.4000000021109226,0.08017583261669259,True,0.00029761440007123273,0.20052655208052447,0.20053020436628352,0.02797237498452887
B,400,density_particle_oracle_deterministic,density_particle_oracle,5000,0,kde,4.0,0.010025062656641603,True,,,0.004709830429497104,0.006940816732775956,0.002613623575916823,0.007989115979836536,0.0018551283856938394,0.0005121043355924994,-1.8213145349162763e-05,1.983901228893472,0.991932370007808,0.9920102567133603,0.992008353757507,0.4000000028301109,0.08064454529535947,True,0.00010685639426510747,0.2005265520805245,0.20053020436628352,0.024265958985779434
B,400,density_particle_oracle_deterministic,density_particle_oracle,10000,0,histogram,,,True,,,0.00831998442930676,0.0068755040331056946,0.0025890295233381294,0.007549080768125126,0.00029413919002761394,2.4846194388482804e-05,-1.8213145349577995e-05,2.3522967718357997,1.0001261785016156,1.0002047085864636,0.9997141300854205,0.4000011739034127,0.08002329372142188,True,0.0025840901820505025,0.20052655208052442,0.20053020436628352,0.021070416958536953
B,400,density_particle_oracle_deterministic,density_particle_oracle,10000,0,kde,1.0,0.002506265664160401,True,,,0.0011051241914495145,0.0010492333116153816,0.00039509772775378704,0.0026341209784821054,0.00038359759593753777,4.6413036259433665e-05,-1.8213143408641275e-05,2.0231566520000714,0.9991956249855689,0.9992740820031898,0.9992738480551535,0.40000000386366,0.0800581462303144,True,0.00031582874631564046,0.20052655208091363,0.20053020436628352,0.03224091697484255
B,400,density_particle_oracle_deterministic,density_particle_oracle,10000,0,kde,2.0,0.005012531328320802,True,,,0.0013372723902370716,0.001934684283647348,0.0007285218224850196,0.002191276142342713,0.0006791107763621573,0.0001386332846138651,-1.8213145349439583e-05,1.9999076856706837,0.9977302098453018,0.9978085517982661,0.9978080846626998,0.40000000400716623,0.08017575066477166,True,0.00013845051829813036,0.20052655208052445,0.20053020436628352,0.043374375032726675
B,400,density_particle_oracle_deterministic,density_particle_oracle,10000,0,kde,4.0,0.010025062656641603,True,,,0.004697361818363103,0.0069357262226454565,0.002611706701029796,0.00798911760940546,0.0018540853803413679,0.0005110099524781378,-1.8213145349439583e-05,1.9838647367564781,0.9919323683782391,0.9920102550836635,0.9920088760152453,0.40000000463267693,0.08064445350420921,True,5.113756956082948e-05,0.20052655208052445,0.20053020436628352,0.0460074589936994
B,400,density_particle_oracle_deterministic,density_particle_oracle,20000,0,histogram,,,True,,,0.004078576586235408,0.0035201430134467683,0.001325539792326965,0.004096486506931729,0.000291148671061302,1.8944912552170832e-05,-1.8213145349439583e-05,2.112266488995412,1.0001261785016156,1.0002047085864636,0.9997296589005527,0.39999988095829625,0.0800214254783936,True,0.0013209685463711894,0.20052655208052445,0.20053020436628352,0.03220266697462648
B,400,density_particle_oracle_deterministic,density_particle_oracle,20000,0,kde,1.0,0.002506265664160401,True,,,0.0006227084268309391,0.000743260053616439,0.00027988089499550727,0.001319519416482607,0.00038321365337742755,4.548231897033068e-05,-1.821314604232479e-05,2.0091256217332525,0.9991956269002625,0.9992740839180337,0.9992739724343329,0.4000000017105951,0.08005812444382553,True,0.00014899651565106477,0.2005265520803855,0.20053020436628352,0.18766733299707994
B,400,density_particle_oracle_deterministic,density_particle_oracle,20000,0,kde,2.0,0.005012531328320802,True,,,0.001269717373783107,0.0019068609587746335,0.0007180447128526154,0.002191275185138286,0.0006787239027062739,0.0001380104340405956,-1.8213145349301175e-05,1.9972460260667737,0.9977302108025062,0.9978085527555457,0.9978082127851172,0.40000000181089845,0.08017572815033379,True,6.428717591472764e-05,0.20052655208052447,0.20053020436628352,0.06719445897033438
B,400,density_particle_oracle_deterministic,density_particle_oracle,20000,0,kde,4.0,0.010025062656641603,True,,,0.004694730273123287,0.006934600682873676,0.0026112828694554416,0.007989117602041573,0.0018536943399214585,0.000510591005812606,-1.8213145349301175e-05,1.983864736771206,0.991932368385603,0.9920102550910279,0.9920090196084353,0.4000000022541816,0.08064442794092713,True,2.709381142575174e-05,0.20052655208052447,0.20053020436628352,0.07165495801018551
B,400,oracle_score_deterministic,gradient_glob_oracle,0,20,,,,True,,,,0.17486564910416985,0.06584714749180073,0.17522121866788787,0.05990100582719963,3.10538837856969e-05,-0.17470764996723312,1.650019658613579,0.8250928876432287,0.825157674083047,0.825114596949671,0.40001668329111373,0.08001435957952514,True,0.00163735642859602,0.16549604361400114,0.20053020436628352,0.015954417001921684
B,400,oracle_score_deterministic,gradient_glob_oracle,0,80,,,,True,,,,0.17486564910415234,0.06584714749179414,0.17522121866788565,0.059901005827191094,3.1053883814998254e-05,-0.1747076499671091,1.6500196586135336,0.8250928876432287,0.825157674083047,0.8251145969472538,0.4000166832910699,0.08001435957968699,True,0.001637356428595877,0.165496043614026,0.20053020436628352,0.040373042051214725
B,400,tikhonov_best,baseline_tikhonov,0,0,,0.0001,,True,,,,0.001032500152115113,0.000388796714219896,0.0009922638261071319,4.454053346440251e-05,7.092530796712828e-05,-0.00011098143110871856,2.0033894734636126,1.0008416851038566,1.00092027137041,1.0009790409657318,0.40000000004691866,0.07991566883383373,True,0.00020798587465416444,0.20050794923722243,0.20053020436628352,
B,400,spectral_cutoff_best,baseline_spectral,0,0,,0.01,,True,,,,0.0011582207305780845,0.00043613786735783607,0.0012986851340147654,5.865911151739982e-06,7.86141006783943e-05,-1.3510166185785378e-05,2.0042373102699225,1.001159823115478,1.0012384343622842,1.0011782134344236,0.4000000127988356,0.07990586458274784,True,0.00020634314237223583,0.20052749516989726,0.20053020436628352,
B,800,density_particle_oracle_deterministic,density_particle_oracle,1000,0,histogram,,,True,,,0.1449906836887968,0.12010705002028338,0.04522733125691907,0.15578188119335262,0.0001921282979780773,0.00015492642071153305,-1.8199753657724356e-05,29.801053423582985,1.1215450213176394,1.1215669815746216,0.9996838844203566,0.3999863605422103,0.08003106871623274,True,0.045198891136172335,0.20052655485743598,0.20053020445775804,0.0043029579683206975
B,800,density_particle_oracle_deterministic,density_particle_oracle,1000,0,kde,1.0,0.0012515644555694619,True,,,0.024735971463062736,0.020155044045945925,0.0075895532644407555,0.05943929529172392,0.00019479954738337114,5.6822223533383365e-05,-1.8199718955054758e-05,3.578762115647999,0.9997057635356686,0.9997253381359357,0.9997143055517406,0.4000000079379613,0.0800239044009194,True,0.007584218234585368,0.2005265548643949,0.20053020445775804,0.008651124953757972
B,800,density_particle_oracle_deterministic,density_particle_oracle,1000,0,kde,2.0,0.0025031289111389237,True,,,0.011807327142747933,0.009618781963018488,0.0036220341608260995,0.027515485953841075,0.0002666864650050322,6.935956341551899e-05,-1.8199753657585944e-05,2.344460682689565,0.9993392214302885,0.9993587888535286,0.9993476286031813,0.40000000807928665,0.08005327246020073,True,0.003613432849839964,0.200526554857436,0.20053020445775804,0.008905457973014563
B,800,density_particle_oracle_deterministic,density_particle_oracle,1000,0,kde,4.0,0.0050062578222778474,True,,,0.005681688146629346,0.004820380565532177,0.001815155301748908,0.011540257886126051,0.0005590731375414609,0.00015290799250840086,-1.8199753657724356e-05,2.0642094758576777,0.9978767294638828,0.9978962682510014,0.997884944002494,0.4000000086450622,0.08017063739659366,True,0.001677217559006579,0.20052655485743598,0.20053020445775804,0.009862207982223481
B,800,density_particle_oracle_deterministic,density_particle_oracle,5000,0,histogram,,,True,,,0.03148976714873987,0.02684441706979869,0.010108493573105358,0.03103329281785382,0.00015055273552639156,3.598280764453596e-05,-1.8199753657724356e-05,7.754682718824821,1.0254125909189846,1.0254326688682254,0.9998552136443033,0.39999764359969164,0.08001100091586043,True,0.010102063959093705,0.20052655485743598,0.20053020445775804,0.007751750003080815
B,800,density_particle_oracle_deterministic,density_particle_oracle,5000,0,kde,1.0,0.0012515644555694619,True,,,0.004522021324681873,0.0036979138002529834,0.0013924808941301109,0.010984304926858209,0.00017544312949534832,2.2573266697216627e-05,-1.819975916080522e-05,2.255038414157304,0.999705709615602,0.9997252842148132,0.9997247158764817,0.40000000142727615,0.08002208001705936,True,0.0013887104321539151,0.20052655485633245,0.20053020445775804,0.03963512502377853
B,800,density_particle_oracle_deterministic,density_particle_oracle,5000,0,kde,2.0,0.0025031289111389237,True,,,0.0021866067194991038,0.0018444562817330373,0.0006945457009289429,0.005280089097554069,0.000249206374923696,4.358365614206651e-05,-1.8199753657585944e-05,2.055022921136826,0.9993391076833303,0.9993586751043432,0.9993580881467476,0.4000000014689695,0.08005143756796537,True,0.00066180209694458,0.200526554857436,0.20053020445775804,0.03252304199850187
B,800,density_particle_oracle_deterministic,density_particle_oracle,5000,0,kde,4.0,0.0050062578222778474,True,,,0.001548249801865064,0.0019884131561823584,0.0007487538864295495,0.002201262219834747,0.0005442072298207928,0.00013470816455371612,-1.8199753657585944e-05,2.006248975742782,0.9978767206156877,0.997896259402633,0.9978956003202054,0.40000000164013777,0.08016876029780404,True,0.00029828114308925395,0.200526554857436,0.20053020445775804,0.030261750041972846
B,800,density_particle_oracle_deterministic,density_particle_oracle,10000,0,histogram,,,True,,,0.015667192966814448,0.01278455145867517,0.0048141315909014755,0.015496443446045274,0.00015425232996494714,1.9956836355434768e-05,-1.8199753657585944e-05,3.9093855028786275,1.0093905191858754,1.0094102834171592,0.9998226885900485,0.40000159551087094,0.08001437688291337,True,0.004810768650808985,0.200526554857436,0.20053020445775804,0.011430832964833826
B,800,density_particle_oracle_deterministic,density_particle_oracle,10000,0,kde,1.0,0.0012515644555694619,True,,,0.0021814190848918487,0.0017935516649444513,0.0006753771345074457,0.00556302098821765,0.0001743373199590225,1.9271892910689817e-05,-1.8199752871688582e-05,2.119292246433858,0.9997057106338681,0.9997252852330993,0.9997251538448035,0.40000000237195904,0.08002200482278127,True,0.0006689819497638469,0.2005265548575936,0.20053020445775804,0.05903808295261115
B,800,density_particle_oracle_deterministic,density_particle_oracle,10000,0,kde,2.0,0.0025031289111389237,True,,,0.0010829520642829478,0.00100786641397226,0.00037952067059967393,0.0026293028087859536,0.0002481218936488426,4.112538469212837e-05,-1.8199753657585944e-05,2.0242628626200387,0.999339107592514,0.999358675013525,0.9993585290711481,0.4000000024037023,0.08005136179134749,True,0.00031643329402431984,0.200526554857436,0.20053020445775804,0.061148041975684464
B,800,density_particle_oracle_deterministic,density_particle_oracle,10000,0,kde,4.0,0.0050062578222778474,True,,,0.0012675543838996585,0.0018600087341576793,0.0007004021091709901,0.0021036998346087854,0.0005431503816229072,0.00013303168898413283,-1.8199753657585944e-05,2.000341572489707,0.9978767201872509,0.9978962589741879,0.9978960531307359,0.4000000025338312,0.08016868217109965,True,0.00013880613117557808,0.200526554857436,0.20053020445775804,0.06526695896172896
B,800,density_particle_oracle_deterministic,density_particle_oracle,20000,0,histogram,,,True,,,0.008195910016876182,0.00691134649590344,0.002602526307562993,0.007887938008620698,0.00015130469537573787,1.3989352678850677e-05,-1.8199753657724356e-05,2.9160170554258618,1.0013794833193208,1.0013990906916261,0.9998392286754029,0.3999993353900285,0.08001282686177778,True,0.002600371419682977,0.20052655485743598,0.20053020445775804,0.027130667003802955
B,800,density_particle_oracle_deterministic,density_particle_oracle,20000,0,kde,1.0,0.0012515644555694619,True,,,0.001049333658972871,0.0008838317633827942,0.0003328143679421812,0.002905888247682483,0.0001739647643142481,1.7995677310434578e-05,-1.8199751863503243e-05,2.054691699293712,0.9997057090561008,0.999725283655301,0.9997252742567545,0.4000000017616177,0.08002198411954713,True,0.0003203270154309646,0.20052655485779577,0.20053020445775804,0.11292904196307063
B,800,density_particle_oracle_deterministic,density_particle_oracle,20000,0,kde,2.0,0.0025031289111389237,True,,,0.0005808022906583194,0.0006826232085495573,0.00025704757523823947,0.0013295291156638761,0.00024774467818655216,4.0199515657839534e-05,-1.8199753657724356e-05,2.0103300266300854,0.9993391070395689,0.9993586744605691,0.9993586504111089,0.40000000178679124,0.08005134090951978,True,0.00014929094522201917,0.20052655485743598,0.20053020445775804,0.10856537497602403
B,800,density_particle_oracle_deterministic,density_particle_oracle,20000,0,kde,4.0,0.0050062578222778474,True,,,0.0011958108397205972,0.0018309384425734836,0.0006894554436172893,0.0021036994916915353,0.0005427670308205283,0.00013240505176247087,-1.8199753657447532e-05,1.9975746771898075,0.9978767205301682,0.9978962593171119,0.9978961782151061,0.40000000189000295,0.08016866056624056,True,6.440763615323156e-05,0.20052655485743603,0.20053020445775804,0.11304137500701472
B,800,oracle_score_deterministic,gradient_glob_oracle,0,20,,,,True,,,,0.17482636808069196,0.0658323558883031,0.17495273619940177,0.05984588853423272,2.4910975291489168e-05,-0.1747144002534732,1.6500858773890679,0.8251259970309804,0.8251421532963046,0.8251323769735317,0.4000029158596736,0.08001063078302457,True,0.0008189436264771227,0.1654946900532145,0.20053020445775804,0.027662124950438738
B,800,oracle_score_deterministic,gradient_glob_oracle,0,80,,,,True,,,,0.17482636808064814,0.0658323558882866,0.17495273619936103,0.05984588853421671,2.4910975309366225e-05,-0.1747144002533745,1.6500858773891287,0.8251259970310234,0.8251421532963475,0.8251323769743539,0.4000029158596603,0.08001063078296804,True,0.0008189436264773167,0.16549469005323428,0.20053020445775804,0.0828133340110071
B,800,tikhonov_best,baseline_tikhonov,0,0,,0.0001,,True,,,,0.0006743990329532799,0.0002539506919666489,0.0010212389717417143,4.451114938288524e-05,3.8497758881194045e-05,-0.00011449210925521589,2.002381290251749,1.000314139634907,1.000333726147398,1.0003890979592067,0.3999999999849585,0.07996277246548883,True,0.00021355276773860266,0.2005072453316803,0.20053020445775804,
B,800,spectral_cutoff_best,baseline_spectral,0,0,,0.01,,True,,,,0.0007590163790742538,0.00028581407336223194,0.000753802242223159,6.02671524658846e-06,4.7797073142295345e-05,-1.579423418100239e-05,2.003213757742782,1.0006235525946223,1.0006431451655309,1.0005874027277275,0.40000001263511337,0.07995304629524214,True,0.00021202719570182353,0.20052703723674847,0.20053020445775804,
H,100,density_particle_oracle_deterministic,density_particle_oracle,1000,0,histogram,,,True,,,0.03610797449901281,0.033449375453979684,0.01061496061863151,0.026816606291590064,0.0017547689171646906,0.0007247645392615869,-0.0010174200573319222,2.643553627254316,0.8116173417008864,1.0146714723930037,0.46202508855189,0.46981780458204786,0.2095395383670498,True,0.14503488897178424,0.233998766048827,0.2342370835558076,0.00792108301538974
H,100,density_particle_oracle_deterministic,density_particle_oracle,1000,0,kde,1.0,0.010101010101010102,True,,,0.014846133410296208,0.0192082001201848,0.0060956082157969296,0.02515339781106512,0.0031744380180786396,0.0010411617914371468,-0.0018613812638534773,2.1538168783914884,0.7828536084495409,0.9787114970818571,0.4617147592098427,0.4698322248509341,0.20956352203911596,True,0.14144362332516325,0.23380107903717715,0.2342370835558076,0.008296791987959296
H,100,density_particle_oracle_deterministic,density_particle_oracle,1000,0,kde,2.0,0.020202020202020204,True,,,0.027322296920433253,0.05235134088287867,0.01661338707411336,0.05569251671992137,0.007557757334442034,0.00230206978317729,-0.003514815445980712,2.025505249025224,0.7441893798182418,0.9303740752716683,0.460578213672279,0.4700357811092237,0.20981642794667826,True,0.13172419882674566,0.23341378343650418,0.2342370835558076,0.008094999997410923
H,100,density_particle_oracle_deterministic,density_particle_oracle,1000,0,kde,4.0,0.04040404040404041,True,,,0.0772066693867805,0.1578816371155458,0.05010279975757204,0.1638568387157885,0.022302579796492555,0.006643054620122135,-0.006927404928717574,1.6352969555410193,0.6360250578223747,0.7951487095470591,0.45564777956447033,0.4707964110360209,0.21135288853829162,True,0.10169391828953626,0.23261442842869468,0.2342370835558076,0.008908416028134525
H,100,density_particle_oracle_deterministic,density_particle_oracle,5000,0,histogram,,,True,,,0.014539404377816464,0.013791881848158428,0.004376771783869056,0.026816606291590068,0.0017708819183428143,0.0007100674224490535,-0.0010174200573321592,2.235426049713298,0.7930660881762945,0.9914789815954492,0.4620507638715361,0.4697686868712347,0.20951332425629196,True,0.14471038321632354,0.23399876604882694,0.2342370835558076,0.02919241599738598
H,100,density_particle_oracle_deterministic,density_particle_oracle,5000,0,kde,1.0,0.010101010101010102,True,,,0.014860461742344398,0.019216829233296796,0.00609834661358805,0.025152137530988373,0.003177800682073864,0.0010447065524359389,-0.0018749353919645419,2.1538185185076304,0.7828539396230463,0.9787119111098616,0.46171640312734746,0.4698323057063534,0.20956147402468914,True,0.14144331069514013,0.23379790415773827,0.2342370835558076,0.030581000028178096
H,100,density_particle_oracle_deterministic,density_particle_oracle,5000,0,kde,2.0,0.020202020202020204,True,,,0.027327398970998104,0.05235315043543973,0.016613961324870283,0.05569258182786496,0.007558891292562723,0.0023031692501737913,-0.0035220743605481075,2.025505338433728,0.7441893147102983,0.9303739938747222,0.4605791148073651,0.4700358612916746,0.20981527091922314,True,0.13172404365596305,0.23341208312952613,0.2342370835558076,0.028737500018905848
H,100,density_particle_oracle_deterministic,density_particle_oracle,5000,0,kde,4.0,0.04040404040404041,True,,,0.07720761294912715,0.15788206926177065,0.050102936896609655,0.1638568636672706,0.02230283714633083,0.00664327624425338,-0.006931086262131164,1.6352972291902015,0.6360250328708926,0.7951486783531013,0.4556482636911142,0.4707964875060738,0.21135221310989705,True,0.10169385470629888,0.23261356612389228,0.2342370835558076,0.027364375011529773
H,100,density_particle_oracle_deterministic,density_particle_oracle,10000,0,histogram,,,True,,,0.012915251139703423,0.012258352237039964,0.0038901152705980127,0.024497699601016106,0.0017901298983191763,0.0007019866143681386,-0.0011174183135826876,2.2354260497132983,0.7953849948668685,0.9943780429451435,0.46201390599615827,0.4697667524559626,0.20953072433824294,True,0.14463172578000014,0.23397534274892215,0.2342370835558076,0.03893899999093264
H,100,density_particle_oracle_deterministic,density_particle_oracle,10000,0,kde,1.0,0.010101010101010102,True,,,0.01486091511592457,0.019217132891246443,0.006098442977634711,0.025152099716461623,0.0031778968665821857,0.0010448173204991838,-0.0018753568601203147,2.15381841151939,0.7828539327535219,0.9787119025216882,0.4617164635152973,0.46983230399272063,0.20956140381109606,True,0.14144330323041063,0.23379780543426665,0.2342370835558076,0.05333858297672123
H,100,density_particle_oracle_deterministic,density_particle_oracle,10000,0,kde,2.0,0.020202020202020204,True,,,0.027327561555741498,0.052353240917295124,0.01661399003874965,0.0556925828081849,0.007558918537645228,0.002303201702330058,-0.003522301234486924,2.0255053180087987,0.7441893137299783,0.9303739926491413,0.4605791520632887,0.47003585956684146,0.20981522834524674,True,0.13172404343013833,0.23341202998723637,0.2342370835558076,0.05346195900347084
H,100,density_particle_oracle_deterministic,density_particle_oracle,10000,0,kde,4.0,0.04040404040404041,True,,,0.0772076354816109,0.15788208737745188,0.05010294264551349,0.16385686487786222,0.022302837856636924,0.0066432805342333656,-0.006931203030392505,1.6352972211566175,0.636025031660301,0.7951486768396384,0.4556482874255221,0.47079648601548535,0.21135218570793182,True,0.10169386196302288,0.2326135387724353,0.2342370835558076,0.0640565839712508
H,100,density_particle_oracle_deterministic,density_particle_oracle,20000,0,histogram,,,True,,,0.012515796727250708,0.01208640849636054,0.0038355499458001432,0.025657152946303087,0.0017852051356641978,0.0007070371194189353,-0.0010924187495200556,2.2087586227716978,0.7965444482121555,0.9958275736199907,0.46203374176788486,0.46976720492332924,0.2095214837144662,True,0.14465216752148843,0.23398119857389835,0.2342370835558076,0.06972858298104256
H,100,density_particle_oracle_deterministic,density_particle_oracle,20000,0,kde,1.0,0.010101010101010102,True,,,0.014861025065243625,0.0192171999308245,0.006098464252246609,0.025152087896293036,0.003177922292262244,0.0010448437142838753,-0.0018754623223789884,2.1538183934751296,0.7828539356751685,0.9787119061742857,0.4617164742363516,0.4698323049540406,0.20956138819300418,True,0.14144330162248953,0.23379778073109475,0.2342370835558076,0.08100891701178625
H,100,density_particle_oracle_deterministic,density_particle_oracle,20000,0,kde,2.0,0.020202020202020204,True,,,0.027327599397583842,0.05235325226964827,0.016613993641351493,0.05569257994958132,0.007558926922491346,0.0023032091678880278,-0.0035223577905521214,2.025505310105681,0.7441893165885819,0.9303739962229234,0.4605791569310127,0.4700358606593467,0.20981521976151007,True,0.13172404296235957,0.2334120167397086,0.2342370835558076,0.18965779099380597
H,100,density_particle_oracle_deterministic,density_particle_oracle,20000,0,kde,4.0,0.04040404040404041,True,,,0.07720764165006674,0.1578820848468505,0.05010294184244218,0.1638568650059743,0.022302840113423268,0.006643281921937621,-0.006931231683111021,1.6352972084407582,0.6360250315321889,0.7951486766794746,0.4556482891534409,0.4707964870682095,0.21135218084125854,True,0.10169386098556907,0.23261353206090607,0.2342370835558076,0.08949708298314363
H,100,oracle_score_deterministic,gradient_glob_oracle,0,20,,,,True,,,,0.2421666382496697,0.076850144233733,0.23630452901753207,0.04788514081766056,0.011236936224658375,-0.09064106474416196,1.2976412183001471,0.5635773675206311,0.7045757254411649,0.41915185368072894,0.48244798023257607,0.20793205191233333,True,0.07737921904101352,0.21300558489974197,0.2342370835558076,0.011497542029246688
H,100,oracle_score_deterministic,gradient_glob_oracle,0,80,,,,True,,,,0.24216663824966234,0.07685014423373067,0.23630452901752108,0.047885140817656525,0.011236936224661855,-0.0906410647441231,1.2976412183001587,0.5635773675206421,0.7045757254411786,0.4191518535702164,0.4824479802321498,0.20793205197207923,True,0.07737921904101275,0.21300558489975108,0.2342370835558076,0.035836499999277294
H,100,tikhonov_best,baseline_tikhonov,0,0,,1e-05,,True,,,,0.008225854199432477,0.0026104259704852486,0.006586122348087087,8.11814123910505e-06,0.0002966782676008844,7.959796522524222e-06,2.193469911488867,0.8064571836618734,1.0082203224653135,0.46220611989738636,0.46970755303779843,0.2096675611674392,True,0.14780985422855034,0.23423894803533074,0.2342370835558076,
H,100,spectral_cutoff_best,baseline_spectral,0,0,,0.01,,True,,,,0.010182048353519064,0.00323121256593589,0.008906261063816145,1.2588060598737395e-05,0.000324063242456154,3.3744238946806874e-05,2.206503737863031,0.8050395487772403,1.00644801721529,0.46220966000457886,0.4697088854612799,0.20966911965650945,True,0.14782494191112572,0.23424498770792532,0.2342370835558076,
H,200,density_particle_oracle_deterministic,density_particle_oracle,1000,0,histogram,,,True,,,0.061755357959804864,0.050647059281369894,0.01607153068329531,0.04322463147644587,0.0008974532875298632,0.00040518174945469937,-0.0010172279489281222,3.822214848432223,0.7924103954066803,0.9890726326810605,0.4621595983326987,0.46971667666187245,0.20951463873281617,True,0.14635016371219436,0.23399881318689736,0.23423708569714397,0.008162665995769203
H,200,density_particle_oracle_deterministic,density_particle_oracle,1000,0,kde,1.0,0.005025125628140704,True,,,0.00927703544644805,0.009329565876083249,0.002960495759611678,0.02532581144440376,0.001237645565039712,0.0004805223243225244,-0.0009083505491000333,2.1975932728769414,0.7964249456843524,0.9940835232942884,0.4620266863374553,0.4697545137551621,0.2095491944719256,True,0.1448258903594223,0.23402431631173137,0.23423708569714397,0.009700334048829973
H,200,density_particle_oracle_deterministic,density_particle_oracle,1000,0,kde,2.0,0.010050251256281407,True,,,0.01215034391849915,0.016853727785894647,0.005348093395395774,0.025158222382916585,0.0024390362896249524,0.0008479191012264338,-0.001741068026588491,2.162592242664209,0.785636708038211,0.9806178359780817,0.4617942204534194,0.4698051965493088,0.20955148840134477,True,0.1422086169329414,0.2338292629965954,0.23423708569714397,0.008499916002620012
H,200,density_particle_oracle_deterministic,density_particle_oracle,1000,0,kde,4.0,0.020100502512562814,True,,,0.025215983530992067,0.05047421735361838,0.016016683780343134,0.054309123985707974,0.006844660596387412,0.0021499380596948147,-0.0034426847085416825,2.0338608906824795,0.7468558958760877,0.9322123125207382,0.46067656483583813,0.4700069902077527,0.2097923071015986,True,0.13251807662396597,0.23343068126404104,0.23423708569714397,0.008939791994635016
H,200,density_particle_oracle_deterministic,density_particle_oracle,5000,0,histogram,,,True,,,0.01535511130194962,0.014957295463679356,0.00474630978371652,0.02203824747709389,0.000843603077696005,0.00037240343920773777,-0.0006172348470056319,2.759452671063264,0.8017328706467591,1.000708781300838,0.46209680782261064,0.46973161215106934,0.20956080302574978,True,0.14570994612037713,0.23409250640539064,0.23423708569714397,0.023846208001486957
H,200,density_particle_oracle_deterministic,density_particle_oracle,5000,0,kde,1.0,0.005025125628140704,True,,,0.00932399324993618,0.009366876661804604,0.00297233536976964,0.025314645110113176,0.0012463696468009119,0.0004888684195314593,-0.0009360584665572208,2.197531337984744,0.7964243875556346,0.9940828266478998,0.46203002842170166,0.4697545107218279,0.20954503851297845,True,0.14482525430605728,0.23401782608989546,0.23423708569714397,0.032456375018227845
H,200,density_particle_oracle_deterministic,density_particle_oracle,5000,0,kde,2.0,0.010050251256281407,True,,,0.012173786594601877,0.016867425864285805,0.005352440125300518,0.0251570015419224,0.0024426324734814777,0.0008517137747981267,-0.0017557077708560149,2.1625839927873365,0.7856366479123431,0.9806177609300375,0.46179600776478513,0.46980518687486955,0.20954921104496074,True,0.1422083495740978,0.23382583382556282,0.23423708569714397,0.0256154160015285
H,200,density_particle_oracle_deterministic,density_particle_oracle,5000,0,kde,4.0,0.020100502512562814,True,,,0.025221740446209437,0.05047645609219128,0.01601739418596543,0.0543090684385108,0.006845683784646174,0.00215091331649803,-0.003450097662229959,2.033861305807231,0.7468559514232849,0.9322123818537668,0.46067749227089233,0.470006981553058,0.20979106083719493,True,0.1325179781804542,0.2334289448753727,0.23423708569714397,0.03096308297244832
H,200,density_particle_oracle_deterministic,density_particle_oracle,10000,0,histogram,,,True,,,0.011724397265627197,0.01055888471897929,0.003350588210851473,0.02669948509713319,0.0008394689913762693,0.00036570802721148433,-0.0005172365715251278,2.3772311862200417,0.8017328706467591,1.000708781300838,0.46208345244855,0.469738186777544,0.20956321411622147,True,0.14566357520497708,0.23411592971001394,0.23423708569714397,0.035613082989584655
H,200,density_particle_oracle_deterministic,density_particle_oracle,10000,0,kde,1.0,0.005025125628140704,True,,,0.009325433610743568,0.00936802723032784,0.0029727004728493994,0.02531429693045356,0.0012466404693533266,0.000489125478757993,-0.0009369070972273617,2.197530400122409,0.7964243869895045,0.9940828259412662,0.4620301319596459,0.46975451274238583,0.2095449113980306,True,0.1448252313026366,0.23401762730912046,0.23423708569714397,0.05476199998520315
H,200,density_particle_oracle_deterministic,density_particle_oracle,10000,0,kde,2.0,0.010050251256281407,True,,,0.012174518081848041,0.016867858184840764,0.005352577311015989,0.025156959658682098,0.0024427464554862125,0.0008518333435189767,-0.0017561629037106147,2.1625837792381737,0.7856366474621798,0.9806177603681516,0.4617960644370775,0.46980518863335885,0.2095491404069036,True,0.14220833769929725,0.23382572721656936,0.23423708569714397,0.04919504199642688
H,200,density_particle_oracle_deterministic,density_particle_oracle,10000,0,kde,4.0,0.020100502512562814,True,,,0.02522192883867506,0.05047653673327904,0.016017419775323127,0.05430907478088287,0.00684571731459393,0.0021509452020767026,-0.0034503288146005514,2.0338612739355746,0.7468559450809128,0.9322123739373301,0.4606775224247007,0.47000698346245845,0.20979102212241257,True,0.1325179718695525,0.23342889073091505,0.23423708569714397,0.0511509160278365
H,200,density_particle_oracle_deterministic,density_particle_oracle,20000,0,histogram,,,True,,,0.00923475137043992,0.008810472467863293,0.002795774929694271,0.02669948509713319,0.0008428784017803126,0.00036664669186946947,-0.0005422361403953131,2.309643240729472,0.7994022518367394,0.9977997441458935,0.46208536570388936,0.46973755515327054,0.20956259930822657,True,0.14565149411261047,0.2341100738838581,0.23423708569714397,0.07041658397065476
H,200,density_particle_oracle_deterministic,density_particle_oracle,20000,0,kde,1.0,0.005025125628140704,True,,,0.009325793000288421,0.009368314795956827,0.002972791724343471,0.025314211236614852,0.0012467076365362672,0.0004891901639451737,-0.0009371190377275071,2.197530388042362,0.7964243831876576,0.9940828211958682,0.4620301590756208,0.46975451284123376,0.2095448791696411,True,0.14482522695301492,0.23401757766479536,0.23423708569714397,0.08720624999841675
H,200,density_particle_oracle_deterministic,density_particle_oracle,20000,0,kde,2.0,0.010050251256281407,True,,,0.012174700899883423,0.016867966987716417,0.005352611836786672,0.025156948239448293,0.0024427743426169986,0.0008518634696161493,-0.001756276680836838,2.162583784957317,0.785636645201146,0.9806177575459692,0.4617960798660719,0.46980518867707677,0.20954912230896008,True,0.14220833617222303,0.2338257005657469,0.23423708569714397,0.09096054098336026
H,200,density_particle_oracle_deterministic,density_particle_oracle,20000,0,kde,4.0,0.020100502512562814,True,,,0.025221974619338276,0.050476555598048124,0.01601742576156832,0.054309074808740254,0.006845724986449346,0.0021509531094705673,-0.0034503866549044637,2.0338612745435007,0.7468559450530554,0.9322123739025591,0.46067753108361015,0.47000698347072833,0.20979101204650794,True,0.13251797180248695,0.23342887718257083,0.23423708569714397,0.09415812499355525
H,200,oracle_score_deterministic,gradient_glob_oracle,0,20,,,,True,,,,0.2390327377327885,0.07585083977812904,0.2380614795377065,0.046804002829531864,0.010993808874890192,-0.08765045035232304,1.2985292971200333,0.5635905032996956,0.7034636926571224,0.4204149747012922,0.48165759714371376,0.20796305630664358,True,0.07783911594120906,0.2137060996465736,0.23423708569714397,0.01638933300273493
H,200,oracle_score_deterministic,gradient_glob_oracle,0,80,,,,True,,,,0.23903273773279515,0.07585083977813115,0.23806147953770918,0.04680400282953323,0.010993808874890274,-0.08765045035232825,1.2985292971199964,0.5635905032996863,0.7034636926571108,0.4204149747910989,0.48165759713549494,0.20796305625287342,True,0.07783911594120774,0.2137060996465724,0.23423708569714397,0.06871999998111278
H,200,tikhonov_best,baseline_tikhonov,0,0,,1e-05,,True,,,,0.004630281147106713,0.0014692996312894034,0.0039583015932834476,8.198635902782427e-06,0.00015507718265427443,-5.825401085052753e-06,2.184390538652036,0.8033311550328197,1.0027037315875296,0.46212519840463484,0.4697128797864486,0.2096551044674252,True,0.14707080404105966,0.23423572117217079,0.23423708569714397,
H,200,spectral_cutoff_best,baseline_spectral,0,0,,0.01,,True,,,,0.007308735033004555,0.002319237503730364,0.006299675229875401,1.219854041750818e-05,0.00018809436677238848,1.084949927014928e-05,2.194119970719737,0.801907853580633,1.0009271919023193,0.4621289016838743,0.4697138102293459,0.20965653225165762,True,0.14708480798942428,0.23423962705223428,0.23423708569714397,
H,400,density_particle_oracle_deterministic,density_particle_oracle,1000,0,histogram,,,True,,,0.142054095090204,0.13055403899686044,0.04142664268379882,0.0925123439300668,0.00040466613284363657,0.0002946379259567661,-1.7197575842058985e-05,23.92550146805283,0.8411309109862324,1.049505789271402,0.46209389617930047,0.4697148894592893,0.20959686994307292,True,0.15182461951865517,0.23423305791875026,0.2342370862288057,0.007745250011794269
H,400,density_particle_oracle_deterministic,density_particle_oracle,1000,0,kde,1.0,0.002506265664160401,True,,,0.0063652993707791075,0.006046999049431934,0.001918798306470718,0.025951049571923065,0.000542958429534129,0.0002323481883218624,-0.00040877867401485976,2.2525834992456524,0.7998777193019452,0.9980328699753818,0.46206978947566524,0.4697312352018629,0.20958715131128777,True,0.14577778787227663,0.234141335103292,0.2342370862288057,0.009801333013456315
H,400,density_particle_oracle_deterministic,density_particle_oracle,1000,0,kde,2.0,0.005012531328320802,True,,,0.007599874942374371,0.00785629090026513,0.0024929121951798856,0.025328806766598704,0.0009119810641152757,0.00038076176670548563,-0.0008490046991126601,2.19953832457037,0.7971080556816809,0.9945770725889873,0.46203944211587433,0.4697440197448287,0.2095544143425425,True,0.1451067802765932,0.234038217841891,0.2342370862288057,0.009361749980598688
H,400,density_particle_oracle_deterministic,density_particle_oracle,1000,0,kde,4.0,0.010025062656641603,True,,,0.010977627660797533,0.0159644982837501,0.005065761052731117,0.025159743998820722,0.002118436060424804,0.000763312083694142,-0.0017094662522043492,2.1647375663951527,0.7863367233874453,0.9811373387100938,0.4618120566039993,0.4697944046208562,0.20955193472624178,True,0.14249664108603696,0.23383666583488288,0.2342370862288057,0.009578583005350083
H,400,density_particle_oracle_deterministic,density_particle_oracle,5000,0,histogram,,,True,,,0.028189264444950107,0.02585841456020284,0.008205240592984065,0.0313138751754134,0.00041685493179162425,0.00019301351727341032,-0.00021719413632663263,4.747716697566735,0.8037473149423999,1.0028610875260064,0.46208141605167913,0.46972337386573776,0.20959698428641393,True,0.1462476518191515,0.23418621130716658,0.2342370862288057,0.01757733302656561
H,400,density_particle_oracle_deterministic,density_particle_oracle,5000,0,kde,1.0,0.002506265664160401,True,,,0.006471181622609946,0.00612155913921458,0.0019424572772818156,0.02563414779221721,0.0005630418869318126,0.00025187402278568064,-0.00046945600902625054,2.20871923448033,0.799876374036855,0.9980311914453434,0.4620769630490092,0.46973125373934727,0.20957848573189536,True,0.1457761305542162,0.2341271222211388,0.2342370862288057,0.032632291957270354
H,400,density_particle_oracle_deterministic,density_particle_oracle,5000,0,kde,2.0,0.005012531328320802,True,,,0.007677379646746936,0.007917882295840912,0.0025124560159342614,0.025316792403885152,0.0009219474276919174,0.00038958912809302986,-0.0008789975968306582,2.1995070780317776,0.7971069765741428,0.9945757261521917,0.462043230138728,0.46974398687270713,0.20954985182765293,True,0.14510611533629192,0.23403119239292197,0.2342370862288057,0.03681487502763048
H,400,density_particle_oracle_deterministic,density_particle_oracle,5000,0,kde,4.0,0.010025062656641603,True,,,0.01100552870019578,0.015980691410214447,0.005070899360738486,0.025158390779493767,0.002122093049335767,0.000766908806682548,-0.001724400324940868,2.1647337003084592,0.7863364301292274,0.9811369728024883,0.4618140431064402,0.469794368950551,0.20954954873307868,True,0.1424963479031332,0.23383316772119955,0.2342370862288057,0.027963000000454485
H,400,density_particle_oracle_deterministic,density_particle_oracle,10000,0,histogram,,,True,,,0.014495711293519953,0.01348499703220695,0.004278980244025687,0.021967976164455262,0.0004316117464945161,0.00019109425462411487,-0.0003171924165690972,3.3458318459230134,0.8037473149423999,1.0028610875260064,0.46207585429376025,0.4697276398888018,0.20959864155148156,True,0.14603088671788414,0.2341627880013747,0.2342370862288057,0.04150816600304097
H,400,density_particle_oracle_deterministic,density_particle_oracle,10000,0,kde,1.0,0.002506265664160401,True,,,0.006475351948933347,0.006124996591246968,0.0019435480294192646,0.025631358577824625,0.0005636408857552105,0.0002524409768811724,-0.00047116239806161136,2.208715302803648,0.7998763721820558,0.9980311891310514,0.46207716637925256,0.46973125493269163,0.2095782352557967,True,0.1457760907419442,0.23412672252154318,0.2342370862288057,0.06308824999723583
H,400,density_particle_oracle_deterministic,density_particle_oracle,10000,0,kde,2.0,0.005012531328320802,True,,,0.00767970778759907,0.00791972973772253,0.002513042235367202,0.025316448963871727,0.0009222528783892229,0.00038985579724695166,-0.0008799109977719159,2.1995068103308792,0.7971069750943104,0.9945757243057577,0.4620433398077372,0.46974398713289695,0.20954971492242935,True,0.14510609813562073,0.23403097844054693,0.2342370862288057,0.06285312498221174
H,400,density_particle_oracle_deterministic,density_particle_oracle,10000,0,kde,4.0,0.010025062656641603,True,,,0.011006383516448958,0.01598117944812379,0.0050710542220682615,0.025158347532639694,0.0021222064614387685,0.0007670200261965242,-0.0017248640309741703,2.1647336740051015,0.7863364212660003,0.9811369617435581,0.46181409894591474,0.46979436907988364,0.20954947683874245,True,0.14249634172690478,0.23383305910404945,0.2342370862288057,0.06143104104558006
H,400,density_particle_oracle_deterministic,density_particle_oracle,20000,0,histogram,,,True,,,0.00957025738313718,0.008499770288536181,0.002697097304251351,0.026640925669934326,0.0004322666618540222,0.00019260203357574009,-0.00026719327644792416,2.6168517230682786,0.8037473149423999,1.0028610875260064,0.4620834682635729,0.46972655605557273,0.20959426384940244,True,0.1459950369469235,0.23417449965427062,0.2342370862288057,0.06480275001376867
H,400,density_particle_oracle_deterministic,density_particle_oracle,20000,0,kde,1.0,0.002506265664160401,True,,,0.006476392208849729,0.00612585597532718,0.001943820724140107,0.02563066807925374,0.0005637894545191231,0.0002525829782282715,-0.0004715877052091873,2.208714713045053,0.7998763708295313,0.9980311874434636,0.462077219906547,0.4697312547141369,0.20957817145141722,True,0.14577608108999923,0.23412662289883618,0.2342370862288057,0.1132170419441536
H,400,density_particle_oracle_deterministic,density_particle_oracle,20000,0,kde,2.0,0.005012531328320802,True,,,0.007680289556413449,0.007920193448524607,0.0025131893773618417,0.025316363028126565,0.0009223283210143175,0.00038992293124316636,-0.0008801391424931449,2.199506793706406,0.7971069766971627,0.9945757263056876,0.4620433698429917,0.46974398661742256,0.20954967944000405,True,0.1451060941190843,0.2340309250005922,0.2342370862288057,0.11264666699571535
H,400,density_particle_oracle_deterministic,density_particle_oracle,20000,0,kde,4.0,0.010025062656641603,True,,,0.011006598736428189,0.015981305269213573,0.005071094146879233,0.025158336736557818,0.002122233900199853,0.0007670481009858399,-0.001724979936325064,2.1647336736661624,0.7863364230211535,0.9811369639335185,0.461814115654094,0.46979436857582924,0.2095494575618172,True,0.14249634053066784,0.23383303195471777,0.2342370862288057,0.10840429103700444
H,400,oracle_score_deterministic,gradient_glob_oracle,0,20,,,,True,,,,0.23925794094679545,0.0759199279089534,0.23874573645241648,0.046674593287810366,0.011021891728893814,-0.08734706513121433,1.2986154136387866,0.5635890860510153,0.7032080272584351,0.4204499046541966,0.4817292308177346,0.20800688637715928,True,0.07777989677929327,0.21377716420183235,0.2342370862288057,0.04177483299281448
H,400,oracle_score_deterministic,gradient_glob_oracle,0,80,,,,True,,,,0.2392579409467959,0.07591992790895354,0.23874573645241326,0.04667459328780925,0.011021891728895178,-0.08734706513119846,1.298615413638796,0.5635890860510185,0.7032080272584391,0.42044990460429565,0.4817292308122587,0.2080068863963049,True,0.0777798967792919,0.21377716420183607,0.2342370862288057,0.11227620800491422
H,400,tikhonov_best,baseline_tikhonov,0,0,,1e-05,,True,,,,0.003284290521324108,0.0010421518241955968,0.002709860111647422,8.24932852752241e-06,8.794258342035266e-05,-1.560899503404283e-05,2.1783850151784403,0.8014536245196123,0.9999991770361286,0.462085051768042,0.46971528716842453,0.2096491130668592,True,0.14671025127893456,0.23423343002328997,0.2342370862288057,
H,400,spectral_cutoff_best,baseline_spectral,0,0,,0.01,,True,,,,0.006393475723526491,0.002028740254542745,0.004993420183905001,1.201553486738427e-05,0.00013675649529144585,-2.6458701562878448e-06,2.1866439048814286,0.800030158485843,0.9982230731933623,0.46208884944246087,0.4697160215677138,0.20965045542010347,True,0.14672374963371637,0.23423646646788976,0.2342370862288057,
H,800,density_particle_oracle_deterministic,density_particle_oracle,1000,0,histogram,,,True,,,0.27210192660750177,0.2537474525933008,0.08051640050985942,0.17385644350820073,0.00021165089810862097,0.0002620092313134646,-1.7185734307143996e-05,81.59836600116152,0.9357610779949717,1.167494535576928,0.4620714985467034,0.46971989101253103,0.2096193384179597,True,0.16688025003386686,0.23423306082477385,0.23423708636110493,0.007711332989856601
H,800,density_particle_oracle_deterministic,density_particle_oracle,1000,0,kde,1.0,0.0012515644555694619,True,,,0.029914941102219816,0.0324834941968631,0.010307311470457593,0.03850893314967764,0.00026054555668321433,0.00010590011408232726,-9.46114986018703e-05,9.188909590079998,0.8007301769097904,0.9990243535420379,0.46206385227944347,0.46972318778717276,0.20961711129319716,True,0.14642081680825422,0.23421492483933617,0.23423708636110493,0.011480708024464548
H,800,density_particle_oracle_deterministic,density_particle_oracle,1000,0,kde,2.0,0.0025031289111389237,True,,,0.005091356709708291,0.004906735783300337,0.0015569523929664035,0.02595527609591797,0.00038751515018953204,0.00017572714260406062,-0.00037412883640317816,2.2801751253867004,0.8000341297606435,0.9981559360984805,0.4620690666632448,0.4697267156120386,0.2095934200762763,True,0.1458929690724165,0.23414945151254218,0.23423708636110493,0.011529124982189387
H,800,density_particle_oracle_deterministic,density_particle_oracle,1000,0,kde,4.0,0.0050062578222778474,True,,,0.006783681207779098,0.007175822921040458,0.002276954611340901,0.025329519382303736,0.0007635380640328641,0.00033638618999449766,-0.0008339250455116859,2.200130364065973,0.7972690218197397,0.9947060721458114,0.46204154329359665,0.4697393903170539,0.209557446831749,True,0.14522317961119627,0.23404175018820073,0.23423708636110493,0.01225670799612999
H,800,density_particle_oracle_deterministic,density_particle_oracle,5000,0,histogram,,,True,,,0.055253877412724924,0.05135460004656877,0.01629528692057633,0.03664966217421006,0.00024582064590670963,0.00010524100007658981,-0.00021718229716013047,17.36772560758667,0.823469748635575,1.0273951913076964,0.46206306891703774,0.46972408878864286,0.2096188142782332,True,0.14700500970368396,0.23418621421260893,0.23423708636110493,0.01686420798068866
H,800,density_particle_oracle_deterministic,density_particle_oracle,5000,0,kde,1.0,0.0012515644555694619,True,,,0.0045515789158786756,0.004326075136264888,0.0013727034291277232,0.026290909612704534,0.000285018933545306,0.00013131120461764624,-0.00023537484833496825,2.212202573645813,0.8007290296320916,0.9990229221505474,0.46207317926224556,0.4697234680620524,0.20960573095931206,True,0.14606200323595994,0.23418195284242826,0.23423708636110493,0.04878770897630602
H,800,density_particle_oracle_deterministic,density_particle_oracle,5000,0,kde,2.0,0.0025031289111389237,True,,,0.005331462928136986,0.005098606484150428,0.0016178347310465192,0.025635490768196646,0.00041162155862768413,0.00019771664466371191,-0.0004414430441544708,2.2092870091760006,0.8000328706026772,0.9981543651205037,0.4620771130641714,0.46972675214857523,0.2095836333203274,True,0.14589142387792467,0.23413368402864781,0.23423708636110493,0.04341904103057459
H,800,density_particle_oracle_deterministic,density_particle_oracle,5000,0,kde,4.0,0.0050062578222778474,True,,,0.0068757546555114485,0.007247450189196687,0.0022996826023073264,0.0253175218085342,0.0007740865167611254,0.00034514225500031725,-0.0008644718681493411,2.2001161969943874,0.7972679152884606,0.9947046915912532,0.4620453200868237,0.4697393959644067,0.20955283061668573,True,0.1452225611955738,0.2340345949894685,0.23423708636110493,0.04517920798389241
H,800,density_particle_oracle_deterministic,density_particle_oracle,10000,0,histogram,,,True,,,0.027552166415611992,0.025698769430572945,0.008154455900682298,0.031290451637430244,0.0002350939510454472,0.0001024919156788705,-0.00011718401573363723,8.459280145074544,0.8047545270756756,1.004045300596158,0.4620696684764935,0.4697207431265756,0.20961571134140725,True,0.14634755751662593,0.2342096375186914,0.23423708636110493,0.029507250001188368
H,800,density_particle_oracle_deterministic,density_particle_oracle,10000,0,kde,1.0,0.0012515644555694619,True,,,0.00456355211737288,0.004335240013192403,0.0013756115288693276,0.026267445226634625,0.00028619578853498096,0.00013245625656512904,-0.00023883311070858933,2.2121616199228957,0.8007290513688823,0.9990229492702738,0.46207359173147017,0.46972347301975464,0.20960523003679762,True,0.14606191513536668,0.234181142789126,0.23423708636110493,0.08230141596868634
H,800,density_particle_oracle_deterministic,density_particle_oracle,10000,0,kde,2.0,0.0025031289111389237,True,,,0.005338210724556113,0.005104320824564525,0.0016196479438166528,0.02563269618409363,0.0004123113108873145,0.00019833183740280196,-0.0004432786506888556,2.209284433854786,0.8000328726363134,0.998154367657753,0.4620773365979925,0.46972675273712977,0.2095833616365511,True,0.14589138233222548,0.2341332540615215,0.23423708636110493,0.08780829200986773
H,800,density_particle_oracle_deterministic,density_particle_oracle,10000,0,kde,4.0,0.0050062578222778474,True,,,0.006878512070639776,0.007249601252849631,0.0023003651545884726,0.025317178063369583,0.000774410249110564,0.00034540952224149064,-0.00086540128571555,2.2001159807181914,0.797267903971367,0.9947046774715753,0.4620454353145748,0.4697393960355905,0.20955268999817453,True,0.14522254163040313,0.23403437728540577,0.23423708636110493,0.08261091698659584
H,800,density_particle_oracle_deterministic,density_particle_oracle,20000,0,histogram,,,True,,,0.013532267997373204,0.013621612035283708,0.004322262781414737,0.031290451637430244,0.00024131987487732912,0.0001035619977539976,-0.0001421835860903198,5.118613096632497,0.8047545270756756,1.004045300596158,0.4620710114310948,0.4697222685927357,0.20961520409457862,True,0.1461685134299258,0.23420378169217076,0.23423708636110493,0.0635477079777047
H,800,density_particle_oracle_deterministic,density_particle_oracle,20000,0,kde,1.0,0.0012515644555694619,True,,,0.0045665140497718705,0.004337520960656374,0.001376335294478299,0.02626186191677788,0.0002864877791149616,0.00013273918319969068,-0.00023968689510789167,2.2121538354437202,0.8007290532470821,0.9990229516135942,0.46207369373023643,0.46972347406279275,0.20960510622886214,True,0.146061893667385,0.23418094280115592,0.23423708636110493,0.1437733750208281
H,800,density_particle_oracle_deterministic,density_particle_oracle,20000,0,kde,2.0,0.0025031289111389237,True,,,0.005339888376013708,0.00510574138176287,0.0016200986996810374,0.025632005869703982,0.00041248356033526224,0.00019848510275344853,-0.0004437358569823273,2.2092837497010285,0.8000328754861624,0.9981543712133435,0.46207739230455097,0.46972675269662595,0.20958329390648056,True,0.14589137221930965,0.23413314696685145,0.23423708636110493,0.1396493340143934
H,800,density_particle_oracle_deterministic,density_particle_oracle,20000,0,kde,4.0,0.0050062578222778474,True,,,0.006879200003314804,0.007250136855390354,0.0023005351062007637,0.025317092022174963,0.0007744913925596407,0.00034547621083027614,-0.0008656334236276863,2.2001158663748006,0.7972679052532106,0.9947046790708567,0.4620454641571456,0.4697393958816074,0.20955265480456495,True,0.14522253697282997,0.2340343229100976,0.23423708636110493,0.14726599998539314
H,800,oracle_score_deterministic,gradient_glob_oracle,0,20,,,,True,,,,0.23950219667834668,0.07599624978955946,0.2386669021360801,0.046662138029803,0.011031447068659354,-0.08739532843249954,1.2985977323926212,0.5635855235285806,0.7031527967157186,0.42041247059683257,0.4817642364446058,0.20800350320951805,True,0.07776730040523663,0.2137658592675044,0.23423708636110493,0.09313349996227771
H,800,oracle_score_deterministic,gradient_glob_oracle,0,80,,,,True,,,,0.23950219667833977,0.07599624978955727,0.23866690213607678,0.046662138029799,0.011031447068668996,-0.0873953284324371,1.2985977323926183,0.5635855235285862,0.7031527967157255,0.42041247059771575,0.4817642364346926,0.20800350321533725,True,0.07776730040523651,0.21376585926751904,0.23423708636110493,0.21843054197961465
H,800,tikhonov_best,baseline_tikhonov,0,0,,1e-05,,True,,,,0.0029025068971448137,0.0009209921338115183,0.0024134438921648294,8.274505085746921e-06,6.096269854078951e-05,-2.1181626639017256e-05,2.1750568564965036,0.8004397640778552,0.9986620223847384,0.4620650568085613,0.469716427507748,0.209646174909332,True,0.1465321657594941,0.23423212483859662,0.23423708636110493,
H,800,spectral_cutoff_best,baseline_spectral,0,0,,0.01,,True,,,,0.006131784686653244,0.0019456716771935386,0.004357250130899437,1.192543864588258e-05,0.0001232661898234927,-9.800257043547901e-06,2.182676962848045,0.7990170290001772,0.9968869587837584,0.4620689042559111,0.46971706576080485,0.2096474702580451,True,0.14654542015279726,0.23423479077744946,0.23423708636110493,
Z,100,density_particle_oracle_deterministic,density_particle_oracle,1000,0,histogram,,,True,,,0.013588428018086034,0.013964668638982323,0.004157220931990466,0.014910825994749688,0.0018744558527377664,0.00029618822776297224,-7.59997685829482e-12,2.0348808333299795,0.9926247967463313,0.995870986345987,0.9929879226831753,0.39999731743925077,0.05035822211040104,True,0.003719047531672922,0.12533141373059742,0.12533141373154993,0.0014741659979335964
Z,100,density_particle_oracle_deterministic,density_particle_oracle,1000,0,kde,1.0,0.010101010101010102,True,,,0.016494494554544686,0.021492636408182865,0.006398264095600449,0.024391542054603588,0.0048991305777880915,0.0010062680775511465,-7.092396376937755e-12,1.944697618423223,0.9723488092116116,0.9755286900709722,0.9753587962030084,0.4000001025501298,0.051264554934531,True,0.0002374550312012405,0.12533141373066103,0.12533141373154993,0.0019920420018024743
Z,100,density_particle_oracle_deterministic,density_particle_oracle,1000,0,kde,2.0,0.020202020202020204,True,,,0.05076902216198001,0.06791760617288393,0.0202187750624045,0.07621082275061997,0.014248049164482685,0.00331436247261552,-7.59997685829482e-12,1.8410590570311904,0.9205295285155952,0.9235399443257163,0.9230709451451156,0.40000017925709264,0.054169253589613664,True,9.238215705070107e-05,0.12533141373059742,0.12533141373154993,0.0021805830183438957
Z,100,density_particle_oracle_deterministic,density_particle_oracle,1000,0,kde,4.0,0.04040404040404041,True,,,0.16009405060969972,0.20554881417186915,0.06119098525802082,0.22288200140420977,0.04405841943746661,0.011548423950849238,-1.185373160781772e-11,1.5477166996565381,0.7738583498620054,0.7763891056270871,0.7753578213282658,0.400000351389431,0.06449100253711623,True,3.161398301673248e-05,0.1253314137300643,0.12533141373154993,0.0020662080496549606
Z,100,density_particle_oracle_deterministic,density_particle_oracle,5000,0,histogram,,,True,,,0.006812504461854558,0.0077437837539051655,0.0023052906407443623,0.008172133488607791,0.0018419624552439074,0.00027833159830841647,-7.600198315747418e-12,1.9852495934926624,0.9901432347544654,0.993381308880122,0.9931397878665217,0.3999935423883069,0.050345656866228425,True,0.0014667944857863775,0.1253314137305974,0.12533141373154993,0.004403416998684406
Z,100,density_particle_oracle_deterministic,density_particle_oracle,5000,0,kde,1.0,0.010101010101010102,True,,,0.01644413577583151,0.02145820406546867,0.006388013737387914,0.024391576034416107,0.004887446705191396,0.0010066930426369581,-6.714147047898547e-12,1.9446975504635982,0.9723487752317991,0.9755286559800352,0.9753760695815112,0.4000000138187221,0.05126249339865511,True,4.48118061471575e-05,0.12533141373070844,0.12533141373154993,0.0070350420428439975
Z,100,density_particle_oracle_deterministic,density_particle_oracle,5000,0,kde,2.0,0.020202020202020204,True,,,0.05074294301913401,0.06788991525678123,0.020210531597484267,0.07621072137107088,0.014237188571697446,0.0033222754886883445,-7.59997685829482e-12,1.8410592597902886,0.9205296298951443,0.9235400460368077,0.9230948961792267,0.40000002335556406,0.054165875666775866,True,1.662083747873974e-05,0.12533141373059742,0.12533141373154993,0.005523332976736128
Z,100,density_particle_oracle_deterministic,density_particle_oracle,5000,0,kde,4.0,0.04040404040404041,True,,,0.16006030512421732,0.20551666100556906,0.0611814134006837,0.22288206871805694,0.04405179761168979,0.011556496588852456,-2.701736630218111e-11,1.547716564805873,0.7738582825481582,0.7763890380931029,0.7753763739584981,0.4000000452341771,0.06448540252886023,True,5.4926861151325425e-06,0.1253314137281638,0.12533141373154993,0.005074375018011779
Z,100,density_particle_oracle_deterministic,density_particle_oracle,10000,0,histogram,,,True,,,0.006368198661366088,0.007421770411938359,0.002209428673646361,0.008172133488607791,0.0018286467693703604,0.00027120551526855314,-7.59997685829482e-12,1.9802864695089308,0.9889024537585326,0.9921364701471896,0.9932510133853983,0.40000155754200545,0.05033894257926627,True,0.0013531464453758514,0.12533141373059742,0.12533141373154993,0.005063624994363636
Z,100,density_particle_oracle_deterministic,density_particle_oracle,10000,0,kde,1.0,0.010101010101010102,True,,,0.01644283922681908,0.021457325428489854,0.0063877521709924355,0.024391572369865222,0.004886681677452347,0.0010067588813374717,-7.665085349358946e-12,1.9446975577926997,0.97234877889635,0.9755286596565703,0.9753765060071166,0.40000000036384126,0.051262442982223315,True,2.1187427394295836e-05,0.12533141373058926,0.12533141373154993,0.012516957998741418
Z,100,density_particle_oracle_deterministic,density_particle_oracle,10000,0,kde,2.0,0.020202020202020204,True,,,0.05074215466058307,0.0678889636690586,0.020210248313970603,0.07621071980927285,0.014236383469221299,0.003323034880919861,-7.600198315747418e-12,1.8410592629138844,0.9205296314569423,0.9235400476037133,0.9230958743957268,0.4000000020825375,0.05416574625637407,True,7.9123908543639e-06,0.1253314137305974,0.12533141373154993,0.013874416996259242
Z,100,density_particle_oracle_deterministic,density_particle_oracle,10000,0,kde,4.0,0.04040404040404041,True,,,0.16005835357178974,0.20551441273335475,0.061180744099853746,0.22288207696213747,0.04405108033851537,0.011557261342996845,-3.950579496914776e-11,1.5477165481426276,0.7738582743040777,0.7763890298220616,0.7753782322151759,0.4000000100484894,0.0644849665909052,True,2.627295882637739e-06,0.12533141372659862,0.12533141373154993,0.011668291001114994
Z,100,density_particle_oracle_deterministic,density_particle_oracle,20000,0,histogram,,,True,,,0.006331628528602196,0.0074433762048293686,0.0022158606239332463,0.008172133488607791,0.0018307147583711797,0.00027082303805583843,-7.600419773200017e-12,1.981527250504864,0.9895228442564991,0.9927588895136559,0.9932435998122964,0.3999999254025252,0.05033889306936282,True,0.0013620119724348212,0.12533141373059736,0.12533141373154993,0.010215291986241937
Z,100,density_particle_oracle_deterministic,density_particle_oracle,20000,0,kde,1.0,0.010101010101010102,True,,,0.01644242043203546,0.02145699560565691,0.006387653984173944,0.0243915741794567,0.00488634676765766,0.0010068658920069388,-8.123059361333817e-12,1.944697554173517,0.9723487770867585,0.9755286578410609,0.975376719673581,0.3999999993940467,0.051262417537480474,True,1.0234973382060378e-05,0.12533141373053186,0.12533141373154993,0.018368041957728565
Z,100,density_particle_oracle_deterministic,density_particle_oracle,20000,0,kde,2.0,0.020202020202020204,True,,,0.05074179968785938,0.0678885419135487,0.02021012275919525,0.07621072135249773,0.014236024219479901,0.0033234241300144395,-7.59997685829482e-12,1.8410592598274351,0.9205296299137175,0.9235400460554416,0.9230962960189628,0.3999999987150262,0.05416568910581505,True,3.889688292418318e-06,0.12533141373059742,0.12533141373154993,0.021945082989986986
Z,100,density_particle_oracle_deterministic,density_particle_oracle,20000,0,kde,4.0,0.04040404040404041,True,,,0.16005750598084395,0.20551341515555813,0.06118044712529569,0.22288208060477777,0.04405073772914377,0.011557652124330135,-5.5918892611075095e-11,1.547716540634679,0.7738582706614374,0.7763890261675087,0.7753790835287372,0.39999999592104485,0.06448476737205858,True,1.2474830364977407e-06,0.12533141372454154,0.12533141373154993,0.020490916969720274
Z,100,oracle_score_deterministic,gradient_glob_oracle,0,20,,,,True,,,,0.15500683425752834,0.04614485833041107,0.15355480414670108,0.04214125008167019,0.00032749320949255524,-0.153172117691046,1.6863710941389782,0.8431855471195141,0.8459430242272907,0.8495722809684878,0.39982788752227716,0.049781204967991204,True,0.008493136486194664,0.10613413567707579,0.12533141373154993,0.002926458022557199
Z,100,oracle_score_deterministic,gradient_glob_oracle,0,80,,,,True,,,,0.15500683425752534,0.04614485833041018,0.15355480414669365,0.04214125008166951,0.00032749320949170224,-0.153172117691053,1.6863710941389956,0.8431855471195215,0.8459430242272982,0.849572280928212,0.3998278875215569,0.04978120496883249,True,0.008493136486194822,0.10613413567707491,0.12533141373154993,0.0055068330257199705
Z,100,tikhonov_best,baseline_tikhonov,0,0,,0.001,,True,,,,0.0024049670653989693,0.0007159482035338063,0.0019180319397953394,0.00033997347419008334,0.0001397444332815548,-0.000998986879734093,1.9973342252942603,0.9986583832060105,1.0019243044965107,1.0023270319753903,0.39999999999999103,0.04984150534999069,True,0.00012982971549445235,0.1252062092936136,0.12533141373154993,
Z,100,spectral_cutoff_best,baseline_spectral,0,0,,0.0001,,True,,,,0.0035347192036593446,0.0010522704864719347,0.004045643174082736,9.152980637726839e-13,0.0001623536744399104,2.8256952247359136e-10,2.0015721017413353,1.000785994440298,1.004058873676523,1.004085713984519,0.40000000000067537,0.04979654555866722,True,3.1519490114475326e-09,0.12533141376696477,0.12533141373154993,
Z,200,density_particle_oracle_deterministic,density_particle_oracle,1000,0,histogram,,,True,,,0.026641051881416307,0.020316943147375022,0.0060482653409012705,0.022558994492771944,0.0006223863680627408,0.00010980976603102753,-7.0312741200204124e-12,2.244685619916276,0.9976380532961227,0.998444530900459,0.998427288891893,0.4000007440548669,0.05008177446228998,True,0.006019176921504157,0.1253314137306687,0.12533141373154993,0.001589666004292667
Z,200,density_particle_oracle_deterministic,density_particle_oracle,1000,0,kde,1.0,0.005025125628140704,True,,,0.0051266084266951405,0.006096728273237274,0.0018149694095431926,0.006461124010626373,0.00144939054016058,0.0002693557904556054,-2.0891853163290886e-11,2.0001723178710944,0.9927311419797447,0.9935336529009037,0.9935132589147752,0.3999999520131401,0.05032710248925474,True,0.0006945997934034671,0.12533141372893153,0.12533141373154993,0.002707207982894033
Z,200,density_particle_oracle_deterministic,density_particle_oracle,1000,0,kde,2.0,0.010050251256281407,True,,,0.013334936872057288,0.018324004935324784,0.005454976329504958,0.02096022043591028,0.003941896362248247,0.0008570402866764408,-7.0312741200204124e-12,1.9564640911089215,0.9782320455544607,0.9790228355949742,0.9789776467905494,0.3999999468848009,0.05107450751460002,True,0.0002471598649847846,0.1253314137306687,0.12533141373154993,0.002770833030808717
Z,200,density_particle_oracle_deterministic,density_particle_oracle,1000,0,kde,4.0,0.020100502512562814,True,,,0.047578039145295875,0.064720796310425,0.019267098712655015,0.07319031674574361,0.013293929598170861,0.0031497674692525833,-7.0312741200204124e-12,1.852003898489255,0.9260019492446274,0.9267505171557754,0.9266245207023511,0.39999992932711337,0.053960878792499126,True,9.464887975845664e-05,0.1253314137306687,0.12533141373154993,0.002586083021014929
Z,200,density_particle_oracle_deterministic,density_particle_oracle,5000,0,histogram,,,True,,,0.004969288393959837,0.0053373337726043855,0.0015889009796159104,0.0055094284659317205,0.0006590680742881258,8.027244587688497e-05,-7.0312741200204124e-12,2.045158009257052,0.9976380532961229,0.9984445309004593,0.9981231540658758,0.40000375526102694,0.05009466187177697,True,0.0015091346368244648,0.1253314137306687,0.12533141373154993,0.006925457972101867
Z,200,density_particle_oracle_deterministic,density_particle_oracle,5000,0,kde,1.0,0.005025125628140704,True,,,0.004177536629023837,0.00563443985210453,0.0016773481633372445,0.006461122654656037,0.0014388028807266798,0.0002615063592283173,-1.1087045906919745e-11,1.9871124073669593,0.992731143335715,0.9935336542579701,0.9935227683507831,0.39999999896675303,0.05032602488839412,True,0.00012456494896782638,0.12533141373016038,0.12533141373154993,0.008585000003222376
Z,200,density_particle_oracle_deterministic,density_particle_oracle,5000,0,kde,2.0,0.010050251256281407,True,,,0.01328189514365407,0.018292544068691848,0.005445610566758545,0.020960272677971847,0.003931830448633805,0.000855940881864871,-7.031052662567813e-12,1.9564639866247986,0.9782319933123992,0.9790227833106808,0.9789891443232599,0.3999999983886341,0.05107315596792105,True,4.433752063428986e-05,0.12533141373066872,0.12533141373154993,0.01024337497074157
Z,200,density_particle_oracle_deterministic,density_particle_oracle,5000,0,kde,4.0,0.020100502512562814,True,,,0.0475589132938012,0.06470022659258004,0.019260975197389386,0.07319040809640609,0.013284403100946534,0.00315659087437576,-7.031052662567813e-12,1.8520037157879299,0.9260018578939649,0.9267504257312662,0.9266428189533245,0.39999999574863215,0.0539583710166118,True,1.7222534913771696e-05,0.12533141373066872,0.12533141373154993,0.00994970800820738
Z,200,density_particle_oracle_deterministic,density_particle_oracle,10000,0,histogram,,,True,,,0.003135267338391838,0.0034574511131041413,0.0010292681130010498,0.004028618449856025,0.0006632087288705271,7.955831743581975e-05,-7.0312741200204124e-12,2.0102406773916877,0.9976380532961229,0.9984445309004593,0.9980942051929723,0.4000018376108779,0.05009556861451398,True,0.0009019063607103878,0.1253314137306687,0.12533141373154993,0.0073379999957978725
Z,200,density_particle_oracle_deterministic,density_particle_oracle,10000,0,kde,1.0,0.005025125628140704,True,,,0.0041496679724416,0.005621805282313019,0.0016735869070294979,0.006461130580525998,0.0014378926616239352,0.0002607273691034728,-8.105342765125892e-12,1.9862790302803979,0.992731135409845,0.993533646325693,0.9935232824378675,0.4000000001475425,0.050325969914955054,True,5.967392942860227e-05,0.12533141373053408,0.12533141373154993,0.014184541010763496
Z,200,density_particle_oracle_deterministic,density_particle_oracle,10000,0,kde,2.0,0.010050251256281407,True,,,0.013280188892820592,0.018291358309616725,0.005445257571454836,0.020960272536516,0.003930918766803872,0.0008560052362961951,-7.031052662567813e-12,1.9564639869077103,0.978231993453855,0.979022783452251,0.9789898059065849,0.4000000000846183,0.05107308209980072,True,2.157153589584121e-05,0.12533141373066872,0.12533141373154993,0.019004750007297844
Z,200,density_particle_oracle_deterministic,density_particle_oracle,10000,0,kde,4.0,0.020100502512562814,True,,,0.04755780298400678,0.06469892398042004,0.01926058741543209,0.07319040771084118,0.01328346258711222,0.0031574309783783095,-7.031052662567813e-12,1.85200371655906,0.9260018582795299,0.9267504261171428,0.9266441086991282,0.39999999969053435,0.053958202374172544,True,8.35491716451226e-06,0.12533141373066872,0.12533141373154993,0.013558875012677163
Z,200,density_particle_oracle_deterministic,density_particle_oracle,20000,0,histogram,,,True,,,0.0020882434610087416,0.003090343568265936,0.0009199817984348179,0.0038515887094249246,0.0006646037242419769,7.75038650287655e-05,-7.0312741200204124e-12,2.0002642968587265,0.9976380532961229,0.9984445309004593,0.9980932860122138,0.39999978922089763,0.05009495778768074,True,0.0007761553900435978,0.1253314137306687,0.12533141373154993,0.00898858398431912
Z,200,density_particle_oracle_deterministic,density_particle_oracle,20000,0,kde,1.0,0.005025125628140704,True,,,0.0041431587760036035,0.005618849487450737,0.0016727069797938567,0.00646112932619225,0.0014375464553773559,0.00026038158502519996,-6.235577492831961e-12,1.9857032714445564,0.9927311366641788,0.9935336475810407,0.9935234439871253,0.3999999997822608,0.050325952082815754,True,2.860427890318278e-05,0.12533141373076842,0.12533141373154993,0.0310524589731358
Z,200,density_particle_oracle_deterministic,density_particle_oracle,20000,0,kde,2.0,0.010050251256281407,True,,,0.013279733460670656,0.018291017637193784,0.005445156154760733,0.020960273069750013,0.003930566430341327,0.000856070132478879,-7.031052662567813e-12,1.956463985841242,0.978231992920621,0.9790227829185859,0.9789900152087876,0.3999999997497225,0.0510730581569337,True,1.0477979465800707e-05,0.12533141373066872,0.12533141373154993,0.03415633301483467
Z,200,density_particle_oracle_deterministic,density_particle_oracle,20000,0,kde,4.0,0.020100502512562814,True,,,0.04755744475951081,0.0646984937597284,0.01926045934060906,0.07319040909429375,0.013283084762074324,0.0031578305310811143,-7.031052662567813e-12,1.8520037137921546,0.9260018568960773,0.9267504247325719,0.926644543743822,0.3999999995703335,0.0539581450663589,True,4.069313575256485e-06,0.12533141373066872,0.12533141373154993,0.0316060830373317
Z,200,oracle_score_deterministic,gradient_glob_oracle,0,20,,,,True,,,,0.15516049901969692,0.046190603659735485,0.15514611267314582,0.042395617438325296,0.00011763363014419566,-0.15386364737439873,1.6893331684502486,0.8446665842751482,0.8453494017369506,0.844948875177114,0.39992262088891534,0.050069217396943984,True,0.004334548291072704,0.10604746528422386,0.12533141373154993,0.004056959005538374
Z,200,oracle_score_deterministic,gradient_glob_oracle,0,80,,,,True,,,,0.1551604990196959,0.04619060365973518,0.1551461126731486,0.04239561743832468,0.00011763363014878224,-0.1538636473743603,1.6893331684502295,0.8446665842751432,0.8453494017369456,0.8449488752012736,0.3999226208888142,0.05006921739593781,True,0.0043345482910725,0.10604746528422868,0.12533141373154993,0.010762082994915545
Z,200,tikhonov_best,baseline_tikhonov,0,0,,0.001,,True,,,,0.0009518638631508575,0.00028336571948795115,0.0009140141074483743,0.00033880534711094325,5.832827152019026e-05,-0.0009989941563009097,1.9982255646899507,0.999105594967336,0.9999132589132391,1.0002850672921315,0.39999999999998787,0.04994293632128953,True,0.0001231296808909465,0.12520620838163118,0.12533141373154993,
Z,200,spectral_cutoff_best,baseline_spectral,0,0,,0.0001,,True,,,,0.0017495366847746446,0.0005208294385823962,0.002016310304793545,1.658286967458651e-12,8.047413309543377e-05,2.4509338505751404e-10,2.0024173349907497,1.0012085762951646,1.0020179402637739,1.002021212103452,0.4000000000000028,0.04989914324772205,True,4.760031937375826e-09,0.12533141376226783,0.12533141373154993,
Z,400,density_particle_oracle_deterministic,density_particle_oracle,1000,0,histogram,,,True,,,0.04575075584121262,0.03957452419873811,0.011781163207360338,0.045518556727610855,0.0003430172755773507,9.512879599355184e-05,-6.888434063094012e-12,3.7005353218122536,1.0001446815708794,1.0003457346204916,0.9990602257348462,0.40001401394380914,0.05005080149610348,True,0.011763642181896187,0.12533141373068662,0.12533141373154996,0.0014552499633282423
Z,400,density_particle_oracle_deterministic,density_particle_oracle,1000,0,kde,1.0,0.002506265664160401,True,,,0.007018481077762447,0.0059923904757131444,0.0017839085024011305,0.01539874763892261,0.0004945411737904838,8.869140048370792e-05,-7.710705584594351e-12,2.105088992532484,0.9979638740356392,0.9981644886906733,0.9981519361452007,0.40000000368890365,0.05009330233299264,True,0.0017165529148609451,0.12533141373058357,0.12533141373154996,0.0032386250095441937
Z,400,density_particle_oracle_deterministic,density_particle_oracle,1000,0,kde,2.0,0.005012531328320802,True,,,0.004519330571088733,0.005378615134749792,0.001601190261033795,0.005560110003450469,0.0011258867433807404,0.00023255098771493896,-6.888212605641413e-12,2.00634290581504,0.9942389064339132,0.9944387722811899,0.9944242687023103,0.4000000035060452,0.05028112073504026,True,0.0006977977393122861,0.12533141373068665,0.12533141373154996,0.003738290979526937
Z,400,density_particle_oracle_deterministic,density_particle_oracle,1000,0,kde,4.0,0.010025062656641603,True,,,0.01252578479520442,0.017500594029844704,0.005209850495130669,0.020053242408728078,0.0036142963080481355,0.0008176582903644766,-6.888212605641413e-12,1.9594915480572712,0.9797457740286356,0.9799427264089688,0.97992050444291,0.40000000274573905,0.05102549855351495,True,0.0002467772003704137,0.12533141373068665,0.12533141373154996,0.0037068750243633986
Z,400,density_particle_oracle_deterministic,density_particle_oracle,5000,0,histogram,,,True,,,0.009876550132627698,0.008607647281354044,0.0025624590442013965,0.010555523085660656,0.000282297132099147,3.498472564046925e-05,-6.888434063094012e-12,2.1603125121930997,1.0001446815708794,1.0003457346204916,0.9993506691843612,0.40000175317415637,0.050031526415508454,True,0.002553877753415017,0.12533141373068662,0.12533141373154996,0.00633916596416384
Z,400,density_particle_oracle_deterministic,density_particle_oracle,5000,0,kde,1.0,0.002506265664160401,True,,,0.0016563677773227111,0.0019208865857136084,0.0005718395565661098,0.0029860922892606676,0.00048194281273492554,7.599076391792463e-05,-5.6476079561814335e-12,2.0141556907820926,0.9979637880627391,0.9981644027004906,0.9981630356018755,0.40000000082700293,0.050092053942035863,True,0.00031967504634371424,0.12533141373084214,0.12533141373154996,0.012473665992729366
Z,400,density_particle_oracle_deterministic,density_particle_oracle,5000,0,kde,2.0,0.005012531328320802,True,,,0.0033954774810181707,0.004843723096718541,0.0014419552348154709,0.005560115471753169,0.0011145964187418637,0.00022473732173817506,-6.888212605641413e-12,1.9906188875063893,0.9942389009656105,0.994438766811788,0.994435869462882,0.40000000083135306,0.050279803163230385,True,0.0001245071586808521,0.12533141373068665,0.12533141373154996,0.012548250029794872
Z,400,density_particle_oracle_deterministic,density_particle_oracle,5000,0,kde,4.0,0.010025062656641603,True,,,0.012467525741242578,0.017465763306108602,0.005199481540625878,0.020053172026895494,0.003603755074086621,0.0008166989603166351,-6.888212605641413e-12,1.9594916888209364,0.9797458444104682,0.9799427968049499,0.9799340791472781,0.40000000084356613,0.05102389513211606,True,4.495454016411113e-05,0.12533141373068665,0.12533141373154996,0.012951499957125634
Z,400,density_particle_oracle_deterministic,density_particle_oracle,10000,0,histogram,,,True,,,0.0051061434715444064,0.0047283945511828705,0.001407622429938273,0.005440633409952378,0.0002827464849560054,3.0522915471665885e-05,-6.888434063094012e-12,2.0702994908517205,1.0001446815708794,1.0003457346204916,0.9993312883923716,0.4000010712890957,0.050033367406815556,True,0.0013952856262815123,0.12533141373068662,0.12533141373154996,0.0055911249946802855
Z,400,density_particle_oracle_deterministic,density_particle_oracle,10000,0,kde,1.0,0.002506265664160401,True,,,0.0012114040305816174,0.0016751496980911657,0.0004986847571651084,0.001835228616414608,0.0004810079634098606,7.460683052694254e-05,-5.639635487887867e-12,2.004016135992072,0.9979637878209491,0.998164402458652,0.9981635102324796,0.40000000159989374,0.0500920036858951,True,0.0001556628419277267,0.12533141373084314,0.12533141373154996,0.026374791050329804
Z,400,density_particle_oracle_deterministic,density_particle_oracle,10000,0,kde,2.0,0.005012531328320802,True,,,0.0033615490644750973,0.004829175484655846,0.0014376244741693724,0.005560113676384093,0.0011136942972682926,0.0002239062082229575,-6.888434063094012e-12,1.989304514492744,0.9942389027609796,0.994438768607518,0.9944363783831132,0.40000000166885746,0.05027974867963791,True,5.9703033034325954e-05,0.12533141373068662,0.12533141373154996,0.02601608296390623
Z,400,density_particle_oracle_deterministic,density_particle_oracle,10000,0,kde,4.0,0.010025062656641603,True,,,0.012465728671331822,0.017464545445664316,0.005199118988884615,0.02005316913957389,0.0036028570574873024,0.0008167305153170233,-6.888434063094012e-12,1.9594916945955796,0.9797458472977898,0.9799427996928519,0.979934732288139,0.4000000019481804,0.051023822172667925,True,2.1695016351135196e-05,0.12533141373068662,0.12533141373154996,0.029811332991812378
Z,400,density_particle_oracle_deterministic,density_particle_oracle,20000,0,histogram,,,True,,,0.002569949883029592,0.002488562855672691,0.0007408343056058658,0.0030690429668109864,0.0002868071260301933,2.925039209067075e-05,-6.888434063094012e-12,2.050296597220303,1.0001446815708794,1.0003457346204916,0.9992990573288859,0.4000000728984231,0.050035671151482046,True,0.0007172826285552333,0.12533141373068662,0.12533141373154996,0.009288083005230874
Z,400,density_particle_oracle_deterministic,density_particle_oracle,20000,0,kde,1.0,0.002506265664160401,True,,,0.001079502658748383,0.0016114346017412806,0.00047971705094327033,0.0018352295085147796,0.00048067123155970317,7.395155141277107e-05,-8.181967043725169e-12,1.999932775308232,0.9979637869288489,0.9981644015663724,0.9981636228711211,0.3999999998851523,0.05009199157298152,True,7.58732556241424e-05,0.1253314137305245,0.12533141373154996,0.05128466599853709
Z,400,density_particle_oracle_deterministic,density_particle_oracle,20000,0,kde,2.0,0.005012531328320802,True,,,0.003353668016724571,0.004825822009426665,0.0014366261592234132,0.005560114917290249,0.0011133636697753875,0.00022351219593232956,-6.888212605641413e-12,1.9888008793395504,0.9942389015200734,0.9944387673663624,0.9944365011145981,0.39999999987748125,0.050279735362925314,True,2.8695695251253808e-05,0.12533141373068665,0.12533141373154996,0.052329332975205034
Z,400,density_particle_oracle_deterministic,density_particle_oracle,20000,0,kde,4.0,0.010025062656641603,True,,,0.012465301942402966,0.01746424794035257,0.0051990304228511945,0.020053169909564184,0.003602521102711495,0.0008167703324805577,-6.888212605641413e-12,1.9594916930555988,0.9797458465277995,0.9799427989227067,0.9799348994554588,0.3999999998450341,0.051023803373024264,True,1.0466772787190869e-05,0.12533141373068665,0.12533141373154996,0.05834599997615442
Z,400,oracle_score_deterministic,gradient_glob_oracle,0,20,,,,True,,,,0.1546368199991123,0.04603470669989346,0.15498378234715382,0.042337823347968526,3.0200508176731258e-05,-0.15426422192935202,1.6900658422275823,0.8450329211638176,0.8452027930323114,0.8452629679517835,0.3999803465201924,0.050032355742801,True,0.002170754677681495,0.1059972607089467,0.12533141373154996,0.00843216700013727
Z,400,oracle_score_deterministic,gradient_glob_oracle,0,80,,,,True,,,,0.1546368199991228,0.04603470669989658,0.15498378234716104,0.04233782334797206,3.0200508168108994e-05,-0.15426422192944203,1.6900658422275918,0.8450329211638126,0.8452027930323064,0.8452629679566848,0.3999803465201939,0.050032355742642885,True,0.0021707546776816096,0.10599726070893542,0.12533141373154996,0.019215249980334193
Z,400,tikhonov_best,baseline_tikhonov,0,0,,0.0001,,True,,,,0.0007498738136539968,0.00022323416294832286,0.0007870200533867111,3.38756776732741e-05,3.7847147637319625e-05,-9.998985115518485e-05,2.0011730602411135,1.0005860364907504,1.0007871782632785,1.000832129840278,0.4000000000000002,0.049954142493276996,True,1.3192983466059729e-05,0.12531888186214588,0.12533141373154996,
Z,400,spectral_cutoff_best,baseline_spectral,0,0,,0.0001,,True,,,,0.0008703761050669472,0.0002591071694023621,0.0010046753246014672,2.049060048410486e-12,4.006418758160625e-05,1.473084039474903e-10,2.001607604113489,1.0008036917619652,1.0010048772884188,1.0010052763808113,0.4,0.04994978665924502,True,5.637531854204552e-09,0.12533141375001233,0.12533141373154996,
Z,800,density_particle_oracle_deterministic,density_particle_oracle,1000,0,histogram,,,True,,,0.09819462768426727,0.07710062452985271,0.022952519565720215,0.09573740002917128,0.000182711302755811,9.316118515187506e-05,-6.8521150408677666e-12,12.817894345065246,1.0013979957082224,1.0014481922758987,0.9996440643168001,0.4000042531095918,0.0500131429555941,True,0.02293799891407704,0.12533141373069115,0.12533141373154993,0.0014568339684046805
Z,800,density_particle_oracle_deterministic,density_particle_oracle,1000,0,kde,1.0,0.0012515644555694619,True,,,0.014636433382574332,0.012248539051138915,0.003646336640423724,0.03535017890700422,0.00021593243969968568,4.8265662013045836e-05,3.8112163219941825e-11,2.538148155853078,0.9992769396464537,0.9993270298930322,0.9993156753433405,0.399999982030159,0.05003492372617537,True,0.0036397294939612963,0.12533141373632659,0.12533141373154993,0.005899749987293035
Z,800,density_particle_oracle_deterministic,density_particle_oracle,1000,0,kde,2.0,0.0025031289111389237,True,,,0.006998944308340433,0.005950022149450757,0.0017712956365075769,0.015547876914332803,0.0003722089721146303,7.951964870565938e-05,-6.851893583415167e-12,2.112651272521866,0.9983404603468057,0.9983905036509629,0.9983789018171549,0.39999998203825754,0.05008188114995394,True,0.0017198798247607902,0.12533141373069118,0.12533141373154993,0.006942917010746896
Z,800,density_particle_oracle_deterministic,density_particle_oracle,1000,0,kde,4.0,0.0050062578222778474,True,,,0.004376404445464627,0.0051989950026476136,0.0015477181313122488,0.005644889868491776,0.0010021261011328106,0.00022321556982974467,-6.851893583415167e-12,2.00723156924661,0.9946206602637041,0.9946705171073358,0.9946579719785397,0.3999999820794727,0.05026927343404048,True,0.00069980926636128,0.12533141373069118,0.12533141373154993,0.006179917021654546
Z,800,density_particle_oracle_deterministic,density_particle_oracle,5000,0,histogram,,,True,,,0.020732396836466927,0.01611901182269104,0.004798559499309134,0.019038049818942485,0.00015749305680898108,2.697343906619433e-05,-6.8521150408677666e-12,3.444809105236284,1.0013979957082222,1.0014481922758984,0.9995692992187044,0.4000013611869029,0.05002219151407399,True,0.0047942447311046365,0.12533141373069115,0.12533141373154993,0.004719457996543497
Z,800,density_particle_oracle_deterministic,density_particle_oracle,5000,0,kde,1.0,0.0012515644555694619,True,,,0.0027224434505630076,0.002343621081216001,0.0006976857716686436,0.006996930831442881,0.00020027833155129713,3.0481758093892716e-05,5.481071951826936e-13,2.0916159751211456,0.9992769445070449,0.999327034753867,0.9993262722366788,0.40000000167460725,0.050033750411091114,True,0.00067527047215545,0.12533141373161863,0.12533141373154993,0.03570399997988716
Z,800,density_particle_oracle_deterministic,density_particle_oracle,5000,0,kde,2.0,0.0025031289111389237,True,,,0.00154252213270975,0.001762382635974709,0.0005246536222133032,0.0030046952623294333,0.00035883516629686414,6.68831157645494e-05,-6.8521150408677666e-12,2.0161211095168237,0.9983404530549986,0.9983904963587904,0.9983896268647129,0.40000000168546046,0.05008069066302169,True,0.00032026076106879197,0.12533141373069115,0.12533141373154993,0.02767949999542907
Z,800,density_particle_oracle_deterministic,density_particle_oracle,5000,0,kde,4.0,0.0050062578222778474,True,,,0.0031981121546291423,0.004641986106234259,0.0013818990128399,0.005329237185113578,0.0009907061552583527,0.00021532011538784792,-6.8521150408677666e-12,1.9915022074780466,0.9946206388363688,0.9946704956789263,0.9946692090179517,0.40000000172829026,0.05026801353931024,True,0.0001248082497075472,0.12533141373069115,0.12533141373154993,0.02710900001693517
Z,800,density_particle_oracle_deterministic,density_particle_oracle,10000,0,histogram,,,True,,,0.010144240258496638,0.008718350496324521,0.0025954149083476617,0.009789087852117045,0.00015205507909913074,2.0406702941521845e-05,-6.852336498320365e-12,2.6436907086697063,1.0013979957082222,1.0014481922758984,0.9996123564337798,0.40000098768018705,0.050018999979097326,True,0.0025918900057071955,0.12533141373069112,0.12533141373154993,0.006330000003799796
Z,800,density_particle_oracle_deterministic,density_particle_oracle,10000,0,kde,1.0,0.0012515644555694619,True,,,0.0013437032367512374,0.0012495492048437986,0.00037198534703700945,0.0034615352753262587,0.00019924759202524136,2.858664142681076e-05,-6.287841451645341e-12,2.041220170553449,0.9992769436990465,0.9993270339458281,0.9993267951553428,0.3999999995328013,0.05003369259220182,True,0.0003287838537644292,0.12533141373076187,0.12533141373154993,0.04758537502493709
Z,800,density_particle_oracle_deterministic,density_particle_oracle,10000,0,kde,2.0,0.0025031289111389237,True,,,0.0010495326993106978,0.0014899316050326235,0.00044354613888834534,0.001609424639236079,0.00035787238070232244,6.552937473790797e-05,-6.851893583415167e-12,2.0058280249533413,0.9983404513822463,0.9983904946859541,0.9983901579376312,0.3999999995314772,0.050080631813214475,True,0.00015586899651561835,0.12533141373069118,0.12533141373154993,0.048873166961129755
Z,800,density_particle_oracle_deterministic,density_particle_oracle,10000,0,kde,4.0,0.0050062578222778474,True,,,0.0031618391949567383,0.004626688344818942,0.0013773449360041043,0.005329238535339065,0.0009897949142380538,0.00021449618636643544,-6.851893583415167e-12,1.9901265143460194,0.9946206374861433,0.9946704943286332,0.9946697732046205,0.3999999995263743,0.050267950466494266,True,5.979700982122779e-05,0.12533141373069118,0.12533141373154993,0.04780112497974187
Z,800,density_particle_oracle_deterministic,density_particle_oracle,20000,0,histogram,,,True,,,0.005161913404332551,0.004313456997382702,0.001284097330365793,0.004748962171062904,0.00014923890870405758,1.7201126456438162e-05,-6.8521150408677666e-12,2.2431315103864176,1.0013979957082222,1.0014481922758984,0.9996137226857251,0.39999982494779496,0.050019787004628356,True,0.0012793638771483882,0.12533141373069115,0.12533141373154993,0.010623791953548789
Z,800,density_particle_oracle_deterministic,density_particle_oracle,20000,0,kde,1.0,0.0012515644555694619,True,,,0.0006933731901861415,0.0007941672200754004,0.00023642011680692003,0.0016412887232013364,0.00019887743003997406,2.767368291793881e-05,-8.564202606911162e-12,2.018616307284622,0.9992769429430606,0.9993270331898043,0.9993269143039585,0.39999999983322926,0.050033679904686656,True,0.00016043031758207179,0.12533141373047657,0.12533141373154993,0.08899641700554639
Z,800,density_particle_oracle_deterministic,density_particle_oracle,20000,0,kde,2.0,0.0025031289111389237,True,,,0.0008935295489143615,0.0014178145525659035,0.0004220772069846413,0.001609425590781588,0.0003575180738548969,6.488354623758227e-05,-6.8521150408677666e-12,2.0008911316904623,0.9983404504307007,0.998390493734361,0.9983902797163196,0.39999999983158624,0.0500806188146402,True,7.595949180381739e-05,0.12533141373069115,0.12533141373154993,0.0885347499861382
Z,800,density_particle_oracle_deterministic,density_particle_oracle,20000,0,kde,4.0,0.0050062578222778474,True,,,0.0031534539611289894,0.004623176395048118,0.0013762994438784543,0.005329238721981988,0.0009894512107970317,0.0002141081204802721,-6.8521150408677666e-12,1.9895751140278097,0.9946206372995003,0.9946704941419808,0.9946699057749709,0.39999999982500634,0.050267936180670894,True,2.8735817769677026e-05,0.12533141373069115,0.12533141373154993,0.0903916250099428
Z,800,oracle_score_deterministic,gradient_glob_oracle,0,20,,,,True,,,,0.1546948940750028,0.04605199509893388,0.15488424887217678,0.04235753671777304,1.2976385401229724e-05,-0.1545362601555837,1.6902479910754753,0.8451239955877595,0.8451663586881663,0.8452357665268905,0.4000096347600422,0.05001331477086297,True,0.0010856592557888262,0.10596316577346404,0.12533141373154993,0.013709291990380734
Z,800,oracle_score_deterministic,gradient_glob_oracle,0,80,,,,True,,,,0.1546948940750554,0.04605199509894954,0.15488424887222696,0.042357536717789135,1.2976385370949628e-05,-0.15453626015585575,1.6902479910754518,0.8451239955877204,0.8451663586881272,0.845235766526466,0.4000096347600578,0.05001331477088283,True,0.001085659255788903,0.10596316577342994,0.12533141373154993,0.031953166995663196
Z,800,tikhonov_best,baseline_tikhonov,0,0,,0.0001,,True,,,,0.0003203187835061325,9.535750443688721e-05,0.0002847497437147295,3.3847190571058455e-05,1.7784249050709822e-05,-9.998993644000007e-05,2.000470181669853,1.000234625765197,1.00028476401722,1.0003287149352726,0.40000000000000036,0.04997927423111299,True,1.299889349964568e-05,0.12531888185145698,0.12533141373154993,
Z,800,spectral_cutoff_best,baseline_spectral,0,0,,0.0001,,True,,,,0.0004340977998627044,0.00012922902123739587,0.000501246518204046,2.235822130069269e-12,1.9989080130593158e-05,7.70665291321179e-11,2.0009024843094596,1.0004511225396864,1.0005012716439332,1.0005013157894056,0.4,0.04997494677010947,True,6.092091866421122e-09,0.1253314137412088,0.12533141373154993,
