study,case,eta,seed,arm,selection,tau,status,censored,failure_step,failure_message,E2_at_selection,E2_tikhonov_projected,E2_tikhonov_raw,coarse_winner_z,delta_nom,delta_real,evaluations,lambda_selected,residual_at_selection,selection_label,target_residual,z_selected
lambda_noise,C1,0.001,0,R,oracle_continuous,none,completed,False,,,0.0013077737938025939,0.0012675819022466208,0.0013077737938025939,-3.578125,0.001193298982343257,0.001251015160802076,76,0.00023503712738827032,0.001272164814263084,oracle_continuous,nan,-3.6288635294462908
lambda_noise,C1,0.001,0,R,residual,1.2,completed,False,,,0.0016758983656381837,0.0015506515756776766,0.0016758983656381837,nan,0.001193298982343257,0.001251015160802076,72,0.0005567906477093753,0.0014319589454032306,morozov,0.0014319587788119085,-3.2543080680855736
lambda_noise,C1,0.001,0,R,residual,1.0,completed,True,,,8.26674042514335,2.2499070165683253,8.26674042514335,nan,0.001193298982343257,0.001251015160802076,66,1e-12,0.001232797888970504,endpoint,0.001193298982343257,-12.0
lambda_noise,C1,0.001,0,P,oracle_continuous,none,completed,False,,,0.0013077737938025939,0.0012675819022466208,0.0013077737938025939,-3.578125,0.001193298982343257,0.001251015160802076,76,0.00023503712738827032,0.001272164814263084,oracle_continuous,nan,-3.6288635294462908
lambda_noise,C1,0.001,0,P,residual,1.2,completed,False,,,0.0016758983656381837,0.0015506515756776766,0.0016758983656381837,nan,0.001193298982343257,0.001251015160802076,72,0.0005567906477093753,0.0014319589454032306,morozov,0.0014319587788119085,-3.2543080680855736
lambda_noise,C1,0.001,0,P,residual,1.0,completed,True,,,8.26674042514335,2.2499070165683253,8.26674042514335,nan,0.001193298982343257,0.001251015160802076,66,1e-12,0.001232797888970504,endpoint,0.001193298982343257,-12.0
lambda_noise,C1,0.001,1,R,oracle_continuous,none,completed,False,,,0.00124880544824665,0.0012172980649155381,0.00124880544824665,-3.578125,0.0011931599437888468,0.0011618301521510895,76,0.00027033829399935417,0.001206981478639228,oracle_continuous,nan,-3.568092431198594
lambda_noise,C1,0.001,1,R,residual,1.2,completed,False,,,0.0016870060302494564,0.0015619904535353793,0.0016870060302494564,nan,0.0011931599437888468,0.0011618301521510895,73,0.0006503490242363031,0.0014317919288717698,morozov,0.001431791932546616,-3.1868535070211426
lambda_noise,C1,0.001,1,R,residual,1.0,completed,False,,,0.0012596164593454567,0.0012361623173162294,0.0012596164593454567,nan,0.0011931599437888468,0.0011618301521510895,73,0.00023146063297653787,0.0011931599363249887,morozov,0.0011931599437888468,-3.635522863544094
lambda_noise,C1,0.001,1,P,oracle_continuous,none,completed,False,,,0.00124880544824665,0.0012172980649155381,0.00124880544824665,-3.578125,0.0011931599437888468,0.0011618301521510895,76,0.00027033829399935417,0.001206981478639228,oracle_continuous,nan,-3.568092431198594
lambda_noise,C1,0.001,1,P,residual,1.2,completed,False,,,0.0016870060302494564,0.0015619904535353793,0.0016870060302494564,nan,0.0011931599437888468,0.0011618301521510895,73,0.0006503490242363031,0.0014317919288717698,morozov,0.001431791932546616,-3.1868535070211426
lambda_noise,C1,0.001,1,P,residual,1.0,completed,False,,,0.0012596164593454567,0.0012361623173162294,0.0012596164593454567,nan,0.0011931599437888468,0.0011618301521510895,73,0.00023146063297653787,0.0011931599363249887,morozov,0.0011931599437888468,-3.635522863544094
lambda_noise,C1,0.001,2,R,oracle_continuous,none,completed,False,,,0.0015731345207962825,0.001547236676308699,0.0015731345207962825,-3.40625,0.001193019720799108,0.001191539942296475,77,0.00039660954811363155,0.001289179058531484,oracle_continuous,nan,-3.401636834651271
lambda_noise,C1,0.001,2,R,residual,1.2,completed,False,,,0.001701780417829092,0.0016265800513248177,0.001701780417829092,nan,0.001193019720799108,0.001191539942296475,73,0.0006211147390305177,0.001431623664520592,morozov,0.0014316236649589294,-3.206828164839664
lambda_noise,C1,0.001,2,R,residual,1.0,completed,False,,,0.0019474984697225677,0.0019485896337879825,0.0019474984697225677,nan,0.001193019720799108,0.001191539942296475,73,0.00013056350298099818,0.0011930197204690933,morozov,0.001193019720799108,-3.8841782064386425
lambda_noise,C1,0.001,2,P,oracle_continuous,none,completed,False,,,0.0015731345207962825,0.001547236676308699,0.0015731345207962825,-3.40625,0.001193019720799108,0.001191539942296475,77,0.00039660954811363155,0.001289179058531484,oracle_continuous,nan,-3.401636834651271
lambda_noise,C1,0.001,2,P,residual,1.2,completed,False,,,0.001701780417829092,0.0016265800513248177,0.001701780417829092,nan,0.001193019720799108,0.001191539942296475,73,0.0006211147390305177,0.001431623664520592,morozov,0.0014316236649589294,-3.206828164839664
lambda_noise,C1,0.001,2,P,residual,1.0,completed,False,,,0.0019474984697225677,0.0019485896337879825,0.0019474984697225677,nan,0.001193019720799108,0.001191539942296475,73,0.00013056350298099818,0.0011930197204690933,morozov,0.001193019720799108,-3.8841782064386425
lambda_noise,C1,0.001,3,R,oracle_continuous,none,completed,False,,,0.0017484989336282166,0.0017232678386131515,0.0017484989336282166,-3.40625,0.0011931011975382004,0.0011603031456984278,76,0.0003438413664486183,0.001235990777635525,oracle_continuous,nan,-3.4636418759338454
lambda_noise,C1,0.001,3,R,residual,1.2,completed,False,,,0.0019596010287419173,0.0018694263755176437,0.0019596010287419173,nan,0.0011931011975382004,0.0011603031456984278,73,0.0006528298399716815,0.0014317214329346865,morozov,0.0014317214370458404,-3.1852000027853533
lambda_noise,C1,0.001,3,R,residual,1.0,completed,False,,,0.001783226822552579,0.001772399776045241,0.001783226822552579,nan,0.0011931011975382004,0.0011603031456984278,73,0.00023862321477464795,0.0011931011950469233,morozov,0.0011931011975382004,-3.622287307697992
lambda_noise,C1,0.001,3,P,oracle_continuous,none,completed,False,,,0.0017484989336282166,0.0017232678386131515,0.0017484989336282166,-3.40625,0.0011931011975382004,0.0011603031456984278,76,0.0003438413664486183,0.001235990777635525,oracle_continuous,nan,-3.4636418759338454
lambda_noise,C1,0.001,3,P,residual,1.2,completed,False,,,0.0019596010287419173,0.0018694263755176437,0.0019596010287419173,nan,0.0011931011975382004,0.0011603031456984278,73,0.0006528298399716815,0.0014317214329346865,morozov,0.0014317214370458404,-3.1852000027853533
lambda_noise,C1,0.001,3,P,residual,1.0,completed,False,,,0.001783226822552579,0.001772399776045241,0.001783226822552579,nan,0.0011931011975382004,0.0011603031456984278,73,0.00023862321477464795,0.0011931011950469233,morozov,0.0011931011975382004,-3.622287307697992
lambda_noise,C1,0.001,4,R,oracle_continuous,none,completed,False,,,0.0014415962325849258,0.0013791152487684132,0.0014415962325849258,-3.40625,0.001193256754864713,0.0011445580748432355,76,0.00035380468912650417,0.0012267661915711552,oracle_continuous,nan,-3.451236415495627
lambda_noise,C1,0.001,4,R,residual,1.2,completed,False,,,0.0017731785992756502,0.001620060228806569,0.0017731785992756502,nan,0.001193256754864713,0.0011445580748432355,73,0.0006685199659475943,0.0014319080985123558,morozov,0.0014319081058376557,-3.1748856176145925
lambda_noise,C1,0.001,4,R,residual,1.0,completed,False,,,0.0014810363969502117,0.0014399477398410105,0.0014810363969502117,nan,0.001193256754864713,0.0011445580748432355,73,0.0002783538500215355,0.0011932567547348176,morozov,0.001193256754864713,-3.555402767417777
lambda_noise,C1,0.001,4,P,oracle_continuous,none,completed,False,,,0.0014415962325849258,0.0013791152487684132,0.0014415962325849258,-3.40625,0.001193256754864713,0.0011445580748432355,76,0.00035380468912650417,0.0012267661915711552,oracle_continuous,nan,-3.451236415495627
lambda_noise,C1,0.001,4,P,residual,1.2,completed,False,,,0.0017731785992756502,0.001620060228806569,0.0017731785992756502,nan,0.001193256754864713,0.0011445580748432355,73,0.0006685199659475943,0.0014319080985123558,morozov,0.0014319081058376557,-3.1748856176145925
lambda_noise,C1,0.001,4,P,residual,1.0,completed,False,,,0.0014810363969502117,0.0014399477398410105,0.0014810363969502117,nan,0.001193256754864713,0.0011445580748432355,73,0.0002783538500215355,0.0011932567547348176,morozov,0.001193256754864713,-3.555402767417777
lambda_noise,C1,0.001,5,R,oracle_continuous,none,completed,False,,,0.001211490075028322,0.0011897625594397589,0.001211490075028322,-3.578125,0.0011931019736091634,0.0012151684270466905,76,0.0002728154066863237,0.0012543993139798656,oracle_continuous,nan,-3.564131107439606
lambda_noise,C1,0.001,5,R,residual,1.2,completed,False,,,0.0015875230132593753,0.0014950648193098942,0.0015875230132593753,nan,0.0011931019736091634,0.0012151684270466905,72,0.0005960922751849673,0.001431722270403493,morozov,0.001431722368330996,-3.2246865061964916
lambda_noise,C1,0.001,5,R,residual,1.0,completed,True,,,22.662329376765243,2.556950521287188,22.662329376765243,nan,0.0011931019736091634,0.0012151684270466905,66,1e-12,0.0012008147156554743,endpoint,0.0011931019736091634,-12.0
lambda_noise,C1,0.001,5,P,oracle_continuous,none,completed,False,,,0.001211490075028322,0.0011897625594397589,0.001211490075028322,-3.578125,0.0011931019736091634,0.0012151684270466905,76,0.0002728154066863237,0.0012543993139798656,oracle_continuous,nan,-3.564131107439606
lambda_noise,C1,0.001,5,P,residual,1.2,completed,False,,,0.0015875230132593753,0.0014950648193098942,0.0015875230132593753,nan,0.0011931019736091634,0.0012151684270466905,72,0.0005960922751849673,0.001431722270403493,morozov,0.001431722368330996,-3.2246865061964916
lambda_noise,C1,0.001,5,P,residual,1.0,completed,True,,,22.662329376765243,2.556950521287188,22.662329376765243,nan,0.0011931019736091634,0.0012151684270466905,66,1e-12,0.0012008147156554743,endpoint,0.0011931019736091634,-12.0
lambda_noise,C1,0.001,6,R,oracle_continuous,none,completed,False,,,0.001320188395490232,0.0012510636719435509,0.001320188395490232,-3.40625,0.0011931783619139465,0.0012642080987750118,75,0.0004079934997878204,0.0013684141169063484,oracle_continuous,nan,-3.3893467560982793
lambda_noise,C1,0.001,6,R,residual,1.2,completed,False,,,0.0013910563000716376,0.0012869278544727168,0.0013910563000716376,nan,0.0011931783619139465,0.0012642080987750118,73,0.0005206578082451056,0.0014318140259768429,morozov,0.0014318140342967358,-3.283447614159808
lambda_noise,C1,0.001,6,R,residual,1.0,completed,True,,,15.35379837783589,2.4369068552690782,15.35379837783589,nan,0.0011931783619139465,0.0012642080987750118,66,1e-12,0.001244301462216637,endpoint,0.0011931783619139465,-12.0
lambda_noise,C1,0.001,6,P,oracle_continuous,none,completed,False,,,0.001320188395490232,0.0012510636719435509,0.001320188395490232,-3.40625,0.0011931783619139465,0.0012642080987750118,75,0.0004079934997878204,0.0013684141169063484,oracle_continuous,nan,-3.3893467560982793
lambda_noise,C1,0.001,6,P,residual,1.2,completed,False,,,0.0013910563000716376,0.0012869278544727168,0.0013910563000716376,nan,0.0011931783619139465,0.0012642080987750118,73,0.0005206578082451056,0.0014318140259768429,morozov,0.0014318140342967358,-3.283447614159808
lambda_noise,C1,0.001,6,P,residual,1.0,completed,True,,,15.35379837783589,2.4369068552690782,15.35379837783589,nan,0.0011931783619139465,0.0012642080987750118,66,1e-12,0.001244301462216637,endpoint,0.0011931783619139465,-12.0
lambda_noise,C1,0.001,7,R,oracle_continuous,none,completed,False,,,0.0022525081844122544,0.0021464979498276872,0.0022525081844122544,-3.234375,0.0011931567917148158,0.0011791442144717117,76,0.0006923521756278484,0.001477774477726593,oracle_continuous,nan,-3.1596729387432796
lambda_noise,C1,0.001,7,R,residual,1.2,completed,False,,,0.002264596542376841,0.002176126484700613,0.002264596542376841,nan,0.0011931567917148158,0.0011791442144717117,73,0.0006328402524912421,0.0014317881488221118,morozov,0.001431788150057779,-3.198705904859851
lambda_noise,C1,0.001,7,R,residual,1.0,completed,False,,,0.004167369159356996,0.004162437629066757,0.004167369159356996,nan,0.0011931567917148158,0.0011791442144717117,73,0.0001843395574099832,0.0011931567917050562,morozov,0.0011931567917148158,-3.7343814595640974
lambda_noise,C1,0.001,7,P,oracle_continuous,none,completed,False,,,0.0022525081844122544,0.0021464979498276872,0.0022525081844122544,-3.234375,0.0011931567917148158,0.0011791442144717117,76,0.0006923521756278484,0.001477774477726593,oracle_continuous,nan,-3.1596729387432796
lambda_noise,C1,0.001,7,P,residual,1.2,completed,False,,,0.002264596542376841,0.002176126484700613,0.002264596542376841,nan,0.0011931567917148158,0.0011791442144717117,73,0.0006328402524912421,0.0014317881488221118,morozov,0.001431788150057779,-3.198705904859851
lambda_noise,C1,0.001,7,P,residual,1.0,completed,False,,,0.004167369159356996,0.004162437629066757,0.004167369159356996,nan,0.0011931567917148158,0.0011791442144717117,73,0.0001843395574099832,0.0011931567917050562,morozov,0.0011931567917148158,-3.7343814595640974
lambda_noise,C1,0.001,8,R,oracle_continuous,none,completed,False,,,0.00138928529564863,0.0013566605815342493,0.00138928529564863,-3.40625,0.0011930600749428856,0.0011857272499680189,76,0.0003812486913921101,0.0012809320568810767,oracle_continuous,nan,-3.4187916383262356
lambda_noise,C1,0.001,8,R,residual,1.2,completed,False,,,0.0016060275364320497,0.001516772705794889,0.0016060275364320497,nan,0.0011930600749428856,0.0011857272499680189,73,0.0006216946649723635,0.0014316720894650956,morozov,0.0014316720899314626,-3.206422859482423
lambda_noise,C1,0.001,8,R,residual,1.0,completed,False,,,0.0021793942464220146,0.0021789400936393587,0.0021793942464220146,nan,0.0011930600749428856,0.0011857272499680189,73,0.00013339271537603803,0.001193060074237257,morozov,0.0011930600749428856,-3.8748678867490987
lambda_noise,C1,0.001,8,P,oracle_continuous,none,completed,False,,,0.00138928529564863,0.0013566605815342493,0.00138928529564863,-3.40625,0.0011930600749428856,0.0011857272499680189,76,0.0003812486913921101,0.0012809320568810767,oracle_continuous,nan,-3.4187916383262356
lambda_noise,C1,0.001,8,P,residual,1.2,completed,False,,,0.0016060275364320497,0.001516772705794889,0.0016060275364320497,nan,0.0011930600749428856,0.0011857272499680189,73,0.0006216946649723635,0.0014316720894650956,morozov,0.0014316720899314626,-3.206422859482423
lambda_noise,C1,0.001,8,P,residual,1.0,completed,False,,,0.0021793942464220146,0.0021789400936393587,0.0021793942464220146,nan,0.0011930600749428856,0.0011857272499680189,73,0.00013339271537603803,0.001193060074237257,morozov,0.0011930600749428856,-3.8748678867490987
lambda_noise,C1,0.001,9,R,oracle_continuous,none,completed,False,,,0.002419773913205006,0.00234209137787873,0.002419773913205006,-3.234375,0.0011931816942221437,0.0011832959503100778,76,0.0006005045387727714,0.0014089527556651585,oracle_continuous,nan,-3.2214837057356465
lambda_noise,C1,0.001,9,R,residual,1.2,completed,False,,,0.0024225952627031657,0.0023371998854751475,0.0024225952627031657,nan,0.0011931816942221437,0.0011832959503100778,73,0.0006315869585551339,0.001431818031932679,morozov,0.0014318180330665723,-3.199566846184352
lambda_noise,C1,0.001,9,R,residual,1.0,completed,False,,,0.0037026555185442666,0.0036968984955444853,0.0037026555185442666,nan,0.0011931816942221437,0.0011832959503100778,72,0.0001772061704934697,0.0011931816942234862,morozov,0.0011931816942221437,-3.7515211596238713
lambda_noise,C1,0.001,9,P,oracle_continuous,none,completed,False,,,0.002419773913205006,0.00234209137787873,0.002419773913205006,-3.234375,0.0011931816942221437,0.0011832959503100778,76,0.0006005045387727714,0.0014089527556651585,oracle_continuous,nan,-3.2214837057356465
lambda_noise,C1,0.001,9,P,residual,1.2,completed,False,,,0.0024225952627031657,0.0023371998854751475,0.0024225952627031657,nan,0.0011931816942221437,0.0011832959503100778,73,0.0006315869585551339,0.001431818031932679,morozov,0.0014318180330665723,-3.199566846184352
lambda_noise,C1,0.001,9,P,residual,1.0,completed,False,,,0.0037026555185442666,0.0036968984955444853,0.0037026555185442666,nan,0.0011931816942221437,0.0011832959503100778,72,0.0001772061704934697,0.0011931816942234862,morozov,0.0011931816942221437,-3.7515211596238713
lambda_noise,C1,0.001,10,R,oracle_continuous,none,completed,False,,,0.003014382124974366,0.002942986062174051,0.003014382124974366,-3.0625,0.0011930284104521578,0.0011708306500558467,75,0.0007883792722340975,0.0015461667215210105,oracle_continuous,nan,-3.103264802546692
lambda_noise,C1,0.001,10,R,residual,1.2,completed,False,,,0.0030558232466477483,0.0030114319831003418,0.0030558232466477483,nan,0.0011930284104521578,0.0011708306500558467,73,0.0006483950533344088,0.0014316340892851422,morozov,0.0014316340925425892,-3.188160307083493
lambda_noise,C1,0.001,10,R,residual,1.0,completed,False,,,0.0038670869322032344,0.00386578329083997,0.0038670869322032344,nan,0.0011930284104521578,0.0011708306500558467,73,0.0002298459474075719,0.0011930284015678257,morozov,0.0011930284104521578,-3.638563149229508
lambda_noise,C1,0.001,10,P,oracle_continuous,none,completed,False,,,0.003014382124974366,0.002942986062174051,0.003014382124974366,-3.0625,0.0011930284104521578,0.0011708306500558467,75,0.0007883792722340975,0.0015461667215210105,oracle_continuous,nan,-3.103264802546692
lambda_noise,C1,0.001,10,P,residual,1.2,completed,False,,,0.0030558232466477483,0.0030114319831003418,0.0030558232466477483,nan,0.0011930284104521578,0.0011708306500558467,73,0.0006483950533344088,0.0014316340892851422,morozov,0.0014316340925425892,-3.188160307083493
lambda_noise,C1,0.001,10,P,residual,1.0,completed,False,,,0.0038670869322032344,0.00386578329083997,0.0038670869322032344,nan,0.0011930284104521578,0.0011708306500558467,73,0.0002298459474075719,0.0011930284015678257,morozov,0.0011930284104521578,-3.638563149229508
lambda_noise,C1,0.001,11,R,oracle_continuous,none,completed,False,,,0.001402412714820733,0.0013746206987006286,0.001402412714820733,-3.578125,0.0011931399189453362,0.0011905798919125546,75,0.00029508946343091447,0.0012442803226155826,oracle_continuous,nan,-3.5300462972960647
lambda_noise,C1,0.001,11,R,residual,1.2,completed,False,,,0.0017581302305437363,0.0016587165537493827,0.0017581302305437363,nan,0.0011931399189453362,0.0011905798919125546,73,0.000618897076568222,0.0014317679023916855,morozov,0.0014317679027344035,-3.208381568742455
lambda_noise,C1,0.001,11,R,residual,1.0,completed,False,,,0.0018568594274330711,0.0018535466692766467,0.0018568594274330711,nan,0.0011931399189453362,0.0011905798919125546,72,0.0001179459389681529,0.0011931399191515602,morozov,0.0011931399189453362,-3.9283170078439613
lambda_noise,C1,0.001,11,P,oracle_continuous,none,completed,False,,,0.001402412714820733,0.0013746206987006286,0.001402412714820733,-3.578125,0.0011931399189453362,0.0011905798919125546,75,0.00029508946343091447,0.0012442803226155826,oracle_continuous,nan,-3.5300462972960647
lambda_noise,C1,0.001,11,P,residual,1.2,completed,False,,,0.0017581302305437363,0.0016587165537493827,0.0017581302305437363,nan,0.0011931399189453362,0.0011905798919125546,73,0.000618897076568222,0.0014317679023916855,morozov,0.0014317679027344035,-3.208381568742455
lambda_noise,C1,0.001,11,P,residual,1.0,completed,False,,,0.0018568594274330711,0.0018535466692766467,0.0018568594274330711,nan,0.0011931399189453362,0.0011905798919125546,72,0.0001179459389681529,0.0011931399191515602,morozov,0.0011931399189453362,-3.9283170078439613
lambda_noise,C1,0.001,12,R,oracle_continuous,none,completed,False,,,0.002300452906504447,0.002225336878563228,0.002300452906504447,-3.234375,0.0011931862176187923,0.001194278130405,77,0.0005703552377943585,0.0014021604674003944,oracle_continuous,nan,-3.243854565802974
lambda_noise,C1,0.001,12,R,residual,1.2,completed,False,,,0.002304399682361449,0.002218687848860029,0.002304399682361449,nan,0.0011931862176187923,0.001194278130405,73,0.0006122583812194271,0.001431823461000383,morozov,0.0014318234611425506,-3.2130652610951467
lambda_noise,C1,0.001,12,R,residual,1.0,completed,False,,,0.0030641298244377135,0.003061978860249992,0.0030641298244377135,nan,0.0011931862176187923,0.001194278130405,72,8.133219706302325e-05,0.0011931862172693346,morozov,0.0011931862176187923,-4.08973749575027
lambda_noise,C1,0.001,12,P,oracle_continuous,none,completed,False,,,0.002300452906504447,0.002225336878563228,0.002300452906504447,-3.234375,0.0011931862176187923,0.001194278130405,77,0.0005703552377943585,0.0014021604674003944,oracle_continuous,nan,-3.243854565802974
lambda_noise,C1,0.001,12,P,residual,1.2,completed,False,,,0.002304399682361449,0.002218687848860029,0.002304399682361449,nan,0.0011931862176187923,0.001194278130405,73,0.0006122583812194271,0.001431823461000383,morozov,0.0014318234611425506,-3.2130652610951467
lambda_noise,C1,0.001,12,P,residual,1.0,completed,False,,,0.0030641298244377135,0.003061978860249992,0.0030641298244377135,nan,0.0011931862176187923,0.001194278130405,72,8.133219706302325e-05,0.0011931862172693346,morozov,0.0011931862176187923,-4.08973749575027
lambda_noise,C1,0.001,13,R,oracle_continuous,none,completed,False,,,0.0016986591212601288,0.0016552383162851496,0.0016986591212601288,-3.40625,0.001193091535940385,0.0011883474631836789,76,0.00044108951547827745,0.0013135486596000134,oracle_continuous,nan,-3.3554732651053945
lambda_noise,C1,0.001,13,R,residual,1.2,completed,False,,,0.0018037797389461039,0.0017173519300089706,0.0018037797389461039,nan,0.001193091535940385,0.0011883474631836789,73,0.000621175250785184,0.0014317098426885756,morozov,0.001431709843128462,-3.206785856004564
lambda_noise,C1,0.001,13,R,residual,1.0,completed,False,,,0.002535619052004513,0.0025341808115079685,0.002535619052004513,nan,0.001193091535940385,0.0011883474631836789,73,0.00013165724552539483,0.001193091535498849,morozov,0.001193091535940385,-3.880555235265778
lambda_noise,C1,0.001,13,P,oracle_continuous,none,completed,False,,,0.0016986591212601288,0.0016552383162851496,0.0016986591212601288,-3.40625,0.001193091535940385,0.0011883474631836789,76,0.00044108951547827745,0.0013135486596000134,oracle_continuous,nan,-3.3554732651053945
lambda_noise,C1,0.001,13,P,residual,1.2,completed,False,,,0.0018037797389461039,0.0017173519300089706,0.0018037797389461039,nan,0.001193091535940385,0.0011883474631836789,73,0.000621175250785184,0.0014317098426885756,morozov,0.001431709843128462,-3.206785856004564
lambda_noise,C1,0.001,13,P,residual,1.0,completed,False,,,0.002535619052004513,0.0025341808115079685,0.002535619052004513,nan,0.001193091535940385,0.0011883474631836789,73,0.00013165724552539483,0.001193091535498849,morozov,0.001193091535940385,-3.880555235265778
lambda_noise,C1,0.001,14,R,oracle_continuous,none,completed,False,,,0.001525006023001816,0.0014611883689681446,0.001525006023001816,-3.40625,0.0011932512746175414,0.0012542994929014754,76,0.000368840915211545,0.0013275966095597914,oracle_continuous,nan,-3.4331609090256765
lambda_noise,C1,0.001,14,R,residual,1.2,completed,False,,,0.0016532437702991975,0.001535354111722693,0.0016532437702991975,nan,0.0011932512746175414,0.0012542994929014754,72,0.0005528809274498494,0.00143190139001056,morozov,0.0014319015295410496,-3.2573683915156937
lambda_noise,C1,0.001,14,R,residual,1.0,completed,True,,,43.78239778361585,2.7486803093407612,43.78239778361585,nan,0.0011932512746175414,0.0012542994929014754,66,1e-12,0.00122982557505263,endpoint,0.0011932512746175414,-12.0
lambda_noise,C1,0.001,14,P,oracle_continuous,none,completed,False,,,0.001525006023001816,0.0014611883689681446,0.001525006023001816,-3.40625,0.0011932512746175414,0.0012542994929014754,76,0.000368840915211545,0.0013275966095597914,oracle_continuous,nan,-3.4331609090256765
lambda_noise,C1,0.001,14,P,residual,1.2,completed,False,,,0.0016532437702991975,0.001535354111722693,0.0016532437702991975,nan,0.0011932512746175414,0.0012542994929014754,72,0.0005528809274498494,0.00143190139001056,morozov,0.0014319015295410496,-3.2573683915156937
lambda_noise,C1,0.001,14,P,residual,1.0,completed,True,,,43.78239778361585,2.7486803093407612,43.78239778361585,nan,0.0011932512746175414,0.0012542994929014754,66,1e-12,0.00122982557505263,endpoint,0.0011932512746175414,-12.0
lambda_noise,C1,0.001,15,R,oracle_continuous,none,completed,False,,,0.002158436550678096,0.0020949643232662297,0.002158436550678096,-3.234375,0.001193069497273081,0.0011685309115870767,76,0.0006113279879035539,0.0014076778287912942,oracle_continuous,nan,-3.213725720824274
lambda_noise,C1,0.001,15,R,residual,1.2,completed,False,,,0.002162195627253369,0.0020910967753689645,0.002162195627253369,nan,0.001193069497273081,0.0011685309115870767,73,0.0006433685637095737,0.001431683394235203,morozov,0.0014316833967276971,-3.1915401634231775
lambda_noise,C1,0.001,15,R,residual,1.0,completed,False,,,0.0034019457209223357,0.0033990944163221617,0.0034019457209223357,nan,0.001193069497273081,0.0011685309115870767,73,0.000215281239308195,0.001193069490859852,morozov,0.001193069497273081,-3.666993815136715
lambda_noise,C1,0.001,15,P,oracle_continuous,none,completed,False,,,0.002158436550678096,0.0020949643232662297,0.002158436550678096,-3.234375,0.001193069497273081,0.0011685309115870767,76,0.0006113279879035539,0.0014076778287912942,oracle_continuous,nan,-3.213725720824274
lambda_noise,C1,0.001,15,P,residual,1.2,completed,False,,,0.002162195627253369,0.0020910967753689645,0.002162195627253369,nan,0.001193069497273081,0.0011685309115870767,73,0.0006433685637095737,0.001431683394235203,morozov,0.0014316833967276971,-3.1915401634231775
lambda_noise,C1,0.001,15,P,residual,1.0,completed,False,,,0.0034019457209223357,0.0033990944163221617,0.0034019457209223357,nan,0.001193069497273081,0.0011685309115870767,73,0.000215281239308195,0.001193069490859852,morozov,0.001193069497273081,-3.666993815136715
lambda_noise,C1,0.001,16,R,oracle_continuous,none,completed,False,,,0.0020149423708244714,0.001965800482245999,0.0020149423708244714,-3.234375,0.0011930979201917322,0.0011707656187880447,76,0.0004928109953569805,0.0013246244095490708,oracle_continuous,nan,-3.3073196109702714
lambda_noise,C1,0.001,16,R,residual,1.2,completed,False,,,0.0020697672804277363,0.0019849610265511393,0.0020697672804277363,nan,0.0011930979201917322,0.0011707656187880447,73,0.0006456962668639861,0.0014317175013488202,morozov,0.0014317175042300786,-3.1899717244894026
lambda_noise,C1,0.001,16,R,residual,1.0,completed,False,,,0.0022853890888318807,0.00227796968007061,0.0022853890888318807,nan,0.0011930979201917322,0.0011707656187880447,73,0.00021944826195495866,0.0011930979114837743,morozov,0.0011930979201917322,-3.6586678544469864
lambda_noise,C1,0.001,16,P,oracle_continuous,none,completed,False,,,0.0020149423708244714,0.001965800482245999,0.0020149423708244714,-3.234375,0.0011930979201917322,0.0011707656187880447,76,0.0004928109953569805,0.0013246244095490708,oracle_continuous,nan,-3.3073196109702714
lambda_noise,C1,0.001,16,P,residual,1.2,completed,False,,,0.0020697672804277363,0.0019849610265511393,0.0020697672804277363,nan,0.0011930979201917322,0.0011707656187880447,73,0.0006456962668639861,0.0014317175013488202,morozov,0.0014317175042300786,-3.1899717244894026
lambda_noise,C1,0.001,16,P,residual,1.0,completed,False,,,0.0022853890888318807,0.00227796968007061,0.0022853890888318807,nan,0.0011930979201917322,0.0011707656187880447,73,0.00021944826195495866,0.0011930979114837743,morozov,0.0011930979201917322,-3.6586678544469864
lambda_noise,C1,0.001,17,R,oracle_continuous,none,completed,False,,,0.0012198230468415522,0.0011904768991765071,0.0012198230468415522,-3.578125,0.0011931100514566753,0.0012016616288521356,75,0.00031333253846338064,0.0012621930388286122,oracle_continuous,nan,-3.5039945028478536
lambda_noise,C1,0.001,17,R,residual,1.2,completed,False,,,0.001593361923917683,0.0014980969884067624,0.001593361923917683,nan,0.0011931100514566753,0.0012016616288521356,72,0.0006063199188195132,0.001431732071901961,morozov,0.0014317320617480104,-3.217298164090114
lambda_noise,C1,0.001,17,R,residual,1.0,completed,False,,,0.00864573370676324,0.00864577731972354,0.00864573370676324,nan,0.0011931100514566753,0.0012016616288521356,71,2.4309678355313223e-05,0.0011931100526587316,morozov,0.0011931100514566753,-4.614220787328475
lambda_noise,C1,0.001,17,P,oracle_continuous,none,completed,False,,,0.0012198230468415522,0.0011904768991765071,0.0012198230468415522,-3.578125,0.0011931100514566753,0.0012016616288521356,75,0.00031333253846338064,0.0012621930388286122,oracle_continuous,nan,-3.5039945028478536
lambda_noise,C1,0.001,17,P,residual,1.2,completed,False,,,0.001593361923917683,0.0014980969884067624,0.001593361923917683,nan,0.0011931100514566753,0.0012016616288521356,72,0.0006063199188195132,0.001431732071901961,morozov,0.0014317320617480104,-3.217298164090114
lambda_noise,C1,0.001,17,P,residual,1.0,completed,False,,,0.00864573370676324,0.00864577731972354,0.00864573370676324,nan,0.0011931100514566753,0.0012016616288521356,71,2.4309678355313223e-05,0.0011931100526587316,morozov,0.0011931100514566753,-4.614220787328475
lambda_noise,C1,0.001,18,R,oracle_continuous,none,completed,False,,,0.00258978683994684,0.00250882973685737,0.00258978683994684,-3.0625,0.0011930555960383911,0.001155553001189589,76,0.0007269929235011747,0.0014791331686817445,oracle_continuous,nan,-3.138469816512831
lambda_noise,C1,0.001,18,R,residual,1.2,completed,False,,,0.00259687210757736,0.0025295677406288225,0.00259687210757736,nan,0.0011930555960383911,0.001155553001189589,73,0.0006686266649528669,0.0014316667080107722,morozov,0.0014316667152460692,-3.174816307655248
lambda_noise,C1,0.001,18,R,residual,1.0,completed,False,,,0.0031344041446528686,0.003126675453709976,0.0031344041446528686,nan,0.0011930555960383911,0.001155553001189589,73,0.00028109270898117844,0.0011930555957632254,morozov,0.0011930555960383911,-3.5511504190325707
lambda_noise,C1,0.001,18,P,oracle_continuous,none,completed,False,,,0.00258978683994684,0.00250882973685737,0.00258978683994684,-3.0625,0.0011930555960383911,0.001155553001189589,76,0.0007269929235011747,0.0014791331686817445,oracle_continuous,nan,-3.138469816512831
lambda_noise,C1,0.001,18,P,residual,1.2,completed,False,,,0.00259687210757736,0.0025295677406288225,0.00259687210757736,nan,0.0011930555960383911,0.001155553001189589,73,0.0006686266649528669,0.0014316667080107722,morozov,0.0014316667152460692,-3.174816307655248
lambda_noise,C1,0.001,18,P,residual,1.0,completed,False,,,0.0031344041446528686,0.003126675453709976,0.0031344041446528686,nan,0.0011930555960383911,0.001155553001189589,73,0.00028109270898117844,0.0011930555957632254,morozov,0.0011930555960383911,-3.5511504190325707
lambda_noise,C1,0.001,19,R,oracle_continuous,none,completed,False,,,0.0009822802578696747,0.0009642264740705716,0.0009822802578696747,-3.578125,0.001193084406036923,0.0012253348601496139,76,0.00023317664868616615,0.0012558234139707115,oracle_continuous,nan,-3.632314943855242
lambda_noise,C1,0.001,19,R,residual,1.2,completed,False,,,0.001361808524543869,0.0012615292219042044,0.001361808524543869,nan,0.001193084406036923,0.0012253348601496139,72,0.0005770282184514062,0.0014317012877874554,morozov,0.0014317012872443074,-3.238802947991457
lambda_noise,C1,0.001,19,R,residual,1.0,completed,True,,,5.857911340166803,1.834308327235876,5.857911340166803,nan,0.001193084406036923,0.0012253348601496139,66,1e-12,0.0012161906664796248,endpoint,0.001193084406036923,-12.0
lambda_noise,C1,0.001,19,P,oracle_continuous,none,completed,False,,,0.0009822802578696747,0.0009642264740705716,0.0009822802578696747,-3.578125,0.001193084406036923,0.0012253348601496139,76,0.00023317664868616615,0.0012558234139707115,oracle_continuous,nan,-3.632314943855242
lambda_noise,C1,0.001,19,P,residual,1.2,completed,False,,,0.001361808524543869,0.0012615292219042044,0.001361808524543869,nan,0.001193084406036923,0.0012253348601496139,72,0.0005770282184514062,0.0014317012877874554,morozov,0.0014317012872443074,-3.238802947991457
lambda_noise,C1,0.001,19,P,residual,1.0,completed,True,,,5.857911340166803,1.834308327235876,5.857911340166803,nan,0.001193084406036923,0.0012253348601496139,66,1e-12,0.0012161906664796248,endpoint,0.001193084406036923,-12.0
lambda_noise,C1,0.001,20,R,oracle_continuous,none,completed,False,,,0.0008771865682233442,0.000795679564694804,0.0008771865682233442,-3.40625,0.001193167793135039,0.0012728625255058335,76,0.0003429660572665932,0.001331845241874888,oracle_continuous,nan,-3.464748859173694
lambda_noise,C1,0.001,20,R,residual,1.2,completed,False,,,0.0010561592488295157,0.0009040796850765212,0.0010561592488295157,nan,0.001193167793135039,0.0012728625255058335,73,0.0005294798839699106,0.0014318013477552583,morozov,0.0014318013517620467,-3.276150534983915
lambda_noise,C1,0.001,20,R,residual,1.0,completed,True,,,20.23445453763078,3.050076088441616,20.23445453763078,nan,0.001193167793135039,0.0012728625255058335,66,1e-12,0.0012437626776676072,endpoint,0.001193167793135039,-12.0
lambda_noise,C1,0.001,20,P,oracle_continuous,none,completed,False,,,0.0008771865682233442,0.000795679564694804,0.0008771865682233442,-3.40625,0.001193167793135039,0.0012728625255058335,76,0.0003429660572665932,0.001331845241874888,oracle_continuous,nan,-3.464748859173694
lambda_noise,C1,0.001,20,P,residual,1.2,completed,False,,,0.0010561592488295157,0.0009040796850765212,0.0010561592488295157,nan,0.001193167793135039,0.0012728625255058335,73,0.0005294798839699106,0.0014318013477552583,morozov,0.0014318013517620467,-3.276150534983915
lambda_noise,C1,0.001,20,P,residual,1.0,completed,True,,,20.23445453763078,3.050076088441616,20.23445453763078,nan,0.001193167793135039,0.0012728625255058335,66,1e-12,0.0012437626776676072,endpoint,0.001193167793135039,-12.0
lambda_noise,C1,0.001,21,R,oracle_continuous,none,completed,False,,,0.0026337047259660114,0.0025374715886238327,0.0026337047259660114,-3.234375,0.0011931905320738023,0.001191617463691128,76,0.0006982102954771112,0.001491922057590444,oracle_continuous,nan,-3.156013751574644
lambda_noise,C1,0.001,21,R,residual,1.2,completed,False,,,0.0026498123022191573,0.0025735273448088242,0.0026498123022191573,nan,0.0011931905320738023,0.001191617463691128,73,0.0006196201719039409,0.0014318286381244268,morozov,0.0014318286384885628,-3.2078744521072013
lambda_noise,C1,0.001,21,R,residual,1.0,completed,False,,,0.004445271034645219,0.00444218806213176,0.004445271034645219,nan,0.0011931905320738023,0.001191617463691128,73,0.00013086747411217083,0.0011931905317843488,morozov,0.0011931905320738023,-3.8831682798730585
lambda_noise,C1,0.001,21,P,oracle_continuous,none,completed,False,,,0.0026337047259660114,0.0025374715886238327,0.0026337047259660114,-3.234375,0.0011931905320738023,0.001191617463691128,76,0.0006982102954771112,0.001491922057590444,oracle_continuous,nan,-3.156013751574644
lambda_noise,C1,0.001,21,P,residual,1.2,completed,False,,,0.0026498123022191573,0.0025735273448088242,0.0026498123022191573,nan,0.0011931905320738023,0.001191617463691128,73,0.0006196201719039409,0.0014318286381244268,morozov,0.0014318286384885628,-3.2078744521072013
lambda_noise,C1,0.001,21,P,residual,1.0,completed,False,,,0.004445271034645219,0.00444218806213176,0.004445271034645219,nan,0.0011931905320738023,0.001191617463691128,73,0.00013086747411217083,0.0011931905317843488,morozov,0.0011931905320738023,-3.8831682798730585
lambda_noise,C1,0.001,22,R,oracle_continuous,none,completed,False,,,0.0023099908063290973,0.0022326589023529187,0.0023099908063290973,-3.234375,0.00119323747811281,0.0012714979723010512,77,0.0005480601343718895,0.001451844709122839,oracle_continuous,nan,-3.2611717871487005
lambda_noise,C1,0.001,22,R,residual,1.2,completed,False,,,0.002312762541780315,0.0022433428739252028,0.002312762541780315,nan,0.00119323747811281,0.0012714979723010512,73,0.0005161960314065778,0.0014318849623408678,morozov,0.0014318849737353719,-3.287185338701196
lambda_noise,C1,0.001,22,R,residual,1.0,completed,True,,,9.060691565409613,1.720785181930303,9.060691565409613,nan,0.00119323747811281,0.0012714979723010512,66,1e-12,0.0012628370410022538,endpoint,0.00119323747811281,-12.0
lambda_noise,C1,0.001,22,P,oracle_continuous,none,completed,False,,,0.0023099908063290973,0.0022326589023529187,0.0023099908063290973,-3.234375,0.00119323747811281,0.0012714979723010512,77,0.0005480601343718895,0.001451844709122839,oracle_continuous,nan,-3.2611717871487005
lambda_noise,C1,0.001,22,P,residual,1.2,completed,False,,,0.002312762541780315,0.0022433428739252028,0.002312762541780315,nan,0.00119323747811281,0.0012714979723010512,73,0.0005161960314065778,0.0014318849623408678,morozov,0.0014318849737353719,-3.287185338701196
lambda_noise,C1,0.001,22,P,residual,1.0,completed,True,,,9.060691565409613,1.720785181930303,9.060691565409613,nan,0.00119323747811281,0.0012714979723010512,66,1e-12,0.0012628370410022538,endpoint,0.00119323747811281,-12.0
lambda_noise,C1,0.001,23,R,oracle_continuous,none,completed,False,,,0.0018067829623680967,0.001768053400537987,0.0018067829623680967,-3.40625,0.0011930945853609429,0.0012276823292813512,76,0.0004396665284079283,0.0013486898507512161,oracle_continuous,nan,-3.3568765957427056
lambda_noise,C1,0.001,23,R,residual,1.2,completed,False,,,0.0018722377394749792,0.0018044787035423652,0.0018722377394749792,nan,0.0011930945853609429,0.0012276823292813512,72,0.0005739621171358567,0.001431713505215,morozov,0.0014317135024331314,-3.241116771124309
lambda_noise,C1,0.001,23,R,residual,1.0,completed,True,,,10.807588756309105,2.078122737920379,10.807588756309105,nan,0.0011930945853609429,0.0012276823292813512,66,1e-12,0.0012048587392277496,endpoint,0.0011930945853609429,-12.0
lambda_noise,C1,0.001,23,P,oracle_continuous,none,completed,False,,,0.0018067829623680967,0.001768053400537987,0.0018067829623680967,-3.40625,0.0011930945853609429,0.0012276823292813512,76,0.0004396665284079283,0.0013486898507512161,oracle_continuous,nan,-3.3568765957427056
lambda_noise,C1,0.001,23,P,residual,1.2,completed,False,,,0.0018722377394749792,0.0018044787035423652,0.0018722377394749792,nan,0.0011930945853609429,0.0012276823292813512,72,0.0005739621171358567,0.001431713505215,morozov,0.0014317135024331314,-3.241116771124309
lambda_noise,C1,0.001,23,P,residual,1.0,completed,True,,,10.807588756309105,2.078122737920379,10.807588756309105,nan,0.0011930945853609429,0.0012276823292813512,66,1e-12,0.0012048587392277496,endpoint,0.0011930945853609429,-12.0
lambda_noise,C1,0.001,24,R,oracle_continuous,none,completed,False,,,0.0013346925454739028,0.0012896975177803306,0.0013346925454739028,-3.40625,0.0011930361262941932,0.0011827248356716352,76,0.000444224932407829,0.0013095538294851437,oracle_continuous,nan,-3.3523970700485295
lambda_noise,C1,0.001,24,R,residual,1.2,completed,False,,,0.0014773271710803164,0.0013830834067947127,0.0014773271710803164,nan,0.0011930361262941932,0.0011827248356716352,73,0.0006282461496410497,0.0014316433506820052,morozov,0.0014316433515530317,-3.201870164406329
lambda_noise,C1,0.001,24,R,residual,1.0,completed,False,,,0.002209069510373823,0.00220851732120754,0.002209069510373823,nan,0.0011930361262941932,0.0011827248356716352,73,0.00016186914983387738,0.0011930361254770087,morozov,0.0011930361262941932,-3.790835914270591
lambda_noise,C1,0.001,24,P,oracle_continuous,none,completed,False,,,0.0013346925454739028,0.0012896975177803306,0.0013346925454739028,-3.40625,0.0011930361262941932,0.0011827248356716352,76,0.000444224932407829,0.0013095538294851437,oracle_continuous,nan,-3.3523970700485295
lambda_noise,C1,0.001,24,P,residual,1.2,completed,False,,,0.0014773271710803164,0.0013830834067947127,0.0014773271710803164,nan,0.0011930361262941932,0.0011827248356716352,73,0.0006282461496410497,0.0014316433506820052,morozov,0.0014316433515530317,-3.201870164406329
lambda_noise,C1,0.001,24,P,residual,1.0,completed,False,,,0.002209069510373823,0.00220851732120754,0.002209069510373823,nan,0.0011930361262941932,0.0011827248356716352,73,0.00016186914983387738,0.0011930361254770087,morozov,0.0011930361262941932,-3.790835914270591
lambda_noise,C1,0.005,0,R,oracle_continuous,none,completed,False,,,0.004633448039305686,0.004497832029803011,0.004633448039305686,-3.234375,0.005969788092122002,0.006258528265359783,76,0.0006975309161842265,0.006243740547637676,oracle_continuous,nan,-3.156436538691419
lambda_noise,C1,0.005,0,R,residual,1.2,completed,False,,,0.0077164153154477425,0.007025237448912262,0.0077164153154477425,nan,0.005969788092122002,0.006258528265359783,72,0.00280581202643127,0.007163745714801576,morozov,0.007163745710546402,-2.5519414276120616
lambda_noise,C1,0.005,0,R,residual,1.0,completed,True,,,41.33370212571372,4.233483141193527,41.33370212571372,nan,0.005969788092122002,0.006258528265359783,66,1e-12,0.006167391631489868,endpoint,0.005969788092122002,-12.0
lambda_noise,C1,0.005,0,P,oracle_continuous,none,completed,False,,,0.004633448039305686,0.004497832029803011,0.004633448039305686,-3.234375,0.005969788092122002,0.006258528265359783,76,0.0006975309161842265,0.006243740547637676,oracle_continuous,nan,-3.156436538691419
lambda_noise,C1,0.005,0,P,residual,1.2,completed,False,,,0.0077164153154477425,0.007025237448912262,0.0077164153154477425,nan,0.005969788092122002,0.006258528265359783,72,0.00280581202643127,0.007163745714801576,morozov,0.007163745710546402,-2.5519414276120616
lambda_noise,C1,0.005,0,P,residual,1.0,completed,True,,,41.33370212571372,4.233483141193527,41.33370212571372,nan,0.005969788092122002,0.006258528265359783,66,1e-12,0.006167391631489868,endpoint,0.005969788092122002,-12.0
lambda_noise,C1,0.005,1,R,oracle_continuous,none,completed,False,,,0.0047189878217358495,0.004639762654084226,0.0047189878217358495,-3.0625,0.005966321624235837,0.005809658961946331,75,0.0007907025343406646,0.00586386448780129,oracle_continuous,nan,-3.101986869210084
lambda_noise,C1,0.005,1,R,residual,1.2,completed,False,,,0.007869223994794743,0.007188514358425264,0.007869223994794743,nan,0.005966321624235837,0.005809658961946331,73,0.003276535716739631,0.007159585909910725,morozov,0.007159585949083004,-2.4845850935407774
lambda_noise,C1,0.005,1,R,residual,1.0,completed,False,,,0.004855902163134847,0.0047027984941442865,0.004855902163134847,nan,0.005966321624235837,0.005809658961946331,73,0.0011585267242651318,0.0059663216111460506,morozov,0.005966321624235837,-2.9360939436892703
lambda_noise,C1,0.005,1,P,oracle_continuous,none,completed,False,,,0.0047189878217358495,0.004639762654084226,0.0047189878217358495,-3.0625,0.005966321624235837,0.005809658961946331,75,0.0007907025343406646,0.00586386448780129,oracle_continuous,nan,-3.101986869210084
lambda_noise,C1,0.005,1,P,residual,1.2,completed,False,,,0.007869223994794743,0.007188514358425264,0.007869223994794743,nan,0.005966321624235837,0.005809658961946331,73,0.003276535716739631,0.007159585909910725,morozov,0.007159585949083004,-2.4845850935407774
lambda_noise,C1,0.005,1,P,residual,1.0,completed,False,,,0.004855902163134847,0.0047027984941442865,0.004855902163134847,nan,0.005966321624235837,0.005809658961946331,73,0.0011585267242651318,0.0059663216111460506,morozov,0.005966321624235837,-2.9360939436892703
lambda_noise,C1,0.005,2,R,oracle_continuous,none,completed,False,,,0.005063202908077775,0.004975058351902744,0.005063202908077775,-2.890625,0.005962813415634506,0.005955417357586325,76,0.0015013220030489789,0.0062189509201885105,oracle_continuous,nan,-2.823526150428687
lambda_noise,C1,0.005,2,R,residual,1.2,completed,False,,,0.00672780455493206,0.006241630009743837,0.00672780455493206,nan,0.005962813415634506,0.005955417357586325,73,0.0031223695817994327,0.0071553760883399905,morozov,0.007155376098761407,-2.505515692613627
lambda_noise,C1,0.005,2,R,residual,1.0,completed,False,,,0.006090070483835489,0.006099061754108233,0.006090070483835489,nan,0.005962813415634506,0.005955417357586325,73,0.0006448553124483874,0.005962813412891188,morozov,0.005962813415634506,-3.190537718006863
lambda_noise,C1,0.005,2,P,oracle_continuous,none,completed,False,,,0.005063202908077775,0.004975058351902744,0.005063202908077775,-2.890625,0.005962813415634506,0.005955417357586325,76,0.0015013220030489789,0.0062189509201885105,oracle_continuous,nan,-2.823526150428687
lambda_noise,C1,0.005,2,P,residual,1.2,completed,False,,,0.00672780455493206,0.006241630009743837,0.00672780455493206,nan,0.005962813415634506,0.005955417357586325,73,0.0031223695817994327,0.0071553760883399905,morozov,0.007155376098761407,-2.505515692613627
lambda_noise,C1,0.005,2,P,residual,1.0,completed,False,,,0.006090070483835489,0.006099061754108233,0.006090070483835489,nan,0.005962813415634506,0.005955417357586325,73,0.0006448553124483874,0.005962813412891188,morozov,0.005962813415634506,-3.190537718006863
lambda_noise,C1,0.005,3,R,oracle_continuous,none,completed,False,,,0.0058831301710246696,0.005769799660121795,0.0058831301710246696,-2.890625,0.005964853219947169,0.005800880905169412,76,0.0013714922503876045,0.0060302916749261715,oracle_continuous,nan,-2.862806642032043
lambda_noise,C1,0.005,3,R,residual,1.2,completed,False,,,0.008080023221224215,0.00752153334485224,0.008080023221224215,nan,0.005964853219947169,0.005800880905169412,73,0.0032870367375961965,0.00715782382285428,morozov,0.007157823863936603,-2.483195441994997
lambda_noise,C1,0.005,3,R,residual,1.0,completed,False,,,0.005921951354890213,0.005840762596691868,0.005921951354890213,nan,0.005964853219947169,0.005800880905169412,73,0.0011901273962107379,0.005964853216800931,morozov,0.005964853219947169,-2.9244065474226026
lambda_noise,C1,0.005,3,P,oracle_continuous,none,completed,False,,,0.0058831301710246696,0.005769799660121795,0.0058831301710246696,-2.890625,0.005964853219947169,0.005800880905169412,76,0.0013714922503876045,0.0060302916749261715,oracle_continuous,nan,-2.862806642032043
lambda_noise,C1,0.005,3,P,residual,1.2,completed,False,,,0.008080023221224215,0.00752153334485224,0.008080023221224215,nan,0.005964853219947169,0.005800880905169412,73,0.0032870367375961965,0.00715782382285428,morozov,0.007157823863936603,-2.483195441994997
lambda_noise,C1,0.005,3,P,residual,1.0,completed,False,,,0.005921951354890213,0.005840762596691868,0.005921951354890213,nan,0.005964853219947169,0.005800880905169412,73,0.0011901273962107379,0.005964853216800931,morozov,0.005964853219947169,-2.9244065474226026
lambda_noise,C1,0.005,4,R,oracle_continuous,none,completed,False,,,0.004294791629206882,0.004087489555385198,0.004294791629206882,-3.0625,0.0059687461086517,0.005725152216817733,76,0.0009748021571265433,0.0058270568275963965,oracle_continuous,nan,-3.0110835184418496
lambda_noise,C1,0.005,4,R,residual,1.2,completed,False,,,0.008042266220535462,0.007181065664141599,0.008042266220535462,nan,0.0059687461086517,0.005725152216817733,73,0.003370710391698438,0.007162495273100105,morozov,0.00716249533038204,-2.472278560054043
lambda_noise,C1,0.005,4,R,residual,1.0,completed,False,,,0.004556154509966586,0.00421434054686585,0.004556154509966586,nan,0.0059687461086517,0.005725152216817733,73,0.001393128124983998,0.005968746104873207,morozov,0.0059687461086517,-2.8560089399904673
lambda_noise,C1,0.005,4,P,oracle_continuous,none,completed,False,,,0.004294791629206882,0.004087489555385198,0.004294791629206882,-3.0625,0.0059687461086517,0.005725152216817733,76,0.0009748021571265433,0.0058270568275963965,oracle_continuous,nan,-3.0110835184418496
lambda_noise,C1,0.005,4,P,residual,1.2,completed,False,,,0.008042266220535462,0.007181065664141599,0.008042266220535462,nan,0.0059687461086517,0.005725152216817733,73,0.003370710391698438,0.007162495273100105,morozov,0.00716249533038204,-2.472278560054043
lambda_noise,C1,0.005,4,P,residual,1.0,completed,False,,,0.004556154509966586,0.00421434054686585,0.004556154509966586,nan,0.0059687461086517,0.005725152216817733,73,0.001393128124983998,0.005968746104873207,morozov,0.0059687461086517,-2.8560089399904673
lambda_noise,C1,0.005,5,R,oracle_continuous,none,completed,False,,,0.004341413583247202,0.004313687472402353,0.004341413583247202,-3.234375,0.0059648648431358895,0.00607518518057028,75,0.0006833843594012165,0.006079758922276559,oracle_continuous,nan,-3.165334965109214
lambda_noise,C1,0.005,5,R,residual,1.2,completed,False,,,0.007587635586818661,0.007097098646365496,0.007587635586818661,nan,0.0059648648431358895,0.00607518518057028,73,0.0030027933275862356,0.007157837810544437,morozov,0.007157837811763067,-2.5224745578368557
lambda_noise,C1,0.005,5,R,residual,1.0,completed,True,,,113.31164688380179,4.129624336587176,113.31164688380179,nan,0.0059648648431358895,0.00607518518057028,66,1e-12,0.006003424383639416,endpoint,0.0059648648431358895,-12.0
lambda_noise,C1,0.005,5,P,oracle_continuous,none,completed,False,,,0.004341413583247202,0.004313687472402353,0.004341413583247202,-3.234375,0.0059648648431358895,0.00607518518057028,75,0.0006833843594012165,0.006079758922276559,oracle_continuous,nan,-3.165334965109214
lambda_noise,C1,0.005,5,P,residual,1.2,completed,False,,,0.007587635586818661,0.007097098646365496,0.007587635586818661,nan,0.0059648648431358895,0.00607518518057028,73,0.0030027933275862356,0.007157837810544437,morozov,0.007157837811763067,-2.5224745578368557
lambda_noise,C1,0.005,5,P,residual,1.0,completed,True,,,113.31164688380179,4.129624336587176,113.31164688380179,nan,0.0059648648431358895,0.00607518518057028,66,1e-12,0.006003424383639416,endpoint,0.0059648648431358895,-12.0
lambda_noise,C1,0.005,6,R,oracle_continuous,none,completed,False,,,0.0031745995061370036,0.002996997039471225,0.0031745995061370036,-3.0625,0.005966767419144231,0.006321968228362032,75,0.0009242334915718338,0.006419863506037484,oracle_continuous,nan,-3.0342182979453205
lambda_noise,C1,0.005,6,R,residual,1.2,completed,False,,,0.0059181229471646085,0.005291874149016009,0.0059181229471646085,nan,0.005966767419144231,0.006321968228362032,73,0.00261898308672394,0.007160120895161003,morozov,0.007160120902973077,-2.5818673062201216
lambda_noise,C1,0.005,6,R,residual,1.0,completed,True,,,76.7689918891729,3.725705347097457,76.7689918891729,nan,0.005966767419144231,0.006321968228362032,66,1e-12,0.006222420437157731,endpoint,0.005966767419144231,-12.0
lambda_noise,C1,0.005,6,P,oracle_continuous,none,completed,False,,,0.0031745995061370036,0.002996997039471225,0.0031745995061370036,-3.0625,0.005966767419144231,0.006321968228362032,75,0.0009242334915718338,0.006419863506037484,oracle_continuous,nan,-3.0342182979453205
lambda_noise,C1,0.005,6,P,residual,1.2,completed,False,,,0.0059181229471646085,0.005291874149016009,0.0059181229471646085,nan,0.005966767419144231,0.006321968228362032,73,0.00261898308672394,0.007160120895161003,morozov,0.007160120902973077,-2.5818673062201216
lambda_noise,C1,0.005,6,P,residual,1.0,completed,True,,,76.7689918891729,3.725705347097457,76.7689918891729,nan,0.005966767419144231,0.006321968228362032,66,1e-12,0.006222420437157731,endpoint,0.005966767419144231,-12.0
lambda_noise,C1,0.005,7,R,oracle_continuous,none,completed,False,,,0.005613757385640638,0.005269818987310046,0.005613757385640638,-2.71875,0.005966240383931182,0.005896172137401208,76,0.0018966045768668122,0.006356985893207603,oracle_continuous,nan,-2.7220232057405
lambda_noise,C1,0.005,7,R,residual,1.2,completed,False,,,0.0069079647310473545,0.006154214146606944,0.0069079647310473545,nan,0.005966240383931182,0.005896172137401208,73,0.003176708956222323,0.007159488442111278,morozov,0.0071594884607174185,-2.498022572549831
lambda_noise,C1,0.005,7,R,residual,1.0,completed,False,,,0.007694505048356279,0.007633218245611401,0.007694505048356279,nan,0.005966240383931182,0.005896172137401208,72,0.0008761303377295044,0.005966240370678527,morozov,0.005966240383931182,-3.0574312811080904
lambda_noise,C1,0.005,7,P,oracle_continuous,none,completed,False,,,0.005613757385640638,0.005269818987310046,0.005613757385640638,-2.71875,0.005966240383931182,0.005896172137401208,76,0.0018966045768668122,0.006356985893207603,oracle_continuous,nan,-2.7220232057405
lambda_noise,C1,0.005,7,P,residual,1.2,completed,False,,,0.0069079647310473545,0.006154214146606944,0.0069079647310473545,nan,0.005966240383931182,0.005896172137401208,73,0.003176708956222323,0.007159488442111278,morozov,0.0071594884607174185,-2.498022572549831
lambda_noise,C1,0.005,7,P,residual,1.0,completed,False,,,0.007694505048356279,0.007633218245611401,0.007694505048356279,nan,0.005966240383931182,0.005896172137401208,72,0.0008761303377295044,0.005966240370678527,morozov,0.005966240383931182,-3.0574312811080904
lambda_noise,C1,0.005,8,R,oracle_continuous,none,completed,False,,,0.004388815460050309,0.004345640123787294,0.004388815460050309,-3.0625,0.005963822144000824,0.005927167104676596,76,0.0010061280343491598,0.006045963108659121,oracle_continuous,nan,-2.9973467498236155
lambda_noise,C1,0.005,8,R,residual,1.2,completed,False,,,0.0071660423739160865,0.0066567461118085935,0.0071660423739160865,nan,0.005963822144000824,0.005927167104676596,73,0.0031298834153877827,0.007156586561290372,morozov,0.0071565865728009884,-2.504471839129827
lambda_noise,C1,0.005,8,R,residual,1.0,completed,False,,,0.004652658913499365,0.0046480991295608405,0.004652658913499365,nan,0.005963822144000824,0.005927167104676596,73,0.0006563924641541048,0.0059638221390298386,morozov,0.005963822144000824,-3.182836413595598
lambda_noise,C1,0.005,8,P,oracle_continuous,none,completed,False,,,0.004388815460050309,0.004345640123787294,0.004388815460050309,-3.0625,0.005963822144000824,0.005927167104676596,76,0.0010061280343491598,0.006045963108659121,oracle_continuous,nan,-2.9973467498236155
lambda_noise,C1,0.005,8,P,residual,1.2,completed,False,,,0.0071660423739160865,0.0066567461118085935,0.0071660423739160865,nan,0.005963822144000824,0.005927167104676596,73,0.0031298834153877827,0.007156586561290372,morozov,0.0071565865728009884,-2.504471839129827
lambda_noise,C1,0.005,8,P,residual,1.0,completed,False,,,0.004652658913499365,0.0046480991295608405,0.004652658913499365,nan,0.005963822144000824,0.005927167104676596,73,0.0006563924641541048,0.0059638221390298386,morozov,0.005963822144000824,-3.182836413595598
lambda_noise,C1,0.005,9,R,oracle_continuous,none,completed,False,,,0.007866956456656988,0.007623248017891058,0.007866956456656988,-2.71875,0.00596686258555594,0.005917425960970668,76,0.0018444694760336893,0.0063355822450634775,oracle_continuous,nan,-2.734128527479641
lambda_noise,C1,0.005,9,R,residual,1.2,completed,False,,,0.008815837577413138,0.008217020932112448,0.008815837577413138,nan,0.00596686258555594,0.005917425960970668,73,0.0031728596976231763,0.007160235084707647,morozov,0.007160235102667128,-2.4985491317745443
lambda_noise,C1,0.005,9,R,residual,1.0,completed,False,,,0.009070388226366629,0.00901495034122897,0.009070388226366629,nan,0.00596686258555594,0.005917425960970668,72,0.0008549620924336077,0.005966862586642614,morozov,0.00596686258555594,-3.0680531407243103
lambda_noise,C1,0.005,9,P,oracle_continuous,none,completed,False,,,0.007866956456656988,0.007623248017891058,0.007866956456656988,-2.71875,0.00596686258555594,0.005917425960970668,76,0.0018444694760336893,0.0063355822450634775,oracle_continuous,nan,-2.734128527479641
lambda_noise,C1,0.005,9,P,residual,1.2,completed,False,,,0.008815837577413138,0.008217020932112448,0.008815837577413138,nan,0.00596686258555594,0.005917425960970668,73,0.0031728596976231763,0.007160235084707647,morozov,0.007160235102667128,-2.4985491317745443
lambda_noise,C1,0.005,9,P,residual,1.0,completed,False,,,0.009070388226366629,0.00901495034122897,0.009070388226366629,nan,0.00596686258555594,0.005917425960970668,72,0.0008549620924336077,0.005966862586642614,morozov,0.00596686258555594,-3.0680531407243103
lambda_noise,C1,0.005,10,R,oracle_continuous,none,completed,False,,,0.008190060579683198,0.00798827763628508,0.008190060579683198,-2.546875,0.005963033333324141,0.005852083766651058,76,0.0024247245178470296,0.00659066549513751,oracle_continuous,nan,-2.615337596102971
lambda_noise,C1,0.005,10,R,residual,1.2,completed,False,,,0.00867677208462162,0.008280412378307378,0.00867677208462162,nan,0.005963033333324141,0.005852083766651058,73,0.0032467558127972102,0.007155639968827524,morozov,0.007155639999988969,-2.48855037325961
lambda_noise,C1,0.005,10,R,residual,1.0,completed,False,,,0.010577565843250765,0.010567775750219693,0.010577565843250765,nan,0.005963033333324141,0.005852083766651058,73,0.0011125339893335773,0.005963033293898409,morozov,0.005963033333324141,-2.9536867118935257
lambda_noise,C1,0.005,10,P,oracle_continuous,none,completed,False,,,0.008190060579683198,0.00798827763628508,0.008190060579683198,-2.546875,0.005963033333324141,0.005852083766651058,76,0.0024247245178470296,0.00659066549513751,oracle_continuous,nan,-2.615337596102971
lambda_noise,C1,0.005,10,P,residual,1.2,completed,False,,,0.00867677208462162,0.008280412378307378,0.00867677208462162,nan,0.005963033333324141,0.005852083766651058,73,0.0032467558127972102,0.007155639968827524,morozov,0.007155639999988969,-2.48855037325961
lambda_noise,C1,0.005,10,P,residual,1.0,completed,False,,,0.010577565843250765,0.010567775750219693,0.010577565843250765,nan,0.005963033333324141,0.005852083766651058,73,0.0011125339893335773,0.005963033293898409,morozov,0.005963033333324141,-2.9536867118935257
lambda_noise,C1,0.005,11,R,oracle_continuous,none,completed,False,,,0.005078590764690016,0.005024973115700149,0.005078590764690016,-3.0625,0.005965816884561193,0.005953016497737663,75,0.0007829753887602037,0.006004376387752108,oracle_continuous,nan,-3.1062518888917636
lambda_noise,C1,0.005,11,R,residual,1.2,completed,False,,,0.00808457167477434,0.007535111427267568,0.00808457167477434,nan,0.005965816884561193,0.005953016497737663,73,0.003118664279911126,0.007158980251439438,morozov,0.007158980261473431,-2.506031373953803
lambda_noise,C1,0.005,11,R,residual,1.0,completed,False,,,0.0051577378711888736,0.005128483323985291,0.0051577378711888736,nan,0.005965816884561193,0.005953016497737663,71,0.0005838709685233166,0.005965816919215989,morozov,0.005965816884561193,-3.233683118383882
lambda_noise,C1,0.005,11,P,oracle_continuous,none,completed,False,,,0.005078590764690016,0.005024973115700149,0.005078590764690016,-3.0625,0.005965816884561193,0.005953016497737663,75,0.0007829753887602037,0.006004376387752108,oracle_continuous,nan,-3.1062518888917636
lambda_noise,C1,0.005,11,P,residual,1.2,completed,False,,,0.00808457167477434,0.007535111427267568,0.00808457167477434,nan,0.005965816884561193,0.005953016497737663,73,0.003118664279911126,0.007158980251439438,morozov,0.007158980261473431,-2.506031373953803
lambda_noise,C1,0.005,11,P,residual,1.0,completed,False,,,0.0051577378711888736,0.005128483323985291,0.0051577378711888736,nan,0.005965816884561193,0.005953016497737663,71,0.0005838709685233166,0.005965816919215989,morozov,0.005965816884561193,-3.233683118383882
lambda_noise,C1,0.005,12,R,oracle_continuous,none,completed,False,,,0.006462362145694306,0.0061384756391655105,0.006462362145694306,-2.71875,0.005966974169366457,0.005972434687845733,76,0.0019092670349306973,0.0064481776624226135,oracle_continuous,nan,-2.7191333258303017
lambda_noise,C1,0.005,12,R,residual,1.2,completed,False,,,0.007491611336142998,0.006812195171721067,0.007491611336142998,nan,0.005966974169366457,0.005972434687845733,73,0.0030739022492108194,0.007160368998107579,morozov,0.0071603690032397485,-2.5123099472797796
lambda_noise,C1,0.005,12,R,residual,1.0,completed,False,,,0.011176247354880375,0.011162440776718026,0.011176247354880375,nan,0.005966974169366457,0.005972434687845733,72,0.0003886772860985299,0.005966974169445587,morozov,0.005966974169366457,-3.410410838350729
lambda_noise,C1,0.005,12,P,oracle_continuous,none,completed,False,,,0.006462362145694306,0.0061384756391655105,0.006462362145694306,-2.71875,0.005966974169366457,0.005972434687845733,76,0.0019092670349306973,0.0064481776624226135,oracle_continuous,nan,-2.7191333258303017
lambda_noise,C1,0.005,12,P,residual,1.2,completed,False,,,0.007491611336142998,0.006812195171721067,0.007491611336142998,nan,0.005966974169366457,0.005972434687845733,73,0.0030739022492108194,0.007160368998107579,morozov,0.0071603690032397485,-2.5123099472797796
lambda_noise,C1,0.005,12,P,residual,1.0,completed,False,,,0.011176247354880375,0.011162440776718026,0.011176247354880375,nan,0.005966974169366457,0.005972434687845733,72,0.0003886772860985299,0.005966974169445587,morozov,0.005966974169366457,-3.410410838350729
lambda_noise,C1,0.005,13,R,oracle_continuous,none,completed,False,,,0.004913142006694331,0.0047957698961388975,0.004913142006694331,-2.890625,0.005964607842160261,0.005940890857573555,76,0.0013202880240676745,0.00615106186196365,oracle_continuous,nan,-2.879331316053084
lambda_noise,C1,0.005,13,R,residual,1.2,completed,False,,,0.007251912898687572,0.006701798765286052,0.007251912898687572,nan,0.005964607842160261,0.005940890857573555,73,0.003126289190385314,0.00715752939961843,morozov,0.007157529410592313,-2.5049708510194884
lambda_noise,C1,0.005,13,R,residual,1.0,completed,False,,,0.005931460588278484,0.005917190713864052,0.005931460588278484,nan,0.005964607842160261,0.005940890857573555,73,0.0006429484814074219,0.005964607839869469,morozov,0.005964607842160261,-3.1918238251113253
lambda_noise,C1,0.005,13,P,oracle_continuous,none,completed,False,,,0.004913142006694331,0.0047957698961388975,0.004913142006694331,-2.890625,0.005964607842160261,0.005940890857573555,76,0.0013202880240676745,0.00615106186196365,oracle_continuous,nan,-2.879331316053084
lambda_noise,C1,0.005,13,P,residual,1.2,completed,False,,,0.007251912898687572,0.006701798765286052,0.007251912898687572,nan,0.005964607842160261,0.005940890857573555,73,0.003126289190385314,0.00715752939961843,morozov,0.007157529410592313,-2.5049708510194884
lambda_noise,C1,0.005,13,P,residual,1.0,completed,False,,,0.005931460588278484,0.005917190713864052,0.005931460588278484,nan,0.005964607842160261,0.005940890857573555,73,0.0006429484814074219,0.005964607839869469,morozov,0.005964607842160261,-3.1918238251113253
lambda_noise,C1,0.005,14,R,oracle_continuous,none,completed,False,,,0.005264308231277225,0.005080017501248759,0.005264308231277225,-3.0625,0.005968593210901468,0.0062739538578481,76,0.0010275829939210143,0.006333576526824939,oracle_continuous,nan,-2.9881830917425702
lambda_noise,C1,0.005,14,R,residual,1.2,completed,False,,,0.007132209140181308,0.006435569136084217,0.007132209140181308,nan,0.005968593210901468,0.0062739538578481,72,0.0027810271426807324,0.007162311891174787,morozov,0.007162311853081761,-2.555794772423528
lambda_noise,C1,0.005,14,R,residual,1.0,completed,True,,,218.91198891805834,4.15627578754982,218.91198891805834,nan,0.005968593210901468,0.0062739538578481,66,1e-12,0.00615153633940584,endpoint,0.005968593210901468,-12.0
lambda_noise,C1,0.005,14,P,oracle_continuous,none,completed,False,,,0.005264308231277225,0.005080017501248759,0.005264308231277225,-3.0625,0.005968593210901468,0.0062739538578481,76,0.0010275829939210143,0.006333576526824939,oracle_continuous,nan,-2.9881830917425702
lambda_noise,C1,0.005,14,P,residual,1.2,completed,False,,,0.007132209140181308,0.006435569136084217,0.007132209140181308,nan,0.005968593210901468,0.0062739538578481,72,0.0027810271426807324,0.007162311891174787,morozov,0.007162311853081761,-2.555794772423528
lambda_noise,C1,0.005,14,P,residual,1.0,completed,True,,,218.91198891805834,4.15627578754982,218.91198891805834,nan,0.005968593210901468,0.0062739538578481,66,1e-12,0.00615153633940584,endpoint,0.005968593210901468,-12.0
lambda_noise,C1,0.005,15,R,oracle_continuous,none,completed,False,,,0.005743967281973764,0.005620569869172774,0.005743967281973764,-2.71875,0.005964059953136382,0.005841393506185031,76,0.0015746795010233871,0.006156747343655303,oracle_continuous,nan,-2.802807826065492
lambda_noise,C1,0.005,15,R,residual,1.2,completed,False,,,0.007766912713230378,0.007259615091496566,0.007766912713230378,nan,0.005964059953136382,0.005841393506185031,73,0.0032365141477289677,0.007156871913395057,morozov,0.007156871943763658,-2.489922490216515
lambda_noise,C1,0.005,15,R,residual,1.0,completed,False,,,0.006286741639963395,0.006251161575479165,0.006286741639963395,nan,0.005964059953136382,0.005841393506185031,73,0.0010490409079009142,0.005964059920813191,morozov,0.005964059953136382,-2.979207575934917
lambda_noise,C1,0.005,15,P,oracle_continuous,none,completed,False,,,0.005743967281973764,0.005620569869172774,0.005743967281973764,-2.71875,0.005964059953136382,0.005841393506185031,76,0.0015746795010233871,0.006156747343655303,oracle_continuous,nan,-2.802807826065492
lambda_noise,C1,0.005,15,P,residual,1.2,completed,False,,,0.007766912713230378,0.007259615091496566,0.007766912713230378,nan,0.005964059953136382,0.005841393506185031,73,0.0032365141477289677,0.007156871913395057,morozov,0.007156871943763658,-2.489922490216515
lambda_noise,C1,0.005,15,P,residual,1.0,completed,False,,,0.006286741639963395,0.006251161575479165,0.006286741639963395,nan,0.005964059953136382,0.005841393506185031,73,0.0010490409079009142,0.005964059920813191,morozov,0.005964059953136382,-2.979207575934917
lambda_noise,C1,0.005,16,R,oracle_continuous,none,completed,False,,,0.006079852563343265,0.005888749304121643,0.006079852563343265,-2.71875,0.005964769859705464,0.005853121824740198,76,0.0017254614300119585,0.006214464316950685,oracle_continuous,nan,-2.7630947442369918
lambda_noise,C1,0.005,16,R,residual,1.2,completed,False,,,0.00759500977332175,0.007002451764870501,0.00759500977332175,nan,0.005964769859705464,0.005853121824740198,73,0.0032462037366534306,0.007157723799416383,morozov,0.007157723831646557,-2.4886242266762486
lambda_noise,C1,0.005,16,R,residual,1.0,completed,False,,,0.006614224381985354,0.006551409659662857,0.006614224381985354,nan,0.005964769859705464,0.005853121824740198,73,0.0010868881777467965,0.005964769821517727,morozov,0.005964769859705464,-2.9638151351093147
lambda_noise,C1,0.005,16,P,oracle_continuous,none,completed,False,,,0.006079852563343265,0.005888749304121643,0.006079852563343265,-2.71875,0.005964769859705464,0.005853121824740198,76,0.0017254614300119585,0.006214464316950685,oracle_continuous,nan,-2.7630947442369918
lambda_noise,C1,0.005,16,P,residual,1.2,completed,False,,,0.00759500977332175,0.007002451764870501,0.00759500977332175,nan,0.005964769859705464,0.005853121824740198,73,0.0032462037366534306,0.007157723799416383,morozov,0.007157723831646557,-2.4886242266762486
lambda_noise,C1,0.005,16,P,residual,1.0,completed,False,,,0.006614224381985354,0.006551409659662857,0.006614224381985354,nan,0.005964769859705464,0.005853121824740198,73,0.0010868881777467965,0.005964769821517727,morozov,0.005964769859705464,-2.9638151351093147
lambda_noise,C1,0.005,17,R,oracle_continuous,none,completed,False,,,0.0034698582551300127,0.0034343045862648513,0.0034698582551300127,-3.234375,0.005965068680115676,0.00600782311540433,75,0.0006943536634818862,0.006039447354850082,oracle_continuous,nan,-3.1584192687727697
lambda_noise,C1,0.005,17,R,residual,1.2,completed,False,,,0.007572339882535213,0.007062992312297639,0.007572339882535213,nan,0.005965068680115676,0.00600782311540433,73,0.0030565744721388092,0.007158082412230353,morozov,0.0071580824161388105,-2.5147650183446975
lambda_noise,C1,0.005,17,R,residual,1.0,completed,False,,,0.03330332343678374,0.033303437971580065,0.03330332343678374,nan,0.005965068680115676,0.00600782311540433,72,3.257037971165544e-05,0.005965068680690752,morozov,0.005965068680115676,-4.487177178318289
lambda_noise,C1,0.005,17,P,oracle_continuous,none,completed,False,,,0.0034698582551300127,0.0034343045862648513,0.0034698582551300127,-3.234375,0.005965068680115676,0.00600782311540433,75,0.0006943536634818862,0.006039447354850082,oracle_continuous,nan,-3.1584192687727697
lambda_noise,C1,0.005,17,P,residual,1.2,completed,False,,,0.007572339882535213,0.007062992312297639,0.007572339882535213,nan,0.005965068680115676,0.00600782311540433,73,0.0030565744721388092,0.007158082412230353,morozov,0.0071580824161388105,-2.5147650183446975
lambda_noise,C1,0.005,17,P,residual,1.0,completed,False,,,0.03330332343678374,0.033303437971580065,0.03330332343678374,nan,0.005965068680115676,0.00600782311540433,72,3.257037971165544e-05,0.005965068680690752,morozov,0.005965068680115676,-4.487177178318289
lambda_noise,C1,0.005,18,R,oracle_continuous,none,completed,False,,,0.0074488440935411284,0.007147409714194072,0.0074488440935411284,-2.546875,0.005963714467434597,0.005776250640762288,76,0.0024592718602340154,0.0065243766182688555,oracle_continuous,nan,-2.6091934595193713
lambda_noise,C1,0.005,18,R,residual,1.2,completed,False,,,0.00793058684503809,0.007367084031076255,0.00793058684503809,nan,0.005963714467434597,0.005776250640762288,73,0.003350511482193998,0.007156457309138865,morozov,0.007156457360921516,-2.474888889399474
lambda_noise,C1,0.005,18,R,residual,1.0,completed,False,,,0.008585514500708628,0.00851771031628402,0.008585514500708628,nan,0.005963714467434597,0.005776250640762288,73,0.0013827613290726896,0.005963714465175456,morozov,0.005963714467434597,-2.859252774635258
lambda_noise,C1,0.005,18,P,oracle_continuous,none,completed,False,,,0.0074488440935411284,0.007147409714194072,0.0074488440935411284,-2.546875,0.005963714467434597,0.005776250640762288,76,0.0024592718602340154,0.0065243766182688555,oracle_continuous,nan,-2.6091934595193713
lambda_noise,C1,0.005,18,P,residual,1.2,completed,False,,,0.00793058684503809,0.007367084031076255,0.00793058684503809,nan,0.005963714467434597,0.005776250640762288,73,0.003350511482193998,0.007156457309138865,morozov,0.007156457360921516,-2.474888889399474
lambda_noise,C1,0.005,18,P,residual,1.0,completed,False,,,0.008585514500708628,0.00851771031628402,0.008585514500708628,nan,0.005963714467434597,0.005776250640762288,73,0.0013827613290726896,0.005963714465175456,morozov,0.005963714467434597,-2.859252774635258
lambda_noise,C1,0.005,19,R,oracle_continuous,none,completed,False,,,0.0035725508019638502,0.00351599126878068,0.0035725508019638502,-3.0625,0.00596442435310646,0.006125649655302302,77,0.0008495865542005629,0.006191250165376412,oracle_continuous,nan,-3.0707923694767167
lambda_noise,C1,0.005,19,R,residual,1.2,completed,False,,,0.0062972168020054755,0.005746513119462497,0.0062972168020054755,nan,0.00596442435310646,0.006125649655302302,72,0.0029030207476172846,0.007157308763524513,morozov,0.007157309223727752,-2.537149860295264
lambda_noise,C1,0.005,19,R,residual,1.0,completed,True,,,29.28955670082781,3.1923843866798447,29.28955670082781,nan,0.00596442435310646,0.006125649655302302,66,1e-12,0.006079936333479615,endpoint,0.00596442435310646,-12.0
lambda_noise,C1,0.005,19,P,oracle_continuous,none,completed,False,,,0.0035725508019638502,0.00351599126878068,0.0035725508019638502,-3.0625,0.00596442435310646,0.006125649655302302,77,0.0008495865542005629,0.006191250165376412,oracle_continuous,nan,-3.0707923694767167
lambda_noise,C1,0.005,19,P,residual,1.2,completed,False,,,0.0062972168020054755,0.005746513119462497,0.0062972168020054755,nan,0.00596442435310646,0.006125649655302302,72,0.0029030207476172846,0.007157308763524513,morozov,0.007157309223727752,-2.537149860295264
lambda_noise,C1,0.005,19,P,residual,1.0,completed,True,,,29.28955670082781,3.1923843866798447,29.28955670082781,nan,0.00596442435310646,0.006125649655302302,66,1e-12,0.006079936333479615,endpoint,0.00596442435310646,-12.0
lambda_noise,C1,0.005,20,R,oracle_continuous,none,completed,False,,,0.002240569080578643,0.0019594968441897774,0.002240569080578643,-3.0625,0.005966501785329687,0.006365019718605743,76,0.0009213047560516504,0.006387579798244152,oracle_continuous,nan,-3.035596686873027
lambda_noise,C1,0.005,20,R,residual,1.2,completed,False,,,0.004829557377086243,0.003979502174690202,0.004829557377086243,nan,0.005966501785329687,0.006365019718605743,72,0.002660450165051434,0.007159802139806408,morozov,0.007159802142395624,-2.575044871768717
lambda_noise,C1,0.005,20,R,residual,1.0,completed,True,,,101.1722726881417,4.796433920442005,101.1722726881417,nan,0.005966501785329687,0.006365019718605743,66,1e-12,0.006219504314084642,endpoint,0.005966501785329687,-12.0
lambda_noise,C1,0.005,20,P,oracle_continuous,none,completed,False,,,0.002240569080578643,0.0019594968441897774,0.002240569080578643,-3.0625,0.005966501785329687,0.006365019718605743,76,0.0009213047560516504,0.006387579798244152,oracle_continuous,nan,-3.035596686873027
lambda_noise,C1,0.005,20,P,residual,1.2,completed,False,,,0.004829557377086243,0.003979502174690202,0.004829557377086243,nan,0.005966501785329687,0.006365019718605743,72,0.002660450165051434,0.007159802139806408,morozov,0.007159802142395624,-2.575044871768717
lambda_noise,C1,0.005,20,P,residual,1.0,completed,True,,,101.1722726881417,4.796433920442005,101.1722726881417,nan,0.005966501785329687,0.006365019718605743,66,1e-12,0.006219504314084642,endpoint,0.005966501785329687,-12.0
lambda_noise,C1,0.005,21,R,oracle_continuous,none,completed,False,,,0.0071818795898231985,0.006836478784801694,0.0071818795898231985,-2.71875,0.005967082469223271,0.0059592156378021266,75,0.0020916248547229806,0.006516015172398875,oracle_continuous,nan,-2.679516206101846
lambda_noise,C1,0.005,21,R,residual,1.2,completed,False,,,0.007963011650331395,0.007310469122171315,0.007963011650331395,nan,0.005967082469223271,0.0059592156378021266,73,0.003107300927956852,0.007160498954700408,morozov,0.007160498963067924,-2.507616685263701
lambda_noise,C1,0.005,21,R,residual,1.0,completed,False,,,0.011546867936357872,0.011520550627532029,0.011546867936357872,nan,0.005967082469223271,0.0059592156378021266,73,0.000605575941767158,0.005967082469196439,morozov,0.005967082469223271,-3.217831386753212
lambda_noise,C1,0.005,21,P,oracle_continuous,none,completed,False,,,0.0071818795898231985,0.006836478784801694,0.0071818795898231985,-2.71875,0.005967082469223271,0.0059592156378021266,75,0.0020916248547229806,0.006516015172398875,oracle_continuous,nan,-2.679516206101846
lambda_noise,C1,0.005,21,P,residual,1.2,completed,False,,,0.007963011650331395,0.007310469122171315,0.007963011650331395,nan,0.005967082469223271,0.0059592156378021266,73,0.003107300927956852,0.007160498954700408,morozov,0.007160498963067924,-2.507616685263701
lambda_noise,C1,0.005,21,P,residual,1.0,completed,False,,,0.011546867936357872,0.011520550627532029,0.011546867936357872,nan,0.005967082469223271,0.0059592156378021266,73,0.000605575941767158,0.005967082469196439,morozov,0.005967082469223271,-3.217831386753212
lambda_noise,C1,0.005,22,R,oracle_continuous,none,completed,False,,,0.0066860163272918684,0.006373391853268358,0.0066860163272918684,-2.71875,0.005968245320258216,0.006359682763992217,76,0.0017559959937499645,0.006726181122501908,oracle_continuous,nan,-2.7554764792580873
lambda_noise,C1,0.005,22,R,residual,1.2,completed,False,,,0.0072857268190123885,0.006720875599747322,0.0072857268190123885,nan,0.005968245320258216,0.006359682763992217,73,0.0025880785905230395,0.00716189436944912,morozov,0.007161894384309859,-2.587022539861043
lambda_noise,C1,0.005,22,R,residual,1.0,completed,True,,,45.303457826976675,2.5696872059095113,45.303457826976675,nan,0.005968245320258216,0.006359682763992217,66,1e-12,0.006316363170330994,endpoint,0.005968245320258216,-12.0
lambda_noise,C1,0.005,22,P,oracle_continuous,none,completed,False,,,0.0066860163272918684,0.006373391853268358,0.0066860163272918684,-2.71875,0.005968245320258216,0.006359682763992217,76,0.0017559959937499645,0.006726181122501908,oracle_continuous,nan,-2.7554764792580873
lambda_noise,C1,0.005,22,P,residual,1.2,completed,False,,,0.0072857268190123885,0.006720875599747322,0.0072857268190123885,nan,0.005968245320258216,0.006359682763992217,73,0.0025880785905230395,0.00716189436944912,morozov,0.007161894384309859,-2.587022539861043
lambda_noise,C1,0.005,22,P,residual,1.0,completed,True,,,45.303457826976675,2.5696872059095113,45.303457826976675,nan,0.005968245320258216,0.006359682763992217,66,1e-12,0.006316363170330994,endpoint,0.005968245320258216,-12.0
lambda_noise,C1,0.005,23,R,oracle_continuous,none,completed,False,,,0.005272291585995206,0.0051871089409929304,0.005272291585995206,-2.890625,0.0059646783797129704,0.0061375940654402,76,0.001237495590292198,0.006314270699760451,oracle_continuous,nan,-2.9074563399622138
lambda_noise,C1,0.005,23,R,residual,1.2,completed,False,,,0.007412923152964262,0.006975912383677816,0.007412923152964262,nan,0.0059646783797129704,0.0061375940654402,72,0.002888632052816521,0.007157613834407286,morozov,0.007157614055655564,-2.539307774046525
lambda_noise,C1,0.005,23,R,residual,1.0,completed,True,,,54.0379437815246,3.4363686104178295,54.0379437815246,nan,0.0059646783797129704,0.0061375940654402,66,1e-12,0.006023491314652095,endpoint,0.0059646783797129704,-12.0
lambda_noise,C1,0.005,23,P,oracle_continuous,none,completed,False,,,0.005272291585995206,0.0051871089409929304,0.005272291585995206,-2.890625,0.0059646783797129704,0.0061375940654402,76,0.001237495590292198,0.006314270699760451,oracle_continuous,nan,-2.9074563399622138
lambda_noise,C1,0.005,23,P,residual,1.2,completed,False,,,0.007412923152964262,0.006975912383677816,0.007412923152964262,nan,0.0059646783797129704,0.0061375940654402,72,0.002888632052816521,0.007157613834407286,morozov,0.007157614055655564,-2.539307774046525
lambda_noise,C1,0.005,23,P,residual,1.0,completed,True,,,54.0379437815246,3.4363686104178295,54.0379437815246,nan,0.0059646783797129704,0.0061375940654402,66,1e-12,0.006023491314652095,endpoint,0.0059646783797129704,-12.0
lambda_noise,C1,0.005,24,R,oracle_continuous,none,completed,False,,,0.0033104038068834324,0.003251271840286668,0.0033104038068834324,-2.890625,0.005963224365176132,0.00591168481987517,76,0.001116568659622869,0.0060494695697796905,oracle_continuous,nan,-2.9521145662973987
lambda_noise,C1,0.005,24,R,residual,1.2,completed,False,,,0.006441110175982628,0.00588914969242624,0.006441110175982628,nan,0.005963224365176132,0.00591168481987517,73,0.0031617294449309617,0.007155869221843228,morozov,0.007155869238211358,-2.5000752962003823
lambda_noise,C1,0.005,24,R,residual,1.0,completed,False,,,0.0035912147823257286,0.0035840533650821457,0.0035912147823257286,nan,0.005963224365176132,0.00591168481987517,73,0.0007973743524284545,0.005963224363033819,morozov,0.005963224365176132,-3.09833773754487
lambda_noise,C1,0.005,24,P,oracle_continuous,none,completed,False,,,0.0033104038068834324,0.003251271840286668,0.0033104038068834324,-2.890625,0.005963224365176132,0.00591168481987517,76,0.001116568659622869,0.0060494695697796905,oracle_continuous,nan,-2.9521145662973987
lambda_noise,C1,0.005,24,P,residual,1.2,completed,False,,,0.006441110175982628,0.00588914969242624,0.006441110175982628,nan,0.005963224365176132,0.00591168481987517,73,0.0031617294449309617,0.007155869221843228,morozov,0.007155869238211358,-2.5000752962003823
lambda_noise,C1,0.005,24,P,residual,1.0,completed,False,,,0.0035912147823257286,0.0035840533650821457,0.0035912147823257286,nan,0.005963224365176132,0.00591168481987517,73,0.0007973743524284545,0.005963224363033819,morozov,0.005963224365176132,-3.09833773754487
lambda_noise,C1,0.01,0,R,oracle_continuous,none,completed,False,,,0.008068471009815514,0.007828800864852518,0.008068471009815514,-2.890625,0.011947402744608428,0.012525261637585243,76,0.001145895576793955,0.012452692860320379,oracle_continuous,nan,-2.9408549569658824
lambda_noise,C1,0.01,0,R,residual,1.2,completed,False,,,0.015068015362688378,0.01363234795688747,0.015068015362688378,nan,0.011947402744608428,0.012525261637585243,73,0.005667996156595444,0.01433688325415596,morozov,0.014336883293530113,-2.2465704529146895
lambda_noise,C1,0.01,0,R,residual,1.0,completed,True,,,82.6674042514328,5.008795510065101,82.6674042514328,nan,0.011947402744608428,0.012525261637585243,66,1e-12,0.012342868887150986,endpoint,0.011947402744608428,-12.0
lambda_noise,C1,0.01,0,P,oracle_continuous,none,completed,False,,,0.008068471009815514,0.007828800864852518,0.008068471009815514,-2.890625,0.011947402744608428,0.012525261637585243,76,0.001145895576793955,0.012452692860320379,oracle_continuous,nan,-2.9408549569658824
lambda_noise,C1,0.01,0,P,residual,1.2,completed,False,,,0.015068015362688378,0.01363234795688747,0.015068015362688378,nan,0.011947402744608428,0.012525261637585243,73,0.005667996156595444,0.01433688325415596,morozov,0.014336883293530113,-2.2465704529146895
lambda_noise,C1,0.01,0,P,residual,1.0,completed,True,,,82.6674042514328,5.008795510065101,82.6674042514328,nan,0.011947402744608428,0.012525261637585243,66,1e-12,0.012342868887150986,endpoint,0.011947402744608428,-12.0
lambda_noise,C1,0.01,1,R,oracle_continuous,none,completed,False,,,0.008598095391291801,0.00844776686205453,0.008598095391291801,-2.890625,0.011933585817600557,0.011620235743201058,76,0.0014551532564160527,0.011700954817666672,oracle_continuous,nan,-2.8370912644713893
lambda_noise,C1,0.01,1,R,residual,1.2,completed,False,,,0.015194734030637721,0.013762507445620535,0.015194734030637721,nan,0.011933585817600557,0.011620235743201058,73,0.006615099333482156,0.01432030297947205,morozov,0.014320302981120667,-2.179463629986039
lambda_noise,C1,0.01,1,R,residual,1.0,completed,False,,,0.008942545498576515,0.008608485684238986,0.008942545498576515,nan,0.011933585817600557,0.011620235743201058,73,0.0023220663011803105,0.011933585733594371,morozov,0.011933585817600557,-2.6341253841557255
lambda_noise,C1,0.01,1,P,oracle_continuous,none,completed,False,,,0.008598095391291801,0.00844776686205453,0.008598095391291801,-2.890625,0.011933585817600557,0.011620235743201058,76,0.0014551532564160527,0.011700954817666672,oracle_continuous,nan,-2.8370912644713893
lambda_noise,C1,0.01,1,P,residual,1.2,completed,False,,,0.015194734030637721,0.013762507445620535,0.015194734030637721,nan,0.011933585817600557,0.011620235743201058,73,0.006615099333482156,0.01432030297947205,morozov,0.014320302981120667,-2.179463629986039
lambda_noise,C1,0.01,1,P,residual,1.0,completed,False,,,0.008942545498576515,0.008608485684238986,0.008942545498576515,nan,0.011933585817600557,0.011620235743201058,73,0.0023220663011803105,0.011933585733594371,morozov,0.011933585817600557,-2.6341253841557255
lambda_noise,C1,0.01,2,R,oracle_continuous,none,completed,False,,,0.00815122248234798,0.008021148691763704,0.00815122248234798,-2.546875,0.011919541134810498,0.011904756567191865,76,0.0025913062292380667,0.012274916180387256,oracle_continuous,nan,-2.5864812609587235
lambda_noise,C1,0.01,2,R,residual,1.2,completed,False,,,0.01257990274080284,0.01152178332751809,0.01257990274080284,nan,0.011919541134810498,0.011904756567191865,71,0.00629122652254332,0.014303449355102577,morozov,0.014303449361772597,-2.2012646772820936
lambda_noise,C1,0.01,2,R,residual,1.0,completed,False,,,0.009558071661586056,0.009581491453081981,0.009558071661586056,nan,0.011919541134810498,0.011904756567191865,72,0.0012775795493145965,0.011919541134925158,morozov,0.011919541134810498,-2.8936120487253243
lambda_noise,C1,0.01,2,P,oracle_continuous,none,completed,False,,,0.00815122248234798,0.008021148691763704,0.00815122248234798,-2.546875,0.011919541134810498,0.011904756567191865,76,0.0025913062292380667,0.012274916180387256,oracle_continuous,nan,-2.5864812609587235
lambda_noise,C1,0.01,2,P,residual,1.2,completed,False,,,0.01257990274080284,0.01152178332751809,0.01257990274080284,nan,0.011919541134810498,0.011904756567191865,71,0.00629122652254332,0.014303449355102577,morozov,0.014303449361772597,-2.2012646772820936
lambda_noise,C1,0.01,2,P,residual,1.0,completed,False,,,0.009558071661586056,0.009581491453081981,0.009558071661586056,nan,0.011919541134810498,0.011904756567191865,72,0.0012775795493145965,0.011919541134925158,morozov,0.011919541134810498,-2.8936120487253243
lambda_noise,C1,0.01,3,R,oracle_continuous,none,completed,False,,,0.009654182523876278,0.009472158150494861,0.009654182523876278,-2.71875,0.011927713994132262,0.011599824136409623,76,0.0022892693851290415,0.011898234879907847,oracle_continuous,nan,-2.6403030995966
lambda_noise,C1,0.01,3,R,residual,1.2,completed,False,,,0.015354505801786919,0.014157873279421784,0.015354505801786919,nan,0.011927713994132262,0.011599824136409623,73,0.006636687201322248,0.014313256790849143,morozov,0.014313256792958714,-2.1780486509342705
lambda_noise,C1,0.01,3,R,residual,1.0,completed,False,,,0.009659613125622385,0.00946053803184075,0.009659613125622385,nan,0.011927713994132262,0.011599824136409623,73,0.0023790602574733843,0.011927713908034128,morozov,0.011927713994132262,-2.6235945578968374
lambda_noise,C1,0.01,3,P,oracle_continuous,none,completed,False,,,0.009654182523876278,0.009472158150494861,0.009654182523876278,-2.71875,0.011927713994132262,0.011599824136409623,76,0.0022892693851290415,0.011898234879907847,oracle_continuous,nan,-2.6403030995966
lambda_noise,C1,0.01,3,P,residual,1.2,completed,False,,,0.015354505801786919,0.014157873279421784,0.015354505801786919,nan,0.011927713994132262,0.011599824136409623,73,0.006636687201322248,0.014313256790849143,morozov,0.014313256792958714,-2.1780486509342705
lambda_noise,C1,0.01,3,P,residual,1.0,completed,False,,,0.009659613125622385,0.00946053803184075,0.009659613125622385,nan,0.011927713994132262,0.011599824136409623,73,0.0023790602574733843,0.011927713908034128,morozov,0.011927713994132262,-2.6235945578968374
lambda_noise,C1,0.01,4,R,oracle_continuous,none,completed,False,,,0.006922903817498466,0.00656866875644555,0.006922903817498466,-2.890625,0.011943303954267325,0.011455878984497056,76,0.001508054120301821,0.011548517142827258,oracle_continuous,nan,-2.8215830724405935
lambda_noise,C1,0.01,4,R,residual,1.2,completed,False,,,0.015800428735229476,0.014020398205814142,0.015800428735229476,nan,0.011943303954267325,0.011455878984497056,73,0.006814784987808827,0.014331964735100119,morozov,0.01433196474512079,-2.166547841968888
lambda_noise,C1,0.01,4,R,residual,1.0,completed,False,,,0.008193692267430766,0.007423502215524362,0.008193692267430766,nan,0.011943303954267325,0.011455878984497056,72,0.0027970342119739617,0.011943303963785706,morozov,0.011943303954267325,-2.5533022215152665
lambda_noise,C1,0.01,4,P,oracle_continuous,none,completed,False,,,0.006922903817498466,0.00656866875644555,0.006922903817498466,-2.890625,0.011943303954267325,0.011455878984497056,76,0.001508054120301821,0.011548517142827258,oracle_continuous,nan,-2.8215830724405935
lambda_noise,C1,0.01,4,P,residual,1.2,completed,False,,,0.015800428735229476,0.014020398205814142,0.015800428735229476,nan,0.011943303954267325,0.011455878984497056,73,0.006814784987808827,0.014331964735100119,morozov,0.01433196474512079,-2.166547841968888
lambda_noise,C1,0.01,4,P,residual,1.0,completed,False,,,0.008193692267430766,0.007423502215524362,0.008193692267430766,nan,0.011943303954267325,0.011455878984497056,72,0.0027970342119739617,0.011943303963785706,morozov,0.011943303954267325,-2.5533022215152665
lambda_noise,C1,0.01,5,R,oracle_continuous,none,completed,False,,,0.007976333153768583,0.007950256632088922,0.007976333153768583,-3.0625,0.011927721621775224,0.012148325157436553,75,0.0010301582664379169,0.01210119980457857,oracle_continuous,nan,-2.987096048148751
lambda_noise,C1,0.01,5,R,residual,1.2,completed,False,,,0.014891462328234384,0.01387631574889522,0.014891462328234384,nan,0.011927721621775224,0.012148325157436553,72,0.006061598983077463,0.014313266387355797,morozov,0.014313265946130268,-2.2174127986179197
lambda_noise,C1,0.01,5,R,residual,1.0,completed,True,,,226.6232937676082,4.9787374271276965,226.6232937676082,nan,0.011927721621775224,0.012148325157436553,66,1e-12,0.01200482772175984,endpoint,0.011927721621775224,-12.0
lambda_noise,C1,0.01,5,P,oracle_continuous,none,completed,False,,,0.007976333153768583,0.007950256632088922,0.007976333153768583,-3.0625,0.011927721621775224,0.012148325157436553,75,0.0010301582664379169,0.01210119980457857,oracle_continuous,nan,-2.987096048148751
lambda_noise,C1,0.01,5,P,residual,1.2,completed,False,,,0.014891462328234384,0.01387631574889522,0.014891462328234384,nan,0.011927721621775224,0.012148325157436553,72,0.006061598983077463,0.014313266387355797,morozov,0.014313265946130268,-2.2174127986179197
lambda_noise,C1,0.01,5,P,residual,1.0,completed,True,,,226.6232937676082,4.9787374271276965,226.6232937676082,nan,0.011927721621775224,0.012148325157436553,66,1e-12,0.01200482772175984,endpoint,0.011927721621775224,-12.0
lambda_noise,C1,0.01,6,R,oracle_continuous,none,completed,False,,,0.004750311965666621,0.004479343392063301,0.004750311965666621,-2.890625,0.011935295477873467,0.012645801906931197,75,0.0013171141848109988,0.012730332322924916,oracle_continuous,nan,-2.8803765730384274
lambda_noise,C1,0.01,6,R,residual,1.2,completed,False,,,0.011671394664831922,0.010385913698397314,0.011671394664831922,nan,0.011935295477873467,0.012645801906931197,73,0.005280316853037904,0.014322354410505327,morozov,0.01432235457344816,-2.277340016216721
lambda_noise,C1,0.01,6,R,residual,1.0,completed,True,,,153.5379837783595,4.518092232583167,153.5379837783595,nan,0.011935295477873467,0.012645801906931197,66,1e-12,0.012446676950530021,endpoint,0.011935295477873467,-12.0
lambda_noise,C1,0.01,6,P,oracle_continuous,none,completed,False,,,0.004750311965666621,0.004479343392063301,0.004750311965666621,-2.890625,0.011935295477873467,0.012645801906931197,75,0.0013171141848109988,0.012730332322924916,oracle_continuous,nan,-2.8803765730384274
lambda_noise,C1,0.01,6,P,residual,1.2,completed,False,,,0.011671394664831922,0.010385913698397314,0.011671394664831922,nan,0.011935295477873467,0.012645801906931197,73,0.005280316853037904,0.014322354410505327,morozov,0.01432235457344816,-2.277340016216721
lambda_noise,C1,0.01,6,P,residual,1.0,completed,True,,,153.5379837783595,4.518092232583167,153.5379837783595,nan,0.011935295477873467,0.012645801906931197,66,1e-12,0.012446676950530021,endpoint,0.011935295477873467,-12.0
lambda_noise,C1,0.01,7,R,oracle_continuous,none,completed,False,,,0.00812364565338685,0.007543610922671104,0.00812364565338685,-2.546875,0.011933248688561994,0.011793103176948748,76,0.0028916688813606164,0.012309901690167494,oracle_continuous,nan,-2.5388514386357737
lambda_noise,C1,0.01,7,R,residual,1.2,completed,False,,,0.01289258657938223,0.011246846591341118,0.01289258657938223,nan,0.011933248688561994,0.011793103176948748,72,0.006404145946458215,0.014319897593977563,morozov,0.014319898426274392,-2.1935387793418677
lambda_noise,C1,0.01,7,R,residual,1.0,completed,False,,,0.009744422656943454,0.009555495736926939,0.009744422656943454,nan,0.011933248688561994,0.011793103176948748,73,0.0017237004730653266,0.011933248676897714,morozov,0.011933248688561994,-2.7635381991821233
lambda_noise,C1,0.01,7,P,oracle_continuous,none,completed,False,,,0.00812364565338685,0.007543610922671104,0.00812364565338685,-2.546875,0.011933248688561994,0.011793103176948748,76,0.0028916688813606164,0.012309901690167494,oracle_continuous,nan,-2.5388514386357737
lambda_noise,C1,0.01,7,P,residual,1.2,completed,False,,,0.01289258657938223,0.011246846591341118,0.01289258657938223,nan,0.011933248688561994,0.011793103176948748,72,0.006404145946458215,0.014319897593977563,morozov,0.014319898426274392,-2.1935387793418677
lambda_noise,C1,0.01,7,P,residual,1.0,completed,False,,,0.009744422656943454,0.009555495736926939,0.009744422656943454,nan,0.011933248688561994,0.011793103176948748,73,0.0017237004730653266,0.011933248676897714,morozov,0.011933248688561994,-2.7635381991821233
lambda_noise,C1,0.01,8,R,oracle_continuous,none,completed,False,,,0.007555311632765572,0.007505339462885531,0.007555311632765572,-2.71875,0.011923575037739862,0.011850289969650875,76,0.0016748033862817348,0.012000614921384208,oracle_continuous,nan,-2.7760361696807445
lambda_noise,C1,0.01,8,R,residual,1.2,completed,False,,,0.013805417440033886,0.012730293841533763,0.013805417440033886,nan,0.011923575037739862,0.011850289969650875,72,0.006314640472802187,0.014308290002541786,morozov,0.014308290045287834,-2.1996513711772163
lambda_noise,C1,0.01,8,R,residual,1.0,completed,False,,,0.007668784499648306,0.007658085160569492,0.007668784499648306,nan,0.011923575037739862,0.011850289969650875,72,0.0013088809679565902,0.011923574984801654,morozov,0.011923575037739862,-2.8830998471926885
lambda_noise,C1,0.01,8,P,oracle_continuous,none,completed,False,,,0.007555311632765572,0.007505339462885531,0.007555311632765572,-2.71875,0.011923575037739862,0.011850289969650875,76,0.0016748033862817348,0.012000614921384208,oracle_continuous,nan,-2.7760361696807445
lambda_noise,C1,0.01,8,P,residual,1.2,completed,False,,,0.013805417440033886,0.012730293841533763,0.013805417440033886,nan,0.011923575037739862,0.011850289969650875,72,0.006314640472802187,0.014308290002541786,morozov,0.014308290045287834,-2.1996513711772163
lambda_noise,C1,0.01,8,P,residual,1.0,completed,False,,,0.007668784499648306,0.007658085160569492,0.007668784499648306,nan,0.011923575037739862,0.011850289969650875,72,0.0013088809679565902,0.011923574984801654,morozov,0.011923575037739862,-2.8830998471926885
lambda_noise,C1,0.01,9,R,oracle_continuous,none,completed,False,,,0.013100841693170415,0.012644112048234495,0.013100841693170415,-2.546875,0.011935735453874878,0.011836845549118107,76,0.0032119797694152405,0.012453326986506098,oracle_continuous,nan,-2.4932271987790964
lambda_noise,C1,0.01,9,R,residual,1.2,completed,False,,,0.01587732628865828,0.014525267137672597,0.01587732628865828,nan,0.011935735453874878,0.011836845549118107,72,0.006393204621934521,0.014322881890228368,morozov,0.014322882544649853,-2.1942813952447073
lambda_noise,C1,0.01,9,R,residual,1.0,completed,False,,,0.01445664885483193,0.014320588977141094,0.01445664885483193,nan,0.011935735453874878,0.011836845549118107,73,0.0016869734244506307,0.011935735425746394,morozov,0.011935735453874878,-2.772891758967101
lambda_noise,C1,0.01,9,P,oracle_continuous,none,completed,False,,,0.013100841693170415,0.012644112048234495,0.013100841693170415,-2.546875,0.011935735453874878,0.011836845549118107,76,0.0032119797694152405,0.012453326986506098,oracle_continuous,nan,-2.4932271987790964
lambda_noise,C1,0.01,9,P,residual,1.2,completed,False,,,0.01587732628865828,0.014525267137672597,0.01587732628865828,nan,0.011935735453874878,0.011836845549118107,72,0.006393204621934521,0.014322881890228368,morozov,0.014322882544649853,-2.1942813952447073
lambda_noise,C1,0.01,9,P,residual,1.0,completed,False,,,0.01445664885483193,0.014320588977141094,0.01445664885483193,nan,0.011935735453874878,0.011836845549118107,73,0.0016869734244506307,0.011935735425746394,morozov,0.011935735453874878,-2.772891758967101
lambda_noise,C1,0.01,10,R,oracle_continuous,none,completed,False,,,0.012199883520266259,0.011944984412311394,0.012199883520266259,-2.375,0.011920434069706344,0.011698639737751516,76,0.00369433082133339,0.012534538885227936,oracle_continuous,nan,-2.432464216787896
lambda_noise,C1,0.01,10,R,residual,1.2,completed,False,,,0.015196304178014094,0.014273681566097443,0.015196304178014094,nan,0.011920434069706344,0.011698639737751516,73,0.006542790879237859,0.014304520883059385,morozov,0.014304520883647611,-2.1842369604053555
lambda_noise,C1,0.01,10,R,residual,1.0,completed,False,,,0.014279027401180427,0.014253958569683227,0.014279027401180427,nan,0.011920434069706344,0.011698639737751516,73,0.0021774535830856594,0.011920434047283233,morozov,0.011920434069706344,-2.662051094104283
lambda_noise,C1,0.01,10,P,oracle_continuous,none,completed,False,,,0.012199883520266259,0.011944984412311394,0.012199883520266259,-2.375,0.011920434069706344,0.011698639737751516,76,0.00369433082133339,0.012534538885227936,oracle_continuous,nan,-2.432464216787896
lambda_noise,C1,0.01,10,P,residual,1.2,completed,False,,,0.015196304178014094,0.014273681566097443,0.015196304178014094,nan,0.011920434069706344,0.011698639737751516,73,0.006542790879237859,0.014304520883059385,morozov,0.014304520883647611,-2.1842369604053555
lambda_noise,C1,0.01,10,P,residual,1.0,completed,False,,,0.014279027401180427,0.014253958569683227,0.014279027401180427,nan,0.011920434069706344,0.011698639737751516,73,0.0021774535830856594,0.011920434047283233,morozov,0.011920434069706344,-2.662051094104283
lambda_noise,C1,0.01,11,R,oracle_continuous,none,completed,False,,,0.009130060007697576,0.009037298116641956,0.009130060007697576,-2.890625,0.01193154644904742,0.011905945862756211,76,0.00138220655526145,0.011970475646761599,oracle_continuous,nan,-2.859427051674441
lambda_noise,C1,0.01,11,R,residual,1.2,completed,False,,,0.01553450181158716,0.014371491157545133,0.01553450181158716,nan,0.01193154644904742,0.011905945862756211,72,0.00629806866452599,0.014317855725752447,morozov,0.014317855738856904,-2.2007926087896337
lambda_noise,C1,0.01,11,R,residual,1.0,completed,False,,,0.009164600528176695,0.009098987005120214,0.009164600528176695,nan,0.01193154644904742,0.011905945862756211,73,0.0011658336399105985,0.011931546443281482,morozov,0.01193154644904742,-2.93336341735011
lambda_noise,C1,0.01,11,P,oracle_continuous,none,completed,False,,,0.009130060007697576,0.009037298116641956,0.009130060007697576,-2.890625,0.01193154644904742,0.011905945862756211,76,0.00138220655526145,0.011970475646761599,oracle_continuous,nan,-2.859427051674441
lambda_noise,C1,0.01,11,P,residual,1.2,completed,False,,,0.01553450181158716,0.014371491157545133,0.01553450181158716,nan,0.01193154644904742,0.011905945862756211,72,0.00629806866452599,0.014317855725752447,morozov,0.014317855738856904,-2.2007926087896337
lambda_noise,C1,0.01,11,P,residual,1.0,completed,False,,,0.009164600528176695,0.009098987005120214,0.009164600528176695,nan,0.01193154644904742,0.011905945862756211,73,0.0011658336399105985,0.011931546443281482,morozov,0.01193154644904742,-2.93336341735011
lambda_noise,C1,0.01,12,R,oracle_continuous,none,completed,False,,,0.009651179589972598,0.009101105182647317,0.009651179589972598,-2.546875,0.011936174233160774,0.011947097307087698,76,0.002949058792513826,0.012509783886805593,oracle_continuous,nan,-2.5303165692556573
lambda_noise,C1,0.01,12,R,residual,1.2,completed,False,,,0.013752024428683816,0.012243550886534638,0.013752024428683816,nan,0.011936174233160774,0.011947097307087698,72,0.006197531922839528,0.014323409085618126,morozov,0.014323409079792928,-2.2077812275488706
lambda_noise,C1,0.01,12,R,residual,1.0,completed,False,,,0.017420046271885176,0.017387496919365076,0.017420046271885176,nan,0.011936174233160774,0.011947097307087698,73,0.0007327698713105947,0.011936174227263714,morozov,0.011936174233160774,-3.1350323954981603
lambda_noise,C1,0.01,12,P,oracle_continuous,none,completed,False,,,0.009651179589972598,0.009101105182647317,0.009651179589972598,-2.546875,0.011936174233160774,0.011947097307087698,76,0.002949058792513826,0.012509783886805593,oracle_continuous,nan,-2.5303165692556573
lambda_noise,C1,0.01,12,P,residual,1.2,completed,False,,,0.013752024428683816,0.012243550886534638,0.013752024428683816,nan,0.011936174233160774,0.011947097307087698,72,0.006197531922839528,0.014323409085618126,morozov,0.014323409079792928,-2.2077812275488706
lambda_noise,C1,0.01,12,P,residual,1.0,completed,False,,,0.017420046271885176,0.017387496919365076,0.017420046271885176,nan,0.011936174233160774,0.011947097307087698,73,0.0007327698713105947,0.011936174227263714,morozov,0.011936174233160774,-3.1350323954981603
lambda_noise,C1,0.01,13,R,oracle_continuous,none,completed,False,,,0.007683942339456128,0.007519273346215039,0.007683942339456128,-2.71875,0.011926713403247217,0.011879289383858132,76,0.002063852755176927,0.012112389924806188,oracle_continuous,nan,-2.6853212905212094
lambda_noise,C1,0.01,13,R,residual,1.2,completed,False,,,0.014008898809085703,0.012850690101258751,0.014008898809085703,nan,0.011926713403247217,0.011879289383858132,72,0.006310083981338007,0.014312056051587935,morozov,0.01431205608389666,-2.1999648606625266
lambda_noise,C1,0.01,13,R,residual,1.0,completed,False,,,0.008516758499175572,0.008478258916749477,0.008516758499175572,nan,0.011926713403247217,0.011879289383858132,72,0.0012731850975058851,0.011926713403792866,morozov,0.011926713403247217,-2.8951084533913094
lambda_noise,C1,0.01,13,P,oracle_continuous,none,completed,False,,,0.007683942339456128,0.007519273346215039,0.007683942339456128,-2.71875,0.011926713403247217,0.011879289383858132,76,0.002063852755176927,0.012112389924806188,oracle_continuous,nan,-2.6853212905212094
lambda_noise,C1,0.01,13,P,residual,1.2,completed,False,,,0.014008898809085703,0.012850690101258751,0.014008898809085703,nan,0.011926713403247217,0.011879289383858132,72,0.006310083981338007,0.014312056051587935,morozov,0.01431205608389666,-2.1999648606625266
lambda_noise,C1,0.01,13,P,residual,1.0,completed,False,,,0.008516758499175572,0.008478258916749477,0.008516758499175572,nan,0.011926713403247217,0.011879289383858132,72,0.0012731850975058851,0.011926713403792866,morozov,0.011926713403247217,-2.8951084533913094
lambda_noise,C1,0.01,14,R,oracle_continuous,none,completed,False,,,0.009255580213421065,0.008902722690869336,0.009255580213421065,-2.71875,0.011942612757142715,0.01255361166909627,77,0.0018290093493452458,0.012614129779010549,oracle_continuous,nan,-2.737784074535244
lambda_noise,C1,0.01,14,R,residual,1.2,completed,False,,,0.013471234473020018,0.011974259121029548,0.013471234473020018,nan,0.011942612757142715,0.01255361166909627,73,0.005604968347710037,0.014331135244957974,morozov,0.014331135308571257,-2.2514268356031177
lambda_noise,C1,0.01,14,R,residual,1.0,completed,True,,,437.8239778361236,4.748945653205558,437.8239778361236,nan,0.011942612757142715,0.01255361166909627,66,1e-12,0.012308665336554128,endpoint,0.011942612757142715,-12.0
lambda_noise,C1,0.01,14,P,oracle_continuous,none,completed,False,,,0.009255580213421065,0.008902722690869336,0.009255580213421065,-2.71875,0.011942612757142715,0.01255361166909627,77,0.0018290093493452458,0.012614129779010549,oracle_continuous,nan,-2.737784074535244
lambda_noise,C1,0.01,14,P,residual,1.2,completed,False,,,0.013471234473020018,0.011974259121029548,0.013471234473020018,nan,0.011942612757142715,0.01255361166909627,73,0.005604968347710037,0.014331135244957974,morozov,0.014331135308571257,-2.2514268356031177
lambda_noise,C1,0.01,14,P,residual,1.0,completed,True,,,437.8239778361236,4.748945653205558,437.8239778361236,nan,0.011942612757142715,0.01255361166909627,66,1e-12,0.012308665336554128,endpoint,0.011942612757142715,-12.0
lambda_noise,C1,0.01,15,R,oracle_continuous,none,completed,False,,,0.00882993149062473,0.008683398147429416,0.00882993149062473,-2.546875,0.01192453742095369,0.011679278210204543,76,0.0023657436866880445,0.01201127275380227,oracle_continuous,nan,-2.626032310209764
lambda_noise,C1,0.01,15,R,residual,1.2,completed,False,,,0.014867269982362118,0.013787607460967084,0.014867269982362118,nan,0.01192453742095369,0.011679278210204543,72,0.006535188178406539,0.014309445171391695,morozov,0.014309444905144426,-2.184741902549092
lambda_noise,C1,0.01,15,R,residual,1.0,completed,False,,,0.008910069161083103,0.008811134823042134,0.008910069161083103,nan,0.01192453742095369,0.011679278210204543,73,0.0020881218722493167,0.01192453741411687,morozov,0.01192453742095369,-2.680244157537221
lambda_noise,C1,0.01,15,P,oracle_continuous,none,completed,False,,,0.00882993149062473,0.008683398147429416,0.00882993149062473,-2.546875,0.01192453742095369,0.011679278210204543,76,0.0023657436866880445,0.01201127275380227,oracle_continuous,nan,-2.626032310209764
lambda_noise,C1,0.01,15,P,residual,1.2,completed,False,,,0.014867269982362118,0.013787607460967084,0.014867269982362118,nan,0.01192453742095369,0.011679278210204543,72,0.006535188178406539,0.014309445171391695,morozov,0.014309444905144426,-2.184741902549092
lambda_noise,C1,0.01,15,P,residual,1.0,completed,False,,,0.008910069161083103,0.008811134823042134,0.008910069161083103,nan,0.01192453742095369,0.011679278210204543,73,0.0020881218722493167,0.01192453741411687,morozov,0.01192453742095369,-2.680244157537221
lambda_noise,C1,0.01,16,R,oracle_continuous,none,completed,False,,,0.009526915605693688,0.009221698749493277,0.009526915605693688,-2.546875,0.011927373457031158,0.011704117935008366,76,0.0027836720116806665,0.01214221303683719,oracle_continuous,nan,-2.5553819371321094
lambda_noise,C1,0.01,16,R,residual,1.2,completed,False,,,0.01418868436396467,0.012897371237392735,0.01418868436396467,nan,0.011927373457031158,0.011704117935008366,73,0.006547131582315865,0.014312848147793737,morozov,0.014312848148437389,-2.1839489306681292
lambda_noise,C1,0.01,16,R,residual,1.0,completed,False,,,0.009828884581337424,0.00966157366844539,0.009828884581337424,nan,0.011927373457031158,0.011704117935008366,73,0.00216217407090118,0.011927373432996475,morozov,0.011927373457031158,-2.6651093450780543
lambda_noise,C1,0.01,16,P,oracle_continuous,none,completed,False,,,0.009526915605693688,0.009221698749493277,0.009526915605693688,-2.546875,0.011927373457031158,0.011704117935008366,76,0.0027836720116806665,0.01214221303683719,oracle_continuous,nan,-2.5553819371321094
lambda_noise,C1,0.01,16,P,residual,1.2,completed,False,,,0.01418868436396467,0.012897371237392735,0.01418868436396467,nan,0.011927373457031158,0.011704117935008366,73,0.006547131582315865,0.014312848147793737,morozov,0.014312848148437389,-2.1839489306681292
lambda_noise,C1,0.01,16,P,residual,1.0,completed,False,,,0.009828884581337424,0.00966157366844539,0.009828884581337424,nan,0.011927373457031158,0.011704117935008366,73,0.00216217407090118,0.011927373432996475,morozov,0.011927373457031158,-2.6651093450780543
lambda_noise,C1,0.01,17,R,oracle_continuous,none,completed,False,,,0.005719045670918683,0.005688642353981305,0.005719045670918683,-3.0625,0.011928546336341573,0.01201404380330702,75,0.0009879814607995283,0.012010446883903257,oracle_continuous,nan,-3.005251204752458
lambda_noise,C1,0.01,17,R,residual,1.2,completed,False,,,0.01496356402218387,0.013914828128069703,0.01496356402218387,nan,0.011928546336341573,0.01201404380330702,72,0.006176732273427469,0.014314255620744148,morozov,0.014314255603609886,-2.2092412224753133
lambda_noise,C1,0.01,17,R,residual,1.0,completed,False,,,0.06548848961685362,0.06548861552220461,0.06548848961685362,nan,0.011928546336341573,0.01201404380330702,72,3.3185189628620195e-05,0.011928546338323397,morozov,0.011928546336341573,-4.479055696345637
lambda_noise,C1,0.01,17,P,oracle_continuous,none,completed,False,,,0.005719045670918683,0.005688642353981305,0.005719045670918683,-3.0625,0.011928546336341573,0.01201404380330702,75,0.0009879814607995283,0.012010446883903257,oracle_continuous,nan,-3.005251204752458
lambda_noise,C1,0.01,17,P,residual,1.2,completed,False,,,0.01496356402218387,0.013914828128069703,0.01496356402218387,nan,0.011928546336341573,0.01201404380330702,72,0.006176732273427469,0.014314255620744148,morozov,0.014314255603609886,-2.2092412224753133
lambda_noise,C1,0.01,17,P,residual,1.0,completed,False,,,0.06548848961685362,0.06548861552220461,0.06548848961685362,nan,0.011928546336341573,0.01201404380330702,72,3.3185189628620195e-05,0.011928546338323397,morozov,0.011928546336341573,-4.479055696345637
lambda_noise,C1,0.01,18,R,oracle_continuous,none,completed,False,,,0.01146054441232254,0.010952345948164136,0.01146054441232254,-2.375,0.011923165812713778,0.011548372166655585,76,0.00405737403115222,0.012538614489786996,oracle_continuous,nan,-2.3917549547857044
lambda_noise,C1,0.01,18,R,residual,1.2,completed,False,,,0.013716323448181307,0.012387392363411631,0.013716323448181307,nan,0.011923165812713778,0.011548372166655585,73,0.006741112712223415,0.014307798969711714,morozov,0.014307798975256532,-2.171268411344009
lambda_noise,C1,0.01,18,R,residual,1.0,completed,False,,,0.01242748664119368,0.012244306295505138,0.01242748664119368,nan,0.011923165812713778,0.011548372166655585,72,0.0027395654817833973,0.01192316605680075,morozov,0.011923165812713778,-2.562318314489238
lambda_noise,C1,0.01,18,P,oracle_continuous,none,completed,False,,,0.01146054441232254,0.010952345948164136,0.01146054441232254,-2.375,0.011923165812713778,0.011548372166655585,76,0.00405737403115222,0.012538614489786996,oracle_continuous,nan,-2.3917549547857044
lambda_noise,C1,0.01,18,P,residual,1.2,completed,False,,,0.013716323448181307,0.012387392363411631,0.013716323448181307,nan,0.011923165812713778,0.011548372166655585,73,0.006741112712223415,0.014307798969711714,morozov,0.014307798975256532,-2.171268411344009
lambda_noise,C1,0.01,18,P,residual,1.0,completed,False,,,0.01242748664119368,0.012244306295505138,0.01242748664119368,nan,0.011923165812713778,0.011548372166655585,72,0.0027395654817833973,0.01192316605680075,morozov,0.011923165812713778,-2.562318314489238
lambda_noise,C1,0.01,19,R,oracle_continuous,none,completed,False,,,0.006272319856029773,0.006182080146063917,0.006272319856029773,-2.890625,0.011925953341834139,0.012248325681171337,76,0.0014879497621463332,0.012333428691062711,oracle_continuous,nan,-2.827411731687283
lambda_noise,C1,0.01,19,R,residual,1.2,completed,False,,,0.012295404461705293,0.01115174500746245,0.012295404461705293,nan,0.011925953341834139,0.012248325681171337,72,0.005851611153341654,0.014311144004377876,morozov,0.014311144010200966,-2.232724540982961
lambda_noise,C1,0.01,19,R,residual,1.0,completed,True,,,58.57911340165675,3.849236170373834,58.57911340165675,nan,0.011925953341834139,0.012248325681171337,66,1e-12,0.012156921228556609,endpoint,0.011925953341834139,-12.0
lambda_noise,C1,0.01,19,P,oracle_continuous,none,completed,False,,,0.006272319856029773,0.006182080146063917,0.006272319856029773,-2.890625,0.011925953341834139,0.012248325681171337,76,0.0014879497621463332,0.012333428691062711,oracle_continuous,nan,-2.827411731687283
lambda_noise,C1,0.01,19,P,residual,1.2,completed,False,,,0.012295404461705293,0.01115174500746245,0.012295404461705293,nan,0.011925953341834139,0.012248325681171337,72,0.005851611153341654,0.014311144004377876,morozov,0.014311144010200966,-2.232724540982961
lambda_noise,C1,0.01,19,P,residual,1.0,completed,True,,,58.57911340165675,3.849236170373834,58.57911340165675,nan,0.011925953341834139,0.012248325681171337,66,1e-12,0.012156921228556609,endpoint,0.011925953341834139,-12.0
lambda_noise,C1,0.01,20,R,oracle_continuous,none,completed,False,,,0.003786398651452154,0.0033081820874863,0.003786398651452154,-2.890625,0.011934225981059645,0.01273134349553275,76,0.0015024912246486331,0.012700748700376832,oracle_continuous,nan,-2.8231880558295854
lambda_noise,C1,0.01,20,R,residual,1.2,completed,False,,,0.009567251661682806,0.007835446693192069,0.009567251661682806,nan,0.011934225981059645,0.01273134349553275,73,0.005354557340504914,0.014321070917088865,morozov,0.014321071177271574,-2.2712764263302128
lambda_noise,C1,0.01,20,R,residual,1.0,completed,True,,,202.3445453762857,6.035806212913333,202.3445453762857,nan,0.011934225981059645,0.01273134349553275,66,1e-12,0.012440282873452632,endpoint,0.011934225981059645,-12.0
lambda_noise,C1,0.01,20,P,oracle_continuous,none,completed,False,,,0.003786398651452154,0.0033081820874863,0.003786398651452154,-2.890625,0.011934225981059645,0.01273134349553275,76,0.0015024912246486331,0.012700748700376832,oracle_continuous,nan,-2.8231880558295854
lambda_noise,C1,0.01,20,P,residual,1.2,completed,False,,,0.009567251661682806,0.007835446693192069,0.009567251661682806,nan,0.011934225981059645,0.01273134349553275,73,0.005354557340504914,0.014321070917088865,morozov,0.014321071177271574,-2.2712764263302128
lambda_noise,C1,0.01,20,P,residual,1.0,completed,True,,,202.3445453762857,6.035806212913333,202.3445453762857,nan,0.011934225981059645,0.01273134349553275,66,1e-12,0.012440282873452632,endpoint,0.011934225981059645,-12.0
lambda_noise,C1,0.01,21,R,oracle_continuous,none,completed,False,,,0.01077639224696148,0.010208075216436558,0.01077639224696148,-2.546875,0.011936609585776952,0.011920872699981324,76,0.003188201129248114,0.012553910860954285,oracle_continuous,nan,-2.4964542887290904
lambda_noise,C1,0.01,21,R,residual,1.2,completed,False,,,0.01439863101805344,0.012927338100396408,0.01439863101805344,nan,0.011936609585776952,0.011920872699981324,71,0.006264239367427529,0.014323931502619104,morozov,0.014323931502932341,-2.2031316554892686
lambda_noise,C1,0.01,21,R,residual,1.0,completed,False,,,0.016361987141142346,0.01629310342863887,0.016361987141142346,nan,0.011936609585776952,0.011920872699981324,73,0.001152991776064952,0.011936609580631384,morozov,0.011936609585776952,-2.9381737903829666
lambda_noise,C1,0.01,21,P,oracle_continuous,none,completed,False,,,0.01077639224696148,0.010208075216436558,0.01077639224696148,-2.546875,0.011936609585776952,0.011920872699981324,76,0.003188201129248114,0.012553910860954285,oracle_continuous,nan,-2.4964542887290904
lambda_noise,C1,0.01,21,P,residual,1.2,completed,False,,,0.01439863101805344,0.012927338100396408,0.01439863101805344,nan,0.011936609585776952,0.011920872699981324,71,0.006264239367427529,0.014323931502619104,morozov,0.014323931502932341,-2.2031316554892686
lambda_noise,C1,0.01,21,P,residual,1.0,completed,False,,,0.016361987141142346,0.01629310342863887,0.016361987141142346,nan,0.011936609585776952,0.011920872699981324,73,0.001152991776064952,0.011936609580631384,morozov,0.011936609585776952,-2.9381737903829666
lambda_noise,C1,0.01,22,R,oracle_continuous,none,completed,False,,,0.01026353086543562,0.009734648022643186,0.01026353086543562,-2.546875,0.011941206419825668,0.012724390599639906,76,0.0026976823034061954,0.013138067421259886,oracle_continuous,nan,-2.5690091969923725
lambda_noise,C1,0.01,22,R,residual,1.2,completed,False,,,0.013113938629774466,0.011836812516948132,0.013113938629774466,nan,0.011941206419825668,0.012724390599639906,73,0.005212452424986524,0.01432944754267341,morozov,0.014329447703790802,-2.282957895885835
lambda_noise,C1,0.01,22,R,residual,1.0,completed,True,,,90.60691565395744,3.150351827747811,90.60691565395744,nan,0.011941206419825668,0.012724390599639906,66,1e-12,0.012637717183556304,endpoint,0.011941206419825668,-12.0
lambda_noise,C1,0.01,22,P,oracle_continuous,none,completed,False,,,0.01026353086543562,0.009734648022643186,0.01026353086543562,-2.546875,0.011941206419825668,0.012724390599639906,76,0.0026976823034061954,0.013138067421259886,oracle_continuous,nan,-2.5690091969923725
lambda_noise,C1,0.01,22,P,residual,1.2,completed,False,,,0.013113938629774466,0.011836812516948132,0.013113938629774466,nan,0.011941206419825668,0.012724390599639906,73,0.005212452424986524,0.01432944754267341,morozov,0.014329447703790802,-2.282957895885835
lambda_noise,C1,0.01,22,P,residual,1.0,completed,True,,,90.60691565395744,3.150351827747811,90.60691565395744,nan,0.011941206419825668,0.012724390599639906,66,1e-12,0.012637717183556304,endpoint,0.011941206419825668,-12.0
lambda_noise,C1,0.01,23,R,oracle_continuous,none,completed,False,,,0.008329026663795043,0.008224770865768947,0.008329026663795043,-2.71875,0.01192696706514096,0.01227272915949451,76,0.0018850773992952505,0.012453423850298602,oracle_continuous,nan,-2.7246708134174766
lambda_noise,C1,0.01,23,R,residual,1.2,completed,False,,,0.014328072552503077,0.013407936685824871,0.014328072552503077,nan,0.01192696706514096,0.01227272915949451,72,0.0058319085424827265,0.014312360470705983,morozov,0.014312360478169152,-2.2341892953564955
lambda_noise,C1,0.01,23,R,residual,1.0,completed,True,,,108.07588756304598,4.275885306073775,108.07588756304598,nan,0.01192696706514096,0.01227272915949451,66,1e-12,0.01204456937215032,endpoint,0.01192696706514096,-12.0
lambda_noise,C1,0.01,23,P,oracle_continuous,none,completed,False,,,0.008329026663795043,0.008224770865768947,0.008329026663795043,-2.71875,0.01192696706514096,0.01227272915949451,76,0.0018850773992952505,0.012453423850298602,oracle_continuous,nan,-2.7246708134174766
lambda_noise,C1,0.01,23,P,residual,1.2,completed,False,,,0.014328072552503077,0.013407936685824871,0.014328072552503077,nan,0.01192696706514096,0.01227272915949451,72,0.0058319085424827265,0.014312360470705983,morozov,0.014312360478169152,-2.2341892953564955
lambda_noise,C1,0.01,23,P,residual,1.0,completed,True,,,108.07588756304598,4.275885306073775,108.07588756304598,nan,0.01192696706514096,0.01227272915949451,66,1e-12,0.01204456937215032,endpoint,0.01192696706514096,-12.0
lambda_noise,C1,0.01,24,R,oracle_continuous,none,completed,False,,,0.005156464967939601,0.005122745937572444,0.005156464967939601,-2.71875,0.0119211888267091,0.011818155196922593,76,0.0016825735857223753,0.011942210698962336,oracle_continuous,nan,-2.7740259332410786
lambda_noise,C1,0.01,24,R,residual,1.2,completed,False,,,0.012676255123756598,0.011537200085988237,0.012676255123756598,nan,0.0119211888267091,0.011818155196922593,72,0.006377519635818006,0.014305426135325738,morozov,0.014305426592050918,-2.195348195561876
lambda_noise,C1,0.01,24,R,residual,1.0,completed,False,,,0.005167047313343759,0.005147674359302764,0.005167047313343759,nan,0.0119211888267091,0.011818155196922593,73,0.001591729557365261,0.011921188779550835,morozov,0.0119211888267091,-2.798130719086532
lambda_noise,C1,0.01,24,P,oracle_continuous,none,completed,False,,,0.005156464967939601,0.005122745937572444,0.005156464967939601,-2.71875,0.0119211888267091,0.011818155196922593,76,0.0016825735857223753,0.011942210698962336,oracle_continuous,nan,-2.7740259332410786
lambda_noise,C1,0.01,24,P,residual,1.2,completed,False,,,0.012676255123756598,0.011537200085988237,0.012676255123756598,nan,0.0119211888267091,0.011818155196922593,72,0.006377519635818006,0.014305426135325738,morozov,0.014305426592050918,-2.195348195561876
lambda_noise,C1,0.01,24,P,residual,1.0,completed,False,,,0.005167047313343759,0.005147674359302764,0.005167047313343759,nan,0.0119211888267091,0.011818155196922593,73,0.001591729557365261,0.011921188779550835,morozov,0.0119211888267091,-2.798130719086532
lambda_noise,B,0.001,0,R,oracle_continuous,none,completed,False,,,0.0039949606158032926,0.00341705043640166,0.0039949606158032926,-2.890625,0.0024123357860787124,0.0025290130017573157,77,0.0012572788140712747,0.002960295037938913,oracle_continuous,nan,-2.900568402516532
lambda_noise,B,0.001,0,R,residual,1.2,completed,False,,,0.004003055159929088,0.003396942113108846,0.004003055159929088,nan,0.0024123357860787124,0.0025290130017573157,73,0.001161438902283716,0.0028948029329503057,morozov,0.002894802943294455,-2.9350036314073966
lambda_noise,B,0.001,0,R,residual,1.0,completed,True,,,98.91874276179624,3.219274808542222,98.91874276179624,nan,0.0024123357860787124,0.0025290130017573157,66,1e-12,0.0024172772121538694,endpoint,0.0024123357860787124,-12.0
lambda_noise,B,0.001,0,P,oracle_continuous,none,completed,False,,,0.003078461123379365,0.002853816248919211,0.003078461123379365,-3.0625,0.0024123368076961593,0.002316016661021844,76,0.0009400924417782619,0.002550591934858594,oracle_continuous,nan,-3.0268294389744996
lambda_noise,B,0.001,0,P,residual,1.2,completed,False,,,0.003297170440599965,0.003120318981370674,0.003297170440599965,nan,0.0024123368076961593,0.002316016661021844,73,0.0014206847546755577,0.0028948041647163985,morozov,0.002894804169235391,-2.847502279914608
lambda_noise,B,0.001,0,P,residual,1.0,completed,False,,,0.0031707110803228344,0.0028900317429706147,0.0031707110803228344,nan,0.0024123368076961593,0.002316016661021844,73,0.0006854933347433609,0.0024123367868628077,morozov,0.0024123368076961593,-3.16399676362903
lambda_noise,B,0.001,1,R,oracle_continuous,none,completed,False,,,0.0031496627828169524,0.0030352649463320047,0.0031496627828169524,-2.890625,0.0024122444737727585,0.0023489041671055336,76,0.001196024984931185,0.002782895094303264,oracle_continuous,nan,-2.9222597478522845
lambda_noise,B,0.001,1,R,residual,1.2,completed,False,,,0.0031773938338415966,0.003056272397588242,0.0031773938338415966,nan,0.0024122444737727585,0.0023489041671055336,73,0.0013469640985310086,0.0028946933683371753,morozov,0.00289469336852731,-2.8706439796427623
lambda_noise,B,0.001,1,R,residual,1.0,completed,False,,,0.004076888174373651,0.0039053127254039133,0.004076888174373651,nan,0.0024122444737727585,0.0023489041671055336,73,0.0005216500563877433,0.002412244466204713,morozov,0.0024122444737727585,-3.2826207413368644
lambda_noise,B,0.001,1,P,oracle_continuous,none,completed,False,,,0.003325594709484964,0.0032217167121568937,0.003325594709484964,-2.890625,0.00241224530019683,0.0021729610445278802,76,0.0012575575635878666,0.002655090797164355,oracle_continuous,nan,-2.90047212637033
lambda_noise,B,0.001,1,P,residual,1.2,completed,False,,,0.003415156818013391,0.003314602779207088,0.003415156818013391,nan,0.00241224530019683,0.0021729610445278802,73,0.0015447804338856491,0.0028946943395943988,morozov,0.002894694360236196,-2.811133239946754
lambda_noise,B,0.001,1,P,residual,1.0,completed,False,,,0.0034981311815536816,0.0033639956784121726,0.0034981311815536816,nan,0.00241224530019683,0.0021729610445278802,73,0.000916051757666125,0.002412245299735791,morozov,0.00241224530019683,-3.038079987648997
lambda_noise,B,0.001,2,R,oracle_continuous,none,completed,False,,,0.005278470129422471,0.00484145547495249,0.005278470129422471,-2.71875,0.0024119577426689543,0.0024089660375406752,76,0.0016559543139498646,0.003162579954919263,oracle_continuous,nan,-2.7809516491170627
lambda_noise,B,0.001,2,R,residual,1.2,completed,False,,,0.005377144632082777,0.004824193398316734,0.005377144632082777,nan,0.0024119577426689543,0.0024089660375406752,72,0.0013264907632502437,0.002894348807080692,morozov,0.002894349291202745,-2.877295769792784
lambda_noise,B,0.001,2,R,residual,1.0,completed,False,,,0.007303474953544106,0.006101244238330308,0.007303474953544106,nan,0.0024119577426689543,0.0024089660375406752,73,0.0004766904875265736,0.0024119577276363663,morozov,0.0024119577426689543,-3.3217635144374174
lambda_noise,B,0.001,2,P,oracle_continuous,none,completed,False,,,0.005156850547374534,0.004834875976506129,0.005156850547374534,-2.71875,0.002411958511256663,0.0022405809467141093,76,0.0016390460971402016,0.003001677249608675,oracle_continuous,nan,-2.785408831998691
lambda_noise,B,0.001,2,P,residual,1.2,completed,False,,,0.005169451432364814,0.0048144940424899195,0.005169451432364814,nan,0.002411958511256663,0.0022405809467141093,73,0.0015176653878576777,0.0028943501958898646,morozov,0.0028943502135079955,-2.818823970354755
lambda_noise,B,0.001,2,P,residual,1.0,completed,False,,,0.005803958230122727,0.005178298141633726,0.005803958230122727,nan,0.002411958511256663,0.0022405809467141093,72,0.0008723892689103248,0.00241195850558386,morozov,0.002411958511256663,-3.059289685231914
lambda_noise,B,0.001,3,R,oracle_continuous,none,completed,False,,,0.004836150606169198,0.004663957132293372,0.004836150606169198,-2.71875,0.0024122791827291866,0.0023459662347157253,76,0.0016138499056085186,0.0031022579869521643,oracle_continuous,nan,-2.7921368588315008
lambda_noise,B,0.001,3,R,residual,1.2,completed,False,,,0.004902592961900328,0.004712619997605947,0.004902592961900328,nan,0.0024122791827291866,0.0023459662347157253,73,0.0013606732929221058,0.0028947350188335565,morozov,0.0028947350192750237,-2.866246139391669
lambda_noise,B,0.001,3,R,residual,1.0,completed,False,,,0.0069031855498606545,0.006437550910907134,0.0069031855498606545,nan,0.0024122791827291866,0.0023459662347157253,72,0.0005635091135497584,0.002412279222732644,morozov,0.0024122791827291866,-3.249099055780493
lambda_noise,B,0.001,3,P,oracle_continuous,none,completed,False,,,0.004538480342496841,0.004476057897168281,0.004538480342496841,-2.890625,0.0024122796226700776,0.002246683707166847,76,0.0015232219061969002,0.002931129367222239,oracle_continuous,nan,-2.817236823113998
lambda_noise,B,0.001,3,P,residual,1.2,completed,False,,,0.004540373163832943,0.0044784500339213485,0.004540373163832943,nan,0.0024122796226700776,0.002246683707166847,73,0.0014804733675363993,0.002894735534553284,morozov,0.002894735547204093,-2.8295994007947867
lambda_noise,B,0.001,3,P,residual,1.0,completed,False,,,0.005355284067109908,0.0052305271954050546,0.005355284067109908,nan,0.0024122796226700776,0.002246683707166847,73,0.0008056045239525698,0.0024122796212808404,morozov,0.0024122796226700776,-3.093878103623603
lambda_noise,B,0.001,4,R,oracle_continuous,none,completed,False,,,0.003917699849111714,0.0037550910310582323,0.003917699849111714,-2.890625,0.0024123951375804387,0.0023139415077045177,76,0.0013150141215738842,0.002836925171423862,oracle_continuous,nan,-2.8810695833805475
lambda_noise,B,0.001,4,R,residual,1.2,completed,False,,,0.0039244769149945225,0.0037593661199012075,0.0039244769149945225,nan,0.0024123951375804387,0.0023139415077045177,73,0.001389344747805321,0.0028948741634162454,morozov,0.0028948741650965263,-2.857189976370252
lambda_noise,B,0.001,4,R,residual,1.0,completed,False,,,0.004987703845748073,0.004764763967306343,0.004987703845748073,nan,0.0024123951375804387,0.0023139415077045177,73,0.0006235091680618698,0.0024123951368363004,morozov,0.0024123951375804387,-3.205157156284225
lambda_noise,B,0.001,4,P,oracle_continuous,none,completed,False,,,0.004111296384813994,0.003933617787466769,0.004111296384813994,-2.890625,0.0024123959588000844,0.002137365108886015,76,0.0013052038599104965,0.002657050509215604,oracle_continuous,nan,-2.884321650532837
lambda_noise,B,0.001,4,P,residual,1.2,completed,False,,,0.0041870995860095305,0.004010166412956125,0.0041870995860095305,nan,0.0024123959588000844,0.002137365108886015,73,0.0015822329031272768,0.0028948751292210712,morozov,0.002894875150560101,-2.800729588412207
lambda_noise,B,0.001,4,P,residual,1.0,completed,False,,,0.0042645770229290956,0.0040759940265319445,0.0042645770229290956,nan,0.0024123959588000844,0.002137365108886015,73,0.0009771820612196962,0.0024123959495268156,morozov,0.0024123959588000844,-3.010024514257757
lambda_noise,B,0.001,5,R,oracle_continuous,none,completed,False,,,0.00334712931165032,0.0031959041251068613,0.00334712931165032,-2.890625,0.002411828604506852,0.0024564354401150875,76,0.0012749753744557793,0.0029222756648687224,oracle_continuous,nan,-2.8944982033408104
lambda_noise,B,0.001,5,R,residual,1.2,completed,False,,,0.0033489611243339053,0.0031976869908404036,0.0033489611243339053,nan,0.002411828604506852,0.0024564354401150875,72,0.0012356501726058244,0.0028941945371433113,morozov,0.0028941943254082226,-2.908104465825856
lambda_noise,B,0.001,5,R,residual,1.0,completed,False,,,0.014268893946641771,0.013295697552768429,0.014268893946641771,nan,0.002411828604506852,0.0024564354401150875,72,3.3860338551504754e-05,0.002411828604576493,morozov,0.002411828604506852,-4.470308703925982
lambda_noise,B,0.001,5,P,oracle_continuous,none,completed,False,,,0.003286386600831733,0.003206145978995691,0.003286386600831733,-2.890625,0.0024118295167822375,0.0022723966021621815,77,0.0012895228020612696,0.0027615994183105286,oracle_continuous,nan,-2.88957097402094
lambda_noise,B,0.001,5,P,residual,1.2,completed,False,,,0.003317195082954104,0.0032388540431465655,0.003317195082954104,nan,0.0024118295167822375,0.0022723966021621815,73,0.0014548869583700347,0.00289419541117338,morozov,0.002894195420138685,-2.8371707491270737
lambda_noise,B,0.001,5,P,residual,1.0,completed,False,,,0.0037257913558046657,0.0036079695910471955,0.0037257913558046657,nan,0.0024118295167822375,0.0022723966021621815,73,0.0007564205402976407,0.0024118294897942467,morozov,0.0024118295167822375,-3.1212366865736874
lambda_noise,B,0.001,6,R,oracle_continuous,none,completed,False,,,0.0037274750165133424,0.0035735889404350835,0.0037274750165133424,-2.890625,0.00241214487754583,0.002555739516362457,76,0.0010844984363978028,0.0028689052918896936,oracle_continuous,nan,-2.9647710698040486
lambda_noise,B,0.001,6,R,residual,1.2,completed,False,,,0.0037295577241493595,0.0035792370033842064,0.0037295577241493595,nan,0.00241214487754583,0.002555739516362457,73,0.0011250010749981611,0.0028945738193350314,morozov,0.002894573853054996,-2.948847062561022
lambda_noise,B,0.001,6,R,residual,1.0,completed,True,,,99.33392999676596,2.651768226705053,99.33392999676596,nan,0.00241214487754583,0.002555739516362457,66,1e-12,0.0024815874108673076,endpoint,0.00241214487754583,-12.0
lambda_noise,B,0.001,6,P,oracle_continuous,none,completed,False,,,0.0037260352566740175,0.0035988249114587206,0.0037260352566740175,-2.890625,0.0024121457261236092,0.0024003519719015686,75,0.0010891873252505523,0.002720612058269055,oracle_continuous,nan,-2.9628974211383277
lambda_noise,B,0.001,6,P,residual,1.2,completed,False,,,0.0037930134525672307,0.0036884251463893667,0.0037930134525672307,nan,0.0024121457261236092,0.0024003519719015686,72,0.0013333729137765193,0.0028945752730406044,morozov,0.002894574871348331,-2.8750483714070003
lambda_noise,B,0.001,6,P,residual,1.0,completed,False,,,0.004493853237654656,0.004210229544725398,0.004493853237654656,nan,0.0024121457261236092,0.0024003519719015686,73,0.00048258388796358235,0.002412145707916944,morozov,0.0024121457261236092,-3.316427181982388
lambda_noise,B,0.001,7,R,oracle_continuous,none,completed,False,,,0.004429607208679103,0.003952854468968857,0.004429607208679103,-2.890625,0.0024121386232150033,0.0023838101763473426,76,0.0013709275170706474,0.0029205708640065433,oracle_continuous,nan,-2.8629855063836485
lambda_noise,B,0.001,7,R,residual,1.2,completed,False,,,0.004430648489940524,0.003943597741817763,0.004430648489940524,nan,0.0024121386232150033,0.0023838101763473426,72,0.0013371408766556243,0.0028945665847449173,morozov,0.002894566347858004,-2.8738228345247836
lambda_noise,B,0.001,7,R,residual,1.0,completed,False,,,0.005571716963108386,0.00465515012516709,0.005571716963108386,nan,0.0024121386232150033,0.0023838101763473426,73,0.0004976165568789189,0.002412138594013723,morozov,0.0024121386232150033,-3.303105178073011
lambda_noise,B,0.001,7,P,oracle_continuous,none,completed,False,,,0.00397083279147363,0.003705343461904676,0.00397083279147363,-2.890625,0.0024121397537141677,0.002157345587034326,76,0.0012103316607491113,0.0025927047504709054,oracle_continuous,nan,-2.9170956059675524
lambda_noise,B,0.001,7,P,residual,1.2,completed,False,,,0.0040862755580844895,0.003878196571032213,0.0040862755580844895,nan,0.0024121397537141677,0.002157345587034326,73,0.0015711164937765685,0.0028945676828281432,morozov,0.002894567704457001,-2.8037916120773754
lambda_noise,B,0.001,7,P,residual,1.0,completed,False,,,0.004046412421467496,0.00371964799540348,0.004046412421467496,nan,0.0024121397537141677,0.002157345587034326,73,0.000958745544681562,0.002412139748451784,morozov,0.0024121397537141677,-3.0182966412173653
lambda_noise,B,0.001,8,R,oracle_continuous,none,completed,False,,,0.005210987835902596,0.005008524083636921,0.005210987835902596,-2.71875,0.0024117240744759055,0.002396901056844834,76,0.0020018142207984934,0.003476956355101742,oracle_continuous,nan,-2.698576229866618
lambda_noise,B,0.001,8,R,residual,1.2,completed,False,,,0.0055981323577475395,0.005339089791127767,0.0055981323577475395,nan,0.0024117240744759055,0.002396901056844834,72,0.0013270410922526243,0.0028940683882037284,morozov,0.0028940688893710864,-2.877115628859562
lambda_noise,B,0.001,8,R,residual,1.0,completed,False,,,0.00800723475055706,0.007355291726070814,0.00800723475055706,nan,0.0024117240744759055,0.002396901056844834,73,0.00048245531497936953,0.0024117240575048933,morozov,0.0024117240744759055,-3.31654290482085
lambda_noise,B,0.001,8,P,oracle_continuous,none,completed,False,,,0.004953487181114011,0.0048466640240640915,0.004953487181114011,-2.71875,0.0024117247155880438,0.00225629484553387,76,0.0018923102966916395,0.0032512560526927504,oracle_continuous,nan,-2.723007647484174
lambda_noise,B,0.001,8,P,residual,1.2,completed,False,,,0.00508091844843306,0.004966138238008262,0.00508091844843306,nan,0.0024117247155880438,0.00225629484553387,73,0.0015005974765517204,0.002894069643289764,morozov,0.0028940696587056525,-2.8237357882074483
lambda_noise,B,0.001,8,P,residual,1.0,completed,False,,,0.006107976257977537,0.005856557370873193,0.006107976257977537,nan,0.0024117247155880438,0.00225629484553387,72,0.0008441819501869798,0.0024117247423422663,morozov,0.0024117247155880438,-3.073563937917215
lambda_noise,B,0.001,9,R,oracle_continuous,none,completed,False,,,0.0034950912070457886,0.0032596011223985422,0.0034950912070457886,-2.890625,0.0024120269218287074,0.0023920428066066383,76,0.0012847514698825489,0.0028664382474532907,oracle_continuous,nan,-2.891180876766732
lambda_noise,B,0.001,9,R,residual,1.2,completed,False,,,0.0034969719677473846,0.0032685747340893885,0.0034969719677473846,nan,0.0024120269218287074,0.0023920428066066383,72,0.0013221761841905784,0.0028944319500195763,morozov,0.002894432306194449,-2.878710669870385
lambda_noise,B,0.001,9,R,residual,1.0,completed,False,,,0.00534736654020143,0.004530949635780579,0.00534736654020143,nan,0.0024120269218287074,0.0023920428066066383,73,0.00045845249720113127,0.0024120269125817986,morozov,0.0024120269218287074,-3.338705657316079
lambda_noise,B,0.001,9,P,oracle_continuous,none,completed,False,,,0.003507895026673396,0.003328057803946601,0.003507895026673396,-2.890625,0.0024120277785545296,0.0022207207307690375,76,0.0012201853253738023,0.0026471077743219977,oracle_continuous,nan,-2.9135742023787934
lambda_noise,B,0.001,9,P,residual,1.2,completed,False,,,0.003606940815309996,0.0034560453283902426,0.003606940815309996,nan,0.0024120277785545296,0.0022207207307690375,73,0.0015227941155635915,0.0028944333155102985,morozov,0.0028944333342654353,-2.817358810070961
lambda_noise,B,0.001,9,P,residual,1.0,completed,False,,,0.003695319003723997,0.0034352743623968385,0.003695319003723997,nan,0.0024120277785545296,0.0022207207307690375,72,0.0008782138196090853,0.002412027740327617,morozov,0.0024120277785545296,-3.056399733101882
lambda_noise,B,0.001,10,R,oracle_continuous,none,completed,False,,,0.0036462610896743834,0.0035306985673239717,0.0036462610896743834,-2.890625,0.0024115677326221937,0.002366697549951578,76,0.0011251602943422238,0.002732839051622387,oracle_continuous,nan,-2.9487856020065957
lambda_noise,B,0.001,10,R,residual,1.2,completed,False,,,0.0036982258055009765,0.003597956731013907,0.0036982258055009765,nan,0.0024115677326221937,0.002366697549951578,73,0.001347136356991251,0.0028938812789532403,morozov,0.0028938812791466325,-2.870588442813248
lambda_noise,B,0.001,10,R,residual,1.0,completed,False,,,0.004323250804477752,0.004090531918444943,0.004323250804477752,nan,0.0024115677326221937,0.002366697549951578,73,0.000519715778857825,0.0024115677237482825,morozov,0.0024115677326221937,-3.284234097556864
lambda_noise,B,0.001,10,P,oracle_continuous,none,completed,False,,,0.0036537542451615264,0.0035537867103662747,0.0036537542451615264,-2.890625,0.0024115684600272552,0.0022140081502690333,76,0.0011514920739152809,0.0025865101897362113,oracle_continuous,nan,-2.9387390470759582
lambda_noise,B,0.001,10,P,residual,1.2,completed,False,,,0.0037985776545032654,0.0037320907302270698,0.0037985776545032654,nan,0.0024115684600272552,0.0022140081502690333,73,0.0015320143198237972,0.0028938821322407222,morozov,0.0028938821520327063,-2.814737175309556
lambda_noise,B,0.001,10,P,residual,1.0,completed,False,,,0.0037493160903333167,0.0036002638342827746,0.0037493160903333167,nan,0.0024115684600272552,0.0022140081502690333,72,0.0008931626623783385,0.0024115687118070345,morozov,0.0024115684600272552,-3.049069440394583
lambda_noise,B,0.001,11,R,oracle_continuous,none,completed,False,,,0.002508299250842066,0.0024514472241305013,0.002508299250842066,-3.0625,0.0024120842329567738,0.002406908812418358,76,0.0009054631172798805,0.0026435633988929124,oracle_continuous,nan,-3.043129235342253
lambda_noise,B,0.001,11,R,residual,1.2,completed,False,,,0.002698879933418031,0.0026109168233298245,0.002698879933418031,nan,0.0024120842329567738,0.002406908812418358,71,0.0012886617904401476,0.0028945013423527996,morozov,0.0028945010795481283,-2.8898610483708502
lambda_noise,B,0.001,11,R,residual,1.0,completed,False,,,0.003590130801546612,0.0034911787116242202,0.003590130801546612,nan,0.0024120842329567738,0.002406908812418358,73,0.00034083575319517496,0.0024120842229224332,morozov,0.0024120842329567738,-3.467454854630266
lambda_noise,B,0.001,11,P,oracle_continuous,none,completed,False,,,0.0027235134714183565,0.0025976504887992805,0.0027235134714183565,-3.0625,0.002412085038319623,0.002239064898901122,76,0.0009799283209751312,0.0024952531843349915,oracle_continuous,nan,-3.0088056905763523
lambda_noise,B,0.001,11,P,residual,1.2,completed,False,,,0.0030437487491125313,0.002940260281414366,0.0030437487491125313,nan,0.002412085038319623,0.002239064898901122,73,0.0015044764116151955,0.002894502029240852,morozov,0.0028945020459835475,-2.822614617086856
lambda_noise,B,0.001,11,P,residual,1.0,completed,False,,,0.002758133989359827,0.002613572329272741,0.002758133989359827,nan,0.002412085038319623,0.002239064898901122,72,0.0008449350766402918,0.0024120850624802267,morozov,0.002412085038319623,-3.07317666021019
lambda_noise,B,0.001,12,R,oracle_continuous,none,completed,False,,,0.0044661275627496545,0.004106715313635188,0.0044661275627496545,-2.890625,0.002412289280196847,0.0024144968228839788,76,0.0012207081005759235,0.002847906094647135,oracle_continuous,nan,-2.9133881734546176
lambda_noise,B,0.001,12,R,residual,1.2,completed,False,,,0.004470310047911386,0.004135635214336876,0.004470310047911386,nan,0.002412289280196847,0.0024144968228839788,71,0.0012856931431764614,0.002894747048155638,morozov,0.002894747136236216,-2.890862672257271
lambda_noise,B,0.001,12,R,residual,1.0,completed,False,,,0.006166432352400248,0.004836400152918748,0.006166432352400248,nan,0.002412289280196847,0.0024144968228839788,73,0.0003354112695692036,0.0024122892660514705,morozov,0.002412289280196847,-3.474422349513192
lambda_noise,B,0.001,12,P,oracle_continuous,none,completed,False,,,0.004147729456706496,0.0038376346723646895,0.004147729456706496,-3.0625,0.0024122900824336386,0.002245388295447916,76,0.0009333645366638412,0.002477912557720204,oracle_continuous,nan,-3.0299487042262987
lambda_noise,B,0.001,12,P,residual,1.2,completed,False,,,0.004396857777163115,0.004203022635404051,0.004396857777163115,nan,0.0024122900824336386,0.002245388295447916,73,0.0014929318183340846,0.0028947480838076335,morozov,0.002894748098920366,-2.825960025896826
lambda_noise,B,0.001,12,P,residual,1.0,completed,False,,,0.004162541922516267,0.0038077108208762114,0.004162541922516267,nan,0.0024122900824336386,0.002245388295447916,72,0.000822969154389006,0.0024122899024415882,morozov,0.0024122900824336386,-3.0846164422235636
lambda_noise,B,0.001,13,R,oracle_continuous,none,completed,False,,,0.003145228353579763,0.002838256985762942,0.003145228353579763,-3.0625,0.0024119504664903433,0.0024023598624554362,76,0.0009943315056595804,0.002692365200830829,oracle_continuous,nan,-3.0024687996305013
lambda_noise,B,0.001,13,R,residual,1.2,completed,False,,,0.0032560831985639733,0.003012321126087457,0.0032560831985639733,nan,0.0024119504664903433,0.0024023598624554362,71,0.0012929688226369386,0.002894340557200259,morozov,0.002894340559788412,-2.8884119471381546
lambda_noise,B,0.001,13,R,residual,1.0,completed,False,,,0.004380444624244517,0.0036701720881965713,0.004380444624244517,nan,0.0024119504664903433,0.0024023598624554362,73,0.000357992049309124,0.002411950464881691,morozov,0.0024119504664903433,-3.4461266185503097
lambda_noise,B,0.001,13,P,oracle_continuous,none,completed,False,,,0.002566962285646092,0.002479740050704489,0.002566962285646092,-3.0625,0.0024119512149771527,0.002229421215501231,76,0.000816000575755988,0.0023971956167636714,oracle_continuous,nan,-3.088309534815305
lambda_noise,B,0.001,13,P,residual,1.2,completed,False,,,0.003131605298787294,0.0030842905971173234,0.003131605298787294,nan,0.0024119512149771527,0.002229421215501231,73,0.0015033764365822533,0.0028943414413140516,morozov,0.002894341457972583,-2.822932261022543
lambda_noise,B,0.001,13,P,residual,1.0,completed,False,,,0.002568312653436169,0.0024871262044061414,0.002568312653436169,nan,0.0024119512149771527,0.002229421215501231,72,0.0008418537768351234,0.002411951256018735,morozov,0.0024119512149771527,-3.0747633353748993
lambda_noise,B,0.001,14,R,oracle_continuous,none,completed,False,,,0.0030043689142999837,0.002736745932877342,0.0030043689142999837,-2.890625,0.002411987071596138,0.00253538732800233,77,0.0012714783805832294,0.0029686009711486208,oracle_continuous,nan,-2.8956910198950587
lambda_noise,B,0.001,14,R,residual,1.2,completed,False,,,0.0030170195322776153,0.0027484936036363122,0.0030170195322776153,nan,0.002411987071596138,0.00253538732800233,73,0.001163585758068477,0.002894384476440236,morozov,0.0028943844859153655,-2.934201603023229
lambda_noise,B,0.001,14,R,residual,1.0,completed,True,,,68.46945607915845,2.9259034242172146,68.46945607915845,nan,0.002411987071596138,0.00253538732800233,66,1e-12,0.002452976376417033,endpoint,0.002411987071596138,-12.0
lambda_noise,B,0.001,14,P,oracle_continuous,none,completed,False,,,0.0028615810979698876,0.002750273461251095,0.0028615810979698876,-2.890625,0.002411988272539668,0.0023105726129224774,77,0.0012385860003446044,0.002758838975383849,oracle_continuous,nan,-2.907073833100424
lambda_noise,B,0.001,14,P,residual,1.2,completed,False,,,0.0028929166470936943,0.002770487287011689,0.0028929166470936943,nan,0.002411988272539668,0.0023105726129224774,73,0.001413256184858095,0.002894385923373803,morozov,0.002894385927047601,-2.849779105253045
lambda_noise,B,0.001,14,P,residual,1.0,completed,False,,,0.003281026433817186,0.0031813486060645263,0.003281026433817186,nan,0.002411988272539668,0.0023105726129224774,73,0.0006736643457767993,0.002411988257155437,morozov,0.002411988272539668,-3.17155643742118
lambda_noise,B,0.001,15,R,oracle_continuous,none,completed,False,,,0.0037760633775124255,0.003664887048172694,0.0037760633775124255,-3.0625,0.002412037017513143,0.002362427185757865,76,0.0009486814715677038,0.0026222324660667845,oracle_continuous,nan,-3.0228795814204603
lambda_noise,B,0.001,15,R,residual,1.2,completed,False,,,0.003907898088064455,0.0038073524156223273,0.003907898088064455,nan,0.002412037017513143,0.002362427185757865,73,0.0013452561946924815,0.002894444420845522,morozov,0.0028944444210157716,-2.871194999419311
lambda_noise,B,0.001,15,R,residual,1.0,completed,False,,,0.004034965623652634,0.003873044971973097,0.004034965623652634,nan,0.002412037017513143,0.002362427185757865,73,0.0005114212942476433,0.0024120370016973525,morozov,0.002412037017513143,-3.2912211930446964
lambda_noise,B,0.001,15,P,oracle_continuous,none,completed,False,,,0.003536461788831976,0.0035182272726392034,0.003536461788831976,-3.0625,0.0024120374074716963,0.002275182704900963,76,0.0008362037561963381,0.0024368057874799565,oracle_continuous,nan,-3.0776878859464762
lambda_noise,B,0.001,15,P,residual,1.2,completed,False,,,0.003879678548070871,0.003842031919306552,0.003879678548070871,nan,0.0024120374074716963,0.002275182704900963,73,0.0014758940243601352,0.002894444876468177,morozov,0.0028944448889660353,-2.830944825634898
lambda_noise,B,0.001,15,P,residual,1.0,completed,False,,,0.003538977394639473,0.0035203504312447827,0.003538977394639473,nan,0.0024120374074716963,0.002275182704900963,73,0.0007916210830431195,0.002412037402871909,morozov,0.0024120374074716963,-3.101482647857052
lambda_noise,B,0.001,16,R,oracle_continuous,none,completed,False,,,0.0034190558375958805,0.003307235987501547,0.0034190558375958805,-2.890625,0.0024123828798302254,0.0023672281103333526,76,0.0011532361757412898,0.0027571653673529053,oracle_continuous,nan,-2.9380817427333605
lambda_noise,B,0.001,16,R,residual,1.2,completed,False,,,0.0034636515899599423,0.0033541995885117953,0.0034636515899599423,nan,0.0024123828798302254,0.0023672281103333526,73,0.0013419894831723964,0.0028948594556656364,morozov,0.0028948594557962706,-2.872250887608228
lambda_noise,B,0.001,16,R,residual,1.0,completed,False,,,0.004444439012333558,0.004186307994777167,0.004444439012333558,nan,0.0024123828798302254,0.0023672281103333526,73,0.0005077075250322318,0.0024123828621565716,morozov,0.0024123828798302254,-3.294386399613407
lambda_noise,B,0.001,16,P,oracle_continuous,none,completed,False,,,0.003247608919503045,0.0032191255742639742,0.003247608919503045,-3.0625,0.0024123835679934085,0.002225832134380154,76,0.0010502456283905453,0.002514967360676546,oracle_continuous,nan,-2.9787091175212863
lambda_noise,B,0.001,16,P,residual,1.2,completed,False,,,0.0034983654088134924,0.0034473739805439413,0.0034983654088134924,nan,0.0024123835679934085,0.002225832134380154,73,0.0015323107389837983,0.0028948602616564777,morozov,0.0028948602815920903,-2.8146531547154936
lambda_noise,B,0.001,16,P,residual,1.0,completed,False,,,0.0032883055190627373,0.0032594646346820006,0.0032883055190627373,nan,0.0024123835679934085,0.002225832134380154,72,0.000893231021025134,0.0024123838160156116,morozov,0.0024123835679934085,-3.049036202723196
lambda_noise,B,0.001,17,R,oracle_continuous,none,completed,False,,,0.004076788675345778,0.003764659302832536,0.004076788675345778,-2.890625,0.0024118446528764597,0.002429131470793813,76,0.001525738405430245,0.0030796539206506606,oracle_continuous,nan,-2.8165199217002552
lambda_noise,B,0.001,17,R,residual,1.2,completed,False,,,0.004121972274217195,0.003761856025966509,0.004121972274217195,nan,0.0024118446528764597,0.002429131470793813,71,0.0012876127661872745,0.0028942136591939205,morozov,0.0028942135834517514,-2.8902147261016746
lambda_noise,B,0.001,17,R,residual,1.0,completed,False,,,0.005596929031283823,0.004625043024275055,0.005596929031283823,nan,0.0024118446528764597,0.002429131470793813,73,0.00034533655264842725,0.0024118446454090368,morozov,0.0024118446528764597,-3.4617574506880624
lambda_noise,B,0.001,17,P,oracle_continuous,none,completed,False,,,0.0035741576532270277,0.0034490568553902437,0.0035741576532270277,-2.890625,0.0024118454044437373,0.002259656187935176,77,0.0012744956893001869,0.002711867918204888,oracle_continuous,nan,-2.89466162909727
lambda_noise,B,0.001,17,P,residual,1.2,completed,False,,,0.0036119593226881645,0.0035023880772324786,0.0036119593226881645,nan,0.0024118454044437373,0.002259656187935176,73,0.0014977019619665,0.0028942144696473384,morozov,0.0028942144853324847,-2.824574601290224
lambda_noise,B,0.001,17,P,residual,1.0,completed,False,,,0.0037519284526954266,0.0035437855389692497,0.0037519284526954266,nan,0.0024118454044437373,0.002259656187935176,72,0.0008345295250497437,0.0024118455169321903,morozov,0.0024118454044437373,-3.0785582936889258
lambda_noise,B,0.001,18,R,oracle_continuous,none,completed,False,,,0.003003014307510108,0.0027930634205641258,0.003003014307510108,-3.0625,0.0024122169643374727,0.002336391163929378,75,0.0010505288878302189,0.0026500077969937278,oracle_continuous,nan,-2.9785920007042335
lambda_noise,B,0.001,18,R,residual,1.2,completed,False,,,0.0031533724752148985,0.0029684765274700987,0.0031533724752148985,nan,0.0024122169643374727,0.002336391163929378,73,0.0013873890987387253,0.0028946603556107477,morozov,0.0028946603572049673,-2.8578017222454655
lambda_noise,B,0.001,18,R,residual,1.0,completed,False,,,0.003504816647909943,0.0032187754971794848,0.003504816647909943,nan,0.0024122169643374727,0.002336391163929378,73,0.000615281181425589,0.0024122169640345475,morozov,0.0024122169643374727,-3.2109263677463717
lambda_noise,B,0.001,18,P,oracle_continuous,none,completed,False,,,0.002830032296113143,0.0027828562951368097,0.002830032296113143,-3.0625,0.002412217680458167,0.002190024047427543,75,0.0010505168822656007,0.002493337611057295,oracle_continuous,nan,-2.978596963899743
lambda_noise,B,0.001,18,P,residual,1.2,completed,False,,,0.0031600223613010166,0.003112796271629191,0.0031600223613010166,nan,0.002412217680458167,0.002190024047427543,73,0.001553635692374439,0.0028946611951392314,morozov,0.0028946612165498004,-2.808650810078187
lambda_noise,B,0.001,18,P,residual,1.0,completed,False,,,0.002861652100380336,0.002801110641927838,0.002861652100380336,nan,0.002412217680458167,0.002190024047427543,73,0.0009291412590248376,0.002412217679240533,morozov,0.002412217680458167,-3.0319182544117997
lambda_noise,B,0.001,19,R,oracle_continuous,none,completed,False,,,0.004896478889917268,0.00473695685019265,0.004896478889917268,-2.890625,0.0024119234627328367,0.0024771205490115487,76,0.0014637777694241545,0.0030831158814733466,oracle_continuous,nan,-2.834524852812302
lambda_noise,B,0.001,19,R,residual,1.2,completed,False,,,0.00494916268818206,0.004755298300793572,0.00494916268818206,nan,0.0024119234627328367,0.0024771205490115487,72,0.0012081082819505686,0.00289430815438181,morozov,0.002894308155279404,-2.9178941384416315
lambda_noise,B,0.001,19,R,residual,1.0,completed,True,,,86.83165432930038,3.447265521618376,86.83165432930038,nan,0.0024119234627328367,0.0024771205490115487,66,1e-12,0.002413196487574513,endpoint,0.0024119234627328367,-12.0
lambda_noise,B,0.001,19,P,oracle_continuous,none,completed,False,,,0.004631867056113681,0.004545949878007677,0.004631867056113681,-2.890625,0.0024119243820843214,0.002288590772330497,77,0.0013155390326370004,0.00278868397908692,oracle_continuous,nan,-2.880896261673771
lambda_noise,B,0.001,19,P,residual,1.2,completed,False,,,0.004644545883303664,0.004564288799082609,0.004644545883303664,nan,0.0024119243820843214,0.002288590772330497,73,0.0014472111906835392,0.002894309250577321,morozov,0.0028943092585011856,-2.839468087916264
lambda_noise,B,0.001,19,P,residual,1.0,completed,False,,,0.004955854706850754,0.004748159409546356,0.004955854706850754,nan,0.0024119243820843214,0.002288590772330497,73,0.0007397236995652168,0.0024119243341459346,morozov,0.0024119243820843214,-3.1309304669740197
lambda_noise,B,0.001,20,R,oracle_continuous,none,completed,False,,,0.004213352636187515,0.0039143593957949715,0.004213352636187515,-2.890625,0.002412415158458999,0.002573546544611729,76,0.001115765955416271,0.002883961406529696,oracle_continuous,nan,-2.9524268940462965
lambda_noise,B,0.001,20,R,residual,1.2,completed,False,,,0.004213618267975575,0.003916661248175042,0.004213618267975575,nan,0.002412415158458999,0.002573546544611729,73,0.0011327579193619044,0.0028948981628731116,morozov,0.002894898190150799,-2.9458628928890964
lambda_noise,B,0.001,20,R,residual,1.0,completed,True,,,121.99084710771197,3.0366390376365797,121.99084710771197,nan,0.002412415158458999,0.002573546544611729,66,1e-12,0.0024404531555712837,endpoint,0.002412415158458999,-12.0
lambda_noise,B,0.001,20,P,oracle_continuous,none,completed,False,,,0.003844096920576101,0.0037457708511199387,0.003844096920576101,-3.0625,0.002412416209706655,0.0023846236236866286,76,0.0010507203788598116,0.0026754415646826008,oracle_continuous,nan,-2.978512844462245
lambda_noise,B,0.001,20,P,residual,1.2,completed,False,,,0.003932979145837083,0.0038350015288876344,0.003932979145837083,nan,0.002412416209706655,0.0023846236236866286,73,0.0013578992197234934,0.002894899451256109,morozov,0.0028948994516479858,-2.8671324612352853
lambda_noise,B,0.001,20,P,residual,1.0,completed,False,,,0.004299265174599271,0.004162273728953013,0.004299265174599271,nan,0.002412416209706655,0.0023846236236866286,73,0.000545916341466302,0.0024124162090906663,morozov,0.002412416209706655,-3.26287390532324
lambda_noise,B,0.001,21,R,oracle_continuous,none,completed,False,,,0.005380531843696001,0.004965519503414701,0.005380531843696001,-2.71875,0.00241219917090157,0.0024090189962802933,75,0.001739655218005408,0.003247100164391051,oracle_continuous,nan,-2.7595368159443536
lambda_noise,B,0.001,21,R,residual,1.2,completed,False,,,0.00555313371280632,0.005006081796015895,0.00555313371280632,nan,0.00241219917090157,0.0024090189962802933,72,0.0013101197241574512,0.0028946388959931618,morozov,0.002894639005081884,-2.882689014905247
lambda_noise,B,0.001,21,R,residual,1.0,completed,False,,,0.008088203730954525,0.006938034714808322,0.008088203730954525,nan,0.00241219917090157,0.0024090189962802933,73,0.00043159248028128735,0.0024121991691696595,morozov,0.00241219917090157,-3.364926130719415
lambda_noise,B,0.001,21,P,oracle_continuous,none,completed,False,,,0.004610460596120457,0.004490463021601154,0.004610460596120457,-2.890625,0.002412200162946681,0.0021948942653304475,76,0.00138870436092821,0.0027734231701082896,oracle_continuous,nan,-2.8573902006867082
lambda_noise,B,0.001,21,P,residual,1.2,completed,False,,,0.004629163611101016,0.004515223780308688,0.004629163611101016,nan,0.002412200162946681,0.0021948942653304475,73,0.0015313330236352823,0.0028946401760540285,morozov,0.002894640195536017,-2.8149303516927198
lambda_noise,B,0.001,21,P,residual,1.0,completed,False,,,0.00493573247843865,0.004758660432263148,0.00493573247843865,nan,0.002412200162946681,0.0021948942653304475,72,0.0008929081013580222,0.0024122004316020716,morozov,0.002412200162946681,-3.0491932366622607
lambda_noise,B,0.001,22,R,oracle_continuous,none,completed,False,,,0.004281123684120493,0.0036451061831080413,0.004281123684120493,-2.890625,0.002412151131912132,0.0025703561356124334,77,0.0012832040312694784,0.0030267411602321326,oracle_continuous,nan,-2.8917042846932195
lambda_noise,B,0.001,22,R,residual,1.2,completed,False,,,0.004316746469685472,0.0035849113429160147,0.004316746469685472,nan,0.002412151131912132,0.0025703561356124334,73,0.0010833662976666937,0.002894581319616415,morozov,0.002894581358294558,-2.9652246789620764
lambda_noise,B,0.001,22,R,residual,1.0,completed,True,,,97.41361438506748,2.9863060107903814,97.41361438506748,nan,0.002412151131912132,0.0025703561356124334,66,1e-12,0.002503970931084103,endpoint,0.002412151131912132,-12.0
lambda_noise,B,0.001,22,P,oracle_continuous,none,completed,False,,,0.0038180398807710005,0.0034202748257995052,0.0038180398807710005,-2.890625,0.0024121523029718827,0.0023474441495513793,76,0.001089247379740644,0.0026782500712941144,oracle_continuous,nan,-2.9628734761161453
lambda_noise,B,0.001,22,P,residual,1.2,completed,False,,,0.003889430803661613,0.0035718555107298695,0.003889430803661613,nan,0.0024121523029718827,0.0023474441495513793,73,0.0013842489347758698,0.00289458276215671,morozov,0.002894582763566259,-2.858785802019489
lambda_noise,B,0.001,22,P,residual,1.0,completed,False,,,0.004076451948803103,0.0034658338946059043,0.004076451948803103,nan,0.0024121523029718827,0.0023474441495513793,73,0.0006080772116025824,0.002412152302866158,morozov,0.0024121523029718827,-3.216041271970812
lambda_noise,B,0.001,23,R,oracle_continuous,none,completed,False,,,0.0033447728519346636,0.003160682158181421,0.0033447728519346636,-3.234375,0.0024117413540005795,0.002481657598175978,76,0.0007080784369807544,0.0025941886362594864,oracle_continuous,nan,-3.1499186309244998
lambda_noise,B,0.001,23,R,residual,1.2,completed,False,,,0.003602778600593175,0.0034811278776431453,0.003602778600593175,nan,0.0024117413540005795,0.002481657598175978,72,0.0012240632145278344,0.0028940900859008244,morozov,0.0028940896248006954,-2.9121961532593272
lambda_noise,B,0.001,23,R,residual,1.0,completed,False,,,6.3628978950291195,1.7738212867875898,6.3628978950291195,nan,0.0024117413540005795,0.002481657598175978,72,9.717012964809142e-11,0.002411741354000906,morozov,0.0024117413540005795,-10.01246721781752
lambda_noise,B,0.001,23,P,oracle_continuous,none,completed,False,,,0.0029897596299338362,0.0029500088291684206,0.0029897596299338362,-3.234375,0.00241174216547537,0.0023070966932340355,76,0.0006160060490812855,0.002348831198464925,oracle_continuous,nan,-3.2104150231119966
lambda_noise,B,0.001,23,P,residual,1.2,completed,False,,,0.0036438162988695236,0.003612290813087472,0.0036438162988695236,nan,0.00241174216547537,0.0023070966932340355,73,0.0014536157042392514,0.0028940905895370834,morozov,0.002894090598570444,-2.8375503937437703
lambda_noise,B,0.001,23,P,residual,1.0,completed,False,,,0.003017429378906683,0.0029901822324788804,0.003017429378906683,nan,0.00241174216547537,0.0023070966932340355,73,0.0007486461286459348,0.0024117421283444,morozov,0.00241174216547537,-3.1257234168700285
lambda_noise,B,0.001,24,R,oracle_continuous,none,completed,False,,,0.003431896205609861,0.002962715603249543,0.003431896205609861,-2.890625,0.0024118399925779905,0.002390994703361299,76,0.0013065817534554259,0.0028915576696299902,oracle_continuous,nan,-2.883863411069637
lambda_noise,B,0.001,24,R,residual,1.2,completed,False,,,0.003431913101041881,0.0029643051601527712,0.003431913101041881,nan,0.0024118399925779905,0.002390994703361299,72,0.0013101261393103482,0.002894207880462097,morozov,0.0028942079910935885,-2.882686888337246
lambda_noise,B,0.001,24,R,residual,1.0,completed,False,,,0.005703296106360614,0.004375090235944467,0.005703296106360614,nan,0.0024118399925779905,0.002390994703361299,73,0.0004248644387926113,0.0024118399918319493,morozov,0.0024118399925779905,-3.371749617892492
lambda_noise,B,0.001,24,P,oracle_continuous,none,completed,False,,,0.0028042182244776928,0.0026193223136185364,0.0028042182244776928,-2.890625,0.0024118409845791428,0.002188482387201895,75,0.001090354579938875,0.0025484638913388703,oracle_continuous,nan,-2.962432247867401
lambda_noise,B,0.001,24,P,residual,1.2,completed,False,,,0.0030410008565319967,0.0029364096277283776,0.0030410008565319967,nan,0.0024118409845791428,0.002188482387201895,73,0.0015259503542147384,0.002894209162265305,morozov,0.0028942091814949714,-2.816459595634952
lambda_noise,B,0.001,24,P,residual,1.0,completed,False,,,0.0028887409568321715,0.0026279901054769607,0.0028887409568321715,nan,0.0024118409845791428,0.002188482387201895,72,0.0008831225400039043,0.002411840882438227,morozov,0.0024118409845791428,-3.0539790305616115
lambda_noise,B,0.005,0,R,oracle_continuous,none,completed,False,,,0.01150607195945441,0.00956252114999869,0.01150607195945441,-2.375,0.012065718655584241,0.012649300122981587,76,0.004197486999274303,0.01353316015121797,oracle_continuous,nan,-2.377010640312528
lambda_noise,B,0.005,0,R,residual,1.2,completed,False,,,0.012209113668245728,0.010691346856484265,0.012209113668245728,nan,0.012065718655584241,0.012649300122981587,72,0.005825930923825719,0.01447886237825293,morozov,0.014478862386701088,-2.234634668966705
lambda_noise,B,0.005,0,R,residual,1.0,completed,True,,,489.4359866018211,5.119979815963331,489.4359866018211,nan,0.012065718655584241,0.012649300122981587,66,1e-12,0.012089582222385943,endpoint,0.012065718655584241,-12.0
lambda_noise,B,0.005,0,P,oracle_continuous,none,completed,False,,,0.008380304786861402,0.008208311226129241,0.008380304786861402,-2.546875,0.012065889388728851,0.011315520782444117,76,0.002862977018173447,0.011540307990090024,oracle_continuous,nan,-2.543182138153922
lambda_noise,B,0.005,0,P,residual,1.2,completed,False,,,0.012878473584836693,0.01243595638779588,0.012878473584836693,nan,0.012065889388728851,0.011315520782444117,73,0.00745765368072435,0.014479067171624796,morozov,0.01447906726647462,-2.1273977883175097
lambda_noise,B,0.005,0,P,residual,1.0,completed,False,,,0.008833705492930036,0.008677614018977427,0.008833705492930036,nan,0.012065889388728851,0.011315520782444117,72,0.003972791613446251,0.012065889386099236,morozov,0.012065889388728851,-2.4009042145831727
lambda_noise,B,0.005,1,R,oracle_continuous,none,completed,False,,,0.00945461864811731,0.009138384265527282,0.00945461864811731,-2.375,0.012063540038610591,0.011746777648294952,76,0.003558306914914462,0.012469352401363659,oracle_continuous,nan,-2.4487565954018407
lambda_noise,B,0.005,1,R,residual,1.2,completed,False,,,0.012045998778180718,0.01146008824425921,0.012045998778180718,nan,0.012063540038610591,0.011746777648294952,73,0.006789714324740505,0.014476248036963627,morozov,0.014476248046332709,-2.1681484981493693
lambda_noise,B,0.005,1,R,residual,1.0,completed,False,,,0.009957494647379541,0.009653511061799609,0.009957494647379541,nan,0.012063540038610591,0.011746777648294952,73,0.002574524800429838,0.012063540019766322,morozov,0.012063540038610591,-2.5893029202523805
lambda_noise,B,0.005,1,P,oracle_continuous,none,completed,False,,,0.009463521757352626,0.009519960215042589,0.009463521757352626,-2.375,0.012063678336319019,0.010532752097249245,76,0.0035509295716454883,0.01114851752194217,oracle_continuous,nan,-2.4496579413140016
lambda_noise,B,0.005,1,P,residual,1.2,completed,False,,,0.013756649887099175,0.013467884458789842,0.013756649887099175,nan,0.012063678336319019,0.010532752097249245,73,0.008100341010928706,0.014476413905650095,morozov,0.014476414003582821,-2.0914966976587333
lambda_noise,B,0.005,1,P,residual,1.0,completed,False,,,0.010195674622783988,0.01016481830373787,0.010195674622783988,nan,0.012063678336319019,0.010532752097249245,73,0.005064319910472611,0.012063678215727564,morozov,0.012063678336319019,-2.2954788679660907
lambda_noise,B,0.005,2,R,oracle_continuous,none,completed,False,,,0.016053371079931697,0.015045984776064007,0.016053371079931697,-2.203125,0.01205633814990821,0.012041383904220866,76,0.005219275219129436,0.013504102224403085,oracle_continuous,nan,-2.2823898016312634
lambda_noise,B,0.005,2,R,residual,1.2,completed,False,,,0.016506883618491425,0.01579032286724973,0.016506883618491425,nan,0.01205633814990821,0.012041383904220866,73,0.006630812709396948,0.014467605777798806,morozov,0.014467605779889852,-2.178433238778406
lambda_noise,B,0.005,2,R,residual,1.0,completed,False,,,0.020298373771869424,0.01767462875317582,0.020298373771869424,nan,0.01205633814990821,0.012041383904220866,73,0.00221581723148128,0.012056338121132461,morozov,0.01205633814990821,-2.654466064626206
lambda_noise,B,0.005,2,P,oracle_continuous,none,completed,False,,,0.014160556376342354,0.014021277626702836,0.014160556376342354,-2.375,0.012056468993711017,0.010916010861498977,76,0.004552997808364275,0.011894605303467304,oracle_continuous,nan,-2.3417025587442
lambda_noise,B,0.005,2,P,residual,1.2,completed,False,,,0.016484173766133904,0.01647333126756631,0.016484173766133904,nan,0.012056468993711017,0.010916010861498977,73,0.007942696918791643,0.014467762624376618,morozov,0.01446776279245322,-2.100032009149924
lambda_noise,B,0.005,2,P,residual,1.0,completed,False,,,0.014180913749790323,0.014082479111223924,0.014180913749790323,nan,0.012056468993711017,0.010916010861498977,73,0.004807864488650614,0.012056468941276734,morozov,0.012056468993711017,-2.3180477815753346
lambda_noise,B,0.005,3,R,oracle_continuous,none,completed,False,,,0.01291474579376686,0.012528576393429665,0.01291474579376686,-2.375,0.012064410021904773,0.011732762424759504,76,0.004653348546554565,0.013012150256907407,oracle_continuous,nan,-2.332234416588559
lambda_noise,B,0.005,3,R,residual,1.2,completed,False,,,0.014046476377871292,0.013620725269802497,0.014046476377871292,nan,0.012064410021904773,0.011732762424759504,73,0.006827508628087821,0.01447729201442073,morozov,0.014477292026285726,-2.1657377423594393
lambda_noise,B,0.005,3,R,residual,1.0,completed,False,,,0.014712016244555351,0.014110370465104613,0.014712016244555351,nan,0.012064410021904773,0.011732762424759504,72,0.002691115799092567,0.012064409831163645,morozov,0.012064410021904773,-2.570067614081328
lambda_noise,B,0.005,3,P,oracle_continuous,none,completed,False,,,0.012104631571534394,0.012133315833553971,0.012104631571534394,-2.375,0.012064494142685607,0.01094609874196391,76,0.004337964678219778,0.011928238499705396,oracle_continuous,nan,-2.3627139885405195
lambda_noise,B,0.005,3,P,residual,1.2,completed,False,,,0.01467386198335529,0.014472395325709327,0.01467386198335529,nan,0.012064494142685607,0.01094609874196391,73,0.0077914090930466,0.01447739287198613,morozov,0.014477392971222728,-2.1083839921356473
lambda_noise,B,0.005,3,P,residual,1.0,completed,False,,,0.012122194480873098,0.012142758090530944,0.012122194480873098,nan,0.012064494142685607,0.01094609874196391,73,0.00456329215633356,0.01206449413413883,morozov,0.012064494142685607,-2.340721725436907
lambda_noise,B,0.005,4,R,oracle_continuous,none,completed,False,,,0.01149098200674643,0.010645929228310225,0.01149098200674643,-2.375,0.012067329992695263,0.011574843325737768,75,0.0038532809718291906,0.0124299857487596,oracle_continuous,nan,-2.414169322140382
lambda_noise,B,0.005,4,R,residual,1.2,completed,False,,,0.013581579011143683,0.012661956712132312,0.013581579011143683,nan,0.012067329992695263,0.011574843325737768,73,0.007002539409756864,0.014480795960404016,morozov,0.014480795991234315,-2.1547444383213485
lambda_noise,B,0.005,4,R,residual,1.0,completed,False,,,0.011736080228082355,0.010849844836624687,0.011736080228082355,nan,0.012067329992695263,0.011574843325737768,73,0.003072463695545601,0.01206732998555654,morozov,0.012067329992695263,-2.5125132400663626
lambda_noise,B,0.005,4,P,oracle_continuous,none,completed,False,,,0.012303297693814117,0.011541997078164386,0.012303297693814117,-2.375,0.012067465615785549,0.010352752131085986,76,0.0040596023814078,0.011225359527688604,oracle_continuous,nan,-2.391516501402358
lambda_noise,B,0.005,4,P,residual,1.2,completed,False,,,0.015377981011186417,0.014762599004603161,0.015377981011186417,nan,0.012067465615785549,0.010352752131085986,73,0.008280399396027038,0.014480958694590521,morozov,0.014480958738942657,-2.0819487149895943
lambda_noise,B,0.005,4,P,residual,1.0,completed,False,,,0.012708074296977031,0.012079870932610407,0.012708074296977031,nan,0.012067465615785549,0.010352752131085986,73,0.005342930814415627,0.012067465394316905,morozov,0.012067465615785549,-2.2722204494577563
lambda_noise,B,0.005,5,R,oracle_continuous,none,completed,False,,,0.009543752132996894,0.009051194253893393,0.009543752132996894,-2.375,0.012053085616868742,0.012276007763027466,76,0.003907951733250147,0.013096764418214096,oracle_continuous,nan,-2.408050808851056
lambda_noise,B,0.005,5,R,residual,1.2,completed,False,,,0.011051225756450492,0.01058933632514209,0.011051225756450492,nan,0.012053085616868742,0.012276007763027466,72,0.006208450811769081,0.01446370274325904,morozov,0.014463702740242489,-2.2070167553524316
lambda_noise,B,0.005,5,R,residual,1.0,completed,False,,,0.0636665090128817,0.0589987685569663,0.0636665090128817,nan,0.012053085616868742,0.012276007763027466,72,4.424501577100799e-05,0.012053085616851375,morozov,0.012053085616868742,-4.354135645758614
lambda_noise,B,0.005,5,P,oracle_continuous,none,completed,False,,,0.008829869725482968,0.008903025087315612,0.008829869725482968,-2.375,0.012053224694055172,0.011174618058085381,76,0.0037233541574207486,0.011832229474649195,oracle_continuous,nan,-2.429065652661986
lambda_noise,B,0.005,5,P,residual,1.2,completed,False,,,0.012369702069773806,0.012253284758614189,0.012369702069773806,nan,0.012053224694055172,0.011174618058085381,73,0.007539815466092668,0.014463869533172686,morozov,0.014463869632866206,-2.1226392831804106
lambda_noise,B,0.005,5,P,residual,1.0,completed,False,,,0.00890302146806153,0.008986762401670222,0.00890302146806153,nan,0.012053224694055172,0.011174618058085381,72,0.004134506579384729,0.012053224740978594,morozov,0.012053224694055172,-2.38357631262579
lambda_noise,B,0.005,6,R,oracle_continuous,none,completed,False,,,0.011472940457548857,0.010333008741146477,0.011472940457548857,-2.546875,0.012060926901139087,0.012778912150816502,76,0.0031795199536102997,0.01318989296118642,oracle_continuous,nan,-2.4976384451840143
lambda_noise,B,0.005,6,R,residual,1.2,completed,False,,,0.013015308481296315,0.012298573010530948,0.013015308481296315,nan,0.012060926901139087,0.012778912150816502,73,0.005661189533832231,0.014473112236708241,morozov,0.014473112281366904,-2.247092304907042
lambda_noise,B,0.005,6,R,residual,1.0,completed,True,,,495.3271484431361,4.271670738134774,495.3271484431361,nan,0.012060926901139087,0.012778912150816502,66,1e-12,0.012407013305334945,endpoint,0.012060926901139087,-12.0
lambda_noise,B,0.005,6,P,oracle_continuous,none,completed,False,,,0.011769539680133419,0.010940747636852386,0.011769539680133419,-2.546875,0.01206106835498007,0.011549829677288225,77,0.0033032732043116624,0.011894971427097745,oracle_continuous,nan,-2.481055505564352
lambda_noise,B,0.005,6,P,residual,1.2,completed,False,,,0.014956283405110493,0.01463749447360927,0.014956283405110493,nan,0.01206106835498007,0.011549829677288225,73,0.0072939142006876465,0.014473281951703571,morozov,0.014473282025976085,-2.1370393496577003
lambda_noise,B,0.005,6,P,residual,1.0,completed,False,,,0.011813653197170742,0.01110883455300105,0.011813653197170742,nan,0.01206106835498007,0.011549829677288225,73,0.0036535254619420813,0.01206106820262228,morozov,0.01206106835498007,-2.4372878616477878
lambda_noise,B,0.005,7,R,oracle_continuous,none,completed,False,,,0.0130641891867801,0.011699613832282504,0.0130641891867801,-2.375,0.012060872962477296,0.011919228616001148,76,0.004408224315194818,0.012958875596260782,oracle_continuous,nan,-2.3557363142532166
lambda_noise,B,0.005,7,R,residual,1.2,completed,False,,,0.014320313835377048,0.013448145690867861,0.014320313835377048,nan,0.012060872962477296,0.011919228616001148,73,0.006722019269028062,0.014473047549596248,morozov,0.014473047554972755,-2.172500246936377
lambda_noise,B,0.005,7,R,residual,1.0,completed,False,,,0.014891820940889844,0.012140098720378368,0.014891820940889844,nan,0.012060872962477296,0.011919228616001148,73,0.0024120654893261652,0.012060872892901304,morozov,0.012060872962477296,-2.6176109049618748
lambda_noise,B,0.005,7,P,oracle_continuous,none,completed,False,,,0.012279674807811823,0.011523216891826003,0.012279674807811823,-2.375,0.0120610399426999,0.010535273671182179,76,0.003920268508780984,0.011238695872723853,oracle_continuous,nan,-2.406684186069258
lambda_noise,B,0.005,7,P,residual,1.2,completed,False,,,0.01577230244838162,0.01544993393272352,0.01577230244838162,nan,0.0120610399426999,0.010535273671182179,73,0.008200382750037327,0.014473247866752496,morozov,0.014473247931239878,-2.0861658765980122
lambda_noise,B,0.005,7,P,residual,1.0,completed,False,,,0.012751770178134128,0.012314182765088737,0.012751770178134128,nan,0.0120610399426999,0.010535273671182179,73,0.005212517341719736,0.012061039811864321,morozov,0.0120610399426999,-2.282952487145158
lambda_noise,B,0.005,8,R,oracle_continuous,none,completed,False,,,0.012731881418334975,0.012337068313688955,0.012731881418334975,-2.203125,0.012050511688458623,0.011976446438162413,76,0.005797216760978552,0.013886791897070616,oracle_continuous,nan,-2.236780460826931
lambda_noise,B,0.005,8,R,residual,1.2,completed,False,,,0.01289776848891162,0.012503385414601675,0.01289776848891162,nan,0.012050511688458623,0.011976446438162413,73,0.006607395621553962,0.01446061402457414,morozov,0.014460614026150348,-2.1799696887851576
lambda_noise,B,0.005,8,R,residual,1.0,completed,False,,,0.01889563446331119,0.017046887674548893,0.01889563446331119,nan,0.012050511688458623,0.011976446438162413,73,0.0022162113253800797,0.012050511661500599,morozov,0.012050511688458623,-2.6543888301030725
lambda_noise,B,0.005,8,P,oracle_continuous,none,completed,False,,,0.012652540053143728,0.012589414544075087,0.012652540053143728,-2.203125,0.012050620732901546,0.011060102002311573,76,0.00555254634349035,0.012668307840207145,oracle_continuous,nan,-2.25550780799099
lambda_noise,B,0.005,8,P,residual,1.2,completed,False,,,0.01371635477714058,0.013624748263538359,0.01371635477714058,nan,0.012050620732901546,0.011060102002311573,73,0.007811704995691438,0.01446074478510546,morozov,0.014460744879481855,-2.1072541659426163
lambda_noise,B,0.005,8,P,residual,1.0,completed,False,,,0.01291131909819147,0.012720347161228555,0.01291131909819147,nan,0.012050620732901546,0.011060102002311573,73,0.004634651016391923,0.012050620716366691,morozov,0.012050620732901546,-2.333982962136814
lambda_noise,B,0.005,9,R,oracle_continuous,none,completed,False,,,0.009945812005616702,0.009364389375740313,0.009945812005616702,-2.375,0.01205807627580905,0.0119581727533933,76,0.0036677933354813774,0.012630832640306962,oracle_continuous,nan,-2.4355951429552887
lambda_noise,B,0.005,9,R,residual,1.2,completed,False,,,0.011974004870218657,0.011320986558780282,0.011974004870218657,nan,0.01205807627580905,0.0119581727533933,73,0.006653762368987719,0.014469691528085624,morozov,0.014469691530970859,-2.176932713488267
lambda_noise,B,0.005,9,R,residual,1.0,completed,False,,,0.011115790758495432,0.010115434507282393,0.011115790758495432,nan,0.01205807627580905,0.0119581727533933,73,0.0022106776031799074,0.012058076239042904,morozov,0.01205807627580905,-2.655474588660134
lambda_noise,B,0.005,9,P,oracle_continuous,none,completed,False,,,0.01044259564951045,0.010070736326126957,0.01044259564951045,-2.375,0.012058207841687416,0.010858685353736712,76,0.0037063936041866665,0.01137829231305441,oracle_continuous,nan,-2.431048462229905
lambda_noise,B,0.005,9,P,residual,1.2,completed,False,,,0.013726075757596608,0.01333216204857086,0.013726075757596608,nan,0.012058207841687416,0.010858685353736712,73,0.007961740574696305,0.014469849248129598,morozov,0.014469849410024898,-2.098991977569983
lambda_noise,B,0.005,9,P,residual,1.0,completed,False,,,0.010800247348457411,0.01052689947259865,0.010800247348457411,nan,0.012058207841687416,0.010858685353736712,73,0.004849759196238638,0.012058207773127012,morozov,0.012058207841687416,-2.3142798247670298
lambda_noise,B,0.005,10,R,oracle_continuous,none,completed,False,,,0.010810248050727196,0.010452903241163018,0.010810248050727196,-2.375,0.01204662974610404,0.01182248738843315,76,0.0036186858013463456,0.012483741694819946,oracle_continuous,nan,-2.441449123624404
lambda_noise,B,0.005,10,R,residual,1.2,completed,False,,,0.012938751127898511,0.012735549139365957,0.012938751127898511,nan,0.01204662974610404,0.01182248738843315,73,0.006788004561501158,0.014455955685961351,morozov,0.014455955695324846,-2.168257874510797
lambda_noise,B,0.005,10,R,residual,1.0,completed,False,,,0.011296393668061363,0.010630574424003556,0.011296393668061363,nan,0.01204662974610404,0.01182248738843315,73,0.002561485249802223,0.01204662972222179,morozov,0.01204662974610404,-2.59150814064571
lambda_noise,B,0.005,10,P,oracle_continuous,none,completed,False,,,0.011069003678698484,0.010996147172046233,0.011069003678698484,-2.375,0.012046754945209107,0.010715939436162353,76,0.003707285738179154,0.011205079220632292,oracle_continuous,nan,-2.4309439395350236
lambda_noise,B,0.005,10,P,residual,1.2,completed,False,,,0.014584469399966903,0.014610986895486018,0.014584469399966903,nan,0.012046754945209107,0.010715939436162353,73,0.008111246479365971,0.014456105839506964,morozov,0.014456105934250927,-2.0909124013358573
lambda_noise,B,0.005,10,P,residual,1.0,completed,False,,,0.011580025788566083,0.01168086584879635,0.011580025788566083,nan,0.012046754945209107,0.010715939436162353,73,0.005080432317407694,0.012046754820870979,morozov,0.012046754945209107,-2.294099330023959
lambda_noise,B,0.005,11,R,oracle_continuous,none,completed,False,,,0.007483725194375401,0.007128349501369328,0.007483725194375401,-2.546875,0.012059499955326741,0.012033624829201764,76,0.0026603732062553237,0.012350916982956773,oracle_continuous,nan,-2.575057434779422
lambda_noise,B,0.005,11,R,residual,1.2,completed,False,,,0.010771633077145772,0.010244415142547343,0.010771633077145772,nan,0.012059499955326741,0.012033624829201764,72,0.006493946070746133,0.014471401758052132,morozov,0.014471399946392089,-2.1874913223122068
lambda_noise,B,0.005,11,R,residual,1.0,completed,False,,,0.008079580087667442,0.007702175247168849,0.008079580087667442,nan,0.012059499955326741,0.012033624829201764,73,0.001666098961108484,0.012059499911727079,morozov,0.012059499955326741,-2.778299206418472
lambda_noise,B,0.005,11,P,oracle_continuous,none,completed,False,,,0.008882843178504322,0.008312747725287421,0.008882843178504322,-2.546875,0.012059630735293498,0.0109332243954865,76,0.0028053795121680976,0.011082228277746705,oracle_continuous,nan,-2.5520083790097887
lambda_noise,B,0.005,11,P,residual,1.2,completed,False,,,0.013214365621327835,0.012877538712694862,0.013214365621327835,nan,0.012059630735293498,0.0109332243954865,73,0.007846969011448825,0.014471556784518268,morozov,0.014471556882352197,-2.1052980624644735
lambda_noise,B,0.005,11,P,residual,1.0,completed,False,,,0.009747399429963263,0.00939448274201891,0.009747399429963263,nan,0.012059630735293498,0.0109332243954865,73,0.0046612474049228065,0.012059630711948143,morozov,0.012059630735293498,-2.3314978454172857
lambda_noise,B,0.005,12,R,oracle_continuous,none,completed,False,,,0.013437201710200459,0.012325852091340144,0.013437201710200459,-2.375,0.012064623279569177,0.012075663900241175,76,0.003993822250376544,0.012957649477170083,oracle_continuous,nan,-2.39861126780744
lambda_noise,B,0.005,12,R,residual,1.2,completed,False,,,0.014641737572270474,0.013844556723506192,0.014641737572270474,nan,0.012064623279569177,0.012075663900241175,72,0.006463724437100773,0.01447754553585698,morozov,0.01447754793548301,-2.1895171667751674
lambda_noise,B,0.005,12,R,residual,1.0,completed,False,,,0.016490118879249005,0.013584903620543893,0.016490118879249005,nan,0.012064623279569177,0.012075663900241175,73,0.001565217249664086,0.01206462324971463,morozov,0.012064623279569177,-2.8054253745506528
lambda_noise,B,0.005,12,P,oracle_continuous,none,completed,False,,,0.014087682612132302,0.013092520687075325,0.014087682612132302,-2.375,0.012064759735782329,0.01088907084486239,77,0.003963532204469179,0.011615736250323135,oracle_continuous,nan,-2.4019176087292076
lambda_noise,B,0.005,12,P,residual,1.2,completed,False,,,0.01641196710770336,0.01589818279604827,0.01641196710770336,nan,0.012064759735782329,0.01088907084486239,73,0.007886230097920758,0.014477711479294246,morozov,0.014477711682938793,-2.103130555591552
lambda_noise,B,0.005,12,P,residual,1.0,completed,False,,,0.014205724101826484,0.013396525043433732,0.014205724101826484,nan,0.012064759735782329,0.01088907084486239,73,0.004716764018253851,0.012064759701726553,morozov,0.012064759735782329,-2.3263558511517624
lambda_noise,B,0.005,13,R,oracle_continuous,none,completed,False,,,0.009083223462683107,0.008208818981074398,0.009083223462683107,-2.546875,0.012056160230308468,0.01200822149335816,76,0.002691690100881578,0.012337407335100893,oracle_continuous,nan,-2.5699749426740746
lambda_noise,B,0.005,13,R,residual,1.2,completed,False,,,0.012475212510997601,0.011942755463035918,0.012475212510997601,nan,0.012056160230308468,0.01200822149335816,72,0.006528443279896677,0.014467392463913629,morozov,0.014467392276370162,-2.185190364750965
lambda_noise,B,0.005,13,R,residual,1.0,completed,False,,,0.00968025014620649,0.00824720382493089,0.00968025014620649,nan,0.012056160230308468,0.01200822149335816,73,0.0017573802231761148,0.012056160225422675,morozov,0.012056160230308468,-2.7551342652761774
lambda_noise,B,0.005,13,P,oracle_continuous,none,completed,False,,,0.00819121927651183,0.008083562961152414,0.00819121927651183,-2.546875,0.012056292627378354,0.010884715303654395,76,0.002353811784329538,0.010830021032682342,oracle_continuous,nan,-2.6282282671914343
lambda_noise,B,0.005,13,P,residual,1.2,completed,False,,,0.014167349003263321,0.014024482632391254,0.014167349003263321,nan,0.012056292627378354,0.010884715303654395,73,0.007928399752328773,0.014467550970181629,morozov,0.014467551152854023,-2.1008144607107604
lambda_noise,B,0.005,13,P,residual,1.0,completed,False,,,0.010044162532612156,0.01010548080485401,0.010044162532612156,nan,0.012056292627378354,0.010884715303654395,73,0.004776168847961848,0.012056292577568751,morozov,0.012056292627378354,-2.3209203283523236
lambda_noise,B,0.005,14,R,oracle_continuous,none,completed,False,,,0.009529408079096755,0.008592508879733961,0.009529408079096755,-2.375,0.012056995485505696,0.012673846360006914,77,0.004342177827235423,0.013584213878157196,oracle_continuous,nan,-2.3622923946527528
lambda_noise,B,0.005,14,R,residual,1.2,completed,False,,,0.01012520374461454,0.009109043363824305,0.01012520374461454,nan,0.012056995485505696,0.012673846360006914,72,0.005838476879003413,0.014468394575358904,morozov,0.014468394582606833,-2.233700435305281
lambda_noise,B,0.005,14,R,residual,1.0,completed,True,,,343.2257069378293,4.462049548601388,343.2257069378293,nan,0.012056995485505696,0.012673846360006914,66,1e-12,0.012260415532194632,endpoint,0.012056995485505696,-12.0
lambda_noise,B,0.005,14,P,oracle_continuous,none,completed,False,,,0.009144336072358481,0.009019039984354067,0.009144336072358481,-2.375,0.012057192123686231,0.0110329488053932,77,0.004028363158911027,0.011848471295398807,oracle_continuous,nan,-2.3948713844933636
lambda_noise,B,0.005,14,P,residual,1.2,completed,False,,,0.011879053472244678,0.011472465340344924,0.011879053472244678,nan,0.012057192123686231,0.0110329488053932,73,0.0076732323175654135,0.014468630446472732,morozov,0.014468630548423476,-2.115021652742922
lambda_noise,B,0.005,14,P,residual,1.0,completed,False,,,0.009184027205177667,0.00904367345835922,0.009184027205177667,nan,0.012057192123686231,0.0110329488053932,73,0.00439006091236042,0.012057192123223924,morozov,0.012057192123686231,-2.357529453853896
lambda_noise,B,0.005,15,R,oracle_continuous,none,completed,False,,,0.011484474428666677,0.011107681156867536,0.011484474428666677,-2.546875,0.012058345524548375,0.011810334201182954,76,0.0032900292254731734,0.012354149835863741,oracle_continuous,nan,-2.4828002441760573
lambda_noise,B,0.005,15,R,residual,1.2,completed,False,,,0.01392009950821079,0.013576252583302764,0.01392009950821079,nan,0.012058345524548375,0.011810334201182954,73,0.006785769770631508,0.014470014620173215,morozov,0.01447001462945805,-2.168400879297516
lambda_noise,B,0.005,15,R,residual,1.0,completed,False,,,0.011717678375478572,0.011240611612216041,0.011717678375478572,nan,0.012058345524548375,0.011810334201182954,73,0.002534560990092528,0.012058345486663192,morozov,0.012058345524548375,-2.5960972537236957
lambda_noise,B,0.005,15,P,oracle_continuous,none,completed,False,,,0.011442445324095846,0.011366121916097042,0.011442445324095846,-2.546875,0.012058430365824767,0.010971534048928727,75,0.0033465445860091938,0.011297341988716243,oracle_continuous,nan,-2.4754033845171155
lambda_noise,B,0.005,15,P,residual,1.2,completed,False,,,0.015120086148033215,0.014983437650298142,0.015120086148033215,nan,0.012058430365824767,0.010971534048928727,73,0.007883218475637423,0.01447011623146773,morozov,0.01447011643898972,-2.1032964372264145
lambda_noise,B,0.005,15,P,residual,1.0,completed,False,,,0.01194818399066309,0.011946547400553467,0.01194818399066309,nan,0.012058430365824767,0.010971534048928727,73,0.004705308813341789,0.012058430334047061,morozov,0.012058430365824767,-2.32741186819228
lambda_noise,B,0.005,16,R,oracle_continuous,none,completed,False,,,0.009691900551956593,0.009497527682401828,0.009691900551956593,-2.546875,0.012066993017651358,0.011841124109034843,76,0.003169426629051833,0.01232254849878816,oracle_continuous,nan,-2.499019297517733
lambda_noise,B,0.005,16,R,residual,1.2,completed,False,,,0.012588629283989029,0.01217963057864266,0.012588629283989029,nan,0.012066993017651358,0.011841124109034843,73,0.006769614367934507,0.014480391612967432,morozov,0.01448039162118163,-2.1694360702584596
lambda_noise,B,0.005,16,R,residual,1.0,completed,False,,,0.009918350471751311,0.009683633621507867,0.009918350471751311,nan,0.012066993017651358,0.011841124109034843,73,0.0025022662462508265,0.012066992959320724,morozov,0.012066993017651358,-2.6016664823621243
lambda_noise,B,0.005,16,P,oracle_continuous,none,completed,False,,,0.010130285431808947,0.010137016976854535,0.010130285431808947,-2.546875,0.012067102572068698,0.010934342887236893,76,0.003153342655834418,0.011104731196730402,oracle_continuous,nan,-2.501228834373432
lambda_noise,B,0.005,16,P,residual,1.2,completed,False,,,0.01430220074752264,0.014076198433915684,0.01430220074752264,nan,0.012067102572068698,0.010934342887236893,73,0.00797551710091684,0.014480522931028575,morozov,0.014480523086482436,-2.0982411494250925
lambda_noise,B,0.005,16,P,residual,1.0,completed,False,,,0.010913961170045677,0.010904250024383241,0.010913961170045677,nan,0.012067102572068698,0.010934342887236893,73,0.004861247979867858,0.012067102499425622,morozov,0.012067102572068698,-2.3132522243191405
lambda_noise,B,0.005,17,R,oracle_continuous,none,completed,False,,,0.011099576835869918,0.010139917104582081,0.011099576835869918,-2.375,0.012053502310994703,0.012139895395834594,76,0.005035150412885855,0.013524557203123573,oracle_continuous,nan,-2.2979875514240407
lambda_noise,B,0.005,17,R,residual,1.2,completed,False,,,0.011592830510288766,0.010901628567866624,0.011592830510288766,nan,0.012053502310994703,0.012139895395834594,72,0.006447535271816551,0.01446420090963911,morozov,0.014464202773193643,-2.1906062733368423
lambda_noise,B,0.005,17,R,residual,1.0,completed,False,,,0.016556582502658193,0.012777762781547646,0.016556582502658193,nan,0.012053502310994703,0.012139895395834594,73,0.0016441418003764127,0.012053502260711802,morozov,0.012053502310994703,-2.784060729092022
lambda_noise,B,0.005,17,P,oracle_continuous,none,completed,False,,,0.011104150231221752,0.010461721417623953,0.011104150231221752,-2.375,0.012053633180777507,0.011048188011658031,76,0.004735869581280524,0.01211556316585432,oracle_continuous,nan,-2.3246002659367604
lambda_noise,B,0.005,17,P,residual,1.2,completed,False,,,0.012946827776876921,0.012642595095134827,0.012946827776876921,nan,0.012053633180777507,0.011048188011658031,73,0.007818441747273613,0.014464359720753814,morozov,0.014464359816933007,-2.1068797952770844
lambda_noise,B,0.005,17,P,residual,1.0,completed,False,,,0.011106776039443433,0.010436689124723513,0.011106776039443433,nan,0.012053633180777507,0.011048188011658031,73,0.004638147706482642,0.012053633162512668,morozov,0.012053633180777507,-2.33365542493285
lambda_noise,B,0.005,18,R,oracle_continuous,none,completed,False,,,0.008808923784191526,0.007895591916523205,0.008808923784191526,-2.546875,0.012062859012289248,0.011683674240214627,76,0.002825261872192138,0.011962973992043876,oracle_continuous,nan,-2.5489412914278797
lambda_noise,B,0.005,18,R,residual,1.2,completed,False,,,0.012506767941633601,0.011927549233998828,0.012506767941633601,nan,0.012062859012289248,0.011683674240214627,73,0.007007972030857628,0.014475430782738866,morozov,0.014475430814747097,-2.1544076401259966
lambda_noise,B,0.005,18,R,residual,1.0,completed,False,,,0.0088354533152598,0.007981930697272875,0.0088354533152598,nan,0.012062859012289248,0.011683674240214627,73,0.0030731694280314095,0.012062859004542317,morozov,0.012062859012289248,-2.512413495835143
lambda_noise,B,0.005,18,P,oracle_continuous,none,completed,False,,,0.007990291350537426,0.008003047369227993,0.007990291350537426,-2.546875,0.012062965958525752,0.010772496894263532,75,0.0025887634350410475,0.01071253291513823,oracle_continuous,nan,-2.5869076342118467
lambda_noise,B,0.005,18,P,residual,1.2,completed,False,,,0.013774544436537467,0.013602320667540998,0.013774544436537467,nan,0.012062965958525752,0.010772496894263532,73,0.00810151502783859,0.01447555905066983,morozov,0.014475559150230901,-2.091433758071405
lambda_noise,B,0.005,18,P,residual,1.0,completed,False,,,0.009841931094050566,0.009903930084641292,0.009841931094050566,nan,0.012062965958525752,0.010772496894263532,73,0.005060270481278162,0.012062965833878725,morozov,0.012062965958525752,-2.295826268656832
lambda_noise,B,0.005,19,R,oracle_continuous,none,completed,False,,,0.013085910703054322,0.012584747481491429,0.013085910703054322,-2.375,0.012055441821905,0.012381314384917503,76,0.00475175431730547,0.013657312686113207,oracle_continuous,nan,-2.3231460220245137
lambda_noise,B,0.005,19,R,residual,1.2,completed,False,,,0.013507672445699899,0.013119527427853757,0.013507672445699899,nan,0.012055441821905,0.012381314384917503,72,0.006054456457415848,0.014466530698490436,morozov,0.014466530186286,-2.217924839827414
lambda_noise,B,0.005,19,R,residual,1.0,completed,True,,,434.7378125600417,5.069220900859436,434.7378125600417,nan,0.012055441821905,0.012381314384917503,66,1e-12,0.012060623622003396,endpoint,0.012055441821905,-12.0
lambda_noise,B,0.005,19,P,oracle_continuous,none,completed,False,,,0.01298482650754209,0.012661915837923228,0.01298482650754209,-2.375,0.012055583897492811,0.01122601846935775,76,0.0045270357431993246,0.012274558991342123,oracle_continuous,nan,-2.3441860765202214
lambda_noise,B,0.005,19,P,residual,1.2,completed,False,,,0.014786320935061006,0.014610098924034571,0.014786320935061006,nan,0.012055583897492811,0.01122601846935775,73,0.007548069418161404,0.01446670057775191,morozov,0.014466700676991372,-2.122164114364842
lambda_noise,B,0.005,19,P,residual,1.0,completed,False,,,0.013028383107567702,0.012626684447383405,0.013028383107567702,nan,0.012055583897492811,0.01122601846935775,72,0.004150437927311375,0.012055583917592257,morozov,0.012055583897492811,-2.381906076931118
lambda_noise,B,0.005,20,R,oracle_continuous,none,completed,False,,,0.013760812406939884,0.012786051953539782,0.013760812406939884,-2.375,0.012067677955348641,0.012873709068928681,76,0.004071303616584257,0.013572356226708276,oracle_continuous,nan,-2.3902665089960964
lambda_noise,B,0.005,20,R,residual,1.2,completed,False,,,0.014348875992525302,0.013531424854832748,0.014348875992525302,nan,0.012067677955348641,0.012873709068928681,73,0.005683022851744172,0.014481213510158122,morozov,0.014481213546418369,-2.2454205976300115
lambda_noise,B,0.005,20,R,residual,1.0,completed,True,,,606.1869135741106,4.606209011782437,606.1869135741106,nan,0.012067677955348641,0.012873709068928681,66,1e-12,0.012207133051395968,endpoint,0.012067677955348641,-12.0
lambda_noise,B,0.005,20,P,oracle_continuous,none,completed,False,,,0.012582514080196235,0.012434094261735574,0.012582514080196235,-2.375,0.012067837937309,0.011597490472784579,76,0.003593297511239084,0.012031023363311985,oracle_continuous,nan,-2.444506823390856
lambda_noise,B,0.005,20,P,residual,1.2,completed,False,,,0.015171234360933195,0.014952898162784108,0.015171234360933195,nan,0.012067837937309,0.011597490472784579,73,0.007296437867721381,0.014481405450982615,morozov,0.014481405524770799,-2.136889111380693
lambda_noise,B,0.005,20,P,residual,1.0,completed,False,,,0.012584198712078628,0.01244475937920208,0.012584198712078628,nan,0.012067837937309,0.011597490472784579,73,0.0036679465728209843,0.012067837800414486,morozov,0.012067837937309,-2.435576998873886
lambda_noise,B,0.005,21,R,oracle_continuous,none,completed,False,,,0.014275084831198414,0.013240773270397996,0.014275084831198414,-2.375,0.012062372407509096,0.012046469719594464,76,0.005081420441223642,0.013486587656885169,oracle_continuous,nan,-2.294014869693299
lambda_noise,B,0.005,21,R,residual,1.2,completed,False,,,0.014790936127467723,0.01395454690821466,0.014790936127467723,nan,0.012062372407509096,0.012046469719594464,73,0.006552919166520429,0.01447484688824509,morozov,0.014474846889010915,-2.1835651892467687
lambda_noise,B,0.005,21,R,residual,1.0,completed,False,,,0.019612699475417862,0.016195803383080555,0.019612699475417862,nan,0.012062372407509096,0.012046469719594464,72,0.001977392495061964,0.01206237247123461,morozov,0.012062372407509096,-2.7039071184854104
lambda_noise,B,0.005,21,P,oracle_continuous,none,completed,False,,,0.013171463583149025,0.01290149449532898,0.013171463583149025,-2.375,0.012062534877036209,0.010727900173453079,76,0.004314838000958887,0.011703303572297909,oracle_continuous,nan,-2.3650355050728376
lambda_noise,B,0.005,21,P,residual,1.2,completed,False,,,0.015605583694173256,0.015299268859518574,0.015605583694173256,nan,0.012062534877036209,0.010727900173453079,73,0.007988849064243025,0.014475041705226009,morozov,0.01447504185244345,-2.09751578402172
lambda_noise,B,0.005,21,P,residual,1.0,completed,False,,,0.013259156283943098,0.013040219729524833,0.013259156283943098,nan,0.012062534877036209,0.010727900173453079,73,0.00488574464661304,0.012062534800510616,morozov,0.012062534877036209,-2.3110692351654674
lambda_noise,B,0.005,22,R,oracle_continuous,none,completed,False,,,0.012433719300180035,0.01092951668245792,0.012433719300180035,-2.375,0.012061074237300691,0.01285212015026104,76,0.004494359341128968,0.013951138731025652,oracle_continuous,nan,-2.347332207032494
lambda_noise,B,0.005,22,R,residual,1.2,completed,False,,,0.012671049212656675,0.01142526727455378,0.012671049212656675,nan,0.012061074237300691,0.01285212015026104,73,0.005416882438239075,0.014473288883674572,morozov,0.014473289084760829,-2.2662505897364236
lambda_noise,B,0.005,22,R,residual,1.0,completed,True,,,492.10805516742414,4.631415765693781,492.10805516742414,nan,0.012061074237300691,0.01285212015026104,66,1e-12,0.012521975864023134,endpoint,0.012061074237300691,-12.0
lambda_noise,B,0.005,22,P,oracle_continuous,none,completed,False,,,0.01114381976685566,0.01065707324648755,0.01114381976685566,-2.375,0.012061270455259487,0.011232329857675265,76,0.0037907759842703294,0.011919317944164282,oracle_continuous,nan,-2.421271879427387
lambda_noise,B,0.005,22,P,residual,1.2,completed,False,,,0.01395833680732583,0.013582084075604193,0.01395833680732583,nan,0.012061270455259487,0.011232329857675265,73,0.0075003100815521535,0.01447352444919285,morozov,0.014473524546311383,-2.1249207814185302
lambda_noise,B,0.005,22,P,residual,1.0,completed,False,,,0.011166732330487152,0.01073101211255795,0.011166732330487152,nan,0.012061270455259487,0.011232329857675265,72,0.004056388789486936,0.012061271055093779,morozov,0.012061270455259487,-2.391860426200173
lambda_noise,B,0.005,23,R,oracle_continuous,none,completed,False,,,0.011469367210433186,0.011086989149769097,0.011469367210433186,-2.546875,0.012050893069153957,0.012400247771289381,76,0.00259279784959558,0.012591839637680515,oracle_continuous,nan,-2.586231342169136
lambda_noise,B,0.005,23,R,residual,1.2,completed,False,,,0.013890972886512178,0.013622262551591999,0.013890972886512178,nan,0.012050893069153957,0.012400247771289381,72,0.006171212106231118,0.014461071705941108,morozov,0.014461071682984748,-2.209629526510148
lambda_noise,B,0.005,23,R,residual,1.0,completed,False,,,41.44566095220801,3.704631261576005,41.44566095220801,nan,0.012050893069153957,0.012400247771289381,72,5.798349068666191e-11,0.01205089306915091,morozov,0.012050893069153957,-10.236695643063081
lambda_noise,B,0.005,23,P,oracle_continuous,none,completed,False,,,0.01088624031304141,0.010822755591681808,0.01088624031304141,-2.71875,0.012051030948193443,0.011246799923519029,76,0.002215247232827092,0.011042598016130705,oracle_continuous,nan,-2.654577797269035
lambda_noise,B,0.005,23,P,residual,1.2,completed,False,,,0.015525749796527804,0.015454713639112808,0.015525749796527804,nan,0.012051030948193443,0.011246799923519029,73,0.0076993978254032095,0.01446123703061847,morozov,0.014461237137832131,-2.1135432399354563
lambda_noise,B,0.005,23,P,residual,1.0,completed,False,,,0.011991673132884744,0.01207111863853923,0.011991673132884744,nan,0.012051030948193443,0.011246799923519029,73,0.0043876250376207,0.012051030947740632,morozov,0.012051030948193443,-2.357770493916448
lambda_noise,B,0.005,24,R,oracle_continuous,none,completed,False,,,0.00983833404134717,0.008570103270378594,0.00983833404134717,-2.375,0.012053408103592053,0.011949231715962934,76,0.0035562246086735957,0.012619235589781936,oracle_continuous,nan,-2.4490108170980593
lambda_noise,B,0.005,24,R,residual,1.2,completed,False,,,0.012067570289260962,0.011436915303184437,0.012067570289260962,nan,0.012053408103592053,0.011949231715962934,73,0.006600538874814576,0.01446408972277247,morozov,0.014464089724310463,-2.180420606760418
lambda_noise,B,0.005,24,R,residual,1.0,completed,False,,,0.011170004890052727,0.00892977962000078,0.011170004890052727,nan,0.012053408103592053,0.011949231715962934,73,0.0020495227762994373,0.012053408101272929,morozov,0.012053408103592053,-2.688347251016081
lambda_noise,B,0.005,24,P,oracle_continuous,none,completed,False,,,0.007231629009581819,0.00733484567677406,0.007231629009581819,-2.546875,0.012053552148810844,0.010809187582616423,76,0.0027200409951485694,0.010985909724548045,oracle_continuous,nan,-2.565424550439095
lambda_noise,B,0.005,24,P,residual,1.2,completed,False,,,0.012940296622427537,0.012928031328498771,0.012940296622427537,nan,0.012053552148810844,0.010809187582616423,73,0.007902549648768254,0.014464262383153936,morozov,0.014464262578573013,-2.102232766969768
lambda_noise,B,0.005,24,P,residual,1.0,completed,False,,,0.008685845468137342,0.008887578800222999,0.008685845468137342,nan,0.012053552148810844,0.010809187582616423,73,0.004743838401645859,0.01205355210785673,morozov,0.012053552148810844,-2.323870113587477
lambda_noise,B,0.01,0,R,oracle_continuous,none,completed,False,,,0.017864245242272727,0.014645796477825794,0.017864245242272727,-2.203125,0.024138069400420792,0.02530555310884598,76,0.006715080040951273,0.026298786012671386,oracle_continuous,nan,-2.1729488063554605
lambda_noise,B,0.01,0,R,residual,1.2,completed,False,,,0.021300731588951762,0.01900105453869126,0.021300731588951762,nan,0.024138069400420792,0.02530555310884598,73,0.011748856301143517,0.02896568275415943,morozov,0.028965683280504948,-1.9300044079690462
lambda_noise,B,0.01,0,R,residual,1.0,completed,True,,,977.590478181557,6.713592160107102,977.590478181557,nan,0.024138069400420792,0.02530555310884598,66,1e-12,0.024185611554444056,endpoint,0.024138069400420792,-12.0
lambda_noise,B,0.01,0,P,oracle_continuous,none,completed,False,,,0.013761998192631835,0.01337880886232287,0.013761998192631835,-2.375,0.024139562897821695,0.022338824247311328,76,0.00480553333309718,0.022402897428816262,oracle_continuous,nan,-2.3182584059626596
lambda_noise,B,0.01,0,P,residual,1.2,completed,False,,,0.025153382993363935,0.024305604804265454,0.025153382993363935,nan,0.024139562897821695,0.022338824247311328,73,0.015442459956381565,0.02896747543616309,morozov,0.028967475477386033,-1.8112835161515164
lambda_noise,B,0.01,0,P,residual,1.0,completed,False,,,0.01632284578675195,0.016049567391344784,0.01632284578675195,nan,0.024139562897821695,0.022338824247311328,73,0.008568403351602681,0.024139562872120757,morozov,0.024139562897821695,-2.067100097585612
lambda_noise,B,0.01,1,R,oracle_continuous,none,completed,False,,,0.015264877554901994,0.01481644455934878,0.015264877554901994,-2.203125,0.024129880112760693,0.023496281809270655,75,0.005688551935552999,0.0243339369394565,oracle_continuous,nan,-2.244998272521608
lambda_noise,B,0.01,1,R,residual,1.2,completed,False,,,0.022864531769239412,0.021696301615646358,0.022864531769239412,nan,0.024129880112760693,0.023496281809270655,72,0.01373966907167218,0.028955856136529276,morozov,0.02895585613531283,-1.8620237273985543
lambda_noise,B,0.01,1,R,residual,1.0,completed,False,,,0.015349933983849547,0.014918480130630343,0.015349933983849547,nan,0.024129880112760693,0.023496281809270655,73,0.005128742802906914,0.024129879953992846,morozov,0.024129880112760693,-2.2899890794639792
lambda_noise,B,0.01,1,P,oracle_continuous,none,completed,False,,,0.015846710059315344,0.01609045491799505,0.015846710059315344,-2.203125,0.024131122936843028,0.02076246449847044,76,0.005791040420338672,0.021306231498722312,oracle_continuous,nan,-2.2372434037648166
lambda_noise,B,0.01,1,P,residual,1.2,completed,False,,,0.02711578860419605,0.02658893728892151,0.02711578860419605,nan,0.024131122936843028,0.02076246449847044,73,0.016745677029842674,0.028957347400358907,morozov,0.028957347524211634,-1.7760972891882627
lambda_noise,B,0.01,1,P,residual,1.0,completed,False,,,0.01934457049124089,0.01933733041949414,0.01934457049124089,nan,0.024131122936843028,0.02076246449847044,73,0.01068070458858498,0.024131122831807808,morozov,0.024131122936843028,-1.9714000966669079
lambda_noise,B,0.01,2,R,oracle_continuous,none,completed,False,,,0.025329101483758557,0.024052726850778607,0.025329101483758557,-2.03125,0.02410091560883973,0.024071021705000657,76,0.008268517446862559,0.02575728868748098,oracle_continuous,nan,-2.082572352885911
lambda_noise,B,0.01,2,R,residual,1.2,completed,False,,,0.028207756547400806,0.027565453806878207,0.028207756547400806,nan,0.02410091560883973,0.024071021705000657,72,0.013380556329305826,0.028921099522949172,morozov,0.028921098730607674,-1.873525829339138
lambda_noise,B,0.01,2,R,residual,1.0,completed,False,,,0.0297653849201126,0.026450275245028146,0.0297653849201126,nan,0.02410091560883973,0.024071021705000657,72,0.004250472613028065,0.02410091559043253,morozov,0.02410091560883973,-2.371562777757073
lambda_noise,B,0.01,2,P,oracle_continuous,none,completed,False,,,0.021993564562636105,0.022300487960893116,0.021993564562636105,-2.203125,0.024102088233211697,0.021649774491344705,76,0.006774873535112856,0.02222368147255514,oracle_continuous,nan,-2.169098807245476
lambda_noise,B,0.01,2,P,residual,1.2,completed,False,,,0.030417282691214978,0.030494615687502113,0.030417282691214978,nan,0.024102088233211697,0.021649774491344705,73,0.016357387904220987,0.02892250576711308,morozov,0.028922505879854035,-1.786286047202308
lambda_noise,B,0.01,2,P,residual,1.0,completed,False,,,0.023592546427655892,0.024017753560161018,0.023592546427655892,nan,0.024102088233211697,0.021649774491344705,73,0.01004234007021451,0.024102088220591292,morozov,0.024102088233211697,-1.9981650759195566
lambda_noise,B,0.01,3,R,oracle_continuous,none,completed,False,,,0.019575757204740078,0.019120603475362683,0.019575757204740078,-2.203125,0.024133370059549002,0.02346994978647017,76,0.007210196995832336,0.024926515029118603,oracle_continuous,nan,-2.142052869395109
lambda_noise,B,0.01,3,R,residual,1.2,completed,False,,,0.024743019311702245,0.023965541006431924,0.024743019311702245,nan,0.024133370059549002,0.02346994978647017,71,0.013802898212457905,0.028960049325700832,morozov,0.0289600440714588,-1.8600297146476397
lambda_noise,B,0.01,3,R,residual,1.0,completed,False,,,0.020559627750212507,0.019887192604144194,0.020559627750212507,nan,0.024133370059549002,0.02346994978647017,73,0.005303281679080602,0.02413336992032666,morozov,0.024133370059549002,-2.2754553051044155
lambda_noise,B,0.01,3,P,oracle_continuous,none,completed,False,,,0.018709989800415373,0.018894837980819333,0.018709989800415373,-2.203125,0.02413415704006759,0.021782022129243874,76,0.006780524765620311,0.022658092949089353,oracle_continuous,nan,-2.168736693449468
lambda_noise,B,0.01,3,P,residual,1.2,completed,False,,,0.027323848972967503,0.02693178796049077,0.027323848972967503,nan,0.02413415704006759,0.021782022129243874,73,0.015967934828586303,0.02896098836384361,morozov,0.028960988448081107,-1.7967512485794437
lambda_noise,B,0.01,3,P,residual,1.0,completed,False,,,0.019953179760257674,0.020063045822922305,0.019953179760257674,nan,0.02413415704006759,0.021782022129243874,72,0.009446985822900614,0.024134156613966107,morozov,0.02413415704006759,-2.0247067363893905
lambda_noise,B,0.01,4,R,oracle_continuous,none,completed,False,,,0.018051423275779733,0.016518341862466902,0.018051423275779733,-2.203125,0.02414515135818792,0.023159749854891318,76,0.006358292306524057,0.024240710860519044,oracle_continuous,nan,-2.1966595103639417
lambda_noise,B,0.01,4,R,residual,1.2,completed,False,,,0.024321517312055743,0.0224623298963981,0.024321517312055743,nan,0.02414515135818792,0.023159749854891318,72,0.014163443289318029,0.028974179538325585,morozov,0.028974181629825502,-1.8488311520303333
lambda_noise,B,0.01,4,R,residual,1.0,completed,False,,,0.01806202473764015,0.01651627619267245,0.01806202473764015,nan,0.02414515135818792,0.023159749854891318,72,0.00613013034330235,0.02414515144342786,morozov,0.02414515135818792,-2.212530291097385
lambda_noise,B,0.01,4,P,oracle_continuous,none,completed,False,,,0.01759326124997087,0.017087810478510924,0.01759326124997087,-2.203125,0.024146428165257784,0.020111621879187403,76,0.006114277633011708,0.020827072679134067,oracle_continuous,nan,-2.2136548450100846
lambda_noise,B,0.01,4,P,residual,1.2,completed,False,,,0.028192016850820265,0.027184630642102022,0.028192016850820265,nan,0.024146428165257784,0.020111621879187403,73,0.017269519719235862,0.028975713683995784,morozov,0.02897571379830934,-1.762719740381936
lambda_noise,B,0.01,4,P,residual,1.0,completed,False,,,0.02118084437525721,0.02068108824659136,0.02118084437525721,nan,0.024146428165257784,0.020111621879187403,73,0.011461747583501533,0.024146427958930083,morozov,0.024146428165257784,-1.940749160029334
lambda_noise,B,0.01,5,R,oracle_continuous,none,completed,False,,,0.014783261746378387,0.01412011562166084,0.014783261746378387,-2.203125,0.024087790643545697,0.024533294986347855,76,0.006124636035945259,0.025429983857869234,oracle_continuous,nan,-2.212919714682152
lambda_noise,B,0.01,5,R,residual,1.2,completed,False,,,0.020336790412811463,0.019611745702793434,0.020336790412811463,nan,0.024087790643545697,0.024533294986347855,73,0.01253721697222188,0.02890534871033583,morozov,0.028905348772254834,-1.9017988580624274
lambda_noise,B,0.01,5,R,residual,1.0,completed,False,,,0.12667692989173843,0.11670192806419874,0.12667692989173843,nan,0.024087790643545697,0.024533294986347855,72,4.482437466598621e-05,0.02408779064356149,morozov,0.024087790643545697,-4.348485760460836
lambda_noise,B,0.01,5,P,oracle_continuous,none,completed,False,,,0.013600912400402579,0.014065358794165582,0.013600912400402579,-2.203125,0.0240890095256717,0.021947323710536523,76,0.005608061798456705,0.022350303314625054,oracle_continuous,nan,-2.2511872092744825
lambda_noise,B,0.01,5,P,residual,1.2,completed,False,,,0.024403571472559282,0.024241809108648597,0.024403571472559282,nan,0.0240890095256717,0.021947323710536523,73,0.01571093981635221,0.02890681136806929,morozov,0.028906811430806038,-1.8037978350206438
lambda_noise,B,0.01,5,P,residual,1.0,completed,False,,,0.015860877186902662,0.01624076134002243,0.015860877186902662,nan,0.0240890095256717,0.021947323710536523,72,0.009051312345000263,0.024089009875654408,morozov,0.0240890095256717,-2.043288448101756
lambda_noise,B,0.01,6,R,oracle_continuous,none,completed,False,,,0.01894243925169236,0.016785884575823973,0.01894243925169236,-2.375,0.024118815470915593,0.0255546050988399,76,0.005086584798125703,0.02592272830005491,oracle_continuous,nan,-2.2935737110107044
lambda_noise,B,0.01,6,R,residual,1.2,completed,False,,,0.023707375188905828,0.022513692456200312,0.023707375188905828,nan,0.024118815470915593,0.0255546050988399,73,0.011438552558754051,0.028942578266630957,morozov,0.02894257856509871,-1.9416289279483288
lambda_noise,B,0.01,6,R,residual,1.0,completed,True,,,990.3335492706161,5.089461640351791,990.3335492706161,nan,0.024118815470915593,0.0255546050988399,66,1e-12,0.024810632623626153,endpoint,0.024118815470915593,-12.0
lambda_noise,B,0.01,6,P,oracle_continuous,none,completed,False,,,0.0197743482810473,0.018358641422610254,0.0197743482810473,-2.203125,0.024120174696769234,0.022580105664153027,75,0.005340546250320013,0.02266066462190688,oracle_continuous,nan,-2.2724143194945228
lambda_noise,B,0.01,6,P,residual,1.2,completed,False,,,0.028905631898641378,0.02843703011857906,0.028905631898641378,nan,0.024120174696769234,0.022580105664153027,73,0.015393585241803471,0.02894420959843503,morozov,0.02894420963612308,-1.8126602190642285
lambda_noise,B,0.01,6,P,residual,1.0,completed,False,,,0.021278799270992334,0.02069944998870144,0.021278799270992334,nan,0.024120174696769234,0.022580105664153027,73,0.008442030844986901,0.024120174640750763,morozov,0.024120174696769234,-2.0735530653795338
lambda_noise,B,0.01,7,R,oracle_continuous,none,completed,False,,,0.020496811537720958,0.018358634221455925,0.020496811537720958,-2.203125,0.024119111746957512,0.023835853990109256,76,0.006920018393887858,0.02496309087802819,oracle_continuous,nan,-2.1598927511569155
lambda_noise,B,0.01,7,R,residual,1.2,completed,False,,,0.02570603677449626,0.024383652825678167,0.02570603677449626,nan,0.024119111746957512,0.023835853990109256,72,0.013595864138538562,0.028942934157892706,morozov,0.028942934096349012,-1.8665931839078815
lambda_noise,B,0.01,7,R,residual,1.0,completed,False,,,0.021816261855478785,0.01830253306069962,0.021816261855478785,nan,0.024119111746957512,0.023835853990109256,73,0.004746214186780886,0.024119111710413716,morozov,0.024119111746957512,-2.3236526668691853
lambda_noise,B,0.01,7,P,oracle_continuous,none,completed,False,,,0.01898763313028561,0.018241958822722518,0.01898763313028561,-2.203125,0.024120615192457374,0.020452549196967595,76,0.005861378738290529,0.02084683012557635,oracle_continuous,nan,-2.2320002153808094
lambda_noise,B,0.01,7,P,residual,1.2,completed,False,,,0.030236528529208745,0.029786907373916476,0.030236528529208745,nan,0.024120615192457374,0.020452549196967595,73,0.01717653329174641,0.0289447381113192,morozov,0.028944738230948848,-1.7650644845203836
lambda_noise,B,0.01,7,P,residual,1.0,completed,False,,,0.022935910990357782,0.02280166747673448,0.022935910990357782,nan,0.024120615192457374,0.020452549196967595,73,0.011290749126604958,0.024120614992768585,morozov,0.024120615192457374,-1.9472772422417686
lambda_noise,B,0.01,8,R,oracle_continuous,none,completed,False,,,0.01883877167198713,0.01848885306314661,0.01883877167198713,-2.03125,0.024077694781808746,0.023929707664192952,76,0.00902782297437345,0.026161654777675708,oracle_continuous,nan,-2.0444169655453766
lambda_noise,B,0.01,8,R,residual,1.2,completed,False,,,0.021122860744094807,0.020531981042814507,0.021122860744094807,nan,0.024077694781808746,0.023929707664192952,72,0.013295625454820563,0.028893235278166497,morozov,0.028893233738170494,-1.8762912277052548
lambda_noise,B,0.01,8,R,residual,1.0,completed,False,,,0.025239188694204426,0.023097220046972098,0.025239188694204426,nan,0.024077694781808746,0.023929707664192952,72,0.004241000860168077,0.02407769477481619,morozov,0.024077694781808746,-2.3725316394558265
lambda_noise,B,0.01,8,P,oracle_continuous,none,completed,False,,,0.019707126907422913,0.0196386005942882,0.019707126907422913,-2.03125,0.02407866384734937,0.021919442487324622,76,0.008897345168536628,0.02360441101877507,oracle_continuous,nan,-2.0507395608442334
lambda_noise,B,0.01,8,P,residual,1.2,completed,False,,,0.02466787690289571,0.02451046065196559,0.02466787690289571,nan,0.02407866384734937,0.021919442487324622,73,0.01602436867844495,0.02889439653287279,morozov,0.028894396616819244,-1.7952190716293384
lambda_noise,B,0.01,8,P,residual,1.0,completed,False,,,0.01979489278472524,0.019806429969455617,0.01979489278472524,nan,0.02407866384734937,0.021919442487324622,72,0.009658282940329114,0.024078665349346613,morozov,0.02407866384734937,-2.0151000760506297
lambda_noise,B,0.01,9,R,oracle_continuous,none,completed,False,,,0.015710394040575358,0.01494979549022708,0.015710394040575358,-2.203125,0.02410790856160665,0.02390816981984623,76,0.006006766345026463,0.024674536490712936,oracle_continuous,nan,-2.22135926118387
lambda_noise,B,0.01,9,R,residual,1.2,completed,False,,,0.02150299095069034,0.020108280513495266,0.02150299095069034,nan,0.02410790856160665,0.02390816981984623,72,0.013437450947912813,0.028929490762003233,morozov,0.02892949027392798,-1.8716831080865277
lambda_noise,B,0.01,9,R,residual,1.0,completed,False,,,0.01638000880578626,0.015387715573427592,0.01638000880578626,nan,0.02410790856160665,0.02390816981984623,73,0.004378812324822472,0.02410790856128455,morozov,0.02410790856160665,-2.3586436681992056
lambda_noise,B,0.01,9,P,oracle_continuous,none,completed,False,,,0.015866027394261715,0.015777124888429882,0.015866027394261715,-2.203125,0.02410907230884876,0.021439844584993758,76,0.0057873347531041544,0.021628189079337425,oracle_continuous,nan,-2.2375213962918443
lambda_noise,B,0.01,9,P,residual,1.2,completed,False,,,0.025383170892252272,0.024629524799903015,0.025383170892252272,nan,0.02410907230884876,0.021439844584993758,73,0.016422708997913083,0.028930886655257122,morozov,0.028930886770618513,-1.7845552025268612
lambda_noise,B,0.01,9,P,residual,1.0,completed,False,,,0.018379532834845464,0.018201949075500136,0.018379532834845464,nan,0.02410907230884876,0.021439844584993758,73,0.010224597635626496,0.0241090722783131,morozov,0.02410907230884876,-1.9903537735959662
lambda_noise,B,0.01,10,R,oracle_continuous,none,completed,False,,,0.01702473397635479,0.016784720760850157,0.01702473397635479,-2.203125,0.024062305228061586,0.023614596454862306,76,0.006002455783784718,0.024397987669560403,oracle_continuous,nan,-2.2216710304261262
lambda_noise,B,0.01,10,R,residual,1.2,completed,False,,,0.02315630659580864,0.02291376790133819,0.02315630659580864,nan,0.024062305228061586,0.023614596454862306,72,0.013721003208883868,0.02887476627638858,morozov,0.028874766273673903,-1.86261413409906
lambda_noise,B,0.01,10,R,residual,1.0,completed,False,,,0.017207482727530716,0.01672033814863935,0.017207482727530716,nan,0.024062305228061586,0.023614596454862306,73,0.005097592991441918,0.024062305073391816,morozov,0.024062305228061586,-2.292634842979597
lambda_noise,B,0.01,10,P,oracle_continuous,none,completed,False,,,0.01723351555730788,0.017567178959124935,0.01723351555730788,-2.203125,0.024063425581163634,0.02125989954771341,76,0.005973367143577975,0.0214519529956109,oracle_continuous,nan,-2.2237807912081
lambda_noise,B,0.01,10,P,residual,1.2,completed,False,,,0.026996368316727016,0.02711725084654058,0.026996368316727016,nan,0.024063425581163634,0.02125989954771341,73,0.016631348259448394,0.028876110574054144,morozov,0.02887611069739636,-1.7790725422474793
lambda_noise,B,0.01,10,P,residual,1.0,completed,False,,,0.019960288401820472,0.0205030449878447,0.019960288401820472,nan,0.024063425581163634,0.02125989954771341,73,0.01052106448465159,0.02406342550508185,morozov,0.024063425581163634,-1.9779403175565644
lambda_noise,B,0.01,11,R,oracle_continuous,none,completed,False,,,0.01263431427563053,0.011865976918623178,0.01263431427563053,-2.375,0.024113555630326165,0.02406181705944282,76,0.004469131154045483,0.024418154431221493,oracle_continuous,nan,-2.349776900062747
lambda_noise,B,0.01,11,R,residual,1.2,completed,False,,,0.02052100927392163,0.01950776941929042,0.02052100927392163,nan,0.024113555630326165,0.02406181705944282,72,0.013123044294507233,0.028936271354244383,morozov,0.028936266756391396,-1.8819654052850043
lambda_noise,B,0.01,11,R,residual,1.0,completed,False,,,0.012982259653073919,0.012078808411675133,0.012982259653073919,nan,0.024113555630326165,0.02406181705944282,73,0.0033134202831532375,0.024113555571190617,morozov,0.024113555630326165,-2.479723473542214
lambda_noise,B,0.01,11,P,oracle_continuous,none,completed,False,,,0.01450583450158748,0.013994221659773692,0.01450583450158748,-2.375,0.02411476039430084,0.021376937826179002,76,0.005034548459738517,0.021469071138205596,oracle_continuous,nan,-2.2980394745120836
lambda_noise,B,0.01,11,P,residual,1.2,completed,False,,,0.025376949834890746,0.024983568234774614,0.025376949834890746,nan,0.02411476039430084,0.021376937826179002,73,0.016306069715515174,0.028937712365440803,morozov,0.028937712473161008,-1.7876507052108832
lambda_noise,B,0.01,11,P,residual,1.0,completed,False,,,0.017732236392164962,0.017700405739648966,0.017732236392164962,nan,0.02411476039430084,0.021376937826179002,73,0.010033645856224066,0.024114760381671305,morozov,0.02411476039430084,-1.998541231731821
lambda_noise,B,0.01,12,R,oracle_continuous,none,completed,False,,,0.02127955177797628,0.01956430881937435,0.02127955177797628,-2.203125,0.0241340266036809,0.024156112219356148,76,0.006792601990289296,0.025362314057143377,oracle_continuous,nan,-2.1679638319697236
lambda_noise,B,0.01,12,R,residual,1.2,completed,False,,,0.025228243343378906,0.023901332702009784,0.025228243343378906,nan,0.0241340266036809,0.024156112219356148,72,0.01305161661001155,0.02896082794910509,morozov,0.028960831924417077,-1.884335692055623
lambda_noise,B,0.01,12,R,residual,1.0,completed,False,,,0.02503321003888725,0.021318329755348413,0.02503321003888725,nan,0.0241340266036809,0.024156112219356148,73,0.0030279349176188975,0.02413402660211605,morozov,0.0241340266036809,-2.5188534637897795
lambda_noise,B,0.01,12,P,oracle_continuous,none,completed,False,,,0.02125676184452596,0.020331213641744266,0.02125676184452596,-2.203125,0.024135286572759502,0.021390339053866045,76,0.006540630291293818,0.022114962418769625,oracle_continuous,nan,-2.1843803986418937
lambda_noise,B,0.01,12,P,residual,1.2,completed,False,,,0.02906909734564379,0.028506527917768497,0.02906909734564379,nan,0.024135286572759502,0.021390339053866045,73,0.01635666295884078,0.02896234377567114,morozov,0.0289623438873114,-1.7863052951871985
lambda_noise,B,0.01,12,P,residual,1.0,completed,False,,,0.02274285222888445,0.022304538472200038,0.02274285222888445,nan,0.024135286572759502,0.021390339053866045,73,0.010073832020797155,0.024135286557444104,morozov,0.024135286572759502,-1.9968052951945177
lambda_noise,B,0.01,13,R,oracle_continuous,none,completed,False,,,0.015026408456870392,0.013786011975000696,0.015026408456870392,-2.375,0.02410022408559957,0.02400439471034138,77,0.004220765994972853,0.024288638688297805,oracle_continuous,nan,-2.374608725056951
lambda_noise,B,0.01,13,R,residual,1.2,completed,False,,,0.02343666747953314,0.022583159099417455,0.02343666747953314,nan,0.02410022408559957,0.02400439471034138,72,0.013214225469116174,0.028920271666842055,morozov,0.02892026890271948,-1.8789582872690658
lambda_noise,B,0.01,13,R,residual,1.0,completed,False,,,0.01519295188289901,0.013624182260888714,0.01519295188289901,nan,0.02410022408559957,0.02400439471034138,73,0.003498241519496876,0.024100223990175657,morozov,0.02410022408559957,-2.456150210019193
lambda_noise,B,0.01,13,P,oracle_continuous,none,completed,False,,,0.013972311100365512,0.014038712498418806,0.013972311100365512,-2.375,0.024101412059833592,0.021484799210963263,76,0.0036807001519408556,0.0209409714054263,oracle_continuous,nan,-2.4340695608911846
lambda_noise,B,0.01,13,P,residual,1.2,completed,False,,,0.02764505965721715,0.02740718236990027,0.02764505965721715,nan,0.024101412059833592,0.021484799210963263,73,0.016417679273938845,0.028921694353728596,morozov,0.02892169447180031,-1.784688232707047
lambda_noise,B,0.01,13,P,residual,1.0,completed,False,,,0.019585567067021404,0.019825923212003986,0.019585567067021404,nan,0.024101412059833592,0.021484799210963263,73,0.010155222831218932,0.024101412036446192,morozov,0.024101412059833592,-1.9933105426376054
lambda_noise,B,0.01,14,R,oracle_continuous,none,completed,False,,,0.01563895688444215,0.014076980505387056,0.01563895688444215,-2.203125,0.024103165262758554,0.02533631315507167,76,0.007284987416972024,0.026475409750360904,oracle_continuous,nan,-2.137571194030482
lambda_noise,B,0.01,14,R,residual,1.2,completed,False,,,0.01830219279911918,0.01634740504127573,0.01830219279911918,nan,0.024103165262758554,0.02533631315507167,73,0.011753995252376954,0.02892379780218201,morozov,0.028923798315310265,-1.9298144890399378
lambda_noise,B,0.01,14,R,residual,1.0,completed,True,,,686.6928992300749,5.450713806179697,686.6928992300749,nan,0.024103165262758554,0.02533631315507167,66,1e-12,0.024509468411443434,endpoint,0.024103165262758554,-12.0
lambda_noise,B,0.01,14,P,oracle_continuous,none,completed,False,,,0.01605761511811216,0.016132258417846296,0.01605761511811216,-2.203125,0.02410495554808992,0.02156507243620564,76,0.007098201017874386,0.022646868901358613,oracle_continuous,nan,-2.1488517057890126
lambda_noise,B,0.01,14,P,residual,1.2,completed,False,,,0.023660002080856453,0.022945643413708496,0.023660002080856453,nan,0.02410495554808992,0.02156507243620564,73,0.01602117780831965,0.0289259465730997,morozov,0.028925946657707903,-1.795305559609379
lambda_noise,B,0.01,14,P,residual,1.0,completed,False,,,0.01697736602537037,0.016884386721908465,0.01697736602537037,nan,0.02410495554808992,0.02156507243620564,72,0.009631685210806646,0.024104957979544088,morozov,0.02410495554808992,-2.0162977197577265
lambda_noise,B,0.01,15,R,oracle_continuous,none,completed,False,,,0.018553399403019942,0.01787588793109875,0.018553399403019942,-2.203125,0.02410906930521259,0.023613203419521913,76,0.005483327152646988,0.024260671983241507,oracle_continuous,nan,-2.2609558419606275
lambda_noise,B,0.01,15,R,residual,1.2,completed,False,,,0.025047301640023705,0.02445548317958232,0.025047301640023705,nan,0.02410906930521259,0.023613203419521913,72,0.013728404699046858,0.028930883168281716,morozov,0.028930883166255108,-1.8623799267584622
lambda_noise,B,0.01,15,R,residual,1.0,completed,False,,,0.018591498655412982,0.017842042301688232,0.018591498655412982,nan,0.02410906930521259,0.023613203419521913,73,0.005054087475100464,0.024109069157662723,morozov,0.02410906930521259,-2.296357245672006
lambda_noise,B,0.01,15,P,oracle_continuous,none,completed,False,,,0.018108118859349202,0.018106018553408407,0.018108118859349202,-2.203125,0.024109920373417665,0.02161587079636064,75,0.005673081749455537,0.021747627767664104,oracle_continuous,nan,-2.246180958180118
lambda_noise,B,0.01,15,P,residual,1.2,completed,False,,,0.028136176500238815,0.027923155478563083,0.028136176500238815,nan,0.024109920373417665,0.02161587079636064,73,0.01632879492796496,0.02893190433617859,morozov,0.028931904448101196,-1.7870458651988244
lambda_noise,B,0.01,15,P,residual,1.0,completed,False,,,0.02077488580920173,0.020992952762658595,0.02077488580920173,nan,0.024109920373417665,0.02161587079636064,73,0.01001910559202026,0.024109920361760708,morozov,0.024109920373417665,-1.9991710463118433
lambda_noise,B,0.01,16,R,oracle_continuous,none,completed,False,,,0.015606505918852407,0.015353092753222759,0.015606505918852407,-2.375,0.024143650912238124,0.02369173218869297,76,0.005105185738417048,0.024181094829085027,oracle_continuous,nan,-2.2919884526559757
lambda_noise,B,0.01,16,R,residual,1.2,completed,False,,,0.023330465729686976,0.022498194136434776,0.023330465729686976,nan,0.024143650912238124,0.02369173218869297,72,0.013697843029912745,0.02897238110078205,morozov,0.028972381094685747,-1.8633478148842844
lambda_noise,B,0.01,16,R,residual,1.0,completed,False,,,0.01560940387108418,0.015352547199148482,0.01560940387108418,nan,0.024143650912238124,0.02369173218869297,73,0.00499532673700183,0.02414365078117205,morozov,0.024143650912238124,-2.3014360999432864
lambda_noise,B,0.01,16,P,oracle_continuous,none,completed,False,,,0.016061166902585418,0.01628322451446327,0.016061166902585418,-2.203125,0.02414461947450115,0.02157687424976511,76,0.00518242542803985,0.02138881855581255,oracle_continuous,nan,-2.2854669384234514
lambda_noise,B,0.01,16,P,residual,1.2,completed,False,,,0.027144489967704116,0.026709487364701925,0.027144489967704116,nan,0.02414461947450115,0.02157687424976511,73,0.01647958251105858,0.028973543250519113,morozov,0.02897354336940138,-1.7830537947893983
lambda_noise,B,0.01,16,P,residual,1.0,completed,False,,,0.019532873777103645,0.01960797707264279,0.019532873777103645,nan,0.02414461947450115,0.02157687424976511,73,0.010269999215193856,0.024144619438307067,morozov,0.02414461947450115,-1.9884295895903548
lambda_noise,B,0.01,17,R,oracle_continuous,none,completed,False,,,0.017164849259544857,0.015808215963551142,0.017164849259544857,-2.03125,0.02408953388741777,0.02426219483617711,76,0.008124345205626755,0.025944828257134095,oracle_continuous,nan,-2.090211631585093
lambda_noise,B,0.01,17,R,residual,1.2,completed,False,,,0.02011128011310422,0.0191921620450339,0.02011128011310422,nan,0.02408953388741777,0.02426219483617711,72,0.012985597253585926,0.028907438755486185,morozov,0.028907440664901324,-1.8865380708347108
lambda_noise,B,0.01,17,R,residual,1.0,completed,False,,,0.024269264331891093,0.019056673848135985,0.024269264331891093,nan,0.02408953388741777,0.02426219483617711,73,0.0031588198671317785,0.024089533876021554,morozov,0.02408953388741777,-2.5004751391917814
lambda_noise,B,0.01,17,P,oracle_continuous,none,completed,False,,,0.01803238722700644,0.01709558207378467,0.01803238722700644,-2.03125,0.024090705849558074,0.021839533991704227,77,0.008006875651352467,0.02307520749974624,oracle_continuous,nan,-2.096536916135118
lambda_noise,B,0.01,17,P,residual,1.2,completed,False,,,0.024171834539003276,0.023813197690599593,0.024171834539003276,nan,0.024090705849558074,0.021839533991704227,73,0.016051772150128776,0.02890884693302855,morozov,0.028908847019469688,-1.7944770135684058
lambda_noise,B,0.01,17,P,residual,1.0,completed,False,,,0.01843840015974569,0.017887543205019407,0.01843840015974569,nan,0.024090705849558074,0.021839533991704227,73,0.009693425281067803,0.024090705848738587,morozov,0.024090705849558074,-2.01352273297926
lambda_noise,B,0.01,18,R,oracle_continuous,none,completed,False,,,0.014609641755001193,0.013129630540747124,0.014609641755001193,-2.375,0.02412719059117584,0.02336877475826296,76,0.004581333781840885,0.023548628652355796,oracle_continuous,nan,-2.33900806571554
lambda_noise,B,0.01,18,R,residual,1.2,completed,False,,,0.023510820268018057,0.022542377238499514,0.023510820268018057,nan,0.02412719059117584,0.02336877475826296,72,0.014185601363604592,0.02895262619454085,morozov,0.028952628709411007,-1.8481522486337822
lambda_noise,B,0.01,18,R,residual,1.0,completed,False,,,0.015090393646100993,0.013987876939761236,0.015090393646100993,nan,0.02412719059117584,0.02336877475826296,72,0.00616443750533256,0.024127190619685348,morozov,0.02412719059117584,-2.2101065459093334
lambda_noise,B,0.01,18,P,oracle_continuous,none,completed,False,,,0.012896432093011853,0.013198044182106027,0.012896432093011853,-2.375,0.024128139208826494,0.021375491264374102,75,0.003821633613141953,0.020670375857992383,oracle_continuous,nan,-2.417750951874935
lambda_noise,B,0.01,18,P,residual,1.2,completed,False,,,0.026706701033714895,0.02639543067692513,0.026706701033714895,nan,0.024128139208826494,0.021375491264374102,73,0.01667240848876918,0.0289537669249057,morozov,0.028953767050591793,-1.7780016576508986
lambda_noise,B,0.01,18,P,residual,1.0,completed,False,,,0.01876144776698383,0.018955063488405106,0.01876144776698383,nan,0.024128139208826494,0.021375491264374102,73,0.010571059573187646,0.02412813912107042,morozov,0.024128139208826494,-1.9758814797005437
lambda_noise,B,0.01,19,R,oracle_continuous,none,completed,False,,,0.019538254451446198,0.018888861540853355,0.019538254451446198,-2.203125,0.024097135590542336,0.02474850909075545,76,0.00747550235974818,0.02625809987308658,oracle_continuous,nan,-2.126359617085709
lambda_noise,B,0.01,19,R,residual,1.2,completed,False,,,0.022439105098632874,0.02188418409007696,0.022439105098632874,nan,0.024097135590542336,0.02474850909075545,73,0.012204968212080372,0.028916562524428095,morozov,0.0289165627086508,-1.9134633473681415
lambda_noise,B,0.01,19,R,residual,1.0,completed,True,,,869.6379272892937,6.2942269640854205,869.6379272892937,nan,0.024097135590542336,0.02474850909075545,66,1e-12,0.024107213081329796,endpoint,0.024097135590542336,-12.0
lambda_noise,B,0.01,19,P,oracle_continuous,none,completed,False,,,0.019024693928449826,0.018910410091157622,0.019024693928449826,-2.203125,0.024098418890306398,0.02204402770806175,76,0.006981814915648703,0.022977257105720187,oracle_continuous,nan,-2.1560316682943803
lambda_noise,B,0.01,19,P,residual,1.2,completed,False,,,0.02652891764104919,0.026379941829686167,0.02652891764104919,nan,0.024098418890306398,0.02204402770806175,73,0.015711910664004743,0.0289181026059,morozov,0.028918102668367675,-1.803770998895216
lambda_noise,B,0.01,19,P,residual,1.0,completed,False,,,0.019733815190319443,0.019869150019765438,0.019733815190319443,nan,0.024098418890306398,0.02204402770806175,72,0.00904577209340845,0.02409841926231976,morozov,0.024098418890306398,-2.0435543584231715
lambda_noise,B,0.01,20,R,oracle_continuous,none,completed,False,,,0.022527958461518567,0.02088512734701902,0.022527958461518567,-2.203125,0.02414577781439757,0.025758536147194228,76,0.0067880662355028695,0.02654423839942565,oracle_continuous,nan,-2.1682539286447184
lambda_noise,B,0.01,20,R,residual,1.2,completed,False,,,0.02505619549159601,0.023796019717814722,0.02505619549159601,nan,0.02414577781439757,0.025758536147194228,73,0.011458223240426287,0.028974933088980102,morozov,0.028974933377277082,-1.9408827206497847
lambda_noise,B,0.01,20,R,residual,1.0,completed,True,,,1211.4412823613782,5.96613797308953,1211.4412823613782,nan,0.02414577781439757,0.025758536147194228,66,1e-12,0.024424623142584242,endpoint,0.02414577781439757,-12.0
lambda_noise,B,0.01,20,P,oracle_continuous,none,completed,False,,,0.020729524949781662,0.020302999449899373,0.020729524949781662,-2.203125,0.02414721758709739,0.022949069923128184,76,0.005875554822793847,0.02312949444220955,oracle_continuous,nan,-2.2309511171241745
lambda_noise,B,0.01,20,P,residual,1.2,completed,False,,,0.028504955323926707,0.028121157227958753,0.028504955323926707,nan,0.02414721758709739,0.022949069923128184,73,0.015151310638922808,0.02897666108304818,morozov,0.028976661104516868,-1.8195497976149935
lambda_noise,B,0.01,20,P,residual,1.0,completed,False,,,0.021440903173919796,0.021320516914108523,0.021440903173919796,nan,0.02414721758709739,0.022949069923128184,73,0.008029716524464348,0.02414721726679901,morozov,0.02414721758709739,-2.0952997864814673
lambda_noise,B,0.01,21,R,oracle_continuous,none,completed,False,,,0.02151191991100713,0.020065678384027747,0.02151191991100713,-2.03125,0.02412503596304617,0.024093230203375653,75,0.007886684134069033,0.025712546606598063,oracle_continuous,nan,-2.10310555255268
lambda_noise,B,0.01,21,R,residual,1.2,completed,False,,,0.024803371850984697,0.02350132849687688,0.024803371850984697,nan,0.02412503596304617,0.024093230203375653,72,0.013220332058334242,0.028950045745606057,morozov,0.028950043155655403,-1.878757636431988
lambda_noise,B,0.01,21,R,residual,1.0,completed,False,,,0.02692335659615683,0.02280112427812838,0.02692335659615683,nan,0.02412503596304617,0.024093230203375653,73,0.0037718646351489657,0.024125035939923163,morozov,0.02412503596304617,-2.4234439016353275
lambda_noise,B,0.01,21,P,oracle_continuous,none,completed,False,,,0.020069814824914666,0.01986031589227852,0.020069814824914666,-2.203125,0.02412643722193104,0.0212455489378725,75,0.0069014999706182,0.0221994897204853,oracle_continuous,nan,-2.1610565095284473
lambda_noise,B,0.01,21,P,residual,1.2,completed,False,,,0.028055996081693204,0.027435970425409087,0.028055996081693204,nan,0.02412643722193104,0.0212455489378725,73,0.016421723767041152,0.02895172455095674,morozov,0.028951724666317246,-1.7845812574954016
lambda_noise,B,0.01,21,P,residual,1.0,completed,False,,,0.021547513251232255,0.021404289576281068,0.021547513251232255,nan,0.02412643722193104,0.0212455489378725,73,0.010185574929519582,0.024126437196561018,morozov,0.02412643722193104,-1.9920144520176897
lambda_noise,B,0.01,22,R,oracle_continuous,none,completed,False,,,0.01880152441329533,0.016700000709026386,0.01880152441329533,-2.203125,0.0241193594527453,0.025701268355959695,76,0.0071538567186128655,0.027024735501218335,oracle_continuous,nan,-2.1454597623893052
lambda_noise,B,0.01,22,R,residual,1.2,completed,False,,,0.020879782915933127,0.019286946662186392,0.020879782915933127,nan,0.0241193594527453,0.025701268355959695,73,0.010902255279415041,0.02894323114696256,morozov,0.028943231343294358,-1.9624836530601748
lambda_noise,B,0.01,22,R,residual,1.0,completed,True,,,985.4843220291657,5.340059335588736,985.4843220291657,nan,0.0241193594527453,0.025701268355959695,66,1e-12,0.025041518062263367,endpoint,0.0241193594527453,-12.0
lambda_noise,B,0.01,22,P,oracle_continuous,none,completed,False,,,0.01733138795876688,0.01712053555598225,0.01733138795876688,-2.203125,0.024121176991894637,0.02183642398723906,76,0.00598069325012519,0.02240842561974538,oracle_continuous,nan,-2.223248471989217
lambda_noise,B,0.01,22,P,residual,1.2,completed,False,,,0.026692129224926222,0.026048635245074437,0.026692129224926222,nan,0.024121176991894637,0.02183642398723906,73,0.01584826887406137,0.028945412315254486,morozov,0.028945412390273564,-1.8000181693769652
lambda_noise,B,0.01,22,P,residual,1.0,completed,False,,,0.019062291698970377,0.01895162928672748,0.019062291698970377,nan,0.024121176991894637,0.02183642398723906,72,0.009255417800374316,0.02412117699250356,morozov,0.024121176991894637,-2.033603971908198
lambda_noise,B,0.01,23,R,oracle_continuous,none,completed,False,,,0.019529599758004904,0.019170180071209096,0.019529599758004904,-2.375,0.024078967879267377,0.024777015783511252,75,0.004630036100739055,0.02498399512447211,oracle_continuous,nan,-2.3344156227421675
lambda_noise,B,0.01,23,R,residual,1.2,completed,False,,,0.025116315382559425,0.024701561437347662,0.025116315382559425,nan,0.024078967879267377,0.024777015783511252,73,0.012474961024080177,0.028894761374015438,morozov,0.028894761455120852,-1.9039608025825965
lambda_noise,B,0.01,23,R,residual,1.0,completed,False,,,85.66529847846395,4.370854682086413,85.66529847846395,nan,0.024078967879267377,0.024777015783511252,72,5.465774893427859e-11,0.024078967879266937,morozov,0.024078967879267377,-10.262348258584678
lambda_noise,B,0.01,23,P,oracle_continuous,none,completed,False,,,0.018507121056349964,0.018612179814179636,0.018507121056349964,-2.375,0.024080242188376972,0.022025121753408847,76,0.003892708216391699,0.021342256662267765,oracle_continuous,nan,-2.409748148236659
lambda_noise,B,0.01,23,P,residual,1.2,completed,False,,,0.02923662815497825,0.029163022604085685,0.02923662815497825,nan,0.024080242188376972,0.022025121753408847,73,0.016117693676338123,0.02889629052621574,morozov,0.028896290626052364,-1.7926971024378087
lambda_noise,B,0.01,23,P,residual,1.0,completed,False,,,0.022142049754171913,0.022472155093909273,0.022142049754171913,nan,0.024080242188376972,0.022025121753408847,72,0.009673613873807437,0.02408024249303935,morozov,0.024080242188376972,-2.014411251640706
lambda_noise,B,0.01,24,R,oracle_continuous,none,completed,False,,,0.016020836108537724,0.014202534758191832,0.016020836108537724,-2.203125,0.024089268303823835,0.023881067193320227,76,0.005741589741174419,0.024642940599331566,oracle_continuous,nan,-2.2409678427537467
lambda_noise,B,0.01,24,R,residual,1.2,completed,False,,,0.022445672529051396,0.02164827220263281,0.022445672529051396,nan,0.024089268303823835,0.023881067193320227,72,0.013344984084112563,0.02890712306361218,morozov,0.0289071219645886,-1.8746819398372236
lambda_noise,B,0.01,24,R,residual,1.0,completed,False,,,0.016811529908455355,0.014072896631908284,0.016811529908455355,nan,0.024089268303823835,0.023881067193320227,72,0.004059506405188836,0.024089268661349868,morozov,0.024089268303823835,-2.391526769017533
lambda_noise,B,0.01,24,P,oracle_continuous,none,completed,False,,,0.012176485739176143,0.012515546644176008,0.012176485739176143,-2.375,0.02409048773091841,0.02147702838251824,76,0.004281579606874173,0.021294810407604104,oracle_continuous,nan,-2.3683959767841425
lambda_noise,B,0.01,24,P,residual,1.2,completed,False,,,0.025503407670212606,0.025533976727523024,0.025503407670212606,nan,0.02409048773091841,0.02147702838251824,73,0.01623562221511871,0.028908585171501067,morozov,0.028908585277102092,-1.78953106278701
lambda_noise,B,0.01,24,P,residual,1.0,completed,False,,,0.01700551950470051,0.017536107778687617,0.01700551950470051,nan,0.02409048773091841,0.02147702838251824,73,0.009894265256496695,0.024090487725546048,morozov,0.02409048773091841,-2.0046164507649857
